ISO-10303-21;
HEADER;
/* Generated by software containing ST-Developer
 * from STEP Tools, Inc. (www.steptools.com) 
 */

FILE_DESCRIPTION(
/* description */ (''),
/* implementation_level */ '2;1');

FILE_NAME(
/* name */ 'calf L.step',
/* time_stamp */ '2026-10-07T11:31:29+09:00',
/* author */ (''),
/* organization */ (''),
/* preprocessor_version */ 'ST-DEVELOPER v20.2',
/* originating_system */ 'Autodesk Translation Framework v15.15.0.0',
/* authorisation */ '');

FILE_SCHEMA (('AUTOMOTIVE_DESIGN { 1 0 10303 214 3 1 1 }'));
ENDSEC;

DATA;
#10=MECHANICAL_DESIGN_GEOMETRIC_PRESENTATION_REPRESENTATION('',(#13),#2807);
#11=SHAPE_REPRESENTATION_RELATIONSHIP('SRR','None',#2814,#12);
#12=ADVANCED_BREP_SHAPE_REPRESENTATION('',(#14),#2806);
#13=STYLED_ITEM('',(#2824),#14);
#14=MANIFOLD_SOLID_BREP('calf',#1530);
#15=TOROIDAL_SURFACE('',#1647,0.6,0.4);
#16=TOROIDAL_SURFACE('',#1649,1.40000000000026,0.4);
#17=TOROIDAL_SURFACE('',#1652,0.6,0.4);
#18=TOROIDAL_SURFACE('',#1657,1.39999999999974,0.4);
#19=TOROIDAL_SURFACE('',#1660,0.6,0.4);
#20=TOROIDAL_SURFACE('',#1666,0.6,0.4);
#21=B_SPLINE_CURVE_WITH_KNOTS('',3,(#2355,#2356,#2357,#2358,#2359,#2360,
#2361,#2362,#2363,#2364),.UNSPECIFIED.,.F.,.F.,(4,2,2,2,4),(-0.000620719339449612,
0.,0.0520178219533043,0.104454048649868,0.167497464301492),
 .UNSPECIFIED.);
#22=B_SPLINE_CURVE_WITH_KNOTS('',3,(#2371,#2372,#2373,#2374,#2375),
 .UNSPECIFIED.,.F.,.F.,(4,1,4),(-0.349876994070951,-0.167434015297574,-0.104768794476073),
 .UNSPECIFIED.);
#23=B_SPLINE_CURVE_WITH_KNOTS('',3,(#2427,#2428,#2429,#2430,#2431,#2432,
#2433,#2434,#2435,#2436),.UNSPECIFIED.,.F.,.F.,(4,2,2,2,4),(0.,0.0449602264918678,
0.105869139533306,0.165517389561016,0.166128920452111),.UNSPECIFIED.);
#24=B_SPLINE_CURVE_WITH_KNOTS('',3,(#2442,#2443,#2444,#2445,#2446),
 .UNSPECIFIED.,.F.,.F.,(4,1,4),(0.104727358921396,0.167477622870935,0.350100928794559),
 .UNSPECIFIED.);
#25=B_SPLINE_CURVE_WITH_KNOTS('',3,(#2511,#2512,#2513,#2514,#2515,#2516),
 .UNSPECIFIED.,.F.,.F.,(4,2,4),(0.162717383940855,0.171849163999344,0.220946763064787),
 .UNSPECIFIED.);
#26=B_SPLINE_CURVE_WITH_KNOTS('',3,(#2517,#2518,#2519,#2520),
 .UNSPECIFIED.,.F.,.F.,(4,4),(0.270653492828394,0.349876994070951),
 .UNSPECIFIED.);
#27=B_SPLINE_CURVE_WITH_KNOTS('',3,(#2522,#2523,#2524,#2525,#2526,#2527),
 .UNSPECIFIED.,.F.,.F.,(4,2,4),(-0.0006214185723595,0.,0.0395086469996257),
 .UNSPECIFIED.);
#28=B_SPLINE_CURVE_WITH_KNOTS('',3,(#2529,#2530,#2531,#2532,#2533,#2534,
#2535,#2536,#2537,#2538,#2539,#2540,#2541,#2542,#2543,#2544,#2545,#2546,
#2547,#2548),.UNSPECIFIED.,.F.,.F.,(4,2,2,2,2,2,2,2,2,4),(0.0360430292912916,
0.0550810910004736,0.0670372827181897,0.07546450048038,0.0825051097392222,
0.0906755117847145,0.103588920839747,0.114133203583882,0.128662810984943,
0.161849124932622),.UNSPECIFIED.);
#29=B_SPLINE_CURVE_WITH_KNOTS('',3,(#2549,#2550,#2551,#2552,#2553,#2554,
#2555,#2556,#2557,#2558,#2559,#2560,#2561,#2562,#2563,#2564,#2565,#2566,
#2567,#2568,#2569,#2570,#2571,#2572,#2573,#2574,#2575,#2576,#2577,#2578,
#2579),.UNSPECIFIED.,.F.,.F.,(4,3,3,3,3,3,3,3,3,3,4),(0.,0.00715459628585953,
0.0177111495027756,0.0281146984221757,0.0385999354403341,0.0398526399177282,
0.0482662708552638,0.0555201064905658,0.0626123536702167,0.069568290336991,
0.0741539144369878),.UNSPECIFIED.);
#30=B_SPLINE_CURVE_WITH_KNOTS('',3,(#2594,#2595,#2596,#2597),
 .UNSPECIFIED.,.F.,.F.,(4,4),(-0.350100928794559,-0.270898483801402),
 .UNSPECIFIED.);
#31=B_SPLINE_CURVE_WITH_KNOTS('',3,(#2617,#2618,#2619,#2620,#2621,#2622),
 .UNSPECIFIED.,.F.,.F.,(4,2,4),(0.,0.0270152049004277,0.0570623764514777),
 .UNSPECIFIED.);
#32=B_SPLINE_CURVE_WITH_KNOTS('',3,(#2657,#2658,#2659,#2660,#2661,#2662),
 .UNSPECIFIED.,.F.,.F.,(4,2,4),(0.0995875502904854,0.150831793081318,0.151650930882181),
 .UNSPECIFIED.);
#33=B_SPLINE_CURVE_WITH_KNOTS('',3,(#2664,#2665,#2666,#2667,#2668,#2669,
#2670,#2671,#2672,#2673),.UNSPECIFIED.,.F.,.F.,(4,2,2,2,4),(0.,0.0632832474202515,
0.075698659110198,0.0814202639027805,0.0864673394127214),.UNSPECIFIED.);
#34=B_SPLINE_CURVE_WITH_KNOTS('',3,(#2674,#2675,#2676,#2677,#2678,#2679,
#2680,#2681,#2682,#2683,#2684,#2685,#2686,#2687,#2688,#2689,#2690,#2691,
#2692,#2693,#2694,#2695),.UNSPECIFIED.,.F.,.F.,(4,2,2,2,2,2,2,2,2,2,4),
(0.,0.0304154889646049,0.0397626770067444,0.048908219395671,0.0580184286181405,
0.0635951341390702,0.0687599947312989,0.0751501346049204,0.0849690523071149,
0.101091541487089,0.103407713500002),.UNSPECIFIED.);
#35=B_SPLINE_SURFACE_WITH_KNOTS('',3,3,((#2328,#2329,#2330,#2331,#2332),
(#2333,#2334,#2335,#2336,#2337),(#2338,#2339,#2340,#2341,#2342),(#2343,
#2344,#2345,#2346,#2347),(#2348,#2349,#2350,#2351,#2352)),.UNSPECIFIED.,
 .F.,.F.,.F.,(4,1,4),(4,1,4),(0.,0.571428571428571,1.),(-1.2011120379996,
-0.686349735999766,7.105427357601E-15),.UNSPECIFIED.);
#36=B_SPLINE_SURFACE_WITH_KNOTS('',3,3,((#2401,#2402,#2403,#2404,#2405),
(#2406,#2407,#2408,#2409,#2410),(#2411,#2412,#2413,#2414,#2415),(#2416,
#2417,#2418,#2419,#2420),(#2421,#2422,#2423,#2424,#2425)),.UNSPECIFIED.,
 .F.,.F.,.F.,(4,1,4),(4,1,4),(0.,0.571428571428571,1.),(-3.33066907387547E-16,
0.68634973599977,1.2011120379996),.UNSPECIFIED.);
#37=B_SPLINE_SURFACE_WITH_KNOTS('',3,3,((#2484,#2485,#2486,#2487,#2488),
(#2489,#2490,#2491,#2492,#2493),(#2494,#2495,#2496,#2497,#2498),(#2499,
#2500,#2501,#2502,#2503),(#2504,#2505,#2506,#2507,#2508)),.UNSPECIFIED.,
 .F.,.F.,.F.,(4,1,4),(4,1,4),(0.,0.571428571428571,1.),(0.0306017812175418,
0.167434015297574,0.349876994070951),.UNSPECIFIED.);
#38=B_SPLINE_SURFACE_WITH_KNOTS('',3,3,((#2631,#2632,#2633,#2634,#2635),
(#2636,#2637,#2638,#2639,#2640),(#2641,#2642,#2643,#2644,#2645),(#2646,
#2647,#2648,#2649,#2650),(#2651,#2652,#2653,#2654,#2655)),.UNSPECIFIED.,
 .F.,.F.,.F.,(4,1,4),(4,1,4),(0.,0.571428571428571,1.),(0.030510143428218,
0.167477622870935,0.350100928794559),.UNSPECIFIED.);
#39=ELLIPSE('',#1594,2.76762162307118,1.);
#40=ELLIPSE('',#1595,1.03225820264499,1.);
#41=ELLIPSE('',#1596,2.76762162307118,1.);
#42=ELLIPSE('',#1599,1.265158092888,1.);
#43=ELLIPSE('',#1600,2.14490675788016,2.);
#44=ELLIPSE('',#1603,2.76762162307118,1.);
#45=ELLIPSE('',#1604,2.14490675788016,2.);
#46=ELLIPSE('',#1607,1.032258202645,1.);
#47=ELLIPSE('',#1609,1.4142135623731,1.);
#48=ELLIPSE('',#1610,2.76762162307118,1.);
#49=ELLIPSE('',#1611,1.265158092888,1.);
#50=ELLIPSE('',#1614,2.76762162307118,1.);
#51=ELLIPSE('',#1617,1.4142135623731,1.);
#52=ELLIPSE('',#1620,1.032258202645,1.);
#53=ELLIPSE('',#1623,2.76762162307118,1.);
#54=ELLIPSE('',#1624,2.76762162307118,1.);
#55=ELLIPSE('',#1629,2.76762162307118,1.);
#56=ELLIPSE('',#1638,1.03225820264499,1.);
#57=CYLINDRICAL_SURFACE('',#1560,1.75);
#58=CYLINDRICAL_SURFACE('',#1562,1.75);
#59=CYLINDRICAL_SURFACE('',#1564,1.75);
#60=CYLINDRICAL_SURFACE('',#1567,1.75);
#61=CYLINDRICAL_SURFACE('',#1570,1.);
#62=CYLINDRICAL_SURFACE('',#1584,1.);
#63=CYLINDRICAL_SURFACE('',#1586,2.);
#64=CYLINDRICAL_SURFACE('',#1589,2.);
#65=CYLINDRICAL_SURFACE('',#1592,1.);
#66=CYLINDRICAL_SURFACE('',#1597,1.);
#67=CYLINDRICAL_SURFACE('',#1601,1.);
#68=CYLINDRICAL_SURFACE('',#1605,1.);
#69=CYLINDRICAL_SURFACE('',#1608,1.);
#70=CYLINDRICAL_SURFACE('',#1612,1.);
#71=CYLINDRICAL_SURFACE('',#1618,1.);
#72=CYLINDRICAL_SURFACE('',#1621,1.);
#73=CYLINDRICAL_SURFACE('',#1637,1.);
#74=CYLINDRICAL_SURFACE('',#1639,1.);
#75=CYLINDRICAL_SURFACE('',#1642,0.4);
#76=CYLINDRICAL_SURFACE('',#1645,0.4);
#77=CYLINDRICAL_SURFACE('',#1650,0.4);
#78=CYLINDRICAL_SURFACE('',#1655,0.4);
#79=CYLINDRICAL_SURFACE('',#1658,0.4);
#80=CYLINDRICAL_SURFACE('',#1664,0.4);
#81=CYLINDRICAL_SURFACE('',#1670,0.4);
#82=CYLINDRICAL_SURFACE('',#1674,1.);
#83=CYLINDRICAL_SURFACE('',#1675,1.);
#84=CYLINDRICAL_SURFACE('',#1686,1.35);
#85=CYLINDRICAL_SURFACE('',#1688,1.35);
#86=CYLINDRICAL_SURFACE('',#1689,1.35);
#87=CYLINDRICAL_SURFACE('',#1690,1.35);
#88=FACE_BOUND('',#246,.T.);
#89=FACE_BOUND('',#248,.T.);
#90=FACE_BOUND('',#254,.T.);
#91=FACE_BOUND('',#256,.T.);
#92=FACE_BOUND('',#266,.T.);
#93=FACE_BOUND('',#267,.T.);
#94=FACE_BOUND('',#289,.T.);
#95=FACE_BOUND('',#290,.T.);
#96=FACE_BOUND('',#292,.T.);
#97=FACE_BOUND('',#293,.T.);
#98=FACE_BOUND('',#297,.T.);
#99=FACE_BOUND('',#298,.T.);
#100=FACE_BOUND('',#317,.T.);
#101=FACE_BOUND('',#318,.T.);
#102=FACE_BOUND('',#330,.T.);
#103=FACE_BOUND('',#336,.T.);
#104=CIRCLE('',#1549,1.75);
#105=CIRCLE('',#1551,1.75);
#106=CIRCLE('',#1557,1.75);
#107=CIRCLE('',#1559,1.75);
#108=CIRCLE('',#1561,1.75);
#109=CIRCLE('',#1563,1.75);
#110=CIRCLE('',#1565,1.75);
#111=CIRCLE('',#1568,1.75);
#112=CIRCLE('',#1571,1.);
#113=CIRCLE('',#1572,1.);
#114=CIRCLE('',#1574,0.4);
#115=CIRCLE('',#1575,0.4);
#116=CIRCLE('',#1576,0.4);
#117=CIRCLE('',#1577,0.4);
#118=CIRCLE('',#1579,2.);
#119=CIRCLE('',#1580,2.);
#120=CIRCLE('',#1581,1.);
#121=CIRCLE('',#1582,1.35);
#122=CIRCLE('',#1583,1.35);
#123=CIRCLE('',#1585,1.);
#124=CIRCLE('',#1587,2.);
#125=CIRCLE('',#1590,2.);
#126=CIRCLE('',#1593,1.);
#127=CIRCLE('',#1598,1.);
#128=CIRCLE('',#1606,1.);
#129=CIRCLE('',#1619,1.);
#130=CIRCLE('',#1622,1.);
#131=CIRCLE('',#1631,1.39999999999974);
#132=CIRCLE('',#1632,0.6);
#133=CIRCLE('',#1633,0.6);
#134=CIRCLE('',#1634,1.40000000000026);
#135=CIRCLE('',#1635,1.35);
#136=CIRCLE('',#1636,1.35);
#137=CIRCLE('',#1640,0.999999999999998);
#138=CIRCLE('',#1643,0.4);
#139=CIRCLE('',#1644,0.4);
#140=CIRCLE('',#1646,0.400000000000003);
#141=CIRCLE('',#1648,1.);
#142=CIRCLE('',#1651,0.4);
#143=CIRCLE('',#1653,0.4);
#144=CIRCLE('',#1654,1.);
#145=CIRCLE('',#1656,0.4);
#146=CIRCLE('',#1659,0.4);
#147=CIRCLE('',#1661,0.400000000000001);
#148=CIRCLE('',#1662,1.);
#149=CIRCLE('',#1663,0.6);
#150=CIRCLE('',#1665,0.399999999999999);
#151=CIRCLE('',#1667,0.399999999999999);
#152=CIRCLE('',#1668,1.);
#153=CIRCLE('',#1669,0.6);
#154=CIRCLE('',#1672,1.35);
#155=CIRCLE('',#1673,1.35);
#156=CIRCLE('',#1685,1.35);
#157=CIRCLE('',#1687,1.35);
#158=FACE_OUTER_BOUND('',#241,.T.);
#159=FACE_OUTER_BOUND('',#242,.T.);
#160=FACE_OUTER_BOUND('',#243,.T.);
#161=FACE_OUTER_BOUND('',#244,.T.);
#162=FACE_OUTER_BOUND('',#245,.T.);
#163=FACE_OUTER_BOUND('',#247,.T.);
#164=FACE_OUTER_BOUND('',#249,.T.);
#165=FACE_OUTER_BOUND('',#250,.T.);
#166=FACE_OUTER_BOUND('',#251,.T.);
#167=FACE_OUTER_BOUND('',#252,.T.);
#168=FACE_OUTER_BOUND('',#253,.T.);
#169=FACE_OUTER_BOUND('',#255,.T.);
#170=FACE_OUTER_BOUND('',#257,.T.);
#171=FACE_OUTER_BOUND('',#258,.T.);
#172=FACE_OUTER_BOUND('',#259,.T.);
#173=FACE_OUTER_BOUND('',#260,.T.);
#174=FACE_OUTER_BOUND('',#261,.T.);
#175=FACE_OUTER_BOUND('',#262,.T.);
#176=FACE_OUTER_BOUND('',#263,.T.);
#177=FACE_OUTER_BOUND('',#264,.T.);
#178=FACE_OUTER_BOUND('',#265,.T.);
#179=FACE_OUTER_BOUND('',#268,.T.);
#180=FACE_OUTER_BOUND('',#269,.T.);
#181=FACE_OUTER_BOUND('',#270,.T.);
#182=FACE_OUTER_BOUND('',#271,.T.);
#183=FACE_OUTER_BOUND('',#272,.T.);
#184=FACE_OUTER_BOUND('',#273,.T.);
#185=FACE_OUTER_BOUND('',#274,.T.);
#186=FACE_OUTER_BOUND('',#275,.T.);
#187=FACE_OUTER_BOUND('',#276,.T.);
#188=FACE_OUTER_BOUND('',#277,.T.);
#189=FACE_OUTER_BOUND('',#278,.T.);
#190=FACE_OUTER_BOUND('',#279,.T.);
#191=FACE_OUTER_BOUND('',#280,.T.);
#192=FACE_OUTER_BOUND('',#281,.T.);
#193=FACE_OUTER_BOUND('',#282,.T.);
#194=FACE_OUTER_BOUND('',#283,.T.);
#195=FACE_OUTER_BOUND('',#284,.T.);
#196=FACE_OUTER_BOUND('',#285,.T.);
#197=FACE_OUTER_BOUND('',#286,.T.);
#198=FACE_OUTER_BOUND('',#287,.T.);
#199=FACE_OUTER_BOUND('',#288,.T.);
#200=FACE_OUTER_BOUND('',#291,.T.);
#201=FACE_OUTER_BOUND('',#294,.T.);
#202=FACE_OUTER_BOUND('',#295,.T.);
#203=FACE_OUTER_BOUND('',#296,.T.);
#204=FACE_OUTER_BOUND('',#299,.T.);
#205=FACE_OUTER_BOUND('',#300,.T.);
#206=FACE_OUTER_BOUND('',#301,.T.);
#207=FACE_OUTER_BOUND('',#302,.T.);
#208=FACE_OUTER_BOUND('',#303,.T.);
#209=FACE_OUTER_BOUND('',#304,.T.);
#210=FACE_OUTER_BOUND('',#305,.T.);
#211=FACE_OUTER_BOUND('',#306,.T.);
#212=FACE_OUTER_BOUND('',#307,.T.);
#213=FACE_OUTER_BOUND('',#308,.T.);
#214=FACE_OUTER_BOUND('',#309,.T.);
#215=FACE_OUTER_BOUND('',#310,.T.);
#216=FACE_OUTER_BOUND('',#311,.T.);
#217=FACE_OUTER_BOUND('',#312,.T.);
#218=FACE_OUTER_BOUND('',#313,.T.);
#219=FACE_OUTER_BOUND('',#314,.T.);
#220=FACE_OUTER_BOUND('',#315,.T.);
#221=FACE_OUTER_BOUND('',#316,.T.);
#222=FACE_OUTER_BOUND('',#319,.T.);
#223=FACE_OUTER_BOUND('',#320,.T.);
#224=FACE_OUTER_BOUND('',#321,.T.);
#225=FACE_OUTER_BOUND('',#322,.T.);
#226=FACE_OUTER_BOUND('',#323,.T.);
#227=FACE_OUTER_BOUND('',#324,.T.);
#228=FACE_OUTER_BOUND('',#325,.T.);
#229=FACE_OUTER_BOUND('',#326,.T.);
#230=FACE_OUTER_BOUND('',#327,.T.);
#231=FACE_OUTER_BOUND('',#328,.T.);
#232=FACE_OUTER_BOUND('',#329,.T.);
#233=FACE_OUTER_BOUND('',#331,.T.);
#234=FACE_OUTER_BOUND('',#332,.T.);
#235=FACE_OUTER_BOUND('',#333,.T.);
#236=FACE_OUTER_BOUND('',#334,.T.);
#237=FACE_OUTER_BOUND('',#335,.T.);
#238=FACE_OUTER_BOUND('',#337,.T.);
#239=FACE_OUTER_BOUND('',#338,.T.);
#240=FACE_OUTER_BOUND('',#339,.T.);
#241=EDGE_LOOP('',(#967,#968,#969,#970));
#242=EDGE_LOOP('',(#971,#972,#973,#974));
#243=EDGE_LOOP('',(#975,#976,#977,#978));
#244=EDGE_LOOP('',(#979,#980,#981,#982));
#245=EDGE_LOOP('',(#983,#984,#985,#986,#987));
#246=EDGE_LOOP('',(#988));
#247=EDGE_LOOP('',(#989,#990,#991,#992,#993));
#248=EDGE_LOOP('',(#994));
#249=EDGE_LOOP('',(#995,#996,#997,#998));
#250=EDGE_LOOP('',(#999,#1000,#1001,#1002));
#251=EDGE_LOOP('',(#1003,#1004,#1005,#1006));
#252=EDGE_LOOP('',(#1007,#1008,#1009,#1010));
#253=EDGE_LOOP('',(#1011,#1012,#1013,#1014,#1015));
#254=EDGE_LOOP('',(#1016));
#255=EDGE_LOOP('',(#1017,#1018,#1019,#1020,#1021));
#256=EDGE_LOOP('',(#1022));
#257=EDGE_LOOP('',(#1023,#1024,#1025,#1026));
#258=EDGE_LOOP('',(#1027,#1028,#1029,#1030));
#259=EDGE_LOOP('',(#1031,#1032,#1033,#1034));
#260=EDGE_LOOP('',(#1035));
#261=EDGE_LOOP('',(#1036,#1037,#1038,#1039));
#262=EDGE_LOOP('',(#1040));
#263=EDGE_LOOP('',(#1041,#1042,#1043,#1044));
#264=EDGE_LOOP('',(#1045,#1046,#1047,#1048,#1049,#1050,#1051,#1052,#1053,
#1054,#1055,#1056,#1057,#1058,#1059,#1060,#1061,#1062,#1063,#1064));
#265=EDGE_LOOP('',(#1065,#1066,#1067,#1068,#1069,#1070,#1071,#1072,#1073,
#1074,#1075,#1076));
#266=EDGE_LOOP('',(#1077));
#267=EDGE_LOOP('',(#1078));
#268=EDGE_LOOP('',(#1079,#1080,#1081,#1082));
#269=EDGE_LOOP('',(#1083,#1084,#1085,#1086));
#270=EDGE_LOOP('',(#1087,#1088,#1089,#1090));
#271=EDGE_LOOP('',(#1091,#1092,#1093,#1094));
#272=EDGE_LOOP('',(#1095,#1096,#1097,#1098));
#273=EDGE_LOOP('',(#1099,#1100,#1101,#1102,#1103,#1104));
#274=EDGE_LOOP('',(#1105,#1106,#1107,#1108));
#275=EDGE_LOOP('',(#1109,#1110,#1111,#1112));
#276=EDGE_LOOP('',(#1113,#1114,#1115,#1116));
#277=EDGE_LOOP('',(#1117,#1118,#1119,#1120,#1121,#1122,#1123,#1124));
#278=EDGE_LOOP('',(#1125,#1126,#1127,#1128));
#279=EDGE_LOOP('',(#1129,#1130,#1131,#1132,#1133,#1134));
#280=EDGE_LOOP('',(#1135,#1136,#1137,#1138));
#281=EDGE_LOOP('',(#1139,#1140,#1141,#1142));
#282=EDGE_LOOP('',(#1143,#1144,#1145,#1146,#1147,#1148));
#283=EDGE_LOOP('',(#1149,#1150,#1151,#1152));
#284=EDGE_LOOP('',(#1153,#1154,#1155,#1156,#1157,#1158));
#285=EDGE_LOOP('',(#1159,#1160,#1161,#1162));
#286=EDGE_LOOP('',(#1163,#1164,#1165,#1166,#1167,#1168));
#287=EDGE_LOOP('',(#1169,#1170,#1171,#1172,#1173,#1174,#1175));
#288=EDGE_LOOP('',(#1176,#1177,#1178,#1179));
#289=EDGE_LOOP('',(#1180,#1181,#1182,#1183));
#290=EDGE_LOOP('',(#1184,#1185,#1186,#1187));
#291=EDGE_LOOP('',(#1188,#1189,#1190,#1191,#1192,#1193));
#292=EDGE_LOOP('',(#1194));
#293=EDGE_LOOP('',(#1195));
#294=EDGE_LOOP('',(#1196,#1197,#1198,#1199,#1200));
#295=EDGE_LOOP('',(#1201,#1202,#1203,#1204,#1205,#1206,#1207,#1208));
#296=EDGE_LOOP('',(#1209,#1210,#1211,#1212,#1213,#1214,#1215,#1216,#1217,
#1218,#1219,#1220));
#297=EDGE_LOOP('',(#1221));
#298=EDGE_LOOP('',(#1222));
#299=EDGE_LOOP('',(#1223,#1224,#1225,#1226,#1227,#1228));
#300=EDGE_LOOP('',(#1229,#1230,#1231,#1232));
#301=EDGE_LOOP('',(#1233,#1234,#1235,#1236,#1237,#1238,#1239));
#302=EDGE_LOOP('',(#1240,#1241,#1242,#1243,#1244,#1245,#1246,#1247,#1248,
#1249,#1250,#1251));
#303=EDGE_LOOP('',(#1252,#1253,#1254,#1255,#1256));
#304=EDGE_LOOP('',(#1257,#1258,#1259,#1260));
#305=EDGE_LOOP('',(#1261,#1262,#1263,#1264));
#306=EDGE_LOOP('',(#1265,#1266,#1267));
#307=EDGE_LOOP('',(#1268,#1269,#1270,#1271));
#308=EDGE_LOOP('',(#1272,#1273,#1274,#1275));
#309=EDGE_LOOP('',(#1276,#1277,#1278,#1279,#1280));
#310=EDGE_LOOP('',(#1281,#1282,#1283));
#311=EDGE_LOOP('',(#1284,#1285,#1286,#1287));
#312=EDGE_LOOP('',(#1288,#1289,#1290,#1291));
#313=EDGE_LOOP('',(#1292,#1293,#1294,#1295));
#314=EDGE_LOOP('',(#1296,#1297,#1298,#1299));
#315=EDGE_LOOP('',(#1300,#1301,#1302,#1303));
#316=EDGE_LOOP('',(#1304,#1305,#1306,#1307,#1308,#1309,#1310,#1311,#1312,
#1313,#1314,#1315,#1316,#1317));
#317=EDGE_LOOP('',(#1318));
#318=EDGE_LOOP('',(#1319));
#319=EDGE_LOOP('',(#1320,#1321,#1322,#1323));
#320=EDGE_LOOP('',(#1324,#1325,#1326,#1327));
#321=EDGE_LOOP('',(#1328,#1329,#1330,#1331,#1332,#1333));
#322=EDGE_LOOP('',(#1334,#1335,#1336,#1337));
#323=EDGE_LOOP('',(#1338,#1339,#1340,#1341));
#324=EDGE_LOOP('',(#1342,#1343,#1344,#1345));
#325=EDGE_LOOP('',(#1346,#1347,#1348,#1349,#1350,#1351,#1352,#1353));
#326=EDGE_LOOP('',(#1354,#1355,#1356,#1357));
#327=EDGE_LOOP('',(#1358,#1359,#1360,#1361));
#328=EDGE_LOOP('',(#1362,#1363,#1364,#1365));
#329=EDGE_LOOP('',(#1366,#1367,#1368,#1369));
#330=EDGE_LOOP('',(#1370));
#331=EDGE_LOOP('',(#1371,#1372,#1373,#1374));
#332=EDGE_LOOP('',(#1375,#1376,#1377,#1378));
#333=EDGE_LOOP('',(#1379,#1380,#1381,#1382));
#334=EDGE_LOOP('',(#1383,#1384,#1385,#1386));
#335=EDGE_LOOP('',(#1387,#1388,#1389,#1390));
#336=EDGE_LOOP('',(#1391));
#337=EDGE_LOOP('',(#1392,#1393,#1394,#1395));
#338=EDGE_LOOP('',(#1396,#1397,#1398,#1399));
#339=EDGE_LOOP('',(#1400,#1401,#1402,#1403,#1404));
#340=LINE('',#2136,#473);
#341=LINE('',#2138,#474);
#342=LINE('',#2140,#475);
#343=LINE('',#2141,#476);
#344=LINE('',#2144,#477);
#345=LINE('',#2146,#478);
#346=LINE('',#2147,#479);
#347=LINE('',#2150,#480);
#348=LINE('',#2152,#481);
#349=LINE('',#2153,#482);
#350=LINE('',#2156,#483);
#351=LINE('',#2158,#484);
#352=LINE('',#2159,#485);
#353=LINE('',#2161,#486);
#354=LINE('',#2165,#487);
#355=LINE('',#2171,#488);
#356=LINE('',#2173,#489);
#357=LINE('',#2175,#490);
#358=LINE('',#2176,#491);
#359=LINE('',#2179,#492);
#360=LINE('',#2181,#493);
#361=LINE('',#2182,#494);
#362=LINE('',#2185,#495);
#363=LINE('',#2187,#496);
#364=LINE('',#2188,#497);
#365=LINE('',#2191,#498);
#366=LINE('',#2193,#499);
#367=LINE('',#2194,#500);
#368=LINE('',#2196,#501);
#369=LINE('',#2200,#502);
#370=LINE('',#2205,#503);
#371=LINE('',#2209,#504);
#372=LINE('',#2214,#505);
#373=LINE('',#2219,#506);
#374=LINE('',#2226,#507);
#375=LINE('',#2229,#508);
#376=LINE('',#2232,#509);
#377=LINE('',#2234,#510);
#378=LINE('',#2236,#511);
#379=LINE('',#2238,#512);
#380=LINE('',#2240,#513);
#381=LINE('',#2242,#514);
#382=LINE('',#2244,#515);
#383=LINE('',#2246,#516);
#384=LINE('',#2248,#517);
#385=LINE('',#2250,#518);
#386=LINE('',#2252,#519);
#387=LINE('',#2256,#520);
#388=LINE('',#2260,#521);
#389=LINE('',#2264,#522);
#390=LINE('',#2267,#523);
#391=LINE('',#2270,#524);
#392=LINE('',#2274,#525);
#393=LINE('',#2278,#526);
#394=LINE('',#2281,#527);
#395=LINE('',#2283,#528);
#396=LINE('',#2284,#529);
#397=LINE('',#2292,#530);
#398=LINE('',#2295,#531);
#399=LINE('',#2298,#532);
#400=LINE('',#2300,#533);
#401=LINE('',#2305,#534);
#402=LINE('',#2306,#535);
#403=LINE('',#2308,#536);
#404=LINE('',#2314,#537);
#405=LINE('',#2321,#538);
#406=LINE('',#2326,#539);
#407=LINE('',#2327,#540);
#408=LINE('',#2369,#541);
#409=LINE('',#2376,#542);
#410=LINE('',#2379,#543);
#411=LINE('',#2383,#544);
#412=LINE('',#2386,#545);
#413=LINE('',#2392,#546);
#414=LINE('',#2398,#547);
#415=LINE('',#2400,#548);
#416=LINE('',#2440,#549);
#417=LINE('',#2447,#550);
#418=LINE('',#2450,#551);
#419=LINE('',#2453,#552);
#420=LINE('',#2456,#553);
#421=LINE('',#2457,#554);
#422=LINE('',#2460,#555);
#423=LINE('',#2462,#556);
#424=LINE('',#2464,#557);
#425=LINE('',#2470,#558);
#426=LINE('',#2473,#559);
#427=LINE('',#2479,#560);
#428=LINE('',#2483,#561);
#429=LINE('',#2581,#562);
#430=LINE('',#2582,#563);
#431=LINE('',#2584,#564);
#432=LINE('',#2585,#565);
#433=LINE('',#2588,#566);
#434=LINE('',#2589,#567);
#435=LINE('',#2592,#568);
#436=LINE('',#2599,#569);
#437=LINE('',#2605,#570);
#438=LINE('',#2608,#571);
#439=LINE('',#2610,#572);
#440=LINE('',#2614,#573);
#441=LINE('',#2698,#574);
#442=LINE('',#2700,#575);
#443=LINE('',#2702,#576);
#444=LINE('',#2704,#577);
#445=LINE('',#2705,#578);
#446=LINE('',#2711,#579);
#447=LINE('',#2719,#580);
#448=LINE('',#2728,#581);
#449=LINE('',#2731,#582);
#450=LINE('',#2740,#583);
#451=LINE('',#2748,#584);
#452=LINE('',#2749,#585);
#453=LINE('',#2751,#586);
#454=LINE('',#2757,#587);
#455=LINE('',#2759,#588);
#456=LINE('',#2767,#589);
#457=LINE('',#2769,#590);
#458=LINE('',#2770,#591);
#459=LINE('',#2772,#592);
#460=LINE('',#2774,#593);
#461=LINE('',#2776,#594);
#462=LINE('',#2777,#595);
#463=LINE('',#2779,#596);
#464=LINE('',#2781,#597);
#465=LINE('',#2783,#598);
#466=LINE('',#2784,#599);
#467=LINE('',#2790,#600);
#468=LINE('',#2793,#601);
#469=LINE('',#2795,#602);
#470=LINE('',#2797,#603);
#471=LINE('',#2799,#604);
#472=LINE('',#2801,#605);
#473=VECTOR('',#1699,10.);
#474=VECTOR('',#1700,10.);
#475=VECTOR('',#1701,10.);
#476=VECTOR('',#1702,10.);
#477=VECTOR('',#1705,10.);
#478=VECTOR('',#1706,10.);
#479=VECTOR('',#1707,10.);
#480=VECTOR('',#1710,10.);
#481=VECTOR('',#1711,10.);
#482=VECTOR('',#1712,10.);
#483=VECTOR('',#1715,10.);
#484=VECTOR('',#1716,10.);
#485=VECTOR('',#1717,10.);
#486=VECTOR('',#1720,10.);
#487=VECTOR('',#1725,10.);
#488=VECTOR('',#1730,10.);
#489=VECTOR('',#1731,10.);
#490=VECTOR('',#1732,10.);
#491=VECTOR('',#1733,10.);
#492=VECTOR('',#1736,10.);
#493=VECTOR('',#1737,10.);
#494=VECTOR('',#1738,10.);
#495=VECTOR('',#1741,10.);
#496=VECTOR('',#1742,10.);
#497=VECTOR('',#1743,10.);
#498=VECTOR('',#1746,10.);
#499=VECTOR('',#1747,10.);
#500=VECTOR('',#1748,10.);
#501=VECTOR('',#1751,10.);
#502=VECTOR('',#1756,10.);
#503=VECTOR('',#1761,1.75);
#504=VECTOR('',#1766,1.75);
#505=VECTOR('',#1773,1.75);
#506=VECTOR('',#1780,1.75);
#507=VECTOR('',#1787,10.);
#508=VECTOR('',#1790,10.);
#509=VECTOR('',#1793,10.);
#510=VECTOR('',#1794,10.);
#511=VECTOR('',#1795,10.);
#512=VECTOR('',#1796,10.);
#513=VECTOR('',#1797,10.);
#514=VECTOR('',#1798,10.);
#515=VECTOR('',#1799,10.);
#516=VECTOR('',#1800,10.);
#517=VECTOR('',#1801,10.);
#518=VECTOR('',#1802,10.);
#519=VECTOR('',#1803,10.);
#520=VECTOR('',#1806,10.);
#521=VECTOR('',#1809,10.);
#522=VECTOR('',#1812,10.);
#523=VECTOR('',#1815,10.);
#524=VECTOR('',#1818,10.);
#525=VECTOR('',#1821,10.);
#526=VECTOR('',#1824,10.);
#527=VECTOR('',#1827,10.);
#528=VECTOR('',#1828,10.);
#529=VECTOR('',#1829,10.);
#530=VECTOR('',#1838,10.);
#531=VECTOR('',#1841,10.);
#532=VECTOR('',#1844,10.);
#533=VECTOR('',#1847,10.);
#534=VECTOR('',#1852,10.);
#535=VECTOR('',#1853,10.);
#536=VECTOR('',#1856,10.);
#537=VECTOR('',#1861,10.);
#538=VECTOR('',#1868,10.);
#539=VECTOR('',#1873,10.);
#540=VECTOR('',#1874,10.);
#541=VECTOR('',#1881,10.);
#542=VECTOR('',#1882,10.);
#543=VECTOR('',#1885,10.);
#544=VECTOR('',#1888,10.);
#545=VECTOR('',#1891,10.);
#546=VECTOR('',#1898,10.);
#547=VECTOR('',#1903,10.);
#548=VECTOR('',#1906,10.);
#549=VECTOR('',#1911,10.);
#550=VECTOR('',#1912,10.);
#551=VECTOR('',#1915,10.);
#552=VECTOR('',#1918,10.);
#553=VECTOR('',#1921,10.);
#554=VECTOR('',#1922,10.);
#555=VECTOR('',#1925,10.);
#556=VECTOR('',#1926,10.);
#557=VECTOR('',#1927,10.);
#558=VECTOR('',#1934,10.);
#559=VECTOR('',#1937,10.);
#560=VECTOR('',#1942,10.);
#561=VECTOR('',#1947,10.);
#562=VECTOR('',#1950,10.);
#563=VECTOR('',#1951,10.);
#564=VECTOR('',#1954,10.);
#565=VECTOR('',#1955,10.);
#566=VECTOR('',#1958,10.);
#567=VECTOR('',#1959,10.);
#568=VECTOR('',#1962,10.);
#569=VECTOR('',#1963,10.);
#570=VECTOR('',#1970,10.);
#571=VECTOR('',#1973,10.);
#572=VECTOR('',#1974,10.);
#573=VECTOR('',#1977,10.);
#574=VECTOR('',#1994,10.);
#575=VECTOR('',#1995,10.);
#576=VECTOR('',#1996,10.);
#577=VECTOR('',#1997,10.);
#578=VECTOR('',#1998,10.);
#579=VECTOR('',#2007,10.);
#580=VECTOR('',#2020,10.);
#581=VECTOR('',#2035,10.);
#582=VECTOR('',#2038,10.);
#583=VECTOR('',#2051,10.);
#584=VECTOR('',#2062,10.);
#585=VECTOR('',#2063,10.);
#586=VECTOR('',#2066,10.);
#587=VECTOR('',#2073,10.);
#588=VECTOR('',#2076,10.);
#589=VECTOR('',#2087,10.);
#590=VECTOR('',#2088,10.);
#591=VECTOR('',#2089,10.);
#592=VECTOR('',#2090,10.);
#593=VECTOR('',#2091,10.);
#594=VECTOR('',#2092,10.);
#595=VECTOR('',#2093,10.);
#596=VECTOR('',#2096,10.);
#597=VECTOR('',#2099,10.);
#598=VECTOR('',#2102,10.);
#599=VECTOR('',#2103,10.);
#600=VECTOR('',#2110,0.750000000000002);
#601=VECTOR('',#2115,0.750000000000002);
#602=VECTOR('',#2118,0.750000000000002);
#603=VECTOR('',#2121,0.750000000000002);
#604=VECTOR('',#2124,10.);
#605=VECTOR('',#2127,10.);
#606=VERTEX_POINT('',#2134);
#607=VERTEX_POINT('',#2135);
#608=VERTEX_POINT('',#2137);
#609=VERTEX_POINT('',#2139);
#610=VERTEX_POINT('',#2143);
#611=VERTEX_POINT('',#2145);
#612=VERTEX_POINT('',#2149);
#613=VERTEX_POINT('',#2151);
#614=VERTEX_POINT('',#2155);
#615=VERTEX_POINT('',#2157);
#616=VERTEX_POINT('',#2162);
#617=VERTEX_POINT('',#2166);
#618=VERTEX_POINT('',#2169);
#619=VERTEX_POINT('',#2170);
#620=VERTEX_POINT('',#2172);
#621=VERTEX_POINT('',#2174);
#622=VERTEX_POINT('',#2178);
#623=VERTEX_POINT('',#2180);
#624=VERTEX_POINT('',#2184);
#625=VERTEX_POINT('',#2186);
#626=VERTEX_POINT('',#2190);
#627=VERTEX_POINT('',#2192);
#628=VERTEX_POINT('',#2197);
#629=VERTEX_POINT('',#2201);
#630=VERTEX_POINT('',#2204);
#631=VERTEX_POINT('',#2208);
#632=VERTEX_POINT('',#2212);
#633=VERTEX_POINT('',#2217);
#634=VERTEX_POINT('',#2222);
#635=VERTEX_POINT('',#2223);
#636=VERTEX_POINT('',#2225);
#637=VERTEX_POINT('',#2227);
#638=VERTEX_POINT('',#2231);
#639=VERTEX_POINT('',#2233);
#640=VERTEX_POINT('',#2235);
#641=VERTEX_POINT('',#2237);
#642=VERTEX_POINT('',#2239);
#643=VERTEX_POINT('',#2241);
#644=VERTEX_POINT('',#2243);
#645=VERTEX_POINT('',#2245);
#646=VERTEX_POINT('',#2247);
#647=VERTEX_POINT('',#2249);
#648=VERTEX_POINT('',#2251);
#649=VERTEX_POINT('',#2253);
#650=VERTEX_POINT('',#2255);
#651=VERTEX_POINT('',#2257);
#652=VERTEX_POINT('',#2259);
#653=VERTEX_POINT('',#2261);
#654=VERTEX_POINT('',#2263);
#655=VERTEX_POINT('',#2265);
#656=VERTEX_POINT('',#2269);
#657=VERTEX_POINT('',#2271);
#658=VERTEX_POINT('',#2273);
#659=VERTEX_POINT('',#2275);
#660=VERTEX_POINT('',#2277);
#661=VERTEX_POINT('',#2280);
#662=VERTEX_POINT('',#2282);
#663=VERTEX_POINT('',#2285);
#664=VERTEX_POINT('',#2287);
#665=VERTEX_POINT('',#2290);
#666=VERTEX_POINT('',#2294);
#667=VERTEX_POINT('',#2296);
#668=VERTEX_POINT('',#2302);
#669=VERTEX_POINT('',#2303);
#670=VERTEX_POINT('',#2310);
#671=VERTEX_POINT('',#2311);
#672=VERTEX_POINT('',#2313);
#673=VERTEX_POINT('',#2315);
#674=VERTEX_POINT('',#2317);
#675=VERTEX_POINT('',#2319);
#676=VERTEX_POINT('',#2323);
#677=VERTEX_POINT('',#2324);
#678=VERTEX_POINT('',#2353);
#679=VERTEX_POINT('',#2354);
#680=VERTEX_POINT('',#2368);
#681=VERTEX_POINT('',#2370);
#682=VERTEX_POINT('',#2378);
#683=VERTEX_POINT('',#2380);
#684=VERTEX_POINT('',#2382);
#685=VERTEX_POINT('',#2384);
#686=VERTEX_POINT('',#2388);
#687=VERTEX_POINT('',#2390);
#688=VERTEX_POINT('',#2394);
#689=VERTEX_POINT('',#2395);
#690=VERTEX_POINT('',#2397);
#691=VERTEX_POINT('',#2426);
#692=VERTEX_POINT('',#2439);
#693=VERTEX_POINT('',#2441);
#694=VERTEX_POINT('',#2449);
#695=VERTEX_POINT('',#2451);
#696=VERTEX_POINT('',#2455);
#697=VERTEX_POINT('',#2459);
#698=VERTEX_POINT('',#2461);
#699=VERTEX_POINT('',#2463);
#700=VERTEX_POINT('',#2467);
#701=VERTEX_POINT('',#2469);
#702=VERTEX_POINT('',#2471);
#703=VERTEX_POINT('',#2475);
#704=VERTEX_POINT('',#2476);
#705=VERTEX_POINT('',#2478);
#706=VERTEX_POINT('',#2481);
#707=VERTEX_POINT('',#2509);
#708=VERTEX_POINT('',#2510);
#709=VERTEX_POINT('',#2521);
#710=VERTEX_POINT('',#2528);
#711=VERTEX_POINT('',#2587);
#712=VERTEX_POINT('',#2591);
#713=VERTEX_POINT('',#2593);
#714=VERTEX_POINT('',#2598);
#715=VERTEX_POINT('',#2602);
#716=VERTEX_POINT('',#2604);
#717=VERTEX_POINT('',#2606);
#718=VERTEX_POINT('',#2609);
#719=VERTEX_POINT('',#2611);
#720=VERTEX_POINT('',#2613);
#721=VERTEX_POINT('',#2615);
#722=VERTEX_POINT('',#2623);
#723=VERTEX_POINT('',#2625);
#724=VERTEX_POINT('',#2656);
#725=VERTEX_POINT('',#2663);
#726=VERTEX_POINT('',#2697);
#727=VERTEX_POINT('',#2699);
#728=VERTEX_POINT('',#2701);
#729=VERTEX_POINT('',#2703);
#730=VERTEX_POINT('',#2710);
#731=VERTEX_POINT('',#2717);
#732=VERTEX_POINT('',#2727);
#733=VERTEX_POINT('',#2729);
#734=VERTEX_POINT('',#2733);
#735=VERTEX_POINT('',#2738);
#736=VERTEX_POINT('',#2742);
#737=VERTEX_POINT('',#2743);
#738=VERTEX_POINT('',#2752);
#739=VERTEX_POINT('',#2754);
#740=VERTEX_POINT('',#2765);
#741=VERTEX_POINT('',#2766);
#742=VERTEX_POINT('',#2768);
#743=VERTEX_POINT('',#2771);
#744=VERTEX_POINT('',#2773);
#745=VERTEX_POINT('',#2775);
#746=VERTEX_POINT('',#2786);
#747=VERTEX_POINT('',#2789);
#748=EDGE_CURVE('',#606,#607,#340,.T.);
#749=EDGE_CURVE('',#606,#608,#341,.T.);
#750=EDGE_CURVE('',#608,#609,#342,.T.);
#751=EDGE_CURVE('',#607,#609,#343,.T.);
#752=EDGE_CURVE('',#610,#606,#344,.T.);
#753=EDGE_CURVE('',#610,#611,#345,.T.);
#754=EDGE_CURVE('',#611,#608,#346,.T.);
#755=EDGE_CURVE('',#612,#610,#347,.T.);
#756=EDGE_CURVE('',#612,#613,#348,.T.);
#757=EDGE_CURVE('',#613,#611,#349,.T.);
#758=EDGE_CURVE('',#614,#612,#350,.T.);
#759=EDGE_CURVE('',#615,#614,#351,.T.);
#760=EDGE_CURVE('',#615,#613,#352,.T.);
#761=EDGE_CURVE('',#609,#615,#353,.T.);
#762=EDGE_CURVE('',#616,#616,#104,.T.);
#763=EDGE_CURVE('',#614,#607,#354,.T.);
#764=EDGE_CURVE('',#617,#617,#105,.T.);
#765=EDGE_CURVE('',#618,#619,#355,.T.);
#766=EDGE_CURVE('',#619,#620,#356,.T.);
#767=EDGE_CURVE('',#620,#621,#357,.T.);
#768=EDGE_CURVE('',#618,#621,#358,.T.);
#769=EDGE_CURVE('',#619,#622,#359,.T.);
#770=EDGE_CURVE('',#622,#623,#360,.T.);
#771=EDGE_CURVE('',#623,#620,#361,.T.);
#772=EDGE_CURVE('',#622,#624,#362,.T.);
#773=EDGE_CURVE('',#624,#625,#363,.T.);
#774=EDGE_CURVE('',#625,#623,#364,.T.);
#775=EDGE_CURVE('',#624,#626,#365,.T.);
#776=EDGE_CURVE('',#627,#626,#366,.T.);
#777=EDGE_CURVE('',#627,#625,#367,.T.);
#778=EDGE_CURVE('',#621,#627,#368,.T.);
#779=EDGE_CURVE('',#628,#628,#106,.T.);
#780=EDGE_CURVE('',#626,#618,#369,.T.);
#781=EDGE_CURVE('',#629,#629,#107,.T.);
#782=EDGE_CURVE('',#617,#630,#370,.T.);
#783=EDGE_CURVE('',#630,#630,#108,.T.);
#784=EDGE_CURVE('',#629,#631,#371,.T.);
#785=EDGE_CURVE('',#631,#631,#109,.T.);
#786=EDGE_CURVE('',#632,#632,#110,.T.);
#787=EDGE_CURVE('',#632,#616,#372,.T.);
#788=EDGE_CURVE('',#633,#633,#111,.T.);
#789=EDGE_CURVE('',#633,#628,#373,.T.);
#790=EDGE_CURVE('',#634,#635,#112,.T.);
#791=EDGE_CURVE('',#635,#636,#374,.T.);
#792=EDGE_CURVE('',#636,#637,#113,.T.);
#793=EDGE_CURVE('',#637,#634,#375,.T.);
#794=EDGE_CURVE('',#638,#637,#376,.T.);
#795=EDGE_CURVE('',#639,#638,#377,.T.);
#796=EDGE_CURVE('',#640,#639,#378,.T.);
#797=EDGE_CURVE('',#641,#640,#379,.T.);
#798=EDGE_CURVE('',#642,#641,#380,.T.);
#799=EDGE_CURVE('',#643,#642,#381,.T.);
#800=EDGE_CURVE('',#644,#643,#382,.T.);
#801=EDGE_CURVE('',#644,#645,#383,.T.);
#802=EDGE_CURVE('',#646,#645,#384,.T.);
#803=EDGE_CURVE('',#647,#646,#385,.T.);
#804=EDGE_CURVE('',#647,#648,#386,.T.);
#805=EDGE_CURVE('',#649,#648,#114,.T.);
#806=EDGE_CURVE('',#650,#649,#387,.T.);
#807=EDGE_CURVE('',#651,#650,#115,.T.);
#808=EDGE_CURVE('',#651,#652,#388,.T.);
#809=EDGE_CURVE('',#653,#652,#116,.T.);
#810=EDGE_CURVE('',#653,#654,#389,.T.);
#811=EDGE_CURVE('',#655,#654,#117,.T.);
#812=EDGE_CURVE('',#655,#634,#390,.T.);
#813=EDGE_CURVE('',#636,#656,#391,.T.);
#814=EDGE_CURVE('',#657,#656,#118,.T.);
#815=EDGE_CURVE('',#657,#658,#392,.F.);
#816=EDGE_CURVE('',#659,#658,#119,.T.);
#817=EDGE_CURVE('',#659,#660,#393,.T.);
#818=EDGE_CURVE('',#646,#660,#120,.T.);
#819=EDGE_CURVE('',#661,#645,#394,.F.);
#820=EDGE_CURVE('',#661,#662,#395,.T.);
#821=EDGE_CURVE('',#638,#662,#396,.T.);
#822=EDGE_CURVE('',#663,#663,#121,.F.);
#823=EDGE_CURVE('',#664,#664,#122,.F.);
#824=EDGE_CURVE('',#665,#647,#123,.T.);
#825=EDGE_CURVE('',#660,#665,#397,.T.);
#826=EDGE_CURVE('',#656,#666,#398,.T.);
#827=EDGE_CURVE('',#666,#667,#124,.T.);
#828=EDGE_CURVE('',#667,#657,#399,.T.);
#829=EDGE_CURVE('',#635,#666,#400,.T.);
#830=EDGE_CURVE('',#668,#669,#125,.T.);
#831=EDGE_CURVE('',#669,#659,#401,.T.);
#832=EDGE_CURVE('',#658,#668,#402,.T.);
#833=EDGE_CURVE('',#669,#665,#403,.T.);
#834=EDGE_CURVE('',#670,#671,#126,.T.);
#835=EDGE_CURVE('',#671,#672,#404,.T.);
#836=EDGE_CURVE('',#672,#673,#39,.T.);
#837=EDGE_CURVE('',#673,#674,#40,.T.);
#838=EDGE_CURVE('',#674,#675,#41,.T.);
#839=EDGE_CURVE('',#675,#670,#405,.T.);
#840=EDGE_CURVE('',#676,#677,#127,.T.);
#841=EDGE_CURVE('',#677,#674,#406,.T.);
#842=EDGE_CURVE('',#676,#673,#407,.T.);
#843=EDGE_CURVE('',#678,#679,#21,.F.);
#844=EDGE_CURVE('',#679,#677,#42,.T.);
#845=EDGE_CURVE('',#676,#678,#43,.T.);
#846=EDGE_CURVE('',#679,#680,#408,.T.);
#847=EDGE_CURVE('',#681,#680,#22,.T.);
#848=EDGE_CURVE('',#681,#677,#409,.T.);
#849=EDGE_CURVE('',#672,#682,#410,.T.);
#850=EDGE_CURVE('',#683,#682,#44,.T.);
#851=EDGE_CURVE('',#684,#683,#411,.T.);
#852=EDGE_CURVE('',#685,#684,#45,.T.);
#853=EDGE_CURVE('',#685,#678,#412,.T.);
#854=EDGE_CURVE('',#686,#684,#128,.T.);
#855=EDGE_CURVE('',#683,#687,#46,.T.);
#856=EDGE_CURVE('',#687,#686,#413,.T.);
#857=EDGE_CURVE('',#688,#689,#47,.T.);
#858=EDGE_CURVE('',#689,#690,#414,.T.);
#859=EDGE_CURVE('',#690,#687,#48,.T.);
#860=EDGE_CURVE('',#682,#688,#415,.T.);
#861=EDGE_CURVE('',#691,#685,#23,.F.);
#862=EDGE_CURVE('',#686,#691,#49,.T.);
#863=EDGE_CURVE('',#686,#692,#416,.T.);
#864=EDGE_CURVE('',#693,#692,#24,.T.);
#865=EDGE_CURVE('',#693,#691,#417,.T.);
#866=EDGE_CURVE('',#690,#694,#418,.T.);
#867=EDGE_CURVE('',#695,#694,#50,.T.);
#868=EDGE_CURVE('',#692,#695,#419,.T.);
#869=EDGE_CURVE('',#696,#689,#420,.T.);
#870=EDGE_CURVE('',#694,#696,#421,.T.);
#871=EDGE_CURVE('',#688,#697,#422,.T.);
#872=EDGE_CURVE('',#697,#698,#423,.T.);
#873=EDGE_CURVE('',#698,#699,#424,.T.);
#874=EDGE_CURVE('',#696,#699,#51,.T.);
#875=EDGE_CURVE('',#681,#700,#129,.T.);
#876=EDGE_CURVE('',#700,#701,#425,.T.);
#877=EDGE_CURVE('',#701,#702,#52,.T.);
#878=EDGE_CURVE('',#702,#681,#426,.T.);
#879=EDGE_CURVE('',#703,#704,#130,.T.);
#880=EDGE_CURVE('',#704,#705,#427,.T.);
#881=EDGE_CURVE('',#705,#702,#53,.T.);
#882=EDGE_CURVE('',#701,#706,#54,.T.);
#883=EDGE_CURVE('',#706,#703,#428,.T.);
#884=EDGE_CURVE('',#707,#708,#25,.T.);
#885=EDGE_CURVE('',#708,#700,#26,.T.);
#886=EDGE_CURVE('',#680,#709,#27,.T.);
#887=EDGE_CURVE('',#709,#710,#28,.T.);
#888=EDGE_CURVE('',#710,#707,#29,.T.);
#889=EDGE_CURVE('',#705,#675,#429,.T.);
#890=EDGE_CURVE('',#670,#704,#430,.T.);
#891=EDGE_CURVE('',#698,#703,#431,.T.);
#892=EDGE_CURVE('',#671,#697,#432,.T.);
#893=EDGE_CURVE('',#711,#706,#433,.T.);
#894=EDGE_CURVE('',#699,#711,#434,.T.);
#895=EDGE_CURVE('',#712,#708,#435,.T.);
#896=EDGE_CURVE('',#713,#712,#30,.T.);
#897=EDGE_CURVE('',#713,#714,#436,.T.);
#898=EDGE_CURVE('',#711,#714,#55,.T.);
#899=EDGE_CURVE('',#715,#707,#131,.T.);
#900=EDGE_CURVE('',#716,#715,#437,.T.);
#901=EDGE_CURVE('',#717,#716,#132,.T.);
#902=EDGE_CURVE('',#652,#717,#438,.T.);
#903=EDGE_CURVE('',#718,#651,#439,.T.);
#904=EDGE_CURVE('',#719,#718,#133,.T.);
#905=EDGE_CURVE('',#720,#719,#440,.T.);
#906=EDGE_CURVE('',#721,#720,#134,.T.);
#907=EDGE_CURVE('',#712,#721,#31,.T.);
#908=EDGE_CURVE('',#722,#722,#135,.T.);
#909=EDGE_CURVE('',#723,#723,#136,.T.);
#910=EDGE_CURVE('',#714,#695,#56,.T.);
#911=EDGE_CURVE('',#713,#692,#137,.T.);
#912=EDGE_CURVE('',#724,#693,#32,.T.);
#913=EDGE_CURVE('',#721,#725,#33,.T.);
#914=EDGE_CURVE('',#725,#724,#34,.T.);
#915=EDGE_CURVE('',#726,#724,#441,.T.);
#916=EDGE_CURVE('',#727,#726,#442,.T.);
#917=EDGE_CURVE('',#728,#727,#443,.T.);
#918=EDGE_CURVE('',#729,#728,#444,.T.);
#919=EDGE_CURVE('',#709,#729,#445,.T.);
#920=EDGE_CURVE('',#725,#720,#138,.T.);
#921=EDGE_CURVE('',#726,#719,#139,.T.);
#922=EDGE_CURVE('',#650,#730,#446,.T.);
#923=EDGE_CURVE('',#730,#718,#140,.T.);
#924=EDGE_CURVE('',#730,#726,#141,.T.);
#925=EDGE_CURVE('',#717,#731,#142,.T.);
#926=EDGE_CURVE('',#731,#653,#447,.T.);
#927=EDGE_CURVE('',#716,#729,#143,.T.);
#928=EDGE_CURVE('',#729,#731,#144,.T.);
#929=EDGE_CURVE('',#715,#710,#145,.T.);
#930=EDGE_CURVE('',#648,#732,#448,.T.);
#931=EDGE_CURVE('',#732,#733,#146,.T.);
#932=EDGE_CURVE('',#733,#649,#449,.T.);
#933=EDGE_CURVE('',#734,#727,#147,.T.);
#934=EDGE_CURVE('',#727,#733,#148,.T.);
#935=EDGE_CURVE('',#732,#734,#149,.T.);
#936=EDGE_CURVE('',#735,#728,#150,.T.);
#937=EDGE_CURVE('',#734,#735,#450,.T.);
#938=EDGE_CURVE('',#736,#737,#151,.T.);
#939=EDGE_CURVE('',#737,#728,#152,.T.);
#940=EDGE_CURVE('',#735,#736,#153,.T.);
#941=EDGE_CURVE('',#654,#737,#451,.T.);
#942=EDGE_CURVE('',#736,#655,#452,.T.);
#943=EDGE_CURVE('',#667,#668,#453,.T.);
#944=EDGE_CURVE('',#738,#738,#154,.T.);
#945=EDGE_CURVE('',#739,#739,#155,.T.);
#946=EDGE_CURVE('',#737,#731,#454,.T.);
#947=EDGE_CURVE('',#730,#733,#455,.T.);
#948=EDGE_CURVE('',#740,#741,#456,.T.);
#949=EDGE_CURVE('',#741,#742,#457,.F.);
#950=EDGE_CURVE('',#662,#742,#458,.T.);
#951=EDGE_CURVE('',#743,#661,#459,.F.);
#952=EDGE_CURVE('',#743,#744,#460,.F.);
#953=EDGE_CURVE('',#744,#745,#461,.F.);
#954=EDGE_CURVE('',#745,#740,#462,.T.);
#955=EDGE_CURVE('',#644,#743,#463,.F.);
#956=EDGE_CURVE('',#742,#639,#464,.T.);
#957=EDGE_CURVE('',#641,#740,#465,.T.);
#958=EDGE_CURVE('',#640,#741,#466,.F.);
#959=EDGE_CURVE('',#746,#746,#156,.F.);
#960=EDGE_CURVE('',#723,#747,#467,.T.);
#961=EDGE_CURVE('',#747,#747,#157,.F.);
#962=EDGE_CURVE('',#722,#746,#468,.T.);
#963=EDGE_CURVE('',#738,#664,#469,.T.);
#964=EDGE_CURVE('',#739,#663,#470,.T.);
#965=EDGE_CURVE('',#643,#744,#471,.T.);
#966=EDGE_CURVE('',#642,#745,#472,.F.);
#967=ORIENTED_EDGE('',*,*,#748,.F.);
#968=ORIENTED_EDGE('',*,*,#749,.T.);
#969=ORIENTED_EDGE('',*,*,#750,.T.);
#970=ORIENTED_EDGE('',*,*,#751,.F.);
#971=ORIENTED_EDGE('',*,*,#752,.F.);
#972=ORIENTED_EDGE('',*,*,#753,.T.);
#973=ORIENTED_EDGE('',*,*,#754,.T.);
#974=ORIENTED_EDGE('',*,*,#749,.F.);
#975=ORIENTED_EDGE('',*,*,#755,.F.);
#976=ORIENTED_EDGE('',*,*,#756,.T.);
#977=ORIENTED_EDGE('',*,*,#757,.T.);
#978=ORIENTED_EDGE('',*,*,#753,.F.);
#979=ORIENTED_EDGE('',*,*,#758,.F.);
#980=ORIENTED_EDGE('',*,*,#759,.F.);
#981=ORIENTED_EDGE('',*,*,#760,.T.);
#982=ORIENTED_EDGE('',*,*,#756,.F.);
#983=ORIENTED_EDGE('',*,*,#760,.F.);
#984=ORIENTED_EDGE('',*,*,#761,.F.);
#985=ORIENTED_EDGE('',*,*,#750,.F.);
#986=ORIENTED_EDGE('',*,*,#754,.F.);
#987=ORIENTED_EDGE('',*,*,#757,.F.);
#988=ORIENTED_EDGE('',*,*,#762,.F.);
#989=ORIENTED_EDGE('',*,*,#758,.T.);
#990=ORIENTED_EDGE('',*,*,#755,.T.);
#991=ORIENTED_EDGE('',*,*,#752,.T.);
#992=ORIENTED_EDGE('',*,*,#748,.T.);
#993=ORIENTED_EDGE('',*,*,#763,.F.);
#994=ORIENTED_EDGE('',*,*,#764,.F.);
#995=ORIENTED_EDGE('',*,*,#765,.T.);
#996=ORIENTED_EDGE('',*,*,#766,.T.);
#997=ORIENTED_EDGE('',*,*,#767,.T.);
#998=ORIENTED_EDGE('',*,*,#768,.F.);
#999=ORIENTED_EDGE('',*,*,#769,.T.);
#1000=ORIENTED_EDGE('',*,*,#770,.T.);
#1001=ORIENTED_EDGE('',*,*,#771,.T.);
#1002=ORIENTED_EDGE('',*,*,#766,.F.);
#1003=ORIENTED_EDGE('',*,*,#772,.T.);
#1004=ORIENTED_EDGE('',*,*,#773,.T.);
#1005=ORIENTED_EDGE('',*,*,#774,.T.);
#1006=ORIENTED_EDGE('',*,*,#770,.F.);
#1007=ORIENTED_EDGE('',*,*,#775,.T.);
#1008=ORIENTED_EDGE('',*,*,#776,.F.);
#1009=ORIENTED_EDGE('',*,*,#777,.T.);
#1010=ORIENTED_EDGE('',*,*,#773,.F.);
#1011=ORIENTED_EDGE('',*,*,#778,.F.);
#1012=ORIENTED_EDGE('',*,*,#767,.F.);
#1013=ORIENTED_EDGE('',*,*,#771,.F.);
#1014=ORIENTED_EDGE('',*,*,#774,.F.);
#1015=ORIENTED_EDGE('',*,*,#777,.F.);
#1016=ORIENTED_EDGE('',*,*,#779,.F.);
#1017=ORIENTED_EDGE('',*,*,#780,.F.);
#1018=ORIENTED_EDGE('',*,*,#775,.F.);
#1019=ORIENTED_EDGE('',*,*,#772,.F.);
#1020=ORIENTED_EDGE('',*,*,#769,.F.);
#1021=ORIENTED_EDGE('',*,*,#765,.F.);
#1022=ORIENTED_EDGE('',*,*,#781,.F.);
#1023=ORIENTED_EDGE('',*,*,#764,.T.);
#1024=ORIENTED_EDGE('',*,*,#782,.T.);
#1025=ORIENTED_EDGE('',*,*,#783,.T.);
#1026=ORIENTED_EDGE('',*,*,#782,.F.);
#1027=ORIENTED_EDGE('',*,*,#781,.T.);
#1028=ORIENTED_EDGE('',*,*,#784,.T.);
#1029=ORIENTED_EDGE('',*,*,#785,.T.);
#1030=ORIENTED_EDGE('',*,*,#784,.F.);
#1031=ORIENTED_EDGE('',*,*,#786,.F.);
#1032=ORIENTED_EDGE('',*,*,#787,.T.);
#1033=ORIENTED_EDGE('',*,*,#762,.T.);
#1034=ORIENTED_EDGE('',*,*,#787,.F.);
#1035=ORIENTED_EDGE('',*,*,#783,.F.);
#1036=ORIENTED_EDGE('',*,*,#788,.F.);
#1037=ORIENTED_EDGE('',*,*,#789,.T.);
#1038=ORIENTED_EDGE('',*,*,#779,.T.);
#1039=ORIENTED_EDGE('',*,*,#789,.F.);
#1040=ORIENTED_EDGE('',*,*,#785,.F.);
#1041=ORIENTED_EDGE('',*,*,#790,.T.);
#1042=ORIENTED_EDGE('',*,*,#791,.T.);
#1043=ORIENTED_EDGE('',*,*,#792,.T.);
#1044=ORIENTED_EDGE('',*,*,#793,.T.);
#1045=ORIENTED_EDGE('',*,*,#793,.F.);
#1046=ORIENTED_EDGE('',*,*,#794,.F.);
#1047=ORIENTED_EDGE('',*,*,#795,.F.);
#1048=ORIENTED_EDGE('',*,*,#796,.F.);
#1049=ORIENTED_EDGE('',*,*,#797,.F.);
#1050=ORIENTED_EDGE('',*,*,#798,.F.);
#1051=ORIENTED_EDGE('',*,*,#799,.F.);
#1052=ORIENTED_EDGE('',*,*,#800,.F.);
#1053=ORIENTED_EDGE('',*,*,#801,.T.);
#1054=ORIENTED_EDGE('',*,*,#802,.F.);
#1055=ORIENTED_EDGE('',*,*,#803,.F.);
#1056=ORIENTED_EDGE('',*,*,#804,.T.);
#1057=ORIENTED_EDGE('',*,*,#805,.F.);
#1058=ORIENTED_EDGE('',*,*,#806,.F.);
#1059=ORIENTED_EDGE('',*,*,#807,.F.);
#1060=ORIENTED_EDGE('',*,*,#808,.T.);
#1061=ORIENTED_EDGE('',*,*,#809,.F.);
#1062=ORIENTED_EDGE('',*,*,#810,.T.);
#1063=ORIENTED_EDGE('',*,*,#811,.F.);
#1064=ORIENTED_EDGE('',*,*,#812,.T.);
#1065=ORIENTED_EDGE('',*,*,#792,.F.);
#1066=ORIENTED_EDGE('',*,*,#813,.T.);
#1067=ORIENTED_EDGE('',*,*,#814,.F.);
#1068=ORIENTED_EDGE('',*,*,#815,.T.);
#1069=ORIENTED_EDGE('',*,*,#816,.F.);
#1070=ORIENTED_EDGE('',*,*,#817,.T.);
#1071=ORIENTED_EDGE('',*,*,#818,.F.);
#1072=ORIENTED_EDGE('',*,*,#802,.T.);
#1073=ORIENTED_EDGE('',*,*,#819,.F.);
#1074=ORIENTED_EDGE('',*,*,#820,.T.);
#1075=ORIENTED_EDGE('',*,*,#821,.F.);
#1076=ORIENTED_EDGE('',*,*,#794,.T.);
#1077=ORIENTED_EDGE('',*,*,#822,.T.);
#1078=ORIENTED_EDGE('',*,*,#823,.T.);
#1079=ORIENTED_EDGE('',*,*,#824,.T.);
#1080=ORIENTED_EDGE('',*,*,#803,.T.);
#1081=ORIENTED_EDGE('',*,*,#818,.T.);
#1082=ORIENTED_EDGE('',*,*,#825,.T.);
#1083=ORIENTED_EDGE('',*,*,#814,.T.);
#1084=ORIENTED_EDGE('',*,*,#826,.T.);
#1085=ORIENTED_EDGE('',*,*,#827,.T.);
#1086=ORIENTED_EDGE('',*,*,#828,.T.);
#1087=ORIENTED_EDGE('',*,*,#791,.F.);
#1088=ORIENTED_EDGE('',*,*,#829,.T.);
#1089=ORIENTED_EDGE('',*,*,#826,.F.);
#1090=ORIENTED_EDGE('',*,*,#813,.F.);
#1091=ORIENTED_EDGE('',*,*,#830,.T.);
#1092=ORIENTED_EDGE('',*,*,#831,.T.);
#1093=ORIENTED_EDGE('',*,*,#816,.T.);
#1094=ORIENTED_EDGE('',*,*,#832,.T.);
#1095=ORIENTED_EDGE('',*,*,#825,.F.);
#1096=ORIENTED_EDGE('',*,*,#817,.F.);
#1097=ORIENTED_EDGE('',*,*,#831,.F.);
#1098=ORIENTED_EDGE('',*,*,#833,.T.);
#1099=ORIENTED_EDGE('',*,*,#834,.T.);
#1100=ORIENTED_EDGE('',*,*,#835,.T.);
#1101=ORIENTED_EDGE('',*,*,#836,.T.);
#1102=ORIENTED_EDGE('',*,*,#837,.T.);
#1103=ORIENTED_EDGE('',*,*,#838,.T.);
#1104=ORIENTED_EDGE('',*,*,#839,.T.);
#1105=ORIENTED_EDGE('',*,*,#840,.T.);
#1106=ORIENTED_EDGE('',*,*,#841,.T.);
#1107=ORIENTED_EDGE('',*,*,#837,.F.);
#1108=ORIENTED_EDGE('',*,*,#842,.F.);
#1109=ORIENTED_EDGE('',*,*,#843,.T.);
#1110=ORIENTED_EDGE('',*,*,#844,.T.);
#1111=ORIENTED_EDGE('',*,*,#840,.F.);
#1112=ORIENTED_EDGE('',*,*,#845,.T.);
#1113=ORIENTED_EDGE('',*,*,#844,.F.);
#1114=ORIENTED_EDGE('',*,*,#846,.T.);
#1115=ORIENTED_EDGE('',*,*,#847,.F.);
#1116=ORIENTED_EDGE('',*,*,#848,.T.);
#1117=ORIENTED_EDGE('',*,*,#845,.F.);
#1118=ORIENTED_EDGE('',*,*,#842,.T.);
#1119=ORIENTED_EDGE('',*,*,#836,.F.);
#1120=ORIENTED_EDGE('',*,*,#849,.T.);
#1121=ORIENTED_EDGE('',*,*,#850,.F.);
#1122=ORIENTED_EDGE('',*,*,#851,.F.);
#1123=ORIENTED_EDGE('',*,*,#852,.F.);
#1124=ORIENTED_EDGE('',*,*,#853,.T.);
#1125=ORIENTED_EDGE('',*,*,#854,.T.);
#1126=ORIENTED_EDGE('',*,*,#851,.T.);
#1127=ORIENTED_EDGE('',*,*,#855,.T.);
#1128=ORIENTED_EDGE('',*,*,#856,.T.);
#1129=ORIENTED_EDGE('',*,*,#857,.T.);
#1130=ORIENTED_EDGE('',*,*,#858,.T.);
#1131=ORIENTED_EDGE('',*,*,#859,.T.);
#1132=ORIENTED_EDGE('',*,*,#855,.F.);
#1133=ORIENTED_EDGE('',*,*,#850,.T.);
#1134=ORIENTED_EDGE('',*,*,#860,.T.);
#1135=ORIENTED_EDGE('',*,*,#861,.T.);
#1136=ORIENTED_EDGE('',*,*,#852,.T.);
#1137=ORIENTED_EDGE('',*,*,#854,.F.);
#1138=ORIENTED_EDGE('',*,*,#862,.T.);
#1139=ORIENTED_EDGE('',*,*,#862,.F.);
#1140=ORIENTED_EDGE('',*,*,#863,.T.);
#1141=ORIENTED_EDGE('',*,*,#864,.F.);
#1142=ORIENTED_EDGE('',*,*,#865,.T.);
#1143=ORIENTED_EDGE('',*,*,#856,.F.);
#1144=ORIENTED_EDGE('',*,*,#859,.F.);
#1145=ORIENTED_EDGE('',*,*,#866,.T.);
#1146=ORIENTED_EDGE('',*,*,#867,.F.);
#1147=ORIENTED_EDGE('',*,*,#868,.F.);
#1148=ORIENTED_EDGE('',*,*,#863,.F.);
#1149=ORIENTED_EDGE('',*,*,#858,.F.);
#1150=ORIENTED_EDGE('',*,*,#869,.F.);
#1151=ORIENTED_EDGE('',*,*,#870,.F.);
#1152=ORIENTED_EDGE('',*,*,#866,.F.);
#1153=ORIENTED_EDGE('',*,*,#857,.F.);
#1154=ORIENTED_EDGE('',*,*,#871,.T.);
#1155=ORIENTED_EDGE('',*,*,#872,.T.);
#1156=ORIENTED_EDGE('',*,*,#873,.T.);
#1157=ORIENTED_EDGE('',*,*,#874,.F.);
#1158=ORIENTED_EDGE('',*,*,#869,.T.);
#1159=ORIENTED_EDGE('',*,*,#875,.T.);
#1160=ORIENTED_EDGE('',*,*,#876,.T.);
#1161=ORIENTED_EDGE('',*,*,#877,.T.);
#1162=ORIENTED_EDGE('',*,*,#878,.T.);
#1163=ORIENTED_EDGE('',*,*,#879,.T.);
#1164=ORIENTED_EDGE('',*,*,#880,.T.);
#1165=ORIENTED_EDGE('',*,*,#881,.T.);
#1166=ORIENTED_EDGE('',*,*,#877,.F.);
#1167=ORIENTED_EDGE('',*,*,#882,.T.);
#1168=ORIENTED_EDGE('',*,*,#883,.T.);
#1169=ORIENTED_EDGE('',*,*,#884,.T.);
#1170=ORIENTED_EDGE('',*,*,#885,.T.);
#1171=ORIENTED_EDGE('',*,*,#875,.F.);
#1172=ORIENTED_EDGE('',*,*,#847,.T.);
#1173=ORIENTED_EDGE('',*,*,#886,.T.);
#1174=ORIENTED_EDGE('',*,*,#887,.T.);
#1175=ORIENTED_EDGE('',*,*,#888,.T.);
#1176=ORIENTED_EDGE('',*,*,#839,.F.);
#1177=ORIENTED_EDGE('',*,*,#889,.F.);
#1178=ORIENTED_EDGE('',*,*,#880,.F.);
#1179=ORIENTED_EDGE('',*,*,#890,.F.);
#1180=ORIENTED_EDGE('',*,*,#759,.T.);
#1181=ORIENTED_EDGE('',*,*,#763,.T.);
#1182=ORIENTED_EDGE('',*,*,#751,.T.);
#1183=ORIENTED_EDGE('',*,*,#761,.T.);
#1184=ORIENTED_EDGE('',*,*,#776,.T.);
#1185=ORIENTED_EDGE('',*,*,#780,.T.);
#1186=ORIENTED_EDGE('',*,*,#768,.T.);
#1187=ORIENTED_EDGE('',*,*,#778,.T.);
#1188=ORIENTED_EDGE('',*,*,#834,.F.);
#1189=ORIENTED_EDGE('',*,*,#890,.T.);
#1190=ORIENTED_EDGE('',*,*,#879,.F.);
#1191=ORIENTED_EDGE('',*,*,#891,.F.);
#1192=ORIENTED_EDGE('',*,*,#872,.F.);
#1193=ORIENTED_EDGE('',*,*,#892,.F.);
#1194=ORIENTED_EDGE('',*,*,#786,.T.);
#1195=ORIENTED_EDGE('',*,*,#788,.T.);
#1196=ORIENTED_EDGE('',*,*,#883,.F.);
#1197=ORIENTED_EDGE('',*,*,#893,.F.);
#1198=ORIENTED_EDGE('',*,*,#894,.F.);
#1199=ORIENTED_EDGE('',*,*,#873,.F.);
#1200=ORIENTED_EDGE('',*,*,#891,.T.);
#1201=ORIENTED_EDGE('',*,*,#876,.F.);
#1202=ORIENTED_EDGE('',*,*,#885,.F.);
#1203=ORIENTED_EDGE('',*,*,#895,.F.);
#1204=ORIENTED_EDGE('',*,*,#896,.F.);
#1205=ORIENTED_EDGE('',*,*,#897,.T.);
#1206=ORIENTED_EDGE('',*,*,#898,.F.);
#1207=ORIENTED_EDGE('',*,*,#893,.T.);
#1208=ORIENTED_EDGE('',*,*,#882,.F.);
#1209=ORIENTED_EDGE('',*,*,#884,.F.);
#1210=ORIENTED_EDGE('',*,*,#899,.F.);
#1211=ORIENTED_EDGE('',*,*,#900,.F.);
#1212=ORIENTED_EDGE('',*,*,#901,.F.);
#1213=ORIENTED_EDGE('',*,*,#902,.F.);
#1214=ORIENTED_EDGE('',*,*,#808,.F.);
#1215=ORIENTED_EDGE('',*,*,#903,.F.);
#1216=ORIENTED_EDGE('',*,*,#904,.F.);
#1217=ORIENTED_EDGE('',*,*,#905,.F.);
#1218=ORIENTED_EDGE('',*,*,#906,.F.);
#1219=ORIENTED_EDGE('',*,*,#907,.F.);
#1220=ORIENTED_EDGE('',*,*,#895,.T.);
#1221=ORIENTED_EDGE('',*,*,#908,.F.);
#1222=ORIENTED_EDGE('',*,*,#909,.F.);
#1223=ORIENTED_EDGE('',*,*,#874,.T.);
#1224=ORIENTED_EDGE('',*,*,#894,.T.);
#1225=ORIENTED_EDGE('',*,*,#898,.T.);
#1226=ORIENTED_EDGE('',*,*,#910,.T.);
#1227=ORIENTED_EDGE('',*,*,#867,.T.);
#1228=ORIENTED_EDGE('',*,*,#870,.T.);
#1229=ORIENTED_EDGE('',*,*,#911,.T.);
#1230=ORIENTED_EDGE('',*,*,#868,.T.);
#1231=ORIENTED_EDGE('',*,*,#910,.F.);
#1232=ORIENTED_EDGE('',*,*,#897,.F.);
#1233=ORIENTED_EDGE('',*,*,#912,.T.);
#1234=ORIENTED_EDGE('',*,*,#864,.T.);
#1235=ORIENTED_EDGE('',*,*,#911,.F.);
#1236=ORIENTED_EDGE('',*,*,#896,.T.);
#1237=ORIENTED_EDGE('',*,*,#907,.T.);
#1238=ORIENTED_EDGE('',*,*,#913,.T.);
#1239=ORIENTED_EDGE('',*,*,#914,.T.);
#1240=ORIENTED_EDGE('',*,*,#886,.F.);
#1241=ORIENTED_EDGE('',*,*,#846,.F.);
#1242=ORIENTED_EDGE('',*,*,#843,.F.);
#1243=ORIENTED_EDGE('',*,*,#853,.F.);
#1244=ORIENTED_EDGE('',*,*,#861,.F.);
#1245=ORIENTED_EDGE('',*,*,#865,.F.);
#1246=ORIENTED_EDGE('',*,*,#912,.F.);
#1247=ORIENTED_EDGE('',*,*,#915,.F.);
#1248=ORIENTED_EDGE('',*,*,#916,.F.);
#1249=ORIENTED_EDGE('',*,*,#917,.F.);
#1250=ORIENTED_EDGE('',*,*,#918,.F.);
#1251=ORIENTED_EDGE('',*,*,#919,.F.);
#1252=ORIENTED_EDGE('',*,*,#914,.F.);
#1253=ORIENTED_EDGE('',*,*,#920,.T.);
#1254=ORIENTED_EDGE('',*,*,#905,.T.);
#1255=ORIENTED_EDGE('',*,*,#921,.F.);
#1256=ORIENTED_EDGE('',*,*,#915,.T.);
#1257=ORIENTED_EDGE('',*,*,#807,.T.);
#1258=ORIENTED_EDGE('',*,*,#922,.T.);
#1259=ORIENTED_EDGE('',*,*,#923,.T.);
#1260=ORIENTED_EDGE('',*,*,#903,.T.);
#1261=ORIENTED_EDGE('',*,*,#921,.T.);
#1262=ORIENTED_EDGE('',*,*,#904,.T.);
#1263=ORIENTED_EDGE('',*,*,#923,.F.);
#1264=ORIENTED_EDGE('',*,*,#924,.T.);
#1265=ORIENTED_EDGE('',*,*,#913,.F.);
#1266=ORIENTED_EDGE('',*,*,#906,.T.);
#1267=ORIENTED_EDGE('',*,*,#920,.F.);
#1268=ORIENTED_EDGE('',*,*,#809,.T.);
#1269=ORIENTED_EDGE('',*,*,#902,.T.);
#1270=ORIENTED_EDGE('',*,*,#925,.T.);
#1271=ORIENTED_EDGE('',*,*,#926,.T.);
#1272=ORIENTED_EDGE('',*,*,#927,.T.);
#1273=ORIENTED_EDGE('',*,*,#928,.T.);
#1274=ORIENTED_EDGE('',*,*,#925,.F.);
#1275=ORIENTED_EDGE('',*,*,#901,.T.);
#1276=ORIENTED_EDGE('',*,*,#887,.F.);
#1277=ORIENTED_EDGE('',*,*,#919,.T.);
#1278=ORIENTED_EDGE('',*,*,#927,.F.);
#1279=ORIENTED_EDGE('',*,*,#900,.T.);
#1280=ORIENTED_EDGE('',*,*,#929,.T.);
#1281=ORIENTED_EDGE('',*,*,#888,.F.);
#1282=ORIENTED_EDGE('',*,*,#929,.F.);
#1283=ORIENTED_EDGE('',*,*,#899,.T.);
#1284=ORIENTED_EDGE('',*,*,#805,.T.);
#1285=ORIENTED_EDGE('',*,*,#930,.T.);
#1286=ORIENTED_EDGE('',*,*,#931,.T.);
#1287=ORIENTED_EDGE('',*,*,#932,.T.);
#1288=ORIENTED_EDGE('',*,*,#933,.T.);
#1289=ORIENTED_EDGE('',*,*,#934,.T.);
#1290=ORIENTED_EDGE('',*,*,#931,.F.);
#1291=ORIENTED_EDGE('',*,*,#935,.T.);
#1292=ORIENTED_EDGE('',*,*,#936,.T.);
#1293=ORIENTED_EDGE('',*,*,#917,.T.);
#1294=ORIENTED_EDGE('',*,*,#933,.F.);
#1295=ORIENTED_EDGE('',*,*,#937,.T.);
#1296=ORIENTED_EDGE('',*,*,#938,.T.);
#1297=ORIENTED_EDGE('',*,*,#939,.T.);
#1298=ORIENTED_EDGE('',*,*,#936,.F.);
#1299=ORIENTED_EDGE('',*,*,#940,.T.);
#1300=ORIENTED_EDGE('',*,*,#811,.T.);
#1301=ORIENTED_EDGE('',*,*,#941,.T.);
#1302=ORIENTED_EDGE('',*,*,#938,.F.);
#1303=ORIENTED_EDGE('',*,*,#942,.T.);
#1304=ORIENTED_EDGE('',*,*,#790,.F.);
#1305=ORIENTED_EDGE('',*,*,#812,.F.);
#1306=ORIENTED_EDGE('',*,*,#942,.F.);
#1307=ORIENTED_EDGE('',*,*,#940,.F.);
#1308=ORIENTED_EDGE('',*,*,#937,.F.);
#1309=ORIENTED_EDGE('',*,*,#935,.F.);
#1310=ORIENTED_EDGE('',*,*,#930,.F.);
#1311=ORIENTED_EDGE('',*,*,#804,.F.);
#1312=ORIENTED_EDGE('',*,*,#824,.F.);
#1313=ORIENTED_EDGE('',*,*,#833,.F.);
#1314=ORIENTED_EDGE('',*,*,#830,.F.);
#1315=ORIENTED_EDGE('',*,*,#943,.F.);
#1316=ORIENTED_EDGE('',*,*,#827,.F.);
#1317=ORIENTED_EDGE('',*,*,#829,.F.);
#1318=ORIENTED_EDGE('',*,*,#944,.F.);
#1319=ORIENTED_EDGE('',*,*,#945,.F.);
#1320=ORIENTED_EDGE('',*,*,#928,.F.);
#1321=ORIENTED_EDGE('',*,*,#918,.T.);
#1322=ORIENTED_EDGE('',*,*,#939,.F.);
#1323=ORIENTED_EDGE('',*,*,#946,.T.);
#1324=ORIENTED_EDGE('',*,*,#924,.F.);
#1325=ORIENTED_EDGE('',*,*,#947,.T.);
#1326=ORIENTED_EDGE('',*,*,#934,.F.);
#1327=ORIENTED_EDGE('',*,*,#916,.T.);
#1328=ORIENTED_EDGE('',*,*,#841,.F.);
#1329=ORIENTED_EDGE('',*,*,#848,.F.);
#1330=ORIENTED_EDGE('',*,*,#878,.F.);
#1331=ORIENTED_EDGE('',*,*,#881,.F.);
#1332=ORIENTED_EDGE('',*,*,#889,.T.);
#1333=ORIENTED_EDGE('',*,*,#838,.F.);
#1334=ORIENTED_EDGE('',*,*,#922,.F.);
#1335=ORIENTED_EDGE('',*,*,#806,.T.);
#1336=ORIENTED_EDGE('',*,*,#932,.F.);
#1337=ORIENTED_EDGE('',*,*,#947,.F.);
#1338=ORIENTED_EDGE('',*,*,#926,.F.);
#1339=ORIENTED_EDGE('',*,*,#946,.F.);
#1340=ORIENTED_EDGE('',*,*,#941,.F.);
#1341=ORIENTED_EDGE('',*,*,#810,.F.);
#1342=ORIENTED_EDGE('',*,*,#828,.F.);
#1343=ORIENTED_EDGE('',*,*,#943,.T.);
#1344=ORIENTED_EDGE('',*,*,#832,.F.);
#1345=ORIENTED_EDGE('',*,*,#815,.F.);
#1346=ORIENTED_EDGE('',*,*,#948,.T.);
#1347=ORIENTED_EDGE('',*,*,#949,.T.);
#1348=ORIENTED_EDGE('',*,*,#950,.F.);
#1349=ORIENTED_EDGE('',*,*,#820,.F.);
#1350=ORIENTED_EDGE('',*,*,#951,.F.);
#1351=ORIENTED_EDGE('',*,*,#952,.T.);
#1352=ORIENTED_EDGE('',*,*,#953,.T.);
#1353=ORIENTED_EDGE('',*,*,#954,.T.);
#1354=ORIENTED_EDGE('',*,*,#819,.T.);
#1355=ORIENTED_EDGE('',*,*,#801,.F.);
#1356=ORIENTED_EDGE('',*,*,#955,.T.);
#1357=ORIENTED_EDGE('',*,*,#951,.T.);
#1358=ORIENTED_EDGE('',*,*,#821,.T.);
#1359=ORIENTED_EDGE('',*,*,#950,.T.);
#1360=ORIENTED_EDGE('',*,*,#956,.T.);
#1361=ORIENTED_EDGE('',*,*,#795,.T.);
#1362=ORIENTED_EDGE('',*,*,#948,.F.);
#1363=ORIENTED_EDGE('',*,*,#957,.F.);
#1364=ORIENTED_EDGE('',*,*,#797,.T.);
#1365=ORIENTED_EDGE('',*,*,#958,.T.);
#1366=ORIENTED_EDGE('',*,*,#949,.F.);
#1367=ORIENTED_EDGE('',*,*,#958,.F.);
#1368=ORIENTED_EDGE('',*,*,#796,.T.);
#1369=ORIENTED_EDGE('',*,*,#956,.F.);
#1370=ORIENTED_EDGE('',*,*,#959,.T.);
#1371=ORIENTED_EDGE('',*,*,#909,.T.);
#1372=ORIENTED_EDGE('',*,*,#960,.T.);
#1373=ORIENTED_EDGE('',*,*,#961,.F.);
#1374=ORIENTED_EDGE('',*,*,#960,.F.);
#1375=ORIENTED_EDGE('',*,*,#908,.T.);
#1376=ORIENTED_EDGE('',*,*,#962,.T.);
#1377=ORIENTED_EDGE('',*,*,#959,.F.);
#1378=ORIENTED_EDGE('',*,*,#962,.F.);
#1379=ORIENTED_EDGE('',*,*,#944,.T.);
#1380=ORIENTED_EDGE('',*,*,#963,.T.);
#1381=ORIENTED_EDGE('',*,*,#823,.F.);
#1382=ORIENTED_EDGE('',*,*,#963,.F.);
#1383=ORIENTED_EDGE('',*,*,#945,.T.);
#1384=ORIENTED_EDGE('',*,*,#964,.T.);
#1385=ORIENTED_EDGE('',*,*,#822,.F.);
#1386=ORIENTED_EDGE('',*,*,#964,.F.);
#1387=ORIENTED_EDGE('',*,*,#952,.F.);
#1388=ORIENTED_EDGE('',*,*,#955,.F.);
#1389=ORIENTED_EDGE('',*,*,#800,.T.);
#1390=ORIENTED_EDGE('',*,*,#965,.T.);
#1391=ORIENTED_EDGE('',*,*,#961,.T.);
#1392=ORIENTED_EDGE('',*,*,#953,.F.);
#1393=ORIENTED_EDGE('',*,*,#965,.F.);
#1394=ORIENTED_EDGE('',*,*,#799,.T.);
#1395=ORIENTED_EDGE('',*,*,#966,.T.);
#1396=ORIENTED_EDGE('',*,*,#954,.F.);
#1397=ORIENTED_EDGE('',*,*,#966,.F.);
#1398=ORIENTED_EDGE('',*,*,#798,.T.);
#1399=ORIENTED_EDGE('',*,*,#957,.T.);
#1400=ORIENTED_EDGE('',*,*,#835,.F.);
#1401=ORIENTED_EDGE('',*,*,#892,.T.);
#1402=ORIENTED_EDGE('',*,*,#871,.F.);
#1403=ORIENTED_EDGE('',*,*,#860,.F.);
#1404=ORIENTED_EDGE('',*,*,#849,.F.);
#1405=PLANE('',#1544);
#1406=PLANE('',#1545);
#1407=PLANE('',#1546);
#1408=PLANE('',#1547);
#1409=PLANE('',#1548);
#1410=PLANE('',#1550);
#1411=PLANE('',#1552);
#1412=PLANE('',#1553);
#1413=PLANE('',#1554);
#1414=PLANE('',#1555);
#1415=PLANE('',#1556);
#1416=PLANE('',#1558);
#1417=PLANE('',#1566);
#1418=PLANE('',#1569);
#1419=PLANE('',#1573);
#1420=PLANE('',#1578);
#1421=PLANE('',#1588);
#1422=PLANE('',#1591);
#1423=PLANE('',#1602);
#1424=PLANE('',#1613);
#1425=PLANE('',#1615);
#1426=PLANE('',#1616);
#1427=PLANE('',#1625);
#1428=PLANE('',#1626);
#1429=PLANE('',#1627);
#1430=PLANE('',#1628);
#1431=PLANE('',#1630);
#1432=PLANE('',#1641);
#1433=PLANE('',#1671);
#1434=PLANE('',#1676);
#1435=PLANE('',#1677);
#1436=PLANE('',#1678);
#1437=PLANE('',#1679);
#1438=PLANE('',#1680);
#1439=PLANE('',#1681);
#1440=PLANE('',#1682);
#1441=PLANE('',#1683);
#1442=PLANE('',#1684);
#1443=PLANE('',#1691);
#1444=PLANE('',#1692);
#1445=PLANE('',#1693);
#1446=PLANE('',#1694);
#1447=ADVANCED_FACE('',(#158),#1405,.F.);
#1448=ADVANCED_FACE('',(#159),#1406,.F.);
#1449=ADVANCED_FACE('',(#160),#1407,.F.);
#1450=ADVANCED_FACE('',(#161),#1408,.F.);
#1451=ADVANCED_FACE('',(#162,#88),#1409,.F.);
#1452=ADVANCED_FACE('',(#163,#89),#1410,.T.);
#1453=ADVANCED_FACE('',(#164),#1411,.F.);
#1454=ADVANCED_FACE('',(#165),#1412,.F.);
#1455=ADVANCED_FACE('',(#166),#1413,.F.);
#1456=ADVANCED_FACE('',(#167),#1414,.F.);
#1457=ADVANCED_FACE('',(#168,#90),#1415,.F.);
#1458=ADVANCED_FACE('',(#169,#91),#1416,.T.);
#1459=ADVANCED_FACE('',(#170),#57,.F.);
#1460=ADVANCED_FACE('',(#171),#58,.F.);
#1461=ADVANCED_FACE('',(#172),#59,.F.);
#1462=ADVANCED_FACE('',(#173),#1417,.T.);
#1463=ADVANCED_FACE('',(#174),#60,.F.);
#1464=ADVANCED_FACE('',(#175),#1418,.T.);
#1465=ADVANCED_FACE('',(#176),#61,.T.);
#1466=ADVANCED_FACE('',(#177),#1419,.T.);
#1467=ADVANCED_FACE('',(#178,#92,#93),#1420,.T.);
#1468=ADVANCED_FACE('',(#179),#62,.T.);
#1469=ADVANCED_FACE('',(#180),#63,.F.);
#1470=ADVANCED_FACE('',(#181),#1421,.T.);
#1471=ADVANCED_FACE('',(#182),#64,.F.);
#1472=ADVANCED_FACE('',(#183),#1422,.T.);
#1473=ADVANCED_FACE('',(#184),#65,.T.);
#1474=ADVANCED_FACE('',(#185),#66,.T.);
#1475=ADVANCED_FACE('',(#186),#35,.F.);
#1476=ADVANCED_FACE('',(#187),#67,.F.);
#1477=ADVANCED_FACE('',(#188),#1423,.T.);
#1478=ADVANCED_FACE('',(#189),#68,.T.);
#1479=ADVANCED_FACE('',(#190),#69,.T.);
#1480=ADVANCED_FACE('',(#191),#36,.F.);
#1481=ADVANCED_FACE('',(#192),#70,.F.);
#1482=ADVANCED_FACE('',(#193),#1424,.T.);
#1483=ADVANCED_FACE('',(#194),#1425,.T.);
#1484=ADVANCED_FACE('',(#195),#1426,.T.);
#1485=ADVANCED_FACE('',(#196),#71,.T.);
#1486=ADVANCED_FACE('',(#197),#72,.T.);
#1487=ADVANCED_FACE('',(#198),#37,.F.);
#1488=ADVANCED_FACE('',(#199,#94,#95),#1427,.T.);
#1489=ADVANCED_FACE('',(#200,#96,#97),#1428,.T.);
#1490=ADVANCED_FACE('',(#201),#1429,.T.);
#1491=ADVANCED_FACE('',(#202),#1430,.T.);
#1492=ADVANCED_FACE('',(#203,#98,#99),#1431,.F.);
#1493=ADVANCED_FACE('',(#204),#73,.T.);
#1494=ADVANCED_FACE('',(#205),#74,.T.);
#1495=ADVANCED_FACE('',(#206),#38,.F.);
#1496=ADVANCED_FACE('',(#207),#1432,.F.);
#1497=ADVANCED_FACE('',(#208),#75,.T.);
#1498=ADVANCED_FACE('',(#209),#76,.T.);
#1499=ADVANCED_FACE('',(#210),#15,.T.);
#1500=ADVANCED_FACE('',(#211),#16,.T.);
#1501=ADVANCED_FACE('',(#212),#77,.T.);
#1502=ADVANCED_FACE('',(#213),#17,.T.);
#1503=ADVANCED_FACE('',(#214),#78,.T.);
#1504=ADVANCED_FACE('',(#215),#18,.T.);
#1505=ADVANCED_FACE('',(#216),#79,.T.);
#1506=ADVANCED_FACE('',(#217),#19,.T.);
#1507=ADVANCED_FACE('',(#218),#80,.T.);
#1508=ADVANCED_FACE('',(#219),#20,.T.);
#1509=ADVANCED_FACE('',(#220),#81,.T.);
#1510=ADVANCED_FACE('',(#221,#100,#101),#1433,.F.);
#1511=ADVANCED_FACE('',(#222),#82,.T.);
#1512=ADVANCED_FACE('',(#223),#83,.T.);
#1513=ADVANCED_FACE('',(#224),#1434,.T.);
#1514=ADVANCED_FACE('',(#225),#1435,.T.);
#1515=ADVANCED_FACE('',(#226),#1436,.F.);
#1516=ADVANCED_FACE('',(#227),#1437,.F.);
#1517=ADVANCED_FACE('',(#228),#1438,.F.);
#1518=ADVANCED_FACE('',(#229),#1439,.F.);
#1519=ADVANCED_FACE('',(#230),#1440,.T.);
#1520=ADVANCED_FACE('',(#231),#1441,.T.);
#1521=ADVANCED_FACE('',(#232,#102),#1442,.T.);
#1522=ADVANCED_FACE('',(#233),#84,.F.);
#1523=ADVANCED_FACE('',(#234),#85,.F.);
#1524=ADVANCED_FACE('',(#235),#86,.F.);
#1525=ADVANCED_FACE('',(#236),#87,.F.);
#1526=ADVANCED_FACE('',(#237,#103),#1443,.T.);
#1527=ADVANCED_FACE('',(#238),#1444,.T.);
#1528=ADVANCED_FACE('',(#239),#1445,.T.);
#1529=ADVANCED_FACE('',(#240),#1446,.T.);
#1530=CLOSED_SHELL('',(#1447,#1448,#1449,#1450,#1451,#1452,#1453,#1454,
#1455,#1456,#1457,#1458,#1459,#1460,#1461,#1462,#1463,#1464,#1465,#1466,
#1467,#1468,#1469,#1470,#1471,#1472,#1473,#1474,#1475,#1476,#1477,#1478,
#1479,#1480,#1481,#1482,#1483,#1484,#1485,#1486,#1487,#1488,#1489,#1490,
#1491,#1492,#1493,#1494,#1495,#1496,#1497,#1498,#1499,#1500,#1501,#1502,
#1503,#1504,#1505,#1506,#1507,#1508,#1509,#1510,#1511,#1512,#1513,#1514,
#1515,#1516,#1517,#1518,#1519,#1520,#1521,#1522,#1523,#1524,#1525,#1526,
#1527,#1528,#1529));
#1531=DERIVED_UNIT_ELEMENT(#1533,1.);
#1532=DERIVED_UNIT_ELEMENT(#2809,-3.);
#1533=(
MASS_UNIT()
NAMED_UNIT(*)
SI_UNIT(.KILO.,.GRAM.)
);
#1534=DERIVED_UNIT((#1531,#1532));
#1535=MEASURE_REPRESENTATION_ITEM('density measure',
POSITIVE_RATIO_MEASURE(7850.),#1534);
#1536=PROPERTY_DEFINITION_REPRESENTATION(#1541,#1538);
#1537=PROPERTY_DEFINITION_REPRESENTATION(#1542,#1539);
#1538=REPRESENTATION('material name',(#1540),#2806);
#1539=REPRESENTATION('density',(#1535),#2806);
#1540=DESCRIPTIVE_REPRESENTATION_ITEM('\X2\AC15CCA0\X0\','\X2\AC15CCA0\X0\');
#1541=PROPERTY_DEFINITION('material property','material name',#2816);
#1542=PROPERTY_DEFINITION('material property','density of part',#2816);
#1543=AXIS2_PLACEMENT_3D('',#2132,#1695,#1696);
#1544=AXIS2_PLACEMENT_3D('',#2133,#1697,#1698);
#1545=AXIS2_PLACEMENT_3D('',#2142,#1703,#1704);
#1546=AXIS2_PLACEMENT_3D('',#2148,#1708,#1709);
#1547=AXIS2_PLACEMENT_3D('',#2154,#1713,#1714);
#1548=AXIS2_PLACEMENT_3D('',#2160,#1718,#1719);
#1549=AXIS2_PLACEMENT_3D('',#2163,#1721,#1722);
#1550=AXIS2_PLACEMENT_3D('',#2164,#1723,#1724);
#1551=AXIS2_PLACEMENT_3D('',#2167,#1726,#1727);
#1552=AXIS2_PLACEMENT_3D('',#2168,#1728,#1729);
#1553=AXIS2_PLACEMENT_3D('',#2177,#1734,#1735);
#1554=AXIS2_PLACEMENT_3D('',#2183,#1739,#1740);
#1555=AXIS2_PLACEMENT_3D('',#2189,#1744,#1745);
#1556=AXIS2_PLACEMENT_3D('',#2195,#1749,#1750);
#1557=AXIS2_PLACEMENT_3D('',#2198,#1752,#1753);
#1558=AXIS2_PLACEMENT_3D('',#2199,#1754,#1755);
#1559=AXIS2_PLACEMENT_3D('',#2202,#1757,#1758);
#1560=AXIS2_PLACEMENT_3D('',#2203,#1759,#1760);
#1561=AXIS2_PLACEMENT_3D('',#2206,#1762,#1763);
#1562=AXIS2_PLACEMENT_3D('',#2207,#1764,#1765);
#1563=AXIS2_PLACEMENT_3D('',#2210,#1767,#1768);
#1564=AXIS2_PLACEMENT_3D('',#2211,#1769,#1770);
#1565=AXIS2_PLACEMENT_3D('',#2213,#1771,#1772);
#1566=AXIS2_PLACEMENT_3D('',#2215,#1774,#1775);
#1567=AXIS2_PLACEMENT_3D('',#2216,#1776,#1777);
#1568=AXIS2_PLACEMENT_3D('',#2218,#1778,#1779);
#1569=AXIS2_PLACEMENT_3D('',#2220,#1781,#1782);
#1570=AXIS2_PLACEMENT_3D('',#2221,#1783,#1784);
#1571=AXIS2_PLACEMENT_3D('',#2224,#1785,#1786);
#1572=AXIS2_PLACEMENT_3D('',#2228,#1788,#1789);
#1573=AXIS2_PLACEMENT_3D('',#2230,#1791,#1792);
#1574=AXIS2_PLACEMENT_3D('',#2254,#1804,#1805);
#1575=AXIS2_PLACEMENT_3D('',#2258,#1807,#1808);
#1576=AXIS2_PLACEMENT_3D('',#2262,#1810,#1811);
#1577=AXIS2_PLACEMENT_3D('',#2266,#1813,#1814);
#1578=AXIS2_PLACEMENT_3D('',#2268,#1816,#1817);
#1579=AXIS2_PLACEMENT_3D('',#2272,#1819,#1820);
#1580=AXIS2_PLACEMENT_3D('',#2276,#1822,#1823);
#1581=AXIS2_PLACEMENT_3D('',#2279,#1825,#1826);
#1582=AXIS2_PLACEMENT_3D('',#2286,#1830,#1831);
#1583=AXIS2_PLACEMENT_3D('',#2288,#1832,#1833);
#1584=AXIS2_PLACEMENT_3D('',#2289,#1834,#1835);
#1585=AXIS2_PLACEMENT_3D('',#2291,#1836,#1837);
#1586=AXIS2_PLACEMENT_3D('',#2293,#1839,#1840);
#1587=AXIS2_PLACEMENT_3D('',#2297,#1842,#1843);
#1588=AXIS2_PLACEMENT_3D('',#2299,#1845,#1846);
#1589=AXIS2_PLACEMENT_3D('',#2301,#1848,#1849);
#1590=AXIS2_PLACEMENT_3D('',#2304,#1850,#1851);
#1591=AXIS2_PLACEMENT_3D('',#2307,#1854,#1855);
#1592=AXIS2_PLACEMENT_3D('',#2309,#1857,#1858);
#1593=AXIS2_PLACEMENT_3D('',#2312,#1859,#1860);
#1594=AXIS2_PLACEMENT_3D('',#2316,#1862,#1863);
#1595=AXIS2_PLACEMENT_3D('',#2318,#1864,#1865);
#1596=AXIS2_PLACEMENT_3D('',#2320,#1866,#1867);
#1597=AXIS2_PLACEMENT_3D('',#2322,#1869,#1870);
#1598=AXIS2_PLACEMENT_3D('',#2325,#1871,#1872);
#1599=AXIS2_PLACEMENT_3D('',#2365,#1875,#1876);
#1600=AXIS2_PLACEMENT_3D('',#2366,#1877,#1878);
#1601=AXIS2_PLACEMENT_3D('',#2367,#1879,#1880);
#1602=AXIS2_PLACEMENT_3D('',#2377,#1883,#1884);
#1603=AXIS2_PLACEMENT_3D('',#2381,#1886,#1887);
#1604=AXIS2_PLACEMENT_3D('',#2385,#1889,#1890);
#1605=AXIS2_PLACEMENT_3D('',#2387,#1892,#1893);
#1606=AXIS2_PLACEMENT_3D('',#2389,#1894,#1895);
#1607=AXIS2_PLACEMENT_3D('',#2391,#1896,#1897);
#1608=AXIS2_PLACEMENT_3D('',#2393,#1899,#1900);
#1609=AXIS2_PLACEMENT_3D('',#2396,#1901,#1902);
#1610=AXIS2_PLACEMENT_3D('',#2399,#1904,#1905);
#1611=AXIS2_PLACEMENT_3D('',#2437,#1907,#1908);
#1612=AXIS2_PLACEMENT_3D('',#2438,#1909,#1910);
#1613=AXIS2_PLACEMENT_3D('',#2448,#1913,#1914);
#1614=AXIS2_PLACEMENT_3D('',#2452,#1916,#1917);
#1615=AXIS2_PLACEMENT_3D('',#2454,#1919,#1920);
#1616=AXIS2_PLACEMENT_3D('',#2458,#1923,#1924);
#1617=AXIS2_PLACEMENT_3D('',#2465,#1928,#1929);
#1618=AXIS2_PLACEMENT_3D('',#2466,#1930,#1931);
#1619=AXIS2_PLACEMENT_3D('',#2468,#1932,#1933);
#1620=AXIS2_PLACEMENT_3D('',#2472,#1935,#1936);
#1621=AXIS2_PLACEMENT_3D('',#2474,#1938,#1939);
#1622=AXIS2_PLACEMENT_3D('',#2477,#1940,#1941);
#1623=AXIS2_PLACEMENT_3D('',#2480,#1943,#1944);
#1624=AXIS2_PLACEMENT_3D('',#2482,#1945,#1946);
#1625=AXIS2_PLACEMENT_3D('',#2580,#1948,#1949);
#1626=AXIS2_PLACEMENT_3D('',#2583,#1952,#1953);
#1627=AXIS2_PLACEMENT_3D('',#2586,#1956,#1957);
#1628=AXIS2_PLACEMENT_3D('',#2590,#1960,#1961);
#1629=AXIS2_PLACEMENT_3D('',#2600,#1964,#1965);
#1630=AXIS2_PLACEMENT_3D('',#2601,#1966,#1967);
#1631=AXIS2_PLACEMENT_3D('',#2603,#1968,#1969);
#1632=AXIS2_PLACEMENT_3D('',#2607,#1971,#1972);
#1633=AXIS2_PLACEMENT_3D('',#2612,#1975,#1976);
#1634=AXIS2_PLACEMENT_3D('',#2616,#1978,#1979);
#1635=AXIS2_PLACEMENT_3D('',#2624,#1980,#1981);
#1636=AXIS2_PLACEMENT_3D('',#2626,#1982,#1983);
#1637=AXIS2_PLACEMENT_3D('',#2627,#1984,#1985);
#1638=AXIS2_PLACEMENT_3D('',#2628,#1986,#1987);
#1639=AXIS2_PLACEMENT_3D('',#2629,#1988,#1989);
#1640=AXIS2_PLACEMENT_3D('',#2630,#1990,#1991);
#1641=AXIS2_PLACEMENT_3D('',#2696,#1992,#1993);
#1642=AXIS2_PLACEMENT_3D('',#2706,#1999,#2000);
#1643=AXIS2_PLACEMENT_3D('',#2707,#2001,#2002);
#1644=AXIS2_PLACEMENT_3D('',#2708,#2003,#2004);
#1645=AXIS2_PLACEMENT_3D('',#2709,#2005,#2006);
#1646=AXIS2_PLACEMENT_3D('',#2712,#2008,#2009);
#1647=AXIS2_PLACEMENT_3D('',#2713,#2010,#2011);
#1648=AXIS2_PLACEMENT_3D('',#2714,#2012,#2013);
#1649=AXIS2_PLACEMENT_3D('',#2715,#2014,#2015);
#1650=AXIS2_PLACEMENT_3D('',#2716,#2016,#2017);
#1651=AXIS2_PLACEMENT_3D('',#2718,#2018,#2019);
#1652=AXIS2_PLACEMENT_3D('',#2720,#2021,#2022);
#1653=AXIS2_PLACEMENT_3D('',#2721,#2023,#2024);
#1654=AXIS2_PLACEMENT_3D('',#2722,#2025,#2026);
#1655=AXIS2_PLACEMENT_3D('',#2723,#2027,#2028);
#1656=AXIS2_PLACEMENT_3D('',#2724,#2029,#2030);
#1657=AXIS2_PLACEMENT_3D('',#2725,#2031,#2032);
#1658=AXIS2_PLACEMENT_3D('',#2726,#2033,#2034);
#1659=AXIS2_PLACEMENT_3D('',#2730,#2036,#2037);
#1660=AXIS2_PLACEMENT_3D('',#2732,#2039,#2040);
#1661=AXIS2_PLACEMENT_3D('',#2734,#2041,#2042);
#1662=AXIS2_PLACEMENT_3D('',#2735,#2043,#2044);
#1663=AXIS2_PLACEMENT_3D('',#2736,#2045,#2046);
#1664=AXIS2_PLACEMENT_3D('',#2737,#2047,#2048);
#1665=AXIS2_PLACEMENT_3D('',#2739,#2049,#2050);
#1666=AXIS2_PLACEMENT_3D('',#2741,#2052,#2053);
#1667=AXIS2_PLACEMENT_3D('',#2744,#2054,#2055);
#1668=AXIS2_PLACEMENT_3D('',#2745,#2056,#2057);
#1669=AXIS2_PLACEMENT_3D('',#2746,#2058,#2059);
#1670=AXIS2_PLACEMENT_3D('',#2747,#2060,#2061);
#1671=AXIS2_PLACEMENT_3D('',#2750,#2064,#2065);
#1672=AXIS2_PLACEMENT_3D('',#2753,#2067,#2068);
#1673=AXIS2_PLACEMENT_3D('',#2755,#2069,#2070);
#1674=AXIS2_PLACEMENT_3D('',#2756,#2071,#2072);
#1675=AXIS2_PLACEMENT_3D('',#2758,#2074,#2075);
#1676=AXIS2_PLACEMENT_3D('',#2760,#2077,#2078);
#1677=AXIS2_PLACEMENT_3D('',#2761,#2079,#2080);
#1678=AXIS2_PLACEMENT_3D('',#2762,#2081,#2082);
#1679=AXIS2_PLACEMENT_3D('',#2763,#2083,#2084);
#1680=AXIS2_PLACEMENT_3D('',#2764,#2085,#2086);
#1681=AXIS2_PLACEMENT_3D('',#2778,#2094,#2095);
#1682=AXIS2_PLACEMENT_3D('',#2780,#2097,#2098);
#1683=AXIS2_PLACEMENT_3D('',#2782,#2100,#2101);
#1684=AXIS2_PLACEMENT_3D('',#2785,#2104,#2105);
#1685=AXIS2_PLACEMENT_3D('',#2787,#2106,#2107);
#1686=AXIS2_PLACEMENT_3D('',#2788,#2108,#2109);
#1687=AXIS2_PLACEMENT_3D('',#2791,#2111,#2112);
#1688=AXIS2_PLACEMENT_3D('',#2792,#2113,#2114);
#1689=AXIS2_PLACEMENT_3D('',#2794,#2116,#2117);
#1690=AXIS2_PLACEMENT_3D('',#2796,#2119,#2120);
#1691=AXIS2_PLACEMENT_3D('',#2798,#2122,#2123);
#1692=AXIS2_PLACEMENT_3D('',#2800,#2125,#2126);
#1693=AXIS2_PLACEMENT_3D('',#2802,#2128,#2129);
#1694=AXIS2_PLACEMENT_3D('',#2803,#2130,#2131);
#1695=DIRECTION('axis',(0.,0.,1.));
#1696=DIRECTION('refdir',(1.,0.,0.));
#1697=DIRECTION('center_axis',(1.,0.,0.));
#1698=DIRECTION('ref_axis',(0.,1.67794071582835E-16,-1.));
#1699=DIRECTION('',(0.,1.67794071582835E-16,-1.));
#1700=DIRECTION('',(0.,1.,0.));
#1701=DIRECTION('',(0.,1.67794071582835E-16,-1.));
#1702=DIRECTION('',(0.,1.,-5.55111512312579E-17));
#1703=DIRECTION('center_axis',(0.5,0.,0.866025403784439));
#1704=DIRECTION('ref_axis',(0.866025403784439,0.,-0.5));
#1705=DIRECTION('',(0.866025403784439,0.,-0.5));
#1706=DIRECTION('',(0.,1.,0.));
#1707=DIRECTION('',(0.866025403784439,0.,-0.5));
#1708=DIRECTION('center_axis',(-0.5,0.,0.866025403784439));
#1709=DIRECTION('ref_axis',(0.866025403784439,0.,0.5));
#1710=DIRECTION('',(0.866025403784439,0.,0.5));
#1711=DIRECTION('',(0.,1.,0.));
#1712=DIRECTION('',(0.866025403784439,0.,0.5));
#1713=DIRECTION('center_axis',(-1.,0.,1.34235257266265E-15));
#1714=DIRECTION('ref_axis',(1.34235257266265E-15,-1.67794071582831E-16,
1.));
#1715=DIRECTION('',(1.34235257266265E-15,-1.67794071582831E-16,1.));
#1716=DIRECTION('',(7.45155366667445E-32,-1.,5.55111512312579E-17));
#1717=DIRECTION('',(1.34235257266265E-15,-1.67794071582831E-16,1.));
#1718=DIRECTION('center_axis',(-9.68759523967711E-17,1.,1.67794071582832E-16));
#1719=DIRECTION('ref_axis',(1.,9.68759523967711E-17,0.));
#1720=DIRECTION('',(-1.,-9.6875952396767E-17,-2.47718512369488E-14));
#1721=DIRECTION('center_axis',(9.68759523967711E-17,-1.,-1.67794071582832E-16));
#1722=DIRECTION('ref_axis',(-1.,0.,1.97215226305253E-31));
#1723=DIRECTION('center_axis',(-9.68759523967711E-17,1.,1.67794071582832E-16));
#1724=DIRECTION('ref_axis',(1.,9.68759523967711E-17,0.));
#1725=DIRECTION('',(1.,9.6875952396767E-17,2.47718512369488E-14));
#1726=DIRECTION('center_axis',(-9.68759523967711E-17,1.,1.67794071582832E-16));
#1727=DIRECTION('ref_axis',(-1.,0.,1.97215226305253E-31));
#1728=DIRECTION('center_axis',(1.,0.,5.10093977611808E-14));
#1729=DIRECTION('ref_axis',(5.10093977611808E-14,1.67794071582831E-16,-1.));
#1730=DIRECTION('',(-5.10093977611808E-14,-1.67794071582831E-16,1.));
#1731=DIRECTION('',(0.,1.,0.));
#1732=DIRECTION('',(5.10093977611808E-14,1.67794071582831E-16,-1.));
#1733=DIRECTION('',(2.83159039333629E-30,1.,-5.55111512312579E-17));
#1734=DIRECTION('center_axis',(0.499999999999957,0.,0.866025403784463));
#1735=DIRECTION('ref_axis',(0.866025403784463,0.,-0.499999999999957));
#1736=DIRECTION('',(-0.866025403784463,0.,0.499999999999957));
#1737=DIRECTION('',(0.,1.,0.));
#1738=DIRECTION('',(0.866025403784463,0.,-0.499999999999957));
#1739=DIRECTION('center_axis',(-0.500000000000043,0.,0.866025403784414));
#1740=DIRECTION('ref_axis',(0.866025403784414,0.,0.500000000000043));
#1741=DIRECTION('',(-0.866025403784414,0.,-0.500000000000043));
#1742=DIRECTION('',(0.,1.,0.));
#1743=DIRECTION('',(0.866025403784414,0.,0.500000000000043));
#1744=DIRECTION('center_axis',(-1.,0.,-4.96670451885191E-14));
#1745=DIRECTION('ref_axis',(-4.96670451885191E-14,-1.67794071582835E-16,
1.));
#1746=DIRECTION('',(4.96670451885191E-14,1.67794071582835E-16,-1.));
#1747=DIRECTION('',(-2.75707485666961E-30,-1.,5.55111512312579E-17));
#1748=DIRECTION('',(-4.96670451885191E-14,-1.67794071582835E-16,1.));
#1749=DIRECTION('center_axis',(0.,1.,0.));
#1750=DIRECTION('ref_axis',(0.,0.,1.));
#1751=DIRECTION('',(-1.,0.,-2.47718512369488E-14));
#1752=DIRECTION('center_axis',(0.,-1.,0.));
#1753=DIRECTION('ref_axis',(-1.,0.,1.97215226305253E-31));
#1754=DIRECTION('center_axis',(-4.14803154111544E-30,1.,1.67794071582831E-16));
#1755=DIRECTION('ref_axis',(1.,4.14803154111544E-30,0.));
#1756=DIRECTION('',(1.,-8.53823857639725E-33,2.47718512369488E-14));
#1757=DIRECTION('center_axis',(-4.14803154111544E-30,1.,1.67794071582831E-16));
#1758=DIRECTION('ref_axis',(-1.,0.,1.97215226305253E-31));
#1759=DIRECTION('center_axis',(0.,-1.,1.85037170770859E-16));
#1760=DIRECTION('ref_axis',(-1.,0.,1.97215226305253E-31));
#1761=DIRECTION('',(0.,-1.,1.85037170770859E-16));
#1762=DIRECTION('center_axis',(-2.07075987620516E-30,-1.,1.66533453693773E-16));
#1763=DIRECTION('ref_axis',(-1.,2.07075987620516E-30,1.97215226305253E-31));
#1764=DIRECTION('center_axis',(0.,-1.,1.85037170770859E-16));
#1765=DIRECTION('ref_axis',(-1.,0.,1.97215226305253E-31));
#1766=DIRECTION('',(0.,-1.,1.85037170770859E-16));
#1767=DIRECTION('center_axis',(-2.07075987620516E-30,-1.,1.66533453693773E-16));
#1768=DIRECTION('ref_axis',(-1.,2.07075987620516E-30,1.97215226305253E-31));
#1769=DIRECTION('center_axis',(0.,-1.,1.85037170770859E-16));
#1770=DIRECTION('ref_axis',(-1.,0.,1.97215226305253E-31));
#1771=DIRECTION('center_axis',(-1.38777878078145E-15,-1.,-3.43408632795669E-29));
#1772=DIRECTION('ref_axis',(-1.,0.,1.97215226305253E-31));
#1773=DIRECTION('',(0.,-1.,1.85037170770859E-16));
#1774=DIRECTION('center_axis',(2.07075987620516E-30,1.,-1.66533453693773E-16));
#1775=DIRECTION('ref_axis',(-1.,2.07075987620516E-30,1.97215226305253E-31));
#1776=DIRECTION('center_axis',(0.,-1.,1.85037170770859E-16));
#1777=DIRECTION('ref_axis',(-1.,0.,1.97215226305253E-31));
#1778=DIRECTION('center_axis',(-1.38777878078145E-15,-1.,-3.43408632795669E-29));
#1779=DIRECTION('ref_axis',(-1.,0.,1.97215226305253E-31));
#1780=DIRECTION('',(0.,-1.,1.85037170770859E-16));
#1781=DIRECTION('center_axis',(2.07075987620516E-30,1.,-1.66533453693773E-16));
#1782=DIRECTION('ref_axis',(-1.,2.07075987620516E-30,1.97215226305253E-31));
#1783=DIRECTION('center_axis',(1.,4.85026197194492E-30,0.));
#1784=DIRECTION('ref_axis',(0.,-0.707106781186544,0.707106781186551));
#1785=DIRECTION('center_axis',(-1.,0.,5.37204689334755E-17));
#1786=DIRECTION('ref_axis',(0.,-0.707106781186544,0.707106781186551));
#1787=DIRECTION('',(-1.,-4.85026197194492E-30,0.));
#1788=DIRECTION('center_axis',(1.,0.,0.));
#1789=DIRECTION('ref_axis',(0.,-0.707106781186544,0.707106781186551));
#1790=DIRECTION('',(1.,4.85026197194492E-30,0.));
#1791=DIRECTION('center_axis',(4.85026197194492E-30,-1.,7.40148683083438E-16));
#1792=DIRECTION('ref_axis',(1.,4.85026197194492E-30,-2.82880590231603E-30));
#1793=DIRECTION('',(0.,7.40148683083438E-16,1.));
#1794=DIRECTION('',(1.,4.85026197194492E-30,-3.69778549322404E-32));
#1795=DIRECTION('',(0.,-7.40148683083438E-16,-1.));
#1796=DIRECTION('',(1.,3.98096154637733E-46,0.));
#1797=DIRECTION('',(0.,-3.12789835786789E-47,-1.));
#1798=DIRECTION('',(-1.,-4.85026197194492E-30,0.));
#1799=DIRECTION('',(0.,-7.40148683083438E-16,-1.));
#1800=DIRECTION('',(1.,4.85026197194492E-30,-2.82880590231603E-30));
#1801=DIRECTION('',(0.,7.40148683083438E-16,1.));
#1802=DIRECTION('',(-1.,-4.85026197194492E-30,0.));
#1803=DIRECTION('',(5.37204689334755E-17,7.40148683083438E-16,1.));
#1804=DIRECTION('center_axis',(-4.85026197194492E-30,1.,-7.40148683083438E-16));
#1805=DIRECTION('ref_axis',(0.707106781186547,0.,0.707106781186548));
#1806=DIRECTION('',(1.,0.,0.));
#1807=DIRECTION('center_axis',(-4.85026197194492E-30,1.,-7.40148683083438E-16));
#1808=DIRECTION('ref_axis',(-0.707106781186548,0.,0.707106781186548));
#1809=DIRECTION('',(-1.43254583822601E-16,-7.40148683083438E-16,-1.));
#1810=DIRECTION('center_axis',(-4.85026197194492E-30,1.,-7.40148683083438E-16));
#1811=DIRECTION('ref_axis',(-0.707106781186548,0.,-0.707106781186548));
#1812=DIRECTION('',(1.,4.83793602030084E-30,-2.86578375724827E-30));
#1813=DIRECTION('center_axis',(-4.85026197194492E-30,1.,-7.40148683083438E-16));
#1814=DIRECTION('ref_axis',(0.707106781186547,0.,-0.707106781186548));
#1815=DIRECTION('',(5.37204689334755E-17,7.40148683083438E-16,1.));
#1816=DIRECTION('center_axis',(-1.,0.,0.));
#1817=DIRECTION('ref_axis',(0.,0.,1.));
#1818=DIRECTION('',(0.,1.,0.));
#1819=DIRECTION('center_axis',(-1.,0.,0.));
#1820=DIRECTION('ref_axis',(0.,0.707106781186548,-0.707106781186547));
#1821=DIRECTION('',(0.,0.,-1.));
#1822=DIRECTION('center_axis',(-1.,0.,0.));
#1823=DIRECTION('ref_axis',(0.,0.707106781186548,0.707106781186547));
#1824=DIRECTION('',(0.,-1.,0.));
#1825=DIRECTION('center_axis',(1.,0.,0.));
#1826=DIRECTION('ref_axis',(0.,-0.707106781186546,-0.707106781186549));
#1827=DIRECTION('',(0.,1.,-3.88578058618809E-16));
#1828=DIRECTION('',(0.,-3.35646296614043E-59,-1.));
#1829=DIRECTION('',(0.,1.,-1.12872674170224E-15));
#1830=DIRECTION('center_axis',(-1.,0.,0.));
#1831=DIRECTION('ref_axis',(0.,-5.55111512312588E-17,1.));
#1832=DIRECTION('center_axis',(-1.,0.,0.));
#1833=DIRECTION('ref_axis',(0.,-5.55111512312588E-17,1.));
#1834=DIRECTION('center_axis',(1.,4.85026197194492E-30,0.));
#1835=DIRECTION('ref_axis',(0.,-0.707106781186546,-0.707106781186549));
#1836=DIRECTION('center_axis',(-1.,0.,5.37204689334755E-17));
#1837=DIRECTION('ref_axis',(0.,-0.707106781186546,-0.707106781186549));
#1838=DIRECTION('',(1.,4.85026197194492E-30,0.));
#1839=DIRECTION('center_axis',(1.,0.,0.));
#1840=DIRECTION('ref_axis',(0.,0.707106781186548,-0.707106781186547));
#1841=DIRECTION('',(1.,0.,0.));
#1842=DIRECTION('center_axis',(1.,0.,-5.37204689334755E-17));
#1843=DIRECTION('ref_axis',(0.,0.707106781186548,-0.707106781186547));
#1844=DIRECTION('',(-1.,0.,0.));
#1845=DIRECTION('center_axis',(0.,0.,1.));
#1846=DIRECTION('ref_axis',(0.,1.,0.));
#1847=DIRECTION('',(0.,1.,0.));
#1848=DIRECTION('center_axis',(-1.,0.,0.));
#1849=DIRECTION('ref_axis',(0.,0.707106781186548,0.707106781186547));
#1850=DIRECTION('center_axis',(1.,0.,-5.37204689334755E-17));
#1851=DIRECTION('ref_axis',(0.,0.707106781186548,0.707106781186547));
#1852=DIRECTION('',(-1.,0.,0.));
#1853=DIRECTION('',(1.,0.,0.));
#1854=DIRECTION('center_axis',(0.,0.,-1.));
#1855=DIRECTION('ref_axis',(0.,-1.,0.));
#1856=DIRECTION('',(0.,-1.,0.));
#1857=DIRECTION('center_axis',(-1.38777878078145E-15,-1.,5.55111512312235E-17));
#1858=DIRECTION('ref_axis',(0.707106781186565,-3.14018491736755E-15,-0.70710678118653));
#1859=DIRECTION('center_axis',(-1.38777878078145E-15,-1.,-3.43408632795669E-29));
#1860=DIRECTION('ref_axis',(0.707106781186565,-3.14018491736755E-15,-0.70710678118653));
#1861=DIRECTION('',(-1.38777878078145E-15,-1.,5.55111512312235E-17));
#1862=DIRECTION('center_axis',(0.932441465183607,0.361321067758647,2.30983012626909E-14));
#1863=DIRECTION('ref_axis',(0.361321067758647,-0.932441465183607,9.05087848146967E-15));
#1864=DIRECTION('center_axis',(-0.175390548005643,0.968749870369315,0.175390548005631));
#1865=DIRECTION('ref_axis',(0.685009602611757,0.248039691701621,-0.685009602611706));
#1866=DIRECTION('center_axis',(2.30983012626909E-14,0.361321067758648,-0.932441465183606));
#1867=DIRECTION('ref_axis',(7.47136229218272E-15,-0.932441465183606,-0.361321067758648));
#1868=DIRECTION('',(1.38777878078145E-15,1.,-5.55111512312235E-17));
#1869=DIRECTION('center_axis',(-0.339819141288943,0.876952622681124,0.339819141288927));
#1870=DIRECTION('ref_axis',(0.620099146277166,0.480576838364791,-0.620099146277135));
#1871=DIRECTION('center_axis',(-0.339819141288943,0.876952622681124,0.339819141288927));
#1872=DIRECTION('ref_axis',(0.932441465183607,0.361321067758646,2.44249065417534E-14));
#1873=DIRECTION('',(-0.339819141288943,0.876952622681124,0.339819141288927));
#1874=DIRECTION('',(-0.339819141288943,0.876952622681124,0.339819141288927));
#1875=DIRECTION('center_axis',(-0.790415052175244,-0.612571665435813,-1.95800440879303E-14));
#1876=DIRECTION('ref_axis',(0.612571665435813,-0.790415052175244,1.57956658188345E-14));
#1877=DIRECTION('center_axis',(0.932441465183607,0.361321067758647,2.30983012626909E-14));
#1878=DIRECTION('ref_axis',(0.361321067758647,-0.932441465183607,9.18755960588825E-15));
#1879=DIRECTION('center_axis',(-1.,0.,-2.47718512369488E-14));
#1880=DIRECTION('ref_axis',(-1.34568975109523E-14,-0.825021535403364,0.565101288372869));
#1881=DIRECTION('',(-1.,0.,-2.47718512369488E-14));
#1882=DIRECTION('',(1.,0.,2.47718512369488E-14));
#1883=DIRECTION('center_axis',(0.932441465183607,0.361321067758647,2.30983012626909E-14));
#1884=DIRECTION('ref_axis',(2.47718512369488E-14,0.,-1.));
#1885=DIRECTION('',(-2.47718512369488E-14,0.,1.));
#1886=DIRECTION('center_axis',(0.932441465183607,0.361321067758647,2.30983012626909E-14));
#1887=DIRECTION('ref_axis',(0.361321067758647,-0.932441465183607,9.17623690919086E-15));
#1888=DIRECTION('',(-0.339819141288926,0.876952622681124,-0.339819141288944));
#1889=DIRECTION('center_axis',(0.932441465183607,0.361321067758647,2.30983012626909E-14));
#1890=DIRECTION('ref_axis',(0.361321067758647,-0.932441465183607,9.18755960588825E-15));
#1891=DIRECTION('',(2.47718512369488E-14,0.,-1.));
#1892=DIRECTION('center_axis',(0.339819141288926,-0.876952622681124,0.339819141288944));
#1893=DIRECTION('ref_axis',(0.620099146277134,0.480576838364791,0.620099146277167));
#1894=DIRECTION('center_axis',(-0.339819141288927,0.876952622681124,-0.339819141288943));
#1895=DIRECTION('ref_axis',(-2.44249065417535E-14,0.361321067758647,0.932441465183607));
#1896=DIRECTION('center_axis',(0.175390548005632,-0.968749870369316,0.175390548005636));
#1897=DIRECTION('ref_axis',(-0.685009602611703,-0.248039691701617,-0.685009602611761));
#1898=DIRECTION('',(0.339819141288926,-0.876952622681124,0.339819141288944));
#1899=DIRECTION('center_axis',(-1.38777878078145E-15,-1.,2.22044604924997E-16));
#1900=DIRECTION('ref_axis',(0.70710678118653,-7.85046229341889E-16,0.707106781186565));
#1901=DIRECTION('center_axis',(1.65350362055135E-14,-0.707106781186548,
-0.707106781186547));
#1902=DIRECTION('ref_axis',(-1.83995210002005E-14,-0.707106781186547,0.707106781186548));
#1903=DIRECTION('',(-1.38777878078145E-15,-1.,2.22044604924997E-16));
#1904=DIRECTION('center_axis',(-2.30983012626909E-14,0.361321067758648,
0.932441465183606));
#1905=DIRECTION('ref_axis',(-1.04298211864027E-14,-0.932441465183606,0.361321067758648));
#1906=DIRECTION('',(1.38777878078145E-15,1.,-2.22044604924997E-16));
#1907=DIRECTION('center_axis',(-0.790415052175245,-0.612571665435812,-1.95800440879303E-14));
#1908=DIRECTION('ref_axis',(0.612571665435812,-0.790415052175245,1.4040591838964E-14));
#1909=DIRECTION('center_axis',(1.,0.,2.47718512369488E-14));
#1910=DIRECTION('ref_axis',(1.34568975109523E-14,-0.825021535403364,-0.565101288372869));
#1911=DIRECTION('',(-1.,0.,-2.47718512369488E-14));
#1912=DIRECTION('',(1.,0.,2.47718512369488E-14));
#1913=DIRECTION('center_axis',(-2.30983012626909E-14,0.361321067758648,
0.932441465183606));
#1914=DIRECTION('ref_axis',(1.,0.,2.47718512369488E-14));
#1915=DIRECTION('',(-1.,0.,-2.47718512369488E-14));
#1916=DIRECTION('center_axis',(-2.30983012626909E-14,0.361321067758648,
0.932441465183606));
#1917=DIRECTION('ref_axis',(-1.0454892871947E-14,-0.932441465183606,0.361321067758648));
#1918=DIRECTION('',(0.339819141288945,0.876952622681123,-0.339819141288927));
#1919=DIRECTION('center_axis',(-2.47718512369488E-14,2.22044604925031E-16,
1.));
#1920=DIRECTION('ref_axis',(1.39172749952665E-15,1.,-2.22044604924997E-16));
#1921=DIRECTION('',(1.,-1.38777878078145E-15,2.47718512369488E-14));
#1922=DIRECTION('',(1.38777878078145E-15,1.,-2.22044604924997E-16));
#1923=DIRECTION('center_axis',(-1.65350362055135E-14,0.707106781186548,
0.707106781186547));
#1924=DIRECTION('ref_axis',(1.,0.,2.33840724561674E-14));
#1925=DIRECTION('',(1.84976517788682E-14,0.707106781186547,-0.707106781186548));
#1926=DIRECTION('',(-1.,1.38777878078145E-15,-2.47718512369488E-14));
#1927=DIRECTION('',(-1.84976517788682E-14,-0.707106781186547,0.707106781186548));
#1928=DIRECTION('center_axis',(1.65350362055135E-14,-0.707106781186548,
-0.707106781186547));
#1929=DIRECTION('ref_axis',(-1.85467171682021E-14,-0.707106781186547,0.707106781186548));
#1930=DIRECTION('center_axis',(0.339819141288928,0.876952622681123,0.339819141288944));
#1931=DIRECTION('ref_axis',(-0.620099146277132,0.480576838364792,-0.620099146277168));
#1932=DIRECTION('center_axis',(0.33981914128893,0.876952622681122,0.339819141288945));
#1933=DIRECTION('ref_axis',(2.66453525910038E-14,0.361321067758648,-0.932441465183607));
#1934=DIRECTION('',(0.339819141288928,0.876952622681123,0.339819141288944));
#1935=DIRECTION('center_axis',(-0.175390548005625,-0.96874987036932,-0.175390548005622));
#1936=DIRECTION('ref_axis',(-0.685009602611697,0.248039691701602,-0.685009602611773));
#1937=DIRECTION('',(-0.339819141288928,-0.876952622681123,-0.339819141288944));
#1938=DIRECTION('center_axis',(-1.38777878078145E-15,-1.,5.55111512312235E-17));
#1939=DIRECTION('ref_axis',(-0.707106781186529,3.14018491736756E-15,-0.707106781186566));
#1940=DIRECTION('center_axis',(-1.38777878078145E-15,-1.,-3.43408632795669E-29));
#1941=DIRECTION('ref_axis',(-0.707106781186529,3.14018491736756E-15,-0.707106781186566));
#1942=DIRECTION('',(-1.38777878078145E-15,-1.,5.55111512312235E-17));
#1943=DIRECTION('center_axis',(2.30983012626909E-14,0.361321067758648,-0.932441465183606));
#1944=DIRECTION('ref_axis',(7.5215056632712E-15,-0.932441465183606,-0.361321067758648));
#1945=DIRECTION('center_axis',(-0.932441465183606,0.361321067758649,-2.30983012626909E-14));
#1946=DIRECTION('ref_axis',(-0.361321067758649,-0.932441465183606,-8.85030499711577E-15));
#1947=DIRECTION('',(1.38777878078145E-15,1.,-5.55111512312235E-17));
#1948=DIRECTION('center_axis',(2.47718512369488E-14,-5.55111512312579E-17,
-1.));
#1949=DIRECTION('ref_axis',(-1.39172749952665E-15,-1.,5.55111512312234E-17));
#1950=DIRECTION('',(1.,0.,2.47718512369488E-14));
#1951=DIRECTION('',(-1.,1.38777878078145E-15,-2.47718512369488E-14));
#1952=DIRECTION('center_axis',(1.38777878078145E-15,1.,3.43408632795669E-29));
#1953=DIRECTION('ref_axis',(2.47451998511102E-14,0.,-1.));
#1954=DIRECTION('',(2.47451998511102E-14,0.,-1.));
#1955=DIRECTION('',(-2.47451998511102E-14,0.,1.));
#1956=DIRECTION('center_axis',(-1.,1.38777878078145E-15,-2.47718512369488E-14));
#1957=DIRECTION('ref_axis',(-2.47718512369488E-14,0.,1.));
#1958=DIRECTION('',(2.47718512369488E-14,0.,-1.));
#1959=DIRECTION('',(-1.38777878078145E-15,-1.,2.22044604924997E-16));
#1960=DIRECTION('center_axis',(-0.932441465183606,0.361321067758649,-2.30983012626909E-14));
#1961=DIRECTION('ref_axis',(-2.47718512369488E-14,0.,1.));
#1962=DIRECTION('',(-1.43254583822601E-16,0.,-1.));
#1963=DIRECTION('',(0.339819141288945,0.876952622681123,-0.339819141288927));
#1964=DIRECTION('center_axis',(-0.932441465183606,0.361321067758649,-2.30983012626909E-14));
#1965=DIRECTION('ref_axis',(-0.361321067758649,-0.932441465183606,-8.75001825493882E-15));
#1966=DIRECTION('center_axis',(1.,0.,-1.43254583822601E-16));
#1967=DIRECTION('ref_axis',(1.43254583822601E-16,0.,1.));
#1968=DIRECTION('center_axis',(-1.,0.,1.43254583822601E-16));
#1969=DIRECTION('ref_axis',(0.,1.,3.31439944614195E-13));
#1970=DIRECTION('',(1.43254583822601E-16,0.,1.));
#1971=DIRECTION('center_axis',(1.,0.,-1.43254583822601E-16));
#1972=DIRECTION('ref_axis',(-1.01296287657018E-16,0.707106781186548,-0.707106781186548));
#1973=DIRECTION('',(-1.11331176140063E-31,1.,-7.77156117237614E-16));
#1974=DIRECTION('',(1.06029691561964E-31,-1.,7.40148683083438E-16));
#1975=DIRECTION('center_axis',(1.,0.,-1.43254583822601E-16));
#1976=DIRECTION('ref_axis',(1.01296287657018E-16,0.707106781186548,0.707106781186548));
#1977=DIRECTION('',(1.43254583822601E-16,0.,1.));
#1978=DIRECTION('center_axis',(-1.,0.,1.43254583822601E-16));
#1979=DIRECTION('ref_axis',(0.,1.,3.31439944614071E-13));
#1980=DIRECTION('center_axis',(-1.,0.,1.43254583822601E-16));
#1981=DIRECTION('ref_axis',(0.,-5.55111512312588E-17,1.));
#1982=DIRECTION('center_axis',(-1.,0.,1.43254583822601E-16));
#1983=DIRECTION('ref_axis',(0.,-5.55111512312588E-17,1.));
#1984=DIRECTION('center_axis',(-1.38777878078145E-15,-1.,2.22044604924997E-16));
#1985=DIRECTION('ref_axis',(-0.707106781186565,1.57009245868378E-15,0.70710678118653));
#1986=DIRECTION('center_axis',(0.175390548005647,0.968749870369316,-0.175390548005623));
#1987=DIRECTION('ref_axis',(-0.685009602611775,0.248039691701618,0.685009602611689));
#1988=DIRECTION('center_axis',(-0.339819141288945,-0.876952622681123,0.339819141288927));
#1989=DIRECTION('ref_axis',(-0.620099146277166,0.480576838364791,0.620099146277135));
#1990=DIRECTION('center_axis',(0.339819141288945,0.876952622681123,-0.339819141288928));
#1991=DIRECTION('ref_axis',(-0.932441465183606,0.361321067758649,-2.22044604925032E-14));
#1992=DIRECTION('center_axis',(0.,-1.,0.));
#1993=DIRECTION('ref_axis',(0.,0.,-1.));
#1994=DIRECTION('',(-1.43254583822601E-16,0.,-1.));
#1995=DIRECTION('',(-1.,0.,0.));
#1996=DIRECTION('',(5.37204689334755E-17,0.,1.));
#1997=DIRECTION('',(1.,0.,-2.86578375724826E-30));
#1998=DIRECTION('',(-1.43254583822601E-16,0.,-1.));
#1999=DIRECTION('center_axis',(-1.43254583822601E-16,0.,-1.));
#2000=DIRECTION('ref_axis',(-0.707106781186548,0.707106781186548,0.));
#2001=DIRECTION('center_axis',(0.,0.,1.));
#2002=DIRECTION('ref_axis',(-1.11022302462516E-14,1.,0.));
#2003=DIRECTION('center_axis',(0.,0.,1.));
#2004=DIRECTION('ref_axis',(0.,1.,0.));
#2005=DIRECTION('center_axis',(1.06029691561964E-31,-1.,7.40148683083438E-16));
#2006=DIRECTION('ref_axis',(-0.707106781186548,0.,0.707106781186548));
#2007=DIRECTION('',(-1.06029691561964E-31,1.,-7.40148683083438E-16));
#2008=DIRECTION('center_axis',(0.,-1.,0.));
#2009=DIRECTION('ref_axis',(0.,0.,1.));
#2010=DIRECTION('center_axis',(1.,0.,-1.43254583822601E-16));
#2011=DIRECTION('ref_axis',(0.,0.,-1.));
#2012=DIRECTION('center_axis',(-1.,0.,1.43254583822601E-16));
#2013=DIRECTION('ref_axis',(6.93889390390722E-17,0.707106781186548,0.707106781186548));
#2014=DIRECTION('center_axis',(-1.,0.,1.43254583822601E-16));
#2015=DIRECTION('ref_axis',(0.,1.,3.31586610021332E-13));
#2016=DIRECTION('center_axis',(-1.11331176140063E-31,1.,-7.77156117237614E-16));
#2017=DIRECTION('ref_axis',(-0.707106781186548,0.,-0.707106781186548));
#2018=DIRECTION('center_axis',(0.,-1.,0.));
#2019=DIRECTION('ref_axis',(-1.,0.,0.));
#2020=DIRECTION('',(1.11331176140063E-31,-1.,7.77156117237614E-16));
#2021=DIRECTION('center_axis',(1.,0.,-1.43254583822601E-16));
#2022=DIRECTION('ref_axis',(0.,0.,-1.));
#2023=DIRECTION('center_axis',(0.,0.,-1.));
#2024=DIRECTION('ref_axis',(-1.,0.,0.));
#2025=DIRECTION('center_axis',(-1.,0.,1.43254583822601E-16));
#2026=DIRECTION('ref_axis',(-6.93889390390722E-17,0.707106781186548,-0.707106781186548));
#2027=DIRECTION('center_axis',(-1.43254583822601E-16,0.,-1.));
#2028=DIRECTION('ref_axis',(-0.707106781186548,0.707106781186548,0.));
#2029=DIRECTION('center_axis',(0.,0.,-1.));
#2030=DIRECTION('ref_axis',(-1.,0.,0.));
#2031=DIRECTION('center_axis',(-1.,0.,1.43254583822601E-16));
#2032=DIRECTION('ref_axis',(0.,1.,3.31586610021428E-13));
#2033=DIRECTION('center_axis',(-3.97611343357366E-32,1.,-7.40148683083438E-16));
#2034=DIRECTION('ref_axis',(0.707106781186547,0.,0.707106781186548));
#2035=DIRECTION('',(-3.97611343357366E-32,1.,-7.40148683083438E-16));
#2036=DIRECTION('center_axis',(0.,-1.,0.));
#2037=DIRECTION('ref_axis',(1.,0.,0.));
#2038=DIRECTION('',(3.97611343357366E-32,-1.,7.40148683083438E-16));
#2039=DIRECTION('center_axis',(-1.,0.,5.37204689334755E-17));
#2040=DIRECTION('ref_axis',(0.,0.,1.));
#2041=DIRECTION('center_axis',(0.,0.,1.));
#2042=DIRECTION('ref_axis',(1.,0.,0.));
#2043=DIRECTION('center_axis',(1.,0.,-5.37204689334755E-17));
#2044=DIRECTION('ref_axis',(6.93889390390722E-17,0.707106781186548,0.707106781186548));
#2045=DIRECTION('center_axis',(-1.,0.,5.37204689334755E-17));
#2046=DIRECTION('ref_axis',(3.79861078713818E-17,0.707106781186548,0.707106781186548));
#2047=DIRECTION('center_axis',(-5.37204689334755E-17,0.,-1.));
#2048=DIRECTION('ref_axis',(0.707106781186547,0.707106781186548,0.));
#2049=DIRECTION('center_axis',(0.,-5.55111512312578E-15,1.));
#2050=DIRECTION('ref_axis',(1.,0.,0.));
#2051=DIRECTION('',(-5.37204689334755E-17,0.,-1.));
#2052=DIRECTION('center_axis',(-1.,0.,5.37204689334755E-17));
#2053=DIRECTION('ref_axis',(0.,0.,1.));
#2054=DIRECTION('center_axis',(0.,1.,0.));
#2055=DIRECTION('ref_axis',(1.,0.,0.));
#2056=DIRECTION('center_axis',(1.,0.,-5.37204689334755E-17));
#2057=DIRECTION('ref_axis',(-6.93889390390722E-17,0.707106781186548,-0.707106781186548));
#2058=DIRECTION('center_axis',(-1.,0.,5.37204689334755E-17));
#2059=DIRECTION('ref_axis',(-3.79861078713818E-17,0.707106781186548,-0.707106781186548));
#2060=DIRECTION('center_axis',(4.17491910525237E-32,-1.,7.77156117237614E-16));
#2061=DIRECTION('ref_axis',(0.707106781186547,0.,-0.707106781186548));
#2062=DIRECTION('',(-4.17491910525237E-32,1.,-7.77156117237614E-16));
#2063=DIRECTION('',(4.17491910525237E-32,-1.,7.77156117237614E-16));
#2064=DIRECTION('center_axis',(-1.,0.,5.37204689334755E-17));
#2065=DIRECTION('ref_axis',(-5.37204689334755E-17,-3.35646296614043E-59,
-1.));
#2066=DIRECTION('',(5.37204689334755E-17,0.,1.));
#2067=DIRECTION('center_axis',(1.,0.,-5.37204689334755E-17));
#2068=DIRECTION('ref_axis',(0.,-5.55111512312588E-17,1.));
#2069=DIRECTION('center_axis',(1.,0.,-5.37204689334755E-17));
#2070=DIRECTION('ref_axis',(0.,-5.55111512312588E-17,1.));
#2071=DIRECTION('center_axis',(1.,0.,-2.86578375724826E-30));
#2072=DIRECTION('ref_axis',(0.,0.707106781186548,-0.707106781186548));
#2073=DIRECTION('',(-1.,0.,2.86578375724826E-30));
#2074=DIRECTION('center_axis',(-1.,0.,0.));
#2075=DIRECTION('ref_axis',(0.,0.707106781186548,0.707106781186548));
#2076=DIRECTION('',(1.,0.,0.));
#2077=DIRECTION('center_axis',(2.30983012626909E-14,0.361321067758648,-0.932441465183606));
#2078=DIRECTION('ref_axis',(-1.,0.,-2.47718512369488E-14));
#2079=DIRECTION('center_axis',(0.,7.40148683083438E-16,1.));
#2080=DIRECTION('ref_axis',(1.,0.,0.));
#2081=DIRECTION('center_axis',(2.86578375724826E-30,7.77156117237614E-16,
1.));
#2082=DIRECTION('ref_axis',(1.,4.83793602030084E-30,-2.86578375724827E-30));
#2083=DIRECTION('center_axis',(0.,1.,0.));
#2084=DIRECTION('ref_axis',(0.,0.,1.));
#2085=DIRECTION('center_axis',(0.,1.,-3.35646296614043E-59));
#2086=DIRECTION('ref_axis',(-1.,0.,0.));
#2087=DIRECTION('',(1.,4.85026197194492E-30,0.));
#2088=DIRECTION('',(0.,3.35646296614043E-59,1.));
#2089=DIRECTION('',(-1.,1.2411480064736E-90,3.69778549322349E-32));
#2090=DIRECTION('',(-1.,9.49478224952322E-89,2.82880590231603E-30));
#2091=DIRECTION('',(0.,3.35646296614043E-59,1.));
#2092=DIRECTION('',(1.,0.,0.));
#2093=DIRECTION('',(0.,-7.40148683083438E-16,-1.));
#2094=DIRECTION('center_axis',(2.82880590231603E-30,3.88578058618809E-16,
1.));
#2095=DIRECTION('ref_axis',(1.,4.85026197194492E-30,-2.82880590231603E-30));
#2096=DIRECTION('',(0.,-1.,3.88578058618809E-16));
#2097=DIRECTION('center_axis',(3.69778549322349E-32,1.12872674170224E-15,
1.));
#2098=DIRECTION('ref_axis',(1.,-1.23259516440783E-32,-3.69778549322349E-32));
#2099=DIRECTION('',(0.,-1.,1.12872674170224E-15));
#2100=DIRECTION('center_axis',(0.,0.,1.));
#2101=DIRECTION('ref_axis',(1.,3.98096154637733E-46,0.));
#2102=DIRECTION('',(0.,1.,0.));
#2103=DIRECTION('',(0.,-1.,0.));
#2104=DIRECTION('center_axis',(1.,0.,0.));
#2105=DIRECTION('ref_axis',(0.,1.29784683175504E-30,-1.));
#2106=DIRECTION('center_axis',(1.,0.,0.));
#2107=DIRECTION('ref_axis',(0.,-5.55111512312588E-17,1.));
#2108=DIRECTION('center_axis',(1.,0.,0.));
#2109=DIRECTION('ref_axis',(0.,-5.55111512312588E-17,1.));
#2110=DIRECTION('',(1.,0.,0.));
#2111=DIRECTION('center_axis',(1.,0.,0.));
#2112=DIRECTION('ref_axis',(0.,-5.55111512312588E-17,1.));
#2113=DIRECTION('center_axis',(1.,0.,0.));
#2114=DIRECTION('ref_axis',(0.,-5.55111512312588E-17,1.));
#2115=DIRECTION('',(1.,0.,0.));
#2116=DIRECTION('center_axis',(-1.,0.,0.));
#2117=DIRECTION('ref_axis',(0.,-5.55111512312588E-17,1.));
#2118=DIRECTION('',(-1.,0.,0.));
#2119=DIRECTION('center_axis',(-1.,0.,0.));
#2120=DIRECTION('ref_axis',(0.,-5.55111512312588E-17,1.));
#2121=DIRECTION('',(-1.,0.,0.));
#2122=DIRECTION('center_axis',(1.,0.,0.));
#2123=DIRECTION('ref_axis',(0.,0.,-1.));
#2124=DIRECTION('',(0.,1.,0.));
#2125=DIRECTION('center_axis',(0.,0.,-1.));
#2126=DIRECTION('ref_axis',(-1.,-6.48923415877523E-30,0.));
#2127=DIRECTION('',(0.,-1.,0.));
#2128=DIRECTION('center_axis',(1.,0.,0.));
#2129=DIRECTION('ref_axis',(0.,-3.12789835786789E-47,-1.));
#2130=DIRECTION('center_axis',(1.,-1.38777878078145E-15,2.47718512369488E-14));
#2131=DIRECTION('ref_axis',(2.47718512369488E-14,0.,-1.));
#2132=CARTESIAN_POINT('',(0.,0.,0.));
#2133=CARTESIAN_POINT('Origin',(-22.8000000000014,9.99959972297678,-3.38341924626949));
#2134=CARTESIAN_POINT('',(-22.8000000000014,9.99959972297678,-3.38341924626949));
#2135=CARTESIAN_POINT('',(-22.8000000000014,9.99959972297678,-10.0000000000005));
#2136=CARTESIAN_POINT('',(-22.8000000000014,9.99959972297678,-3.38341924626949));
#2137=CARTESIAN_POINT('',(-22.8000000000014,12.9995997229768,-3.38341924626949));
#2138=CARTESIAN_POINT('',(-22.8000000000014,9.99959972297678,-3.38341924626949));
#2139=CARTESIAN_POINT('',(-22.8000000000014,12.9995997229768,-10.0000000000005));
#2140=CARTESIAN_POINT('',(-22.8000000000014,12.9995997229768,-3.38341924626949));
#2141=CARTESIAN_POINT('',(-22.8000000000014,14.9995997229768,-10.0000000000005));
#2142=CARTESIAN_POINT('Origin',(-25.6000000000014,9.99959972297678,-1.76683849253854));
#2143=CARTESIAN_POINT('',(-25.6000000000014,9.99959972297678,-1.76683849253854));
#2144=CARTESIAN_POINT('',(-25.6000000000014,9.99959972297678,-1.76683849253854));
#2145=CARTESIAN_POINT('',(-25.6000000000014,12.9995997229768,-1.76683849253854));
#2146=CARTESIAN_POINT('',(-25.6000000000014,9.99959972297678,-1.76683849253854));
#2147=CARTESIAN_POINT('',(-25.6000000000014,12.9995997229768,-1.76683849253854));
#2148=CARTESIAN_POINT('Origin',(-28.4000000000014,9.99959972297678,-3.3834192462695));
#2149=CARTESIAN_POINT('',(-28.4000000000014,9.99959972297678,-3.3834192462695));
#2150=CARTESIAN_POINT('',(-28.4000000000014,9.99959972297678,-3.3834192462695));
#2151=CARTESIAN_POINT('',(-28.4000000000014,12.9995997229768,-3.3834192462695));
#2152=CARTESIAN_POINT('',(-28.4000000000014,9.99959972297678,-3.3834192462695));
#2153=CARTESIAN_POINT('',(-28.4000000000014,12.9995997229768,-3.3834192462695));
#2154=CARTESIAN_POINT('Origin',(-28.4000000000014,9.99959972297678,-10.0000000000007));
#2155=CARTESIAN_POINT('',(-28.4000000000014,9.99959972297678,-10.0000000000007));
#2156=CARTESIAN_POINT('',(-28.4000000000014,9.99959972297678,-10.0000000000007));
#2157=CARTESIAN_POINT('',(-28.4000000000014,12.9995997229768,-10.0000000000007));
#2158=CARTESIAN_POINT('',(-28.4000000000014,14.9995997229768,-10.0000000000007));
#2159=CARTESIAN_POINT('',(-28.4000000000014,12.9995997229768,-10.0000000000007));
#2160=CARTESIAN_POINT('Origin',(-25.6000000000014,12.9995997229768,-5.88341924626962));
#2161=CARTESIAN_POINT('',(-21.8500000000013,12.9995997229768,-10.0000000000005));
#2162=CARTESIAN_POINT('',(-23.8500000000014,12.9995997229768,-5.00000000000045));
#2163=CARTESIAN_POINT('Origin',(-25.6000000000014,12.9995997229768,-5.00000000000045));
#2164=CARTESIAN_POINT('Origin',(-25.6000000000014,9.99959972297678,-5.88341924626962));
#2165=CARTESIAN_POINT('',(-21.8500000000013,9.99959972297678,-10.0000000000005));
#2166=CARTESIAN_POINT('',(-23.8500000000014,9.99959972297678,-5.00000000000045));
#2167=CARTESIAN_POINT('Origin',(-25.6000000000014,9.99959972297678,-5.00000000000045));
#2168=CARTESIAN_POINT('Origin',(-7.8000000000013,9.99959972297678,-3.38341924626898));
#2169=CARTESIAN_POINT('',(-7.80000000000096,9.99959972297678,-10.0000000000002));
#2170=CARTESIAN_POINT('',(-7.8000000000013,9.99959972297678,-3.38341924626898));
#2171=CARTESIAN_POINT('',(-7.80000000000096,9.99959972297678,-10.0000000000002));
#2172=CARTESIAN_POINT('',(-7.8000000000013,12.9995997229768,-3.38341924626898));
#2173=CARTESIAN_POINT('',(-7.8000000000013,9.99959972297678,-3.38341924626898));
#2174=CARTESIAN_POINT('',(-7.80000000000096,12.9995997229768,-10.0000000000002));
#2175=CARTESIAN_POINT('',(-7.80000000000096,12.9995997229768,-10.0000000000002));
#2176=CARTESIAN_POINT('',(-7.80000000000096,14.9995997229768,-10.0000000000002));
#2177=CARTESIAN_POINT('Origin',(-10.6000000000014,9.99959972297678,-1.76683849253817));
#2178=CARTESIAN_POINT('',(-10.6000000000014,9.99959972297678,-1.76683849253817));
#2179=CARTESIAN_POINT('',(-7.8000000000013,9.99959972297678,-3.38341924626898));
#2180=CARTESIAN_POINT('',(-10.6000000000014,12.9995997229768,-1.76683849253817));
#2181=CARTESIAN_POINT('',(-10.6000000000014,9.99959972297678,-1.76683849253817));
#2182=CARTESIAN_POINT('',(-7.8000000000013,12.9995997229768,-3.38341924626898));
#2183=CARTESIAN_POINT('Origin',(-13.4000000000013,9.99959972297678,-3.38341924626926));
#2184=CARTESIAN_POINT('',(-13.4000000000013,9.99959972297678,-3.38341924626926));
#2185=CARTESIAN_POINT('',(-10.6000000000014,9.99959972297678,-1.76683849253817));
#2186=CARTESIAN_POINT('',(-13.4000000000013,12.9995997229768,-3.38341924626926));
#2187=CARTESIAN_POINT('',(-13.4000000000013,9.99959972297678,-3.38341924626926));
#2188=CARTESIAN_POINT('',(-10.6000000000014,12.9995997229768,-1.76683849253817));
#2189=CARTESIAN_POINT('Origin',(-13.400000000001,9.99959972297678,-10.0000000000003));
#2190=CARTESIAN_POINT('',(-13.400000000001,9.99959972297678,-10.0000000000003));
#2191=CARTESIAN_POINT('',(-13.4000000000013,9.99959972297678,-3.38341924626926));
#2192=CARTESIAN_POINT('',(-13.400000000001,12.9995997229768,-10.0000000000003));
#2193=CARTESIAN_POINT('',(-13.400000000001,14.9995997229768,-10.0000000000003));
#2194=CARTESIAN_POINT('',(-13.4000000000013,12.9995997229768,-3.38341924626926));
#2195=CARTESIAN_POINT('Origin',(-10.6000000000011,12.9995997229768,-5.88341924626924));
#2196=CARTESIAN_POINT('',(-14.3500000000011,12.9995997229768,-10.0000000000003));
#2197=CARTESIAN_POINT('',(-8.85000000000144,12.9995997229768,-5.00000000000045));
#2198=CARTESIAN_POINT('Origin',(-10.6000000000014,12.9995997229768,-5.00000000000045));
#2199=CARTESIAN_POINT('Origin',(-10.6000000000011,9.99959972297678,-5.88341924626924));
#2200=CARTESIAN_POINT('',(-14.3500000000011,9.99959972297678,-10.0000000000003));
#2201=CARTESIAN_POINT('',(-8.85000000000144,9.99959972297678,-5.00000000000045));
#2202=CARTESIAN_POINT('Origin',(-10.6000000000014,9.99959972297678,-5.00000000000045));
#2203=CARTESIAN_POINT('Origin',(-25.6000000000014,19.9995997229768,-5.00000000000045));
#2204=CARTESIAN_POINT('',(-23.8500000000014,1.99959972297683,-5.00000000000045));
#2205=CARTESIAN_POINT('',(-23.8500000000014,19.9995997229768,-5.00000000000045));
#2206=CARTESIAN_POINT('Origin',(-25.6000000000014,1.99959972297683,-5.00000000000045));
#2207=CARTESIAN_POINT('Origin',(-10.6000000000014,19.9995997229768,-5.00000000000045));
#2208=CARTESIAN_POINT('',(-8.85000000000144,1.99959972297683,-5.00000000000044));
#2209=CARTESIAN_POINT('',(-8.85000000000144,19.9995997229768,-5.00000000000045));
#2210=CARTESIAN_POINT('Origin',(-10.6000000000014,1.99959972297683,-5.00000000000044));
#2211=CARTESIAN_POINT('Origin',(-25.6000000000014,19.9995997229768,-5.00000000000045));
#2212=CARTESIAN_POINT('',(-23.8500000000014,19.9995997229768,-5.00000000000045));
#2213=CARTESIAN_POINT('Origin',(-25.6000000000014,19.9995997229768,-5.00000000000045));
#2214=CARTESIAN_POINT('',(-23.8500000000014,19.9995997229768,-5.00000000000045));
#2215=CARTESIAN_POINT('Origin',(-25.6000000000014,1.99959972297683,-5.00000000000045));
#2216=CARTESIAN_POINT('Origin',(-10.6000000000014,19.9995997229768,-5.00000000000045));
#2217=CARTESIAN_POINT('',(-8.85000000000144,19.9995997229768,-5.00000000000045));
#2218=CARTESIAN_POINT('Origin',(-10.6000000000014,19.9995997229768,-5.00000000000045));
#2219=CARTESIAN_POINT('',(-8.85000000000144,19.9995997229768,-5.00000000000045));
#2220=CARTESIAN_POINT('Origin',(-10.6000000000014,1.99959972297683,-5.00000000000044));
#2221=CARTESIAN_POINT('Origin',(-19.2999999999995,-32.45,-11.5));
#2222=CARTESIAN_POINT('',(1.80000000000031,-33.45,-11.5));
#2223=CARTESIAN_POINT('',(1.80000000000031,-32.45,-10.5));
#2224=CARTESIAN_POINT('Origin',(1.80000000000031,-32.45,-11.5));
#2225=CARTESIAN_POINT('',(-1.7,-32.45,-10.5));
#2226=CARTESIAN_POINT('',(-19.2999999999995,-32.45,-10.5));
#2227=CARTESIAN_POINT('',(-1.7,-33.45,-11.5));
#2228=CARTESIAN_POINT('Origin',(-1.7,-32.45,-11.5));
#2229=CARTESIAN_POINT('',(-19.2999999999995,-33.45,-11.5));
#2230=CARTESIAN_POINT('Origin',(-39.3999999999993,-33.45,12.5));
#2231=CARTESIAN_POINT('',(-1.7,-33.45,-12.4));
#2232=CARTESIAN_POINT('',(-1.7,-33.45,6.25000000000001));
#2233=CARTESIAN_POINT('',(-33.6999999999993,-33.45,-12.4));
#2234=CARTESIAN_POINT('',(-28.7999999999995,-33.45,-12.4));
#2235=CARTESIAN_POINT('',(-33.6999999999993,-33.45,-7.00000000000002));
#2236=CARTESIAN_POINT('',(-33.6999999999993,-33.45,2.74999999999999));
#2237=CARTESIAN_POINT('',(-34.6999999999993,-33.45,-7.00000000000002));
#2238=CARTESIAN_POINT('',(-34.6999999999993,-33.45,-7.00000000000002));
#2239=CARTESIAN_POINT('',(-34.6999999999993,-33.45,7.19999999999998));
#2240=CARTESIAN_POINT('',(-34.6999999999993,-33.45,6.99999999999998));
#2241=CARTESIAN_POINT('',(-33.6999999999993,-33.45,7.19999999999998));
#2242=CARTESIAN_POINT('',(-36.4999999999993,-33.45,7.19999999999998));
#2243=CARTESIAN_POINT('',(-33.6999999999993,-33.45,12.6));
#2244=CARTESIAN_POINT('',(-33.6999999999993,-33.45,12.5));
#2245=CARTESIAN_POINT('',(-1.7,-33.45,12.6));
#2246=CARTESIAN_POINT('',(-28.7999999999995,-33.45,12.6));
#2247=CARTESIAN_POINT('',(-1.7,-33.45,11.5));
#2248=CARTESIAN_POINT('',(-1.7,-33.45,6.25000000000001));
#2249=CARTESIAN_POINT('',(1.80000000000031,-33.45,11.5));
#2250=CARTESIAN_POINT('',(-19.2999999999995,-33.45,11.5));
#2251=CARTESIAN_POINT('',(1.80000000000031,-33.45,15.1));
#2252=CARTESIAN_POINT('',(1.80000000000031,-33.45,13.9999999999999));
#2253=CARTESIAN_POINT('',(1.40000000000031,-33.45,15.4999999999999));
#2254=CARTESIAN_POINT('Origin',(1.40000000000031,-33.45,15.1));
#2255=CARTESIAN_POINT('',(-36.7999999999997,-33.45,15.4999999999999));
#2256=CARTESIAN_POINT('',(0.800000000000313,-33.45,15.4999999999999));
#2257=CARTESIAN_POINT('',(-37.1999999999997,-33.45,15.1));
#2258=CARTESIAN_POINT('Origin',(-36.7999999999997,-33.45,15.1));
#2259=CARTESIAN_POINT('',(-37.1999999999997,-33.45,-15.1));
#2260=CARTESIAN_POINT('',(-37.1999999999997,-33.45,-1.5));
#2261=CARTESIAN_POINT('',(-36.7999999999997,-33.45,-15.5));
#2262=CARTESIAN_POINT('Origin',(-36.7999999999997,-33.45,-15.1));
#2263=CARTESIAN_POINT('',(1.40000000000031,-33.45,-15.5));
#2264=CARTESIAN_POINT('',(-39.3999999999993,-33.45,-15.5));
#2265=CARTESIAN_POINT('',(1.80000000000031,-33.45,-15.1));
#2266=CARTESIAN_POINT('Origin',(1.40000000000031,-33.45,-15.1));
#2267=CARTESIAN_POINT('',(1.80000000000031,-33.45,13.9999999999999));
#2268=CARTESIAN_POINT('Origin',(-1.7,-17.45,0.));
#2269=CARTESIAN_POINT('',(-1.7,-22.1,-10.5));
#2270=CARTESIAN_POINT('',(-1.7,-25.45,-10.5));
#2271=CARTESIAN_POINT('',(-1.7,-20.1,-8.5));
#2272=CARTESIAN_POINT('Origin',(-1.7,-22.1,-8.5));
#2273=CARTESIAN_POINT('',(-1.7,-20.1,8.5));
#2274=CARTESIAN_POINT('',(-1.7,-20.1,-6.25));
#2275=CARTESIAN_POINT('',(-1.7,-22.1,10.5));
#2276=CARTESIAN_POINT('Origin',(-1.7,-22.1,8.5));
#2277=CARTESIAN_POINT('',(-1.7,-32.45,10.5));
#2278=CARTESIAN_POINT('',(-1.7,-18.775,10.5));
#2279=CARTESIAN_POINT('Origin',(-1.7,-32.45,11.5));
#2280=CARTESIAN_POINT('',(-1.7,-13.8314002770232,12.6));
#2281=CARTESIAN_POINT('',(-1.7,-20.5453500692558,12.6));
#2282=CARTESIAN_POINT('',(-1.7,-13.8314002770232,-12.4));
#2283=CARTESIAN_POINT('',(-1.7,-13.8314002770232,-4.21884749357559E-14));
#2284=CARTESIAN_POINT('',(-1.7,-20.5453500692558,-12.4));
#2285=CARTESIAN_POINT('',(-1.7,-17.2,-11.5));
#2286=CARTESIAN_POINT('Origin',(-1.7,-17.2,-10.15));
#2287=CARTESIAN_POINT('',(-1.7,-17.2,9.00000000000002));
#2288=CARTESIAN_POINT('Origin',(-1.7,-17.2,10.35));
#2289=CARTESIAN_POINT('Origin',(-19.2999999999995,-32.45,11.5));
#2290=CARTESIAN_POINT('',(1.80000000000031,-32.45,10.5));
#2291=CARTESIAN_POINT('Origin',(1.80000000000031,-32.45,11.5));
#2292=CARTESIAN_POINT('',(-19.2999999999995,-32.45,10.5));
#2293=CARTESIAN_POINT('Origin',(0.400000000000156,-22.1,-8.5));
#2294=CARTESIAN_POINT('',(1.80000000000031,-22.1,-10.5));
#2295=CARTESIAN_POINT('',(0.400000000000156,-22.1,-10.5));
#2296=CARTESIAN_POINT('',(1.80000000000031,-20.1,-8.5));
#2297=CARTESIAN_POINT('Origin',(1.80000000000031,-22.1,-8.5));
#2298=CARTESIAN_POINT('',(0.400000000000156,-20.1,-8.5));
#2299=CARTESIAN_POINT('Origin',(0.800000000000312,-33.45,-10.5));
#2300=CARTESIAN_POINT('',(1.80000000000031,-23.6407001385116,-10.5));
#2301=CARTESIAN_POINT('Origin',(0.400000000000156,-22.1,8.5));
#2302=CARTESIAN_POINT('',(1.80000000000031,-20.1,8.5));
#2303=CARTESIAN_POINT('',(1.80000000000031,-22.1,10.5));
#2304=CARTESIAN_POINT('Origin',(1.80000000000031,-22.1,8.5));
#2305=CARTESIAN_POINT('',(0.400000000000156,-22.1,10.5));
#2306=CARTESIAN_POINT('',(0.400000000000156,-20.1,8.5));
#2307=CARTESIAN_POINT('Origin',(0.800000000000312,-20.1,10.5));
#2308=CARTESIAN_POINT('',(1.80000000000031,-16.9657001385116,10.5));
#2309=CARTESIAN_POINT('Origin',(-3.10000000000122,14.9995997229768,-9.00000000000006));
#2310=CARTESIAN_POINT('',(-3.10000000000118,19.9995997229768,-10.0000000000001));
#2311=CARTESIAN_POINT('',(-2.10000000000121,19.9995997229768,-9.00000000000004));
#2312=CARTESIAN_POINT('Origin',(-3.10000000000121,19.9995997229768,-9.00000000000006));
#2313=CARTESIAN_POINT('',(-2.10000000000124,-2.0004002770232,-9.00000000000004));
#2314=CARTESIAN_POINT('',(-2.10000000000121,14.9995997229768,-9.00000000000004));
#2315=CARTESIAN_POINT('',(-2.10214195823939,-1.99487264286022,-9.06541657657827));
#2316=CARTESIAN_POINT('Origin',(-3.10000000000124,0.580244884267125,-9.00000000000006));
#2317=CARTESIAN_POINT('',(-3.03458342342297,-1.99487264286022,-9.9978580417619));
#2318=CARTESIAN_POINT('Origin',(-3.10000000000124,-2.18737673880405,-9.00000000000006));
#2319=CARTESIAN_POINT('',(-3.10000000000122,-2.0004002770232,-10.0000000000001));
#2320=CARTESIAN_POINT('Origin',(-3.10000000000124,0.58024488426712,-9.00000000000006));
#2321=CARTESIAN_POINT('',(-3.10000000000119,14.9995997229768,-10.0000000000001));
#2322=CARTESIAN_POINT('Origin',(-3.05784386268042,-2.29616677059971,-9.04215613732087));
#2323=CARTESIAN_POINT('',(0.752511913755301,-9.36172134478185,-11.9200704485728));
#2324=CARTESIAN_POINT('',(-0.179929551428282,-9.36172134478185,-12.8525119137565));
#2325=CARTESIAN_POINT('Origin',(-0.179929551428306,-9.72304241254049,-11.9200704485729));
#2326=CARTESIAN_POINT('',(-3.0578438626804,-1.93484570284106,-9.97459760250448));
#2327=CARTESIAN_POINT('',(-2.12540239749681,-1.93484570284106,-9.04215613732085));
#2328=CARTESIAN_POINT('Ctrl Pts',(0.752511913755302,-9.36172134478185,-11.9200704485728));
#2329=CARTESIAN_POINT('Ctrl Pts',(0.876508223488956,-9.68171182151385,-12.0440667583065));
#2330=CARTESIAN_POINT('Ctrl Pts',(1.13667346502187,-10.3531059932117,-12.5294799046558));
#2331=CARTESIAN_POINT('Ctrl Pts',(1.24748808624238,-10.6390792092646,-13.3273868882735));
#2332=CARTESIAN_POINT('Ctrl Pts',(1.2474880862424,-10.6390792092646,-13.7849533789401));
#2333=CARTESIAN_POINT('Ctrl Pts',(0.718837115195942,-9.27481863882219,-12.17801029477));
#2334=CARTESIAN_POINT('Ctrl Pts',(0.828666987755276,-9.5592438004733,-12.2761849164506));
#2335=CARTESIAN_POINT('Ctrl Pts',(1.06318182897177,-10.1641346862124,-12.6838872332423));
#2336=CARTESIAN_POINT('Ctrl Pts',(1.16482387975329,-10.4257522247766,-13.3836040577592));
#2337=CARTESIAN_POINT('Ctrl Pts',(1.16482387975329,-10.4257522247765,-13.7849533789401));
#2338=CARTESIAN_POINT('Ctrl Pts',(0.465555129468578,-9.19935316106178,-12.6260419005243));
#2339=CARTESIAN_POINT('Ctrl Pts',(0.568405645652596,-9.41520657826849,-12.6805707297235));
#2340=CARTESIAN_POINT('Ctrl Pts',(0.790052070389155,-9.89121000471152,-12.9535746787759));
#2341=CARTESIAN_POINT('Ctrl Pts',(0.887324894302001,-10.1054528831298,-13.481359635468));
#2342=CARTESIAN_POINT('Ctrl Pts',(0.887324894302007,-10.1054528831298,-13.7849533789401));
#2343=CARTESIAN_POINT('Ctrl Pts',(0.0135253332196069,-9.2965443153121,-12.8272558148369));
#2344=CARTESIAN_POINT('Ctrl Pts',(0.131223257696482,-9.46726917290459,-12.8804554702218));
#2345=CARTESIAN_POINT('Ctrl Pts',(0.379878022442542,-9.8369706884452,-13.1161807527712));
#2346=CARTESIAN_POINT('Ctrl Pts',(0.486634055058728,-10.0004002770232,-13.5410205863222));
#2347=CARTESIAN_POINT('Ctrl Pts',(0.486634055058732,-10.0004002770232,-13.7849533789401));
#2348=CARTESIAN_POINT('Ctrl Pts',(-0.179929551428282,-9.36172134478185,
-12.8525119137565));
#2349=CARTESIAN_POINT('Ctrl Pts',(-0.0559332416946284,-9.52171658314785,
-12.9145100686233));
#2350=CARTESIAN_POINT('Ctrl Pts',(0.20423199983828,-9.85741366899675,-13.1572166417979));
#2351=CARTESIAN_POINT('Ctrl Pts',(0.315046621058786,-10.0004002770232,-13.5561701336068));
#2352=CARTESIAN_POINT('Ctrl Pts',(0.31504662105879,-10.0004002770232,-13.7849533789401));
#2353=CARTESIAN_POINT('',(0.999999999998835,-10.0004002770232,-12.3197554569935));
#2354=CARTESIAN_POINT('',(0.315046621058788,-10.0004002770232,-13.7849533789401));
#2355=CARTESIAN_POINT('Ctrl Pts',(0.31504662105879,-10.0004002770232,-13.7849533789401));
#2356=CARTESIAN_POINT('Ctrl Pts',(0.316509670572585,-10.0004002770232,-13.7834903294263));
#2357=CARTESIAN_POINT('Ctrl Pts',(0.317971471593662,-10.0004002770232,-13.7820260400572));
#2358=CARTESIAN_POINT('Ctrl Pts',(0.441829609880142,-10.0004002770232,-13.6577440769586));
#2359=CARTESIAN_POINT('Ctrl Pts',(0.55269991034277,-10.0004002770232,-13.5288408598799));
#2360=CARTESIAN_POINT('Ctrl Pts',(0.747895520793091,-10.0004002770232,-13.2431434215595));
#2361=CARTESIAN_POINT('Ctrl Pts',(0.828969207226534,-10.0004002770232,-13.0902896482285));
#2362=CARTESIAN_POINT('Ctrl Pts',(0.960609076762876,-10.0004002770232,-12.7323977237335));
#2363=CARTESIAN_POINT('Ctrl Pts',(0.99999999999884,-10.0004002770232,-12.5272402492962));
#2364=CARTESIAN_POINT('Ctrl Pts',(0.999999999998835,-10.0004002770232,-12.3197554569935));
#2365=CARTESIAN_POINT('Origin',(-0.459953378941209,-9.0004002770232,-13.7849533789401));
#2366=CARTESIAN_POINT('Origin',(0.472488086242397,-8.63907920926455,-13.7849533789401));
#2367=CARTESIAN_POINT('Origin',(-18.1749999999998,-9.0004002770232,-13.7849533789405));
#2368=CARTESIAN_POINT('',(-36.5150466210611,-10.0004002770232,-13.784953378941));
#2369=CARTESIAN_POINT('',(-18.1749999999998,-10.0004002770232,-13.7849533789405));
#2370=CARTESIAN_POINT('',(-36.020070448574,-9.36172134478185,-12.8525119137574));
#2371=CARTESIAN_POINT('Ctrl Pts',(-36.0214776760693,-9.36124765153215,-12.8523271204548));
#2372=CARTESIAN_POINT('Ctrl Pts',(-36.2280600369766,-9.62803439978475,-12.9555500877175));
#2373=CARTESIAN_POINT('Ctrl Pts',(-36.4665769138899,-9.93616822828691,-13.2671252686279));
#2374=CARTESIAN_POINT('Ctrl Pts',(-36.5150298471284,-9.99876468878146,-13.6794639999912));
#2375=CARTESIAN_POINT('Ctrl Pts',(-36.5150441403078,-9.99878341359953,-13.7849536662765));
#2376=CARTESIAN_POINT('',(-18.1749999999998,-9.36172134478185,-12.8525119137569));
#2377=CARTESIAN_POINT('Origin',(-0.550000000001466,-6.0004002770232,1.77857728544928E-13));
#2378=CARTESIAN_POINT('',(-2.10000000000168,-2.0004002770232,8.99999999999997));
#2379=CARTESIAN_POINT('',(-2.10000000000146,-2.0004002770232,1.39461359127658E-13));
#2380=CARTESIAN_POINT('',(-2.10214195823984,-1.99487264286022,9.0654165765782));
#2381=CARTESIAN_POINT('Origin',(-3.10000000000168,0.58024488426712,8.99999999999994));
#2382=CARTESIAN_POINT('',(0.752511913754711,-9.36172134478185,11.9200704485729));
#2383=CARTESIAN_POINT('',(-2.12540239749724,-1.93484570284111,9.0421561373208));
#2384=CARTESIAN_POINT('',(0.999999999998225,-10.0004002770232,12.3197554569936));
#2385=CARTESIAN_POINT('Origin',(0.472488086241714,-8.63907920926455,13.7849533789401));
#2386=CARTESIAN_POINT('',(0.99999999999853,-10.0004002770232,2.16254097962199E-13));
#2387=CARTESIAN_POINT('Origin',(-3.05784386268085,-2.29616677059976,9.04215613732078));
#2388=CARTESIAN_POINT('',(-0.179929551428919,-9.36172134478185,12.8525119137565));
#2389=CARTESIAN_POINT('Origin',(-0.179929551428895,-9.72304241254049,11.9200704485729));
#2390=CARTESIAN_POINT('',(-3.03458342342347,-1.99487264286023,9.99785804176179));
#2391=CARTESIAN_POINT('Origin',(-3.10000000000168,-2.18737673880406,8.99999999999994));
#2392=CARTESIAN_POINT('',(-3.05784386268087,-1.93484570284111,9.97459760250438));
#2393=CARTESIAN_POINT('Origin',(-3.10000000000167,4.99959972297679,8.99999999999994));
#2394=CARTESIAN_POINT('',(-2.10000000000167,10.9995997229768,8.99999999999996));
#2395=CARTESIAN_POINT('',(-3.10000000000169,9.99959972297678,9.99999999999994));
#2396=CARTESIAN_POINT('Origin',(-3.10000000000166,10.9995997229768,8.99999999999994));
#2397=CARTESIAN_POINT('',(-3.10000000000171,-2.0004002770232,9.99999999999994));
#2398=CARTESIAN_POINT('',(-3.1000000000017,4.99959972297679,9.99999999999994));
#2399=CARTESIAN_POINT('Origin',(-3.10000000000168,0.580244884267115,8.99999999999994));
#2400=CARTESIAN_POINT('',(-2.10000000000167,4.99959972297678,8.99999999999997));
#2401=CARTESIAN_POINT('Ctrl Pts',(1.24748808624171,-10.6390792092646,13.7849533789401));
#2402=CARTESIAN_POINT('Ctrl Pts',(1.24748808624172,-10.6390792092646,13.3273868882736));
#2403=CARTESIAN_POINT('Ctrl Pts',(1.13667346502125,-10.3531059932117,12.5294799046558));
#2404=CARTESIAN_POINT('Ctrl Pts',(0.876508223488358,-9.68171182151385,12.0440667583066));
#2405=CARTESIAN_POINT('Ctrl Pts',(0.75251191375471,-9.36172134478184,11.9200704485729));
#2406=CARTESIAN_POINT('Ctrl Pts',(1.16482387975261,-10.4257522247765,13.7849533789401));
#2407=CARTESIAN_POINT('Ctrl Pts',(1.16482387975262,-10.4257522247765,13.3836040577593));
#2408=CARTESIAN_POINT('Ctrl Pts',(1.06318182897114,-10.1641346862124,12.6838872332424));
#2409=CARTESIAN_POINT('Ctrl Pts',(0.828666987754667,-9.5592438004733,12.2761849164507));
#2410=CARTESIAN_POINT('Ctrl Pts',(0.718837115195338,-9.27481863882219,12.1780102947701));
#2411=CARTESIAN_POINT('Ctrl Pts',(0.887324894301323,-10.1054528831298,13.7849533789401));
#2412=CARTESIAN_POINT('Ctrl Pts',(0.887324894301331,-10.1054528831298,13.4813596354681));
#2413=CARTESIAN_POINT('Ctrl Pts',(0.790052070388512,-9.89121000471151,12.953574678776));
#2414=CARTESIAN_POINT('Ctrl Pts',(0.568405645651967,-9.41520657826849,12.6805707297235));
#2415=CARTESIAN_POINT('Ctrl Pts',(0.465555129467953,-9.19935316106178,12.6260419005243));
#2416=CARTESIAN_POINT('Ctrl Pts',(0.486634055058046,-10.0004002770232,13.7849533789401));
#2417=CARTESIAN_POINT('Ctrl Pts',(0.486634055058052,-10.0004002770232,13.5410205863222));
#2418=CARTESIAN_POINT('Ctrl Pts',(0.37987802244189,-9.8369706884452,13.1161807527713));
#2419=CARTESIAN_POINT('Ctrl Pts',(0.131223257695845,-9.46726917290459,12.8804554702218));
#2420=CARTESIAN_POINT('Ctrl Pts',(0.013525333218972,-9.2965443153121,12.827255814837));
#2421=CARTESIAN_POINT('Ctrl Pts',(0.315046621058104,-10.0004002770232,13.7849533789401));
#2422=CARTESIAN_POINT('Ctrl Pts',(0.315046621058109,-10.0004002770232,13.5561701336069));
#2423=CARTESIAN_POINT('Ctrl Pts',(0.204231999837626,-9.85741366899676,13.157216641798));
#2424=CARTESIAN_POINT('Ctrl Pts',(-0.0559332416952679,-9.52171658314785,
12.9145100686233));
#2425=CARTESIAN_POINT('Ctrl Pts',(-0.179929551428917,-9.36172134478184,
12.8525119137565));
#2426=CARTESIAN_POINT('',(0.315046621058106,-10.0004002770232,13.7849533789401));
#2427=CARTESIAN_POINT('Ctrl Pts',(0.999999999998225,-10.0004002770232,12.3197554569936));
#2428=CARTESIAN_POINT('Ctrl Pts',(0.999999999998221,-10.0004002770232,12.4696228786331));
#2429=CARTESIAN_POINT('Ctrl Pts',(0.979393343609497,-10.0004002769525,12.618672238889));
#2430=CARTESIAN_POINT('Ctrl Pts',(0.888389007994466,-10.0004002769525,12.9600883833414));
#2431=CARTESIAN_POINT('Ctrl Pts',(0.80410949702894,-10.0004002770232,13.1453540727632));
#2432=CARTESIAN_POINT('Ctrl Pts',(0.588203117898608,-10.0004002770232,13.4869543658778));
#2433=CARTESIAN_POINT('Ctrl Pts',(0.461892775460696,-10.0004002770232,13.6376122581138));
#2434=CARTESIAN_POINT('Ctrl Pts',(0.317971471736755,-10.0004002770232,13.7820260399123));
#2435=CARTESIAN_POINT('Ctrl Pts',(0.316509670427776,-10.0004002770232,13.7834903295704));
#2436=CARTESIAN_POINT('Ctrl Pts',(0.315046621058104,-10.0004002770232,13.7849533789401));
#2437=CARTESIAN_POINT('Origin',(-0.459953378941891,-9.0004002770232,13.7849533789401));
#2438=CARTESIAN_POINT('Origin',(-18.1750000000005,-9.0004002770232,13.7849533789397));
#2439=CARTESIAN_POINT('',(-36.0200704485747,-9.36172134478185,12.8525119137556));
#2440=CARTESIAN_POINT('',(-18.1750000000005,-9.36172134478185,12.852511913756));
#2441=CARTESIAN_POINT('',(-36.5150466210617,-10.0004002770232,13.7849533789392));
#2442=CARTESIAN_POINT('Ctrl Pts',(-36.5140583845606,-9.99912513315078,13.7849541998466));
#2443=CARTESIAN_POINT('Ctrl Pts',(-36.5140678755599,-9.99913737960145,13.6797269388569));
#2444=CARTESIAN_POINT('Ctrl Pts',(-36.4655127446992,-9.93648559784576,13.269057493108));
#2445=CARTESIAN_POINT('Ctrl Pts',(-36.2269334319024,-9.62864132326921,12.9559434054195));
#2446=CARTESIAN_POINT('Ctrl Pts',(-36.0200704485747,-9.36172134478185,12.8525119137556));
#2447=CARTESIAN_POINT('',(-18.1750000000005,-10.0004002770232,13.7849533789397));
#2448=CARTESIAN_POINT('Origin',(-18.1500000000009,-6.0004002770232,11.5499999999996));
#2449=CARTESIAN_POINT('',(-33.1000000000017,-2.0004002770232,9.9999999999992));
#2450=CARTESIAN_POINT('',(-18.1500000000008,-2.0004002770232,9.99999999999957));
#2451=CARTESIAN_POINT('',(-33.16541657658,-1.99487264286022,9.99785804176104));
#2452=CARTESIAN_POINT('Origin',(-33.1000000000017,0.580244884267116,8.9999999999992));
#2453=CARTESIAN_POINT('',(-33.1479299897618,-1.94974596720037,9.98037145494285));
#2454=CARTESIAN_POINT('Origin',(-18.1000000000017,-0.000400277023193674,
9.99999999999957));
#2455=CARTESIAN_POINT('',(-33.1000000000017,9.99959972297683,9.9999999999992));
#2456=CARTESIAN_POINT('',(-18.1000000000017,9.99959972297681,9.99999999999957));
#2457=CARTESIAN_POINT('',(-33.1000000000017,4.99959972297683,9.9999999999992));
#2458=CARTESIAN_POINT('Origin',(-18.1000000000016,14.9995997229768,4.99999999999957));
#2459=CARTESIAN_POINT('',(-2.10000000000143,19.9995997229768,-3.77475828372553E-14));
#2460=CARTESIAN_POINT('',(-2.10000000000156,14.9995997229768,4.99999999999996));
#2461=CARTESIAN_POINT('',(-34.1000000000014,19.9995997229768,-8.31557045444242E-13));
#2462=CARTESIAN_POINT('',(-18.1000000000014,19.9995997229768,-4.34652314140748E-13));
#2463=CARTESIAN_POINT('',(-34.1000000000017,10.9995997229768,8.99999999999917));
#2464=CARTESIAN_POINT('',(-34.1000000000016,14.9995997229768,4.99999999999917));
#2465=CARTESIAN_POINT('Origin',(-33.1000000000017,10.9995997229768,8.9999999999992));
#2466=CARTESIAN_POINT('Origin',(-33.1479299897613,-2.31106703495896,-9.04792998976083));
#2467=CARTESIAN_POINT('',(-36.9525119137577,-9.36172134478185,-11.9200704485738));
#2468=CARTESIAN_POINT('Origin',(-36.0200704485741,-9.72304241254049,-11.9200704485737));
#2469=CARTESIAN_POINT('',(-34.0978580417631,-1.99487264286021,-9.06541657657906));
#2470=CARTESIAN_POINT('',(-34.0803714549449,-1.94974596720031,-9.04792998976085));
#2471=CARTESIAN_POINT('',(-33.1654165765795,-1.99487264286022,-9.99785804176265));
#2472=CARTESIAN_POINT('Origin',(-33.1000000000012,-2.18737673880404,-9.00000000000079));
#2473=CARTESIAN_POINT('',(-33.1479299897613,-1.94974596720031,-9.98037145494443));
#2474=CARTESIAN_POINT('Origin',(-33.1000000000012,14.9995997229768,-9.0000000000008));
#2475=CARTESIAN_POINT('',(-34.1000000000012,19.9995997229768,-9.00000000000083));
#2476=CARTESIAN_POINT('',(-33.1000000000012,19.9995997229768,-10.0000000000008));
#2477=CARTESIAN_POINT('Origin',(-33.1000000000012,19.9995997229768,-9.0000000000008));
#2478=CARTESIAN_POINT('',(-33.1000000000012,-2.0004002770232,-10.0000000000008));
#2479=CARTESIAN_POINT('',(-33.1000000000012,14.9995997229768,-10.0000000000008));
#2480=CARTESIAN_POINT('Origin',(-33.1000000000012,0.580244884267118,-9.0000000000008));
#2481=CARTESIAN_POINT('',(-34.1000000000012,-2.0004002770232,-9.00000000000083));
#2482=CARTESIAN_POINT('Origin',(-33.1000000000012,0.580244884267131,-9.0000000000008));
#2483=CARTESIAN_POINT('',(-34.1000000000012,14.9995997229768,-9.00000000000083));
#2484=CARTESIAN_POINT('Ctrl Pts',(-37.3943591823203,-10.5019723604275,-14.5127095931709));
#2485=CARTESIAN_POINT('Ctrl Pts',(-37.4581466806453,-10.6665852593308,-14.0913373864293));
#2486=CARTESIAN_POINT('Ctrl Pts',(-37.4699490109525,-10.69704288593,-12.9383393008139));
#2487=CARTESIAN_POINT('Ctrl Pts',(-37.1591706350275,-9.8950341738654,-12.1267291698436));
#2488=CARTESIAN_POINT('Ctrl Pts',(-36.9525119137577,-9.36172134478183,-11.9200704485738));
#2489=CARTESIAN_POINT('Ctrl Pts',(-37.3164382468879,-10.3008860754406,-14.4223576970784));
#2490=CARTESIAN_POINT('Ctrl Pts',(-37.3743540806146,-10.4506879142825,-14.054705686215));
#2491=CARTESIAN_POINT('Ctrl Pts',(-37.3847117364265,-10.478435825604,-13.038282948183));
#2492=CARTESIAN_POINT('Ctrl Pts',(-37.1018853129156,-9.74885645760936,-12.3416332430768));
#2493=CARTESIAN_POINT('Ctrl Pts',(-36.9188371151983,-9.27481863882218,-12.178010294771));
#2494=CARTESIAN_POINT('Ctrl Pts',(-37.0410405982409,-10.004508235202,-14.2648851788569));
#2495=CARTESIAN_POINT('Ctrl Pts',(-37.0964700573833,-10.1252917439701,-13.9904802966032));
#2496=CARTESIAN_POINT('Ctrl Pts',(-37.1067764549722,-10.1473342043198,-13.2129139299519));
#2497=CARTESIAN_POINT('Ctrl Pts',(-36.8368815677372,-9.55918237639037,-12.7168143003918));
#2498=CARTESIAN_POINT('Ctrl Pts',(-36.6654655296132,-9.19942980570908,-12.6259337077446));
#2499=CARTESIAN_POINT('Ctrl Pts',(-36.6355634780259,-9.92293746720035,-14.1716375201732));
#2500=CARTESIAN_POINT('Ctrl Pts',(-36.6968597632102,-10.0156878389519,-13.9495065533143));
#2501=CARTESIAN_POINT('Ctrl Pts',(-36.7082375918555,-10.0325671911167,-13.3284326755706));
#2502=CARTESIAN_POINT('Ctrl Pts',(-36.409686836905,-9.58108327324428,-12.9159211370353));
#2503=CARTESIAN_POINT('Ctrl Pts',(-36.2135253332219,-9.2965443153121,-12.8272558148378));
#2504=CARTESIAN_POINT('Ctrl Pts',(-36.4619177171367,-9.93184685260467,-14.1488314860559));
#2505=CARTESIAN_POINT('Ctrl Pts',(-36.5257052154617,-10.0141533020563,-13.9381453826851));
#2506=CARTESIAN_POINT('Ctrl Pts',(-36.5375075457689,-10.0293821153559,-13.3616463398774));
#2507=CARTESIAN_POINT('Ctrl Pts',(-36.2267291698439,-9.62837775932365,-12.9558412743923));
#2508=CARTESIAN_POINT('Ctrl Pts',(-36.020070448574,-9.36172134478184,-12.8525119137574));
#2509=CARTESIAN_POINT('',(-37.1999999999997,-10.1504887130557,-12.9866447986888));
#2510=CARTESIAN_POINT('',(-37.1999999999596,-10.0004002769158,-12.3197554567954));
#2511=CARTESIAN_POINT('Ctrl Pts',(-37.1999999999997,-10.1504887130557,-12.9866447986888));
#2512=CARTESIAN_POINT('Ctrl Pts',(-37.1999999999997,-10.139265686058,-12.9456364477845));
#2513=CARTESIAN_POINT('Ctrl Pts',(-37.1999999999997,-10.1279108630745,-12.9057072030979));
#2514=CARTESIAN_POINT('Ctrl Pts',(-37.1999999999997,-10.0566493324622,-12.6576887213449));
#2515=CARTESIAN_POINT('Ctrl Pts',(-37.1999999999997,-10.0004002770194,-12.4737650446624));
#2516=CARTESIAN_POINT('Ctrl Pts',(-37.1999999999997,-10.0004002770194,-12.3197554569909));
#2517=CARTESIAN_POINT('Ctrl Pts',(-37.1990391260797,-9.9979206023871,-12.3228097834913));
#2518=CARTESIAN_POINT('Ctrl Pts',(-37.1265079662302,-9.81074341567885,-12.1480309272547));
#2519=CARTESIAN_POINT('Ctrl Pts',(-37.0422507876315,-9.59330553542397,-12.0098093224476));
#2520=CARTESIAN_POINT('Ctrl Pts',(-36.9525119137577,-9.36172134478183,-11.9200704485738));
#2521=CARTESIAN_POINT('',(-36.7999999999997,-10.0004002770232,-14.113060540882));
#2522=CARTESIAN_POINT('Ctrl Pts',(-36.5150466210611,-10.0004002770232,-13.784953378941));
#2523=CARTESIAN_POINT('Ctrl Pts',(-36.5165113186826,-10.0004002770232,-13.7864180765625));
#2524=CARTESIAN_POINT('Ctrl Pts',(-36.5179747644863,-10.0004002770232,-13.7878840163217));
#2525=CARTESIAN_POINT('Ctrl Pts',(-36.6124003593661,-10.0004002770232,-13.882633088182));
#2526=CARTESIAN_POINT('Ctrl Pts',(-36.7092372524464,-10.0004002770232,-13.9899462138239));
#2527=CARTESIAN_POINT('Ctrl Pts',(-36.7999999999997,-10.0004002770232,-14.113060540882));
#2528=CARTESIAN_POINT('',(-37.1675729481981,-10.2426342231563,-13.784953378941));
#2529=CARTESIAN_POINT('Ctrl Pts',(-36.7999999999997,-10.0004002770232,-14.113060540882));
#2530=CARTESIAN_POINT('Ctrl Pts',(-36.8349914527284,-10.0004002770232,-14.1605243877973));
#2531=CARTESIAN_POINT('Ctrl Pts',(-36.8749419873164,-10.0053202933086,-14.2004796654278));
#2532=CARTESIAN_POINT('Ctrl Pts',(-36.9393429107272,-10.0245601364332,-14.2490769330801));
#2533=CARTESIAN_POINT('Ctrl Pts',(-36.9634936644201,-10.034459318637,-14.2633520318819));
#2534=CARTESIAN_POINT('Ctrl Pts',(-37.0017680971657,-10.0545548491784,-14.278484143298));
#2535=CARTESIAN_POINT('Ctrl Pts',(-37.0177284117233,-10.0643167416704,-14.282439855789));
#2536=CARTESIAN_POINT('Ctrl Pts',(-37.045942872543,-10.0845492857256,-14.2826400833341));
#2537=CARTESIAN_POINT('Ctrl Pts',(-37.057856578143,-10.0942492191925,-14.2800334414249));
#2538=CARTESIAN_POINT('Ctrl Pts',(-37.0815054353887,-10.115709355685,-14.2679144317724));
#2539=CARTESIAN_POINT('Ctrl Pts',(-37.0920132368991,-10.1267031339213,-14.2578268536502));
#2540=CARTESIAN_POINT('Ctrl Pts',(-37.1149418568337,-10.1528807678717,-14.2256688874756));
#2541=CARTESIAN_POINT('Ctrl Pts',(-37.1248345736183,-10.1666058155406,-14.2002290137039));
#2542=CARTESIAN_POINT('Ctrl Pts',(-37.1383051023625,-10.1866997782136,-14.1533210600026));
#2543=CARTESIAN_POINT('Ctrl Pts',(-37.1430260351306,-10.1945086707778,-14.1307723151821));
#2544=CARTESIAN_POINT('Ctrl Pts',(-37.1520649142514,-10.2102402600556,-14.0773048168647));
#2545=CARTESIAN_POINT('Ctrl Pts',(-37.1558411401247,-10.2175936087146,-14.0447627090046));
#2546=CARTESIAN_POINT('Ctrl Pts',(-37.1651709065583,-10.2364944564848,-13.9391800989748));
#2547=CARTESIAN_POINT('Ctrl Pts',(-37.1675729481981,-10.2426342231563,-13.8605184338978));
#2548=CARTESIAN_POINT('Ctrl Pts',(-37.1675729481981,-10.2426342231563,-13.784953378941));
#2549=CARTESIAN_POINT('Ctrl Pts',(-37.1659260888619,-10.2401162802281,-13.7837606327455));
#2550=CARTESIAN_POINT('Ctrl Pts',(-37.1659145618797,-10.2400956325556,-13.7597382894466));
#2551=CARTESIAN_POINT('Ctrl Pts',(-37.1661186422765,-10.23989449318,-13.7356836812027));
#2552=CARTESIAN_POINT('Ctrl Pts',(-37.1665303000631,-10.239509685078,-13.711651443509));
#2553=CARTESIAN_POINT('Ctrl Pts',(-37.1671376980431,-10.2389419036067,-13.6761920568436));
#2554=CARTESIAN_POINT('Ctrl Pts',(-37.1681986498781,-10.2379851295095,-13.6409871465748));
#2555=CARTESIAN_POINT('Ctrl Pts',(-37.1696276933074,-10.2366140759985,-13.6058440825084));
#2556=CARTESIAN_POINT('Ctrl Pts',(-37.1710360245041,-10.2352628942272,-13.5712103740736));
#2557=CARTESIAN_POINT('Ctrl Pts',(-37.1728011457938,-10.2335217185544,-13.5368106521307));
#2558=CARTESIAN_POINT('Ctrl Pts',(-37.1747602367632,-10.2313196208868,-13.5025789807862));
#2559=CARTESIAN_POINT('Ctrl Pts',(-37.1767347104081,-10.2291002324685,-13.4680785242251));
#2560=CARTESIAN_POINT('Ctrl Pts',(-37.1789057045074,-10.2264126183812,-13.4337487694653));
#2561=CARTESIAN_POINT('Ctrl Pts',(-37.181103150274,-10.223174737153,-13.3995738948282));
#2562=CARTESIAN_POINT('Ctrl Pts',(-37.1813656860799,-10.222787897227,-13.3954909143102));
#2563=CARTESIAN_POINT('Ctrl Pts',(-37.1816286007409,-10.2223931925422,-13.3914102047185));
#2564=CARTESIAN_POINT('Ctrl Pts',(-37.1818916062721,-10.2219904750373,-13.3873317879724));
#2565=CARTESIAN_POINT('Ctrl Pts',(-37.1836580496067,-10.2192856739294,-13.3599396185258));
#2566=CARTESIAN_POINT('Ctrl Pts',(-37.1856212683365,-10.2161081032987,-13.3308016716047));
#2567=CARTESIAN_POINT('Ctrl Pts',(-37.1875348857527,-10.2121666305749,-13.3002359153167));
#2568=CARTESIAN_POINT('Ctrl Pts',(-37.1891847164036,-10.2087684787531,-13.2738835623519));
#2569=CARTESIAN_POINT('Ctrl Pts',(-37.1907972277846,-10.2048015420066,-13.2464712822007));
#2570=CARTESIAN_POINT('Ctrl Pts',(-37.192243698172,-10.2001391515089,-13.2182031317825));
#2571=CARTESIAN_POINT('Ctrl Pts',(-37.1936579465836,-10.1955806217157,-13.1905646905279));
#2572=CARTESIAN_POINT('Ctrl Pts',(-37.1949133292967,-10.1903570828512,-13.16210800106));
#2573=CARTESIAN_POINT('Ctrl Pts',(-37.1959109986388,-10.1843891339275,-13.133044003817));
#2574=CARTESIAN_POINT('Ctrl Pts',(-37.1968894931247,-10.178535886897,-13.1045386064466));
#2575=CARTESIAN_POINT('Ctrl Pts',(-37.1976200090278,-10.1719664608496,-13.0754490785299));
#2576=CARTESIAN_POINT('Ctrl Pts',(-37.19803172829,-10.1646461104543,-13.0459942688264));
#2577=CARTESIAN_POINT('Ctrl Pts',(-37.1983031496473,-10.1598202506455,-13.0265765122097));
#2578=CARTESIAN_POINT('Ctrl Pts',(-37.1984364863158,-10.1546688723158,-13.0070004215738));
#2579=CARTESIAN_POINT('Ctrl Pts',(-37.198417145597,-10.1491921125496,-12.9873332091222));
#2580=CARTESIAN_POINT('Origin',(-18.1000000000012,19.9995997229768,-10.0000000000004));
#2581=CARTESIAN_POINT('',(-18.1500000000003,-2.0004002770232,-10.0000000000004));
#2582=CARTESIAN_POINT('',(-18.1000000000012,19.9995997229768,-10.0000000000004));
#2583=CARTESIAN_POINT('Origin',(-18.1000000000017,19.9995997229768,9.99999999999957));
#2584=CARTESIAN_POINT('',(-34.1000000000012,19.9995997229768,-10.0000000000008));
#2585=CARTESIAN_POINT('',(-2.10000000000118,19.9995997229768,-10.));
#2586=CARTESIAN_POINT('Origin',(-34.1000000000015,9.99959972297683,-8.28226376370367E-13));
#2587=CARTESIAN_POINT('',(-34.1000000000017,-2.0004002770232,8.99999999999918));
#2588=CARTESIAN_POINT('',(-34.1000000000015,-2.0004002770232,-6.53237880454704E-13));
#2589=CARTESIAN_POINT('',(-34.1000000000017,4.99959972297683,8.99999999999917));
#2590=CARTESIAN_POINT('Origin',(-35.6500000000015,-6.0004002770232,-6.91634249871975E-13));
#2591=CARTESIAN_POINT('',(-37.1999999999721,-10.0004002769465,12.3197554568508));
#2592=CARTESIAN_POINT('',(-37.1999999999997,-10.0004002770232,-7.75000000000005));
#2593=CARTESIAN_POINT('',(-36.9525119137583,-9.36172134478184,11.920070448572));
#2594=CARTESIAN_POINT('Ctrl Pts',(-36.9525119137583,-9.36172134478185,11.920070448572));
#2595=CARTESIAN_POINT('Ctrl Pts',(-37.0422269365768,-9.59324398431353,12.0097854713905));
#2596=CARTESIAN_POINT('Ctrl Pts',(-37.1264316085489,-9.8105463635963,12.1482566305447));
#2597=CARTESIAN_POINT('Ctrl Pts',(-37.1989292953783,-9.99763716831745,12.3231550071208));
#2598=CARTESIAN_POINT('',(-34.0978580417635,-1.99487264286021,9.06541657657741));
#2599=CARTESIAN_POINT('',(-34.0803714549453,-1.94974596720037,9.04792998975922));
#2600=CARTESIAN_POINT('Origin',(-33.1000000000017,0.580244884267125,8.9999999999992));
#2601=CARTESIAN_POINT('Origin',(-37.1999999999997,-13.8314002770232,-15.5));
#2602=CARTESIAN_POINT('',(-37.1999999999997,-10.4004002770232,-13.784953378941));
#2603=CARTESIAN_POINT('Origin',(-37.1999999999997,-9.0004002770232,-13.7849533789405));
#2604=CARTESIAN_POINT('',(-37.1999999999997,-10.4004002770232,-14.5));
#2605=CARTESIAN_POINT('',(-37.1999999999997,-10.4004002770232,-7.75000000000005));
#2606=CARTESIAN_POINT('',(-37.1999999999997,-11.0004002770232,-15.1));
#2607=CARTESIAN_POINT('Origin',(-37.1999999999997,-11.0004002770232,-14.5));
#2608=CARTESIAN_POINT('',(-37.1999999999997,-18.7360502077674,-15.1));
#2609=CARTESIAN_POINT('',(-37.1999999999997,-11.0004002770232,15.1));
#2610=CARTESIAN_POINT('',(-37.1999999999997,-18.7360502077674,15.1));
#2611=CARTESIAN_POINT('',(-37.1999999999997,-10.4004002770232,14.5));
#2612=CARTESIAN_POINT('Origin',(-37.1999999999997,-11.0004002770232,14.5));
#2613=CARTESIAN_POINT('',(-37.1999999999997,-10.4004002770232,13.7849533789392));
#2614=CARTESIAN_POINT('',(-37.1999999999997,-10.4004002770232,-7.75000000000005));
#2615=CARTESIAN_POINT('',(-37.1999999999997,-10.1504887130543,12.986644798685));
#2616=CARTESIAN_POINT('Origin',(-37.1999999999997,-9.0004002770232,13.7849533789397));
#2617=CARTESIAN_POINT('Ctrl Pts',(-37.1999999999997,-10.0004002770178,12.3197554569876));
#2618=CARTESIAN_POINT('Ctrl Pts',(-37.1999999999997,-10.0004002770178,12.4098061399891));
#2619=CARTESIAN_POINT('Ctrl Pts',(-37.1999999999997,-10.019553761617,12.5087200318531));
#2620=CARTESIAN_POINT('Ctrl Pts',(-37.1999999999997,-10.0744900387251,12.7261787403205));
#2621=CARTESIAN_POINT('Ctrl Pts',(-37.1999999999997,-10.1132456411328,12.8505605709259));
#2622=CARTESIAN_POINT('Ctrl Pts',(-37.1999999999997,-10.1504887130543,12.986644798685));
#2623=CARTESIAN_POINT('',(-37.1999999999997,-21.,-11.5));
#2624=CARTESIAN_POINT('Origin',(-37.1999999999997,-21.,-10.15));
#2625=CARTESIAN_POINT('',(-37.1999999999997,-21.,9.00000000000002));
#2626=CARTESIAN_POINT('Origin',(-37.1999999999997,-21.,10.35));
#2627=CARTESIAN_POINT('Origin',(-33.1000000000017,4.99959972297683,8.9999999999992));
#2628=CARTESIAN_POINT('Origin',(-33.1000000000017,-2.18737673880405,8.9999999999992));
#2629=CARTESIAN_POINT('Origin',(-33.1479299897617,-2.31106703495901,9.04792998975924));
#2630=CARTESIAN_POINT('Origin',(-36.0200704485746,-9.72304241254049,11.920070448572));
#2631=CARTESIAN_POINT('Ctrl Pts',(-36.4618761299814,-9.93179319175828,14.1489688159488));
#2632=CARTESIAN_POINT('Ctrl Pts',(-36.5260559323851,-10.014605840021,13.9370791376538));
#2633=CARTESIAN_POINT('Ctrl Pts',(-36.5376749269555,-10.0295980910796,13.3637639267795));
#2634=CARTESIAN_POINT('Ctrl Pts',(-36.2269334319024,-9.62864132326921,12.9559434054195));
#2635=CARTESIAN_POINT('Ctrl Pts',(-36.0200704485747,-9.36172134478185,12.8525119137556));
#2636=CARTESIAN_POINT('Ctrl Pts',(-36.6934059908893,-9.91990493105049,14.1793868715201));
#2637=CARTESIAN_POINT('Ctrl Pts',(-36.7541776953411,-10.0167692816567,13.9523283572909));
#2638=CARTESIAN_POINT('Ctrl Pts',(-36.7650339678662,-10.0339817453983,13.3195619655205));
#2639=CARTESIAN_POINT('Ctrl Pts',(-36.4704945633525,-9.56552866120552,12.9021455628938));
#2640=CARTESIAN_POINT('Ctrl Pts',(-36.2780102947719,-9.27481863882219,12.8188371151962));
#2641=CARTESIAN_POINT('Ctrl Pts',(-37.0969346586201,-10.0386238194264,14.286898576706));
#2642=CARTESIAN_POINT('Ctrl Pts',(-37.1520732981505,-10.164742732408,13.9979431628885));
#2643=CARTESIAN_POINT('Ctrl Pts',(-37.1620637733373,-10.1873668043725,13.1914258734123));
#2644=CARTESIAN_POINT('Ctrl Pts',(-36.8951719337264,-9.57692271007541,12.665519780615));
#2645=CARTESIAN_POINT('Ctrl Pts',(-36.7259337075603,-9.1994298058403,12.5654655294578));
#2646=CARTESIAN_POINT('Ctrl Pts',(-37.3358797102131,-10.3510575936976,14.4451941181514));
#2647=CARTESIAN_POINT('Ctrl Pts',(-37.3956835420825,-10.5054738187395,14.0618185557898));
#2648=CARTESIAN_POINT('Ctrl Pts',(-37.4064053559812,-10.5334133792393,13.0172094779689));
#2649=CARTESIAN_POINT('Ctrl Pts',(-37.1166976118455,-9.78591333811386,12.2884545557097));
#2650=CARTESIAN_POINT('Ctrl Pts',(-36.9272558148387,-9.2965443153121,12.1135253332199));
#2651=CARTESIAN_POINT('Ctrl Pts',(-37.394317595165,-10.5018650387347,14.5129842529584));
#2652=CARTESIAN_POINT('Ctrl Pts',(-37.4584973975687,-10.6674903352602,14.0892048963685));
#2653=CARTESIAN_POINT('Ctrl Pts',(-37.4701163921391,-10.6974748373774,12.9425744746197));
#2654=CARTESIAN_POINT('Ctrl Pts',(-37.159374897086,-9.89556130175658,12.1269334318997));
#2655=CARTESIAN_POINT('Ctrl Pts',(-36.9525119137583,-9.36172134478185,11.920070448572));
#2656=CARTESIAN_POINT('',(-36.7999999999997,-10.0004002770232,14.1130605408793));
#2657=CARTESIAN_POINT('Ctrl Pts',(-36.7999999999997,-10.0004002770232,14.1130605408793));
#2658=CARTESIAN_POINT('Ctrl Pts',(-36.7082518329444,-10.0004002770232,13.9886095502436));
#2659=CARTESIAN_POINT('Ctrl Pts',(-36.6109216268543,-10.0004002770232,13.8811493288798));
#2660=CARTESIAN_POINT('Ctrl Pts',(-36.5179751262451,-10.0004002770232,13.7878843786949));
#2661=CARTESIAN_POINT('Ctrl Pts',(-36.5165114996349,-10.0004002770232,13.7864182575123));
#2662=CARTESIAN_POINT('Ctrl Pts',(-36.5150466210617,-10.0004002770232,13.7849533789392));
#2663=CARTESIAN_POINT('',(-37.1675729481977,-10.2426342231553,13.7849533789392));
#2664=CARTESIAN_POINT('Ctrl Pts',(-37.1999999999997,-10.1504887130543,12.986644798685));
#2665=CARTESIAN_POINT('Ctrl Pts',(-37.1999999999997,-10.2061715555461,13.1901069791384));
#2666=CARTESIAN_POINT('Ctrl Pts',(-37.1806598994373,-10.22853835814,13.3959031327687));
#2667=CARTESIAN_POINT('Ctrl Pts',(-37.1707666147066,-10.2394686060078,13.6173729771752));
#2668=CARTESIAN_POINT('Ctrl Pts',(-37.1694854629895,-10.2407571661323,13.6536930760372));
#2669=CARTESIAN_POINT('Ctrl Pts',(-37.1682794892916,-10.2419509334064,13.7069223126903));
#2670=CARTESIAN_POINT('Ctrl Pts',(-37.1679957545415,-10.2422261814369,13.7237041508175));
#2671=CARTESIAN_POINT('Ctrl Pts',(-37.1676536892064,-10.2425569237095,13.7553230888157));
#2672=CARTESIAN_POINT('Ctrl Pts',(-37.1675729481975,-10.2426342231552,13.7701322910422));
#2673=CARTESIAN_POINT('Ctrl Pts',(-37.1675729481975,-10.2426342231552,13.7849533789392));
#2674=CARTESIAN_POINT('Ctrl Pts',(-37.1675729481977,-10.2426342231553,13.7849533789392));
#2675=CARTESIAN_POINT('Ctrl Pts',(-37.1675729481977,-10.2426342231553,13.8863383421545));
#2676=CARTESIAN_POINT('Ctrl Pts',(-37.1633022354362,-10.2316509296069,13.9837537875856));
#2677=CARTESIAN_POINT('Ctrl Pts',(-37.1500696702001,-10.2067636877346,14.0895585910345));
#2678=CARTESIAN_POINT('Ctrl Pts',(-37.1461714130638,-10.1997545077835,14.1145804352076));
#2679=CARTESIAN_POINT('Ctrl Pts',(-37.1361880128544,-10.1834509585114,14.1617201860031));
#2680=CARTESIAN_POINT('Ctrl Pts',(-37.1299143030285,-10.1737916304489,14.1850586564304));
#2681=CARTESIAN_POINT('Ctrl Pts',(-37.1133436534245,-10.1513838565872,14.2267791433731));
#2682=CARTESIAN_POINT('Ctrl Pts',(-37.1027068515367,-10.1381077728856,14.2461255906586));
#2683=CARTESIAN_POINT('Ctrl Pts',(-37.0795706341865,-10.1140422217721,14.268749010286));
#2684=CARTESIAN_POINT('Ctrl Pts',(-37.0696392544959,-10.1045706617154,14.2750964020293));
#2685=CARTESIAN_POINT('Ctrl Pts',(-37.0478009800842,-10.0861013762177,14.282227244076));
#2686=CARTESIAN_POINT('Ctrl Pts',(-37.0366438967529,-10.0776010012674,14.2832060489391));
#2687=CARTESIAN_POINT('Ctrl Pts',(-37.0105016400838,-10.0598202432372,14.2808292209148));
#2688=CARTESIAN_POINT('Ctrl Pts',(-36.995657586944,-10.051133406069,14.2764377672513));
#2689=CARTESIAN_POINT('Ctrl Pts',(-36.9585425183623,-10.0322970886173,14.2606358595562));
#2690=CARTESIAN_POINT('Ctrl Pts',(-36.9360397949667,-10.0236030181057,14.2465390701735));
#2691=CARTESIAN_POINT('Ctrl Pts',(-36.8804272320032,-10.0069111667667,14.2046918871754));
#2692=CARTESIAN_POINT('Ctrl Pts',(-36.8454266487398,-10.0017056313662,14.1708352753349));
#2693=CARTESIAN_POINT('Ctrl Pts',(-36.8089039240994,-10.0004730436062,14.124907745778));
#2694=CARTESIAN_POINT('Ctrl Pts',(-36.8044045532082,-10.0004002770232,14.1190350581661));
#2695=CARTESIAN_POINT('Ctrl Pts',(-36.7999999999997,-10.0004002770232,14.1130605408793));
#2696=CARTESIAN_POINT('Origin',(-18.1999999999997,-10.0004002770232,-8.43769498715119E-14));
#2697=CARTESIAN_POINT('',(-36.7999999999997,-10.0004002770232,14.5));
#2698=CARTESIAN_POINT('',(-36.7999999999997,-10.0004002770232,-7.75000000000005));
#2699=CARTESIAN_POINT('',(1.40000000000031,-10.0004002770232,14.5));
#2700=CARTESIAN_POINT('',(-18.1999999999997,-10.0004002770232,14.5));
#2701=CARTESIAN_POINT('',(1.40000000000031,-10.0004002770232,-14.5));
#2702=CARTESIAN_POINT('',(1.40000000000031,-10.0004002770232,7.74999999999989));
#2703=CARTESIAN_POINT('',(-36.7999999999997,-10.0004002770232,-14.5));
#2704=CARTESIAN_POINT('',(-18.1999999999997,-10.0004002770232,-14.5));
#2705=CARTESIAN_POINT('',(-36.7999999999997,-10.0004002770232,-7.75000000000005));
#2706=CARTESIAN_POINT('Origin',(-36.7999999999997,-10.4004002770232,-7.75000000000005));
#2707=CARTESIAN_POINT('Origin',(-36.7999999999997,-10.4004002770232,13.7849533789392));
#2708=CARTESIAN_POINT('Origin',(-36.7999999999997,-10.4004002770232,14.5));
#2709=CARTESIAN_POINT('Origin',(-36.7999999999997,-18.7360502077674,15.1));
#2710=CARTESIAN_POINT('',(-36.7999999999997,-11.0004002770232,15.5));
#2711=CARTESIAN_POINT('',(-36.7999999999997,-18.7360502077674,15.5));
#2712=CARTESIAN_POINT('Origin',(-36.7999999999997,-11.0004002770232,15.1));
#2713=CARTESIAN_POINT('Origin',(-36.7999999999997,-11.0004002770232,14.5));
#2714=CARTESIAN_POINT('Origin',(-36.7999999999997,-11.0004002770232,14.5));
#2715=CARTESIAN_POINT('Origin',(-36.7999999999997,-9.0004002770232,13.7849533789397));
#2716=CARTESIAN_POINT('Origin',(-36.7999999999997,-18.7360502077674,-15.1));
#2717=CARTESIAN_POINT('',(-36.7999999999997,-11.0004002770232,-15.5));
#2718=CARTESIAN_POINT('Origin',(-36.7999999999997,-11.0004002770232,-15.1));
#2719=CARTESIAN_POINT('',(-36.7999999999997,-18.7360502077674,-15.5));
#2720=CARTESIAN_POINT('Origin',(-36.7999999999997,-11.0004002770232,-14.5));
#2721=CARTESIAN_POINT('Origin',(-36.7999999999997,-10.4004002770232,-14.5));
#2722=CARTESIAN_POINT('Origin',(-36.7999999999997,-11.0004002770232,-14.5));
#2723=CARTESIAN_POINT('Origin',(-36.7999999999997,-10.4004002770232,-7.75000000000005));
#2724=CARTESIAN_POINT('Origin',(-36.7999999999997,-10.4004002770232,-13.784953378941));
#2725=CARTESIAN_POINT('Origin',(-36.7999999999997,-9.0004002770232,-13.7849533789405));
#2726=CARTESIAN_POINT('Origin',(1.40000000000031,-18.7360502077674,15.1));
#2727=CARTESIAN_POINT('',(1.80000000000031,-11.0004002770232,15.1));
#2728=CARTESIAN_POINT('',(1.80000000000031,-18.7360502077674,15.1));
#2729=CARTESIAN_POINT('',(1.40000000000031,-11.0004002770232,15.5));
#2730=CARTESIAN_POINT('Origin',(1.40000000000031,-11.0004002770232,15.1));
#2731=CARTESIAN_POINT('',(1.40000000000031,-18.7360502077674,15.5));
#2732=CARTESIAN_POINT('Origin',(1.40000000000031,-11.0004002770232,14.5));
#2733=CARTESIAN_POINT('',(1.80000000000031,-10.4004002770232,14.5));
#2734=CARTESIAN_POINT('Origin',(1.40000000000031,-10.4004002770232,14.5));
#2735=CARTESIAN_POINT('Origin',(1.40000000000031,-11.0004002770232,14.5));
#2736=CARTESIAN_POINT('Origin',(1.80000000000031,-11.0004002770232,14.5));
#2737=CARTESIAN_POINT('Origin',(1.40000000000031,-10.4004002770232,7.74999999999989));
#2738=CARTESIAN_POINT('',(1.80000000000031,-10.4004002770232,-14.5));
#2739=CARTESIAN_POINT('Origin',(1.40000000000031,-10.4004002770232,-14.5));
#2740=CARTESIAN_POINT('',(1.80000000000031,-10.4004002770232,7.74999999999989));
#2741=CARTESIAN_POINT('Origin',(1.40000000000031,-11.0004002770232,-14.5));
#2742=CARTESIAN_POINT('',(1.80000000000031,-11.0004002770232,-15.1));
#2743=CARTESIAN_POINT('',(1.40000000000031,-11.0004002770232,-15.5));
#2744=CARTESIAN_POINT('Origin',(1.40000000000031,-11.0004002770232,-15.1));
#2745=CARTESIAN_POINT('Origin',(1.40000000000031,-11.0004002770232,-14.5));
#2746=CARTESIAN_POINT('Origin',(1.80000000000031,-11.0004002770232,-14.5));
#2747=CARTESIAN_POINT('Origin',(1.40000000000031,-18.7360502077674,-15.1));
#2748=CARTESIAN_POINT('',(1.40000000000031,-18.7360502077674,-15.5));
#2749=CARTESIAN_POINT('',(1.80000000000031,-18.7360502077674,-15.1));
#2750=CARTESIAN_POINT('Origin',(1.80000000000031,-13.8314002770232,15.4999999999999));
#2751=CARTESIAN_POINT('',(1.80000000000031,-20.1,1.49999999999993));
#2752=CARTESIAN_POINT('',(1.80000000000031,-17.2,9.00000000000002));
#2753=CARTESIAN_POINT('Origin',(1.80000000000031,-17.2,10.35));
#2754=CARTESIAN_POINT('',(1.80000000000031,-17.2,-11.5));
#2755=CARTESIAN_POINT('Origin',(1.80000000000031,-17.2,-10.15));
#2756=CARTESIAN_POINT('Origin',(-18.1999999999997,-11.0004002770232,-14.5));
#2757=CARTESIAN_POINT('',(-18.1999999999997,-11.0004002770232,-15.5));
#2758=CARTESIAN_POINT('Origin',(-18.1999999999997,-11.0004002770232,14.5));
#2759=CARTESIAN_POINT('',(-18.1999999999997,-11.0004002770232,15.5));
#2760=CARTESIAN_POINT('Origin',(-18.1500000000003,-6.0004002770232,-11.5500000000004));
#2761=CARTESIAN_POINT('Origin',(-18.1999999999997,-23.6407001385116,15.5));
#2762=CARTESIAN_POINT('Origin',(-18.1999999999997,-23.6407001385116,-15.5));
#2763=CARTESIAN_POINT('Origin',(0.,-20.1,-12.5));
#2764=CARTESIAN_POINT('Origin',(-18.1999999999997,-13.8314002770232,-8.43769498715119E-14));
#2765=CARTESIAN_POINT('',(-34.6999999999993,-13.8314002770232,-7.00000000000002));
#2766=CARTESIAN_POINT('',(-33.6999999999993,-13.8314002770232,-7.00000000000002));
#2767=CARTESIAN_POINT('',(-26.4499999999995,-13.8314002770232,-7.00000000000002));
#2768=CARTESIAN_POINT('',(-33.6999999999993,-13.8314002770232,-12.4));
#2769=CARTESIAN_POINT('',(-33.6999999999993,-13.8314002770232,-3.50000000000005));
#2770=CARTESIAN_POINT('',(-18.1999999999997,-13.8314002770232,-12.4));
#2771=CARTESIAN_POINT('',(-33.6999999999993,-13.8314002770232,12.6));
#2772=CARTESIAN_POINT('',(-18.1999999999997,-13.8314002770232,12.6));
#2773=CARTESIAN_POINT('',(-33.6999999999993,-13.8314002770232,7.19999999999998));
#2774=CARTESIAN_POINT('',(-33.6999999999993,-13.8314002770232,6.24999999999995));
#2775=CARTESIAN_POINT('',(-34.6999999999993,-13.8314002770232,7.19999999999998));
#2776=CARTESIAN_POINT('',(-25.8999999999995,-13.8314002770232,7.19999999999998));
#2777=CARTESIAN_POINT('',(-34.6999999999993,-13.8314002770232,3.49999999999999));
#2778=CARTESIAN_POINT('Origin',(-18.1999999999997,-23.6407001385116,12.6));
#2779=CARTESIAN_POINT('',(-33.6999999999993,-28.5453500692558,12.6));
#2780=CARTESIAN_POINT('Origin',(-18.1999999999997,-23.6407001385116,-12.4));
#2781=CARTESIAN_POINT('',(-33.6999999999993,-28.5453500692558,-12.4));
#2782=CARTESIAN_POINT('Origin',(-34.6999999999993,-33.45,-7.00000000000002));
#2783=CARTESIAN_POINT('',(-34.6999999999993,-33.45,-7.00000000000002));
#2784=CARTESIAN_POINT('',(-33.6999999999993,-33.45,-7.00000000000002));
#2785=CARTESIAN_POINT('Origin',(-33.6999999999993,-33.45,-7.00000000000002));
#2786=CARTESIAN_POINT('',(-33.6999999999993,-21.,-11.5));
#2787=CARTESIAN_POINT('Origin',(-33.6999999999993,-21.,-10.15));
#2788=CARTESIAN_POINT('Origin',(-39.3999999999993,-21.,10.35));
#2789=CARTESIAN_POINT('',(-33.6999999999993,-21.,9.00000000000002));
#2790=CARTESIAN_POINT('',(-39.3999999999993,-21.,9.00000000000002));
#2791=CARTESIAN_POINT('Origin',(-33.6999999999993,-21.,10.35));
#2792=CARTESIAN_POINT('Origin',(-39.3999999999993,-21.,-10.15));
#2793=CARTESIAN_POINT('',(-39.3999999999993,-21.,-11.5));
#2794=CARTESIAN_POINT('Origin',(-1.64123743926399E-28,-17.2,10.35));
#2795=CARTESIAN_POINT('',(-1.64123743926399E-28,-17.2,9.00000000000002));
#2796=CARTESIAN_POINT('Origin',(-2.71700952090425E-29,-17.2,-10.15));
#2797=CARTESIAN_POINT('',(-2.71700952090425E-29,-17.2,-11.5));
#2798=CARTESIAN_POINT('Origin',(-33.6999999999993,-33.45,12.5));
#2799=CARTESIAN_POINT('',(-33.6999999999993,-33.45,7.19999999999998));
#2800=CARTESIAN_POINT('Origin',(-33.5999999999993,-33.45,7.19999999999998));
#2801=CARTESIAN_POINT('',(-34.6999999999993,-33.45,7.19999999999998));
#2802=CARTESIAN_POINT('Origin',(-34.6999999999993,-33.45,6.99999999999998));
#2803=CARTESIAN_POINT('Origin',(-2.10000000000144,9.99959972297678,-3.5527136788005E-14));
#2804=UNCERTAINTY_MEASURE_WITH_UNIT(LENGTH_MEASURE(0.01),#2808,
'DISTANCE_ACCURACY_VALUE',
'Maximum model space distance between geometric entities at asserted c
onnectivities');
#2805=UNCERTAINTY_MEASURE_WITH_UNIT(LENGTH_MEASURE(0.01),#2808,
'DISTANCE_ACCURACY_VALUE',
'Maximum model space distance between geometric entities at asserted c
onnectivities');
#2806=(
GEOMETRIC_REPRESENTATION_CONTEXT(3)
GLOBAL_UNCERTAINTY_ASSIGNED_CONTEXT((#2804))
GLOBAL_UNIT_ASSIGNED_CONTEXT((#2808,#2810,#2811))
REPRESENTATION_CONTEXT('','3D')
);
#2807=(
GEOMETRIC_REPRESENTATION_CONTEXT(3)
GLOBAL_UNCERTAINTY_ASSIGNED_CONTEXT((#2805))
GLOBAL_UNIT_ASSIGNED_CONTEXT((#2808,#2810,#2811))
REPRESENTATION_CONTEXT('','3D')
);
#2808=(
LENGTH_UNIT()
NAMED_UNIT(*)
SI_UNIT(.MILLI.,.METRE.)
);
#2809=(
LENGTH_UNIT()
NAMED_UNIT(*)
SI_UNIT($,.METRE.)
);
#2810=(
NAMED_UNIT(*)
PLANE_ANGLE_UNIT()
SI_UNIT($,.RADIAN.)
);
#2811=(
NAMED_UNIT(*)
SI_UNIT($,.STERADIAN.)
SOLID_ANGLE_UNIT()
);
#2812=SHAPE_DEFINITION_REPRESENTATION(#2813,#2814);
#2813=PRODUCT_DEFINITION_SHAPE('',$,#2816);
#2814=SHAPE_REPRESENTATION('',(#1543),#2806);
#2815=PRODUCT_DEFINITION_CONTEXT('part definition',#2820,'design');
#2816=PRODUCT_DEFINITION('calf','calf v20',#2817,#2815);
#2817=PRODUCT_DEFINITION_FORMATION('',$,#2822);
#2818=PRODUCT_RELATED_PRODUCT_CATEGORY('calf v20','calf v20',(#2822));
#2819=APPLICATION_PROTOCOL_DEFINITION('international standard',
'automotive_design',2009,#2820);
#2820=APPLICATION_CONTEXT(
'Core Data for Automotive Mechanical Design Process');
#2821=PRODUCT_CONTEXT('part definition',#2820,'mechanical');
#2822=PRODUCT('calf','calf v20',$,(#2821));
#2823=PRESENTATION_STYLE_ASSIGNMENT((#2825));
#2824=PRESENTATION_STYLE_ASSIGNMENT((#2826));
#2825=SURFACE_STYLE_USAGE(.BOTH.,#2827);
#2826=SURFACE_STYLE_USAGE(.BOTH.,#2828);
#2827=SURFACE_SIDE_STYLE('',(#2829));
#2828=SURFACE_SIDE_STYLE('',(#2830));
#2829=SURFACE_STYLE_FILL_AREA(#2831);
#2830=SURFACE_STYLE_FILL_AREA(#2832);
#2831=FILL_AREA_STYLE('\X2\AC15CCA0\X0\ - \X2\C0C8D2F4\X0\',(#2833));
#2832=FILL_AREA_STYLE('ABS(\X2\D770C0C9\X0\)',(#2834));
#2833=FILL_AREA_STYLE_COLOUR('\X2\AC15CCA0\X0\ - \X2\C0C8D2F4\X0\',#2835);
#2834=FILL_AREA_STYLE_COLOUR('ABS(\X2\D770C0C9\X0\)',#2836);
#2835=COLOUR_RGB('\X2\AC15CCA0\X0\ - \X2\C0C8D2F4\X0\',0.627450980392157,
0.627450980392157,0.627450980392157);
#2836=COLOUR_RGB('ABS(\X2\D770C0C9\X0\)',0.215686274509804,0.215686274509804,
0.215686274509804);
ENDSEC;
END-ISO-10303-21;
