ISO-10303-21;
HEADER;
/* Generated by software containing ST-Developer
 * from STEP Tools, Inc. (www.steptools.com) 
 */

FILE_DESCRIPTION(
/* description */ (''),
/* implementation_level */ '2;1');

FILE_NAME(
/* name */ 'hip pitch mount.step',
/* time_stamp */ '2026-10-07T11:32:26+09:00',
/* author */ (''),
/* organization */ (''),
/* preprocessor_version */ 'ST-DEVELOPER v20.2',
/* originating_system */ 'Autodesk Translation Framework v15.15.0.0',
/* authorisation */ '');

FILE_SCHEMA (('AUTOMOTIVE_DESIGN { 1 0 10303 214 3 1 1 }'));
ENDSEC;

DATA;
#10=MECHANICAL_DESIGN_GEOMETRIC_PRESENTATION_REPRESENTATION('',(#13),#2361);
#11=SHAPE_REPRESENTATION_RELATIONSHIP('SRR','None',#2368,#12);
#12=ADVANCED_BREP_SHAPE_REPRESENTATION('',(#14),#2360);
#13=STYLED_ITEM('',(#2378),#14);
#14=MANIFOLD_SOLID_BREP('thigh mount',#1229);
#15=FACE_BOUND('',#332,.T.);
#16=FACE_BOUND('',#334,.T.);
#17=FACE_BOUND('',#336,.T.);
#18=FACE_BOUND('',#338,.T.);
#19=FACE_BOUND('',#340,.T.);
#20=FACE_BOUND('',#344,.T.);
#21=FACE_BOUND('',#345,.T.);
#22=FACE_BOUND('',#346,.T.);
#23=FACE_BOUND('',#362,.T.);
#24=FACE_BOUND('',#363,.T.);
#25=FACE_BOUND('',#364,.T.);
#26=FACE_BOUND('',#365,.T.);
#27=FACE_BOUND('',#366,.T.);
#28=FACE_BOUND('',#368,.T.);
#29=FACE_BOUND('',#369,.T.);
#30=FACE_BOUND('',#370,.T.);
#31=FACE_BOUND('',#371,.T.);
#32=FACE_BOUND('',#372,.T.);
#33=FACE_BOUND('',#380,.T.);
#34=FACE_BOUND('',#381,.T.);
#35=FACE_BOUND('',#382,.T.);
#36=FACE_BOUND('',#383,.T.);
#37=FACE_BOUND('',#384,.T.);
#38=FACE_BOUND('',#389,.T.);
#39=FACE_BOUND('',#390,.T.);
#40=FACE_BOUND('',#391,.T.);
#41=FACE_BOUND('',#392,.T.);
#42=FACE_BOUND('',#393,.T.);
#43=PLANE('',#1276);
#44=PLANE('',#1279);
#45=PLANE('',#1299);
#46=PLANE('',#1305);
#47=PLANE('',#1327);
#48=PLANE('',#1338);
#49=PLANE('',#1340);
#50=PLANE('',#1342);
#51=PLANE('',#1344);
#52=PLANE('',#1346);
#53=PLANE('',#1350);
#54=PLANE('',#1353);
#55=PLANE('',#1361);
#56=PLANE('',#1363);
#57=PLANE('',#1383);
#58=PLANE('',#1384);
#59=PLANE('',#1402);
#60=PLANE('',#1410);
#61=TOROIDAL_SURFACE('',#1246,4.,1.);
#62=TOROIDAL_SURFACE('',#1252,4.,1.);
#63=TOROIDAL_SURFACE('',#1258,10.5,1.);
#64=TOROIDAL_SURFACE('',#1264,4.,1.);
#65=TOROIDAL_SURFACE('',#1270,4.,1.);
#66=TOROIDAL_SURFACE('',#1280,13.5,2.);
#67=TOROIDAL_SURFACE('',#1288,4.,1.);
#68=TOROIDAL_SURFACE('',#1294,10.5,1.);
#69=TOROIDAL_SURFACE('',#1314,4.,1.);
#70=TOROIDAL_SURFACE('',#1320,4.,1.);
#71=TOROIDAL_SURFACE('',#1332,4.,1.);
#72=TOROIDAL_SURFACE('',#1406,10.5,1.);
#73=LINE('',#1876,#135);
#74=LINE('',#1877,#136);
#75=LINE('',#1888,#137);
#76=LINE('',#1889,#138);
#77=LINE('',#1900,#139);
#78=LINE('',#1901,#140);
#79=LINE('',#1912,#141);
#80=LINE('',#1913,#142);
#81=LINE('',#1924,#143);
#82=LINE('',#1925,#144);
#83=LINE('',#1936,#145);
#84=LINE('',#1937,#146);
#85=LINE('',#1997,#147);
#86=LINE('',#1999,#148);
#87=LINE('',#2001,#149);
#88=LINE('',#2003,#150);
#89=LINE('',#2004,#151);
#90=LINE('',#2007,#152);
#91=LINE('',#2011,#153);
#92=LINE('',#2013,#154);
#93=LINE('',#2015,#155);
#94=LINE('',#2016,#156);
#95=LINE('',#2022,#157);
#96=LINE('',#2026,#158);
#97=LINE('',#2030,#159);
#98=LINE('',#2118,#160);
#99=LINE('',#2120,#161);
#100=LINE('',#2122,#162);
#101=LINE('',#2141,#163);
#102=LINE('',#2144,#164);
#103=LINE('',#2145,#165);
#104=LINE('',#2175,#166);
#105=LINE('',#2185,#167);
#106=LINE('',#2210,#168);
#107=LINE('',#2220,#169);
#108=LINE('',#2237,#170);
#109=LINE('',#2239,#171);
#110=LINE('',#2245,#172);
#111=LINE('',#2246,#173);
#112=LINE('',#2252,#174);
#113=LINE('',#2262,#175);
#114=LINE('',#2263,#176);
#115=LINE('',#2266,#177);
#116=LINE('',#2269,#178);
#117=LINE('',#2271,#179);
#118=LINE('',#2273,#180);
#119=LINE('',#2275,#181);
#120=LINE('',#2280,#182);
#121=LINE('',#2286,#183);
#122=LINE('',#2292,#184);
#123=LINE('',#2298,#185);
#124=LINE('',#2304,#186);
#125=LINE('',#2307,#187);
#126=LINE('',#2311,#188);
#127=LINE('',#2313,#189);
#128=LINE('',#2315,#190);
#129=LINE('',#2321,#191);
#130=LINE('',#2327,#192);
#131=LINE('',#2333,#193);
#132=LINE('',#2339,#194);
#133=LINE('',#2345,#195);
#134=LINE('',#2348,#196);
#135=VECTOR('',#1419,10.);
#136=VECTOR('',#1420,10.);
#137=VECTOR('',#1433,10.);
#138=VECTOR('',#1434,10.);
#139=VECTOR('',#1447,10.);
#140=VECTOR('',#1448,10.);
#141=VECTOR('',#1461,10.);
#142=VECTOR('',#1462,10.);
#143=VECTOR('',#1475,10.);
#144=VECTOR('',#1476,10.);
#145=VECTOR('',#1489,10.);
#146=VECTOR('',#1490,10.);
#147=VECTOR('',#1493,10.);
#148=VECTOR('',#1494,10.);
#149=VECTOR('',#1495,10.);
#150=VECTOR('',#1496,10.);
#151=VECTOR('',#1497,10.);
#152=VECTOR('',#1500,10.);
#153=VECTOR('',#1505,10.);
#154=VECTOR('',#1506,10.);
#155=VECTOR('',#1507,10.);
#156=VECTOR('',#1508,10.);
#157=VECTOR('',#1517,11.5);
#158=VECTOR('',#1520,10.);
#159=VECTOR('',#1523,10.);
#160=VECTOR('',#1552,10.);
#161=VECTOR('',#1553,10.);
#162=VECTOR('',#1554,10.);
#163=VECTOR('',#1575,10.);
#164=VECTOR('',#1578,10.);
#165=VECTOR('',#1579,3.25);
#166=VECTOR('',#1584,3.);
#167=VECTOR('',#1597,3.);
#168=VECTOR('',#1622,3.);
#169=VECTOR('',#1635,3.);
#170=VECTOR('',#1658,10.);
#171=VECTOR('',#1659,10.);
#172=VECTOR('',#1666,10.);
#173=VECTOR('',#1667,10.);
#174=VECTOR('',#1676,10.);
#175=VECTOR('',#1689,10.);
#176=VECTOR('',#1690,10.);
#177=VECTOR('',#1695,10.);
#178=VECTOR('',#1700,1.25);
#179=VECTOR('',#1703,1.25);
#180=VECTOR('',#1706,1.25);
#181=VECTOR('',#1709,1.25);
#182=VECTOR('',#1714,1.25);
#183=VECTOR('',#1721,1.25);
#184=VECTOR('',#1728,1.25);
#185=VECTOR('',#1735,1.25);
#186=VECTOR('',#1742,3.);
#187=VECTOR('',#1747,10.);
#188=VECTOR('',#1750,10.);
#189=VECTOR('',#1751,10.);
#190=VECTOR('',#1752,10.);
#191=VECTOR('',#1759,1.75);
#192=VECTOR('',#1766,1.75);
#193=VECTOR('',#1773,1.75);
#194=VECTOR('',#1780,1.75);
#195=VECTOR('',#1787,3.25);
#196=VECTOR('',#1792,10.);
#197=CYLINDRICAL_SURFACE('',#1244,1.);
#198=CYLINDRICAL_SURFACE('',#1250,1.);
#199=CYLINDRICAL_SURFACE('',#1256,1.);
#200=CYLINDRICAL_SURFACE('',#1262,1.);
#201=CYLINDRICAL_SURFACE('',#1268,1.);
#202=CYLINDRICAL_SURFACE('',#1274,1.);
#203=CYLINDRICAL_SURFACE('',#1277,11.5);
#204=CYLINDRICAL_SURFACE('',#1283,11.5);
#205=CYLINDRICAL_SURFACE('',#1308,3.25);
#206=CYLINDRICAL_SURFACE('',#1312,3.);
#207=CYLINDRICAL_SURFACE('',#1318,3.);
#208=CYLINDRICAL_SURFACE('',#1325,1.);
#209=CYLINDRICAL_SURFACE('',#1330,3.);
#210=CYLINDRICAL_SURFACE('',#1336,3.);
#211=CYLINDRICAL_SURFACE('',#1351,1.);
#212=CYLINDRICAL_SURFACE('',#1358,1.);
#213=CYLINDRICAL_SURFACE('',#1360,3.);
#214=CYLINDRICAL_SURFACE('',#1362,1.);
#215=CYLINDRICAL_SURFACE('',#1364,1.75);
#216=CYLINDRICAL_SURFACE('',#1365,1.75);
#217=CYLINDRICAL_SURFACE('',#1366,1.75);
#218=CYLINDRICAL_SURFACE('',#1367,1.75);
#219=CYLINDRICAL_SURFACE('',#1368,1.75);
#220=CYLINDRICAL_SURFACE('',#1371,1.75);
#221=CYLINDRICAL_SURFACE('',#1374,1.75);
#222=CYLINDRICAL_SURFACE('',#1377,1.75);
#223=CYLINDRICAL_SURFACE('',#1380,3.);
#224=CYLINDRICAL_SURFACE('',#1386,1.75);
#225=CYLINDRICAL_SURFACE('',#1389,1.75);
#226=CYLINDRICAL_SURFACE('',#1392,1.75);
#227=CYLINDRICAL_SURFACE('',#1395,1.75);
#228=CYLINDRICAL_SURFACE('',#1398,3.25);
#229=CYLINDRICAL_SURFACE('',#1401,3.);
#230=CYLINDRICAL_SURFACE('',#1403,1.);
#231=CYLINDRICAL_SURFACE('',#1408,1.);
#232=FACE_OUTER_BOUND('',#299,.T.);
#233=FACE_OUTER_BOUND('',#300,.T.);
#234=FACE_OUTER_BOUND('',#301,.T.);
#235=FACE_OUTER_BOUND('',#302,.T.);
#236=FACE_OUTER_BOUND('',#303,.T.);
#237=FACE_OUTER_BOUND('',#304,.T.);
#238=FACE_OUTER_BOUND('',#305,.T.);
#239=FACE_OUTER_BOUND('',#306,.T.);
#240=FACE_OUTER_BOUND('',#307,.T.);
#241=FACE_OUTER_BOUND('',#308,.T.);
#242=FACE_OUTER_BOUND('',#309,.T.);
#243=FACE_OUTER_BOUND('',#310,.T.);
#244=FACE_OUTER_BOUND('',#311,.T.);
#245=FACE_OUTER_BOUND('',#312,.T.);
#246=FACE_OUTER_BOUND('',#313,.T.);
#247=FACE_OUTER_BOUND('',#314,.T.);
#248=FACE_OUTER_BOUND('',#315,.T.);
#249=FACE_OUTER_BOUND('',#316,.T.);
#250=FACE_OUTER_BOUND('',#317,.T.);
#251=FACE_OUTER_BOUND('',#318,.T.);
#252=FACE_OUTER_BOUND('',#319,.T.);
#253=FACE_OUTER_BOUND('',#320,.T.);
#254=FACE_OUTER_BOUND('',#321,.T.);
#255=FACE_OUTER_BOUND('',#322,.T.);
#256=FACE_OUTER_BOUND('',#323,.T.);
#257=FACE_OUTER_BOUND('',#324,.T.);
#258=FACE_OUTER_BOUND('',#325,.T.);
#259=FACE_OUTER_BOUND('',#326,.T.);
#260=FACE_OUTER_BOUND('',#327,.T.);
#261=FACE_OUTER_BOUND('',#328,.T.);
#262=FACE_OUTER_BOUND('',#329,.T.);
#263=FACE_OUTER_BOUND('',#330,.T.);
#264=FACE_OUTER_BOUND('',#331,.T.);
#265=FACE_OUTER_BOUND('',#333,.T.);
#266=FACE_OUTER_BOUND('',#335,.T.);
#267=FACE_OUTER_BOUND('',#337,.T.);
#268=FACE_OUTER_BOUND('',#339,.T.);
#269=FACE_OUTER_BOUND('',#341,.T.);
#270=FACE_OUTER_BOUND('',#342,.T.);
#271=FACE_OUTER_BOUND('',#343,.T.);
#272=FACE_OUTER_BOUND('',#347,.T.);
#273=FACE_OUTER_BOUND('',#348,.T.);
#274=FACE_OUTER_BOUND('',#349,.T.);
#275=FACE_OUTER_BOUND('',#350,.T.);
#276=FACE_OUTER_BOUND('',#351,.T.);
#277=FACE_OUTER_BOUND('',#352,.T.);
#278=FACE_OUTER_BOUND('',#353,.T.);
#279=FACE_OUTER_BOUND('',#354,.T.);
#280=FACE_OUTER_BOUND('',#355,.T.);
#281=FACE_OUTER_BOUND('',#356,.T.);
#282=FACE_OUTER_BOUND('',#357,.T.);
#283=FACE_OUTER_BOUND('',#358,.T.);
#284=FACE_OUTER_BOUND('',#359,.T.);
#285=FACE_OUTER_BOUND('',#360,.T.);
#286=FACE_OUTER_BOUND('',#361,.T.);
#287=FACE_OUTER_BOUND('',#367,.T.);
#288=FACE_OUTER_BOUND('',#373,.T.);
#289=FACE_OUTER_BOUND('',#374,.T.);
#290=FACE_OUTER_BOUND('',#375,.T.);
#291=FACE_OUTER_BOUND('',#376,.T.);
#292=FACE_OUTER_BOUND('',#377,.T.);
#293=FACE_OUTER_BOUND('',#378,.T.);
#294=FACE_OUTER_BOUND('',#379,.T.);
#295=FACE_OUTER_BOUND('',#385,.T.);
#296=FACE_OUTER_BOUND('',#386,.T.);
#297=FACE_OUTER_BOUND('',#387,.T.);
#298=FACE_OUTER_BOUND('',#388,.T.);
#299=EDGE_LOOP('',(#802,#803,#804));
#300=EDGE_LOOP('',(#805,#806,#807,#808));
#301=EDGE_LOOP('',(#809,#810,#811,#812));
#302=EDGE_LOOP('',(#813,#814,#815,#816));
#303=EDGE_LOOP('',(#817,#818,#819,#820));
#304=EDGE_LOOP('',(#821,#822,#823,#824));
#305=EDGE_LOOP('',(#825,#826,#827,#828));
#306=EDGE_LOOP('',(#829,#830,#831,#832));
#307=EDGE_LOOP('',(#833,#834,#835,#836));
#308=EDGE_LOOP('',(#837,#838,#839,#840));
#309=EDGE_LOOP('',(#841,#842,#843,#844));
#310=EDGE_LOOP('',(#845,#846,#847,#848));
#311=EDGE_LOOP('',(#849,#850,#851));
#312=EDGE_LOOP('',(#852,#853,#854,#855,#856,#857,#858,#859,#860,#861,#862));
#313=EDGE_LOOP('',(#863,#864,#865,#866));
#314=EDGE_LOOP('',(#867,#868,#869,#870,#871,#872,#873,#874,#875,#876,#877));
#315=EDGE_LOOP('',(#878,#879,#880,#881));
#316=EDGE_LOOP('',(#882,#883,#884,#885,#886,#887,#888,#889,#890,#891,#892));
#317=EDGE_LOOP('',(#893,#894,#895,#896,#897,#898,#899,#900,#901,#902));
#318=EDGE_LOOP('',(#903,#904,#905,#906,#907,#908,#909,#910));
#319=EDGE_LOOP('',(#911,#912,#913,#914,#915,#916,#917,#918,#919));
#320=EDGE_LOOP('',(#920,#921,#922,#923));
#321=EDGE_LOOP('',(#924,#925,#926,#927,#928,#929,#930,#931,#932,#933,#934,
#935,#936,#937,#938));
#322=EDGE_LOOP('',(#939,#940,#941,#942,#943));
#323=EDGE_LOOP('',(#944,#945,#946,#947,#948,#949,#950));
#324=EDGE_LOOP('',(#951,#952,#953,#954,#955));
#325=EDGE_LOOP('',(#956,#957,#958,#959,#960,#961,#962,#963,#964));
#326=EDGE_LOOP('',(#965,#966,#967,#968,#969));
#327=EDGE_LOOP('',(#970,#971,#972,#973,#974));
#328=EDGE_LOOP('',(#975,#976,#977,#978,#979));
#329=EDGE_LOOP('',(#980,#981,#982,#983,#984,#985,#986,#987,#988));
#330=EDGE_LOOP('',(#989,#990,#991,#992,#993));
#331=EDGE_LOOP('',(#994));
#332=EDGE_LOOP('',(#995));
#333=EDGE_LOOP('',(#996));
#334=EDGE_LOOP('',(#997));
#335=EDGE_LOOP('',(#998));
#336=EDGE_LOOP('',(#999));
#337=EDGE_LOOP('',(#1000));
#338=EDGE_LOOP('',(#1001));
#339=EDGE_LOOP('',(#1002,#1003,#1004,#1005,#1006,#1007));
#340=EDGE_LOOP('',(#1008));
#341=EDGE_LOOP('',(#1009,#1010,#1011,#1012));
#342=EDGE_LOOP('',(#1013,#1014,#1015,#1016));
#343=EDGE_LOOP('',(#1017,#1018,#1019,#1020,#1021,#1022,#1023));
#344=EDGE_LOOP('',(#1024));
#345=EDGE_LOOP('',(#1025));
#346=EDGE_LOOP('',(#1026));
#347=EDGE_LOOP('',(#1027,#1028,#1029,#1030,#1031));
#348=EDGE_LOOP('',(#1032,#1033,#1034,#1035));
#349=EDGE_LOOP('',(#1036,#1037,#1038,#1039));
#350=EDGE_LOOP('',(#1040,#1041,#1042,#1043));
#351=EDGE_LOOP('',(#1044,#1045,#1046,#1047));
#352=EDGE_LOOP('',(#1048,#1049,#1050,#1051));
#353=EDGE_LOOP('',(#1052,#1053,#1054,#1055));
#354=EDGE_LOOP('',(#1056,#1057,#1058,#1059));
#355=EDGE_LOOP('',(#1060,#1061,#1062,#1063));
#356=EDGE_LOOP('',(#1064,#1065,#1066,#1067));
#357=EDGE_LOOP('',(#1068,#1069,#1070,#1071));
#358=EDGE_LOOP('',(#1072,#1073,#1074,#1075));
#359=EDGE_LOOP('',(#1076,#1077,#1078,#1079));
#360=EDGE_LOOP('',(#1080,#1081,#1082,#1083));
#361=EDGE_LOOP('',(#1084,#1085,#1086,#1087));
#362=EDGE_LOOP('',(#1088));
#363=EDGE_LOOP('',(#1089));
#364=EDGE_LOOP('',(#1090));
#365=EDGE_LOOP('',(#1091));
#366=EDGE_LOOP('',(#1092));
#367=EDGE_LOOP('',(#1093,#1094,#1095,#1096));
#368=EDGE_LOOP('',(#1097));
#369=EDGE_LOOP('',(#1098));
#370=EDGE_LOOP('',(#1099));
#371=EDGE_LOOP('',(#1100));
#372=EDGE_LOOP('',(#1101));
#373=EDGE_LOOP('',(#1102,#1103,#1104,#1105));
#374=EDGE_LOOP('',(#1106,#1107,#1108,#1109));
#375=EDGE_LOOP('',(#1110,#1111,#1112,#1113));
#376=EDGE_LOOP('',(#1114,#1115,#1116,#1117));
#377=EDGE_LOOP('',(#1118,#1119,#1120,#1121));
#378=EDGE_LOOP('',(#1122,#1123,#1124,#1125));
#379=EDGE_LOOP('',(#1126,#1127,#1128,#1129));
#380=EDGE_LOOP('',(#1130));
#381=EDGE_LOOP('',(#1131));
#382=EDGE_LOOP('',(#1132));
#383=EDGE_LOOP('',(#1133));
#384=EDGE_LOOP('',(#1134));
#385=EDGE_LOOP('',(#1135,#1136,#1137,#1138));
#386=EDGE_LOOP('',(#1139,#1140,#1141,#1142));
#387=EDGE_LOOP('',(#1143,#1144,#1145,#1146));
#388=EDGE_LOOP('',(#1147,#1148,#1149,#1150,#1151,#1152,#1153,#1154));
#389=EDGE_LOOP('',(#1155));
#390=EDGE_LOOP('',(#1156));
#391=EDGE_LOOP('',(#1157));
#392=EDGE_LOOP('',(#1158));
#393=EDGE_LOOP('',(#1159));
#394=B_SPLINE_CURVE_WITH_KNOTS('',3,(#1856,#1857,#1858,#1859,#1860,#1861,
#1862,#1863),.UNSPECIFIED.,.F.,.F.,(4,1,1,2,4),(-0.905571907758021,-0.724457526206417,
-0.543343144654813,0.,0.00144913753049159),.UNSPECIFIED.);
#395=B_SPLINE_CURVE_WITH_KNOTS('',3,(#1864,#1865,#1866,#1867,#1868,#1869,
#1870,#1871),.UNSPECIFIED.,.F.,.F.,(4,2,1,1,4),(-0.00144913753049159,0.,
0.543343144654813,0.724457526206417,0.905571907758021),.UNSPECIFIED.);
#396=B_SPLINE_CURVE_WITH_KNOTS('',3,(#1979,#1980,#1981,#1982,#1983,#1984,
#1985,#1986),.UNSPECIFIED.,.F.,.F.,(4,1,1,2,4),(0.,0.362228763103177,0.543343144654766,
0.905571907757943,0.907021045288504),.UNSPECIFIED.);
#397=B_SPLINE_CURVE_WITH_KNOTS('',3,(#1987,#1988,#1989,#1990,#1991,#1992,
#1993,#1994),.UNSPECIFIED.,.F.,.F.,(4,2,1,1,4),(-0.907021045288504,-0.905571907757943,
-0.543343144654766,-0.362228763103177,0.),.UNSPECIFIED.);
#398=B_SPLINE_CURVE_WITH_KNOTS('',3,(#2036,#2037,#2038,#2039,#2040,#2041,
#2042,#2043),.UNSPECIFIED.,.F.,.F.,(4,2,2,4),(0.530584219328299,0.535748931578078,
0.574029962109427,0.577511047106785),.UNSPECIFIED.);
#399=B_SPLINE_CURVE_WITH_KNOTS('',3,(#2050,#2051,#2052,#2053,#2054,#2055),
 .UNSPECIFIED.,.F.,.F.,(4,2,4),(0.577511047106785,0.615712286532941,0.632826455958441),
 .UNSPECIFIED.);
#400=B_SPLINE_CURVE_WITH_KNOTS('',3,(#2059,#2060,#2061,#2062,#2063,#2064,
#2065,#2066,#2067,#2068),.UNSPECIFIED.,.F.,.F.,(4,2,2,2,4),(-0.00198195634665701,
0.,0.0869818505728855,0.178173940032972,0.24111529680513),.UNSPECIFIED.);
#401=B_SPLINE_CURVE_WITH_KNOTS('',3,(#2070,#2071,#2072,#2073,#2074,#2075,
#2076,#2077),.UNSPECIFIED.,.F.,.F.,(4,2,2,4),(0.,0.199463963933858,0.227245180989617,
0.228512287581258),.UNSPECIFIED.);
#402=B_SPLINE_CURVE_WITH_KNOTS('',3,(#2083,#2084,#2085,#2086,#2087,#2088,
#2089,#2090,#2091,#2092,#2093,#2094,#2095,#2096,#2097,#2098,#2099,#2100),
 .UNSPECIFIED.,.F.,.F.,(4,2,2,2,2,2,2,2,4),(-0.00198195634662957,0.,0.0869818505728844,
0.178173940032964,0.241115296805103,0.304056653577243,0.395248743037333,
0.482230593609947,0.484212549956709),.UNSPECIFIED.);
#403=B_SPLINE_CURVE_WITH_KNOTS('',3,(#2104,#2105,#2106,#2107,#2108,#2109,
#2110,#2111,#2112,#2113),.UNSPECIFIED.,.F.,.F.,(4,2,2,2,4),(0.241115296805036,
0.30405665357717,0.39524874303719,0.482230593609857,0.484212549956526),
 .UNSPECIFIED.);
#404=B_SPLINE_CURVE_WITH_KNOTS('',3,(#2146,#2147,#2148,#2149,#2150,#2151,
#2152,#2153),.UNSPECIFIED.,.F.,.F.,(4,2,2,4),(0.179269284828414,0.206054380337255,
0.247215722198404,0.280442634656685),.UNSPECIFIED.);
#405=B_SPLINE_CURVE_WITH_KNOTS('',3,(#2155,#2156,#2157,#2158,#2159,#2160,
#2161,#2162),.UNSPECIFIED.,.F.,.F.,(4,2,2,4),(0.17926816056661,0.20605275527417,
0.247213103140162,0.280439848291993),.UNSPECIFIED.);
#406=B_SPLINE_CURVE_WITH_KNOTS('',3,(#2165,#2166,#2167,#2168,#2169,#2170,
#2171,#2172),.UNSPECIFIED.,.F.,.F.,(4,2,2,4),(1.59289361656707,1.6638506563898,
1.74865555850233,1.80216302944119),.UNSPECIFIED.);
#407=B_SPLINE_CURVE_WITH_KNOTS('',3,(#2189,#2190,#2191,#2192,#2193,#2194,
#2195,#2196),.UNSPECIFIED.,.F.,.F.,(4,2,2,4),(-0.000941730991816818,0.,
0.0206473814032047,0.168891734132892),.UNSPECIFIED.);
#408=CIRCLE('',#1243,0.999999999999999);
#409=CIRCLE('',#1245,1.);
#410=CIRCLE('',#1247,0.999999999999999);
#411=CIRCLE('',#1248,3.);
#412=CIRCLE('',#1249,4.);
#413=CIRCLE('',#1251,1.);
#414=CIRCLE('',#1253,0.999999999999999);
#415=CIRCLE('',#1254,3.);
#416=CIRCLE('',#1255,4.);
#417=CIRCLE('',#1257,0.999999999999996);
#418=CIRCLE('',#1259,1.);
#419=CIRCLE('',#1260,10.5);
#420=CIRCLE('',#1261,11.5);
#421=CIRCLE('',#1263,1.);
#422=CIRCLE('',#1265,1.);
#423=CIRCLE('',#1266,3.);
#424=CIRCLE('',#1267,4.);
#425=CIRCLE('',#1269,1.);
#426=CIRCLE('',#1271,1.);
#427=CIRCLE('',#1272,3.);
#428=CIRCLE('',#1273,4.);
#429=CIRCLE('',#1275,1.);
#430=CIRCLE('',#1278,11.5);
#431=CIRCLE('',#1281,11.5);
#432=CIRCLE('',#1282,13.5);
#433=CIRCLE('',#1284,11.5);
#434=CIRCLE('',#1285,11.5);
#435=CIRCLE('',#1286,11.5);
#436=CIRCLE('',#1287,11.5);
#437=CIRCLE('',#1289,1.);
#438=CIRCLE('',#1290,3.);
#439=CIRCLE('',#1291,3.);
#440=CIRCLE('',#1292,4.);
#441=CIRCLE('',#1293,4.);
#442=CIRCLE('',#1295,10.5);
#443=CIRCLE('',#1296,10.5);
#444=CIRCLE('',#1297,0.999999999999999);
#445=CIRCLE('',#1298,1.);
#446=CIRCLE('',#1300,4.);
#447=CIRCLE('',#1301,3.25);
#448=CIRCLE('',#1302,4.);
#449=CIRCLE('',#1303,4.);
#450=CIRCLE('',#1304,3.25);
#451=CIRCLE('',#1306,3.25);
#452=CIRCLE('',#1307,4.);
#453=CIRCLE('',#1309,3.25);
#454=CIRCLE('',#1310,3.25);
#455=CIRCLE('',#1311,3.25);
#456=CIRCLE('',#1313,3.);
#457=CIRCLE('',#1315,1.);
#458=CIRCLE('',#1316,3.);
#459=CIRCLE('',#1317,3.);
#460=CIRCLE('',#1319,3.);
#461=CIRCLE('',#1321,4.);
#462=CIRCLE('',#1322,1.);
#463=CIRCLE('',#1323,3.);
#464=CIRCLE('',#1324,3.);
#465=CIRCLE('',#1326,1.);
#466=CIRCLE('',#1328,4.);
#467=CIRCLE('',#1329,4.);
#468=CIRCLE('',#1331,3.);
#469=CIRCLE('',#1333,1.);
#470=CIRCLE('',#1334,3.);
#471=CIRCLE('',#1335,3.);
#472=CIRCLE('',#1337,3.);
#473=CIRCLE('',#1339,1.75);
#474=CIRCLE('',#1341,1.75);
#475=CIRCLE('',#1343,1.75);
#476=CIRCLE('',#1345,1.75);
#477=CIRCLE('',#1347,1.);
#478=CIRCLE('',#1348,1.);
#479=CIRCLE('',#1349,1.75);
#480=CIRCLE('',#1352,1.00000000000001);
#481=CIRCLE('',#1354,0.999999999999984);
#482=CIRCLE('',#1355,1.75);
#483=CIRCLE('',#1356,1.75);
#484=CIRCLE('',#1357,1.75);
#485=CIRCLE('',#1359,1.);
#486=CIRCLE('',#1369,1.75);
#487=CIRCLE('',#1370,1.75);
#488=CIRCLE('',#1372,1.75);
#489=CIRCLE('',#1373,1.75);
#490=CIRCLE('',#1375,1.75);
#491=CIRCLE('',#1376,1.75);
#492=CIRCLE('',#1378,1.75);
#493=CIRCLE('',#1379,1.75);
#494=CIRCLE('',#1381,3.);
#495=CIRCLE('',#1382,3.);
#496=CIRCLE('',#1385,10.5);
#497=CIRCLE('',#1387,1.75);
#498=CIRCLE('',#1388,1.75);
#499=CIRCLE('',#1390,1.75);
#500=CIRCLE('',#1391,1.75);
#501=CIRCLE('',#1393,1.75);
#502=CIRCLE('',#1394,1.75);
#503=CIRCLE('',#1396,1.75);
#504=CIRCLE('',#1397,1.75);
#505=CIRCLE('',#1399,3.25);
#506=CIRCLE('',#1400,3.25);
#507=CIRCLE('',#1404,1.);
#508=CIRCLE('',#1405,1.);
#509=CIRCLE('',#1407,1.00000000000001);
#510=CIRCLE('',#1409,1.);
#511=VERTEX_POINT('',#1852);
#512=VERTEX_POINT('',#1853);
#513=VERTEX_POINT('',#1855);
#514=VERTEX_POINT('',#1873);
#515=VERTEX_POINT('',#1874);
#516=VERTEX_POINT('',#1879);
#517=VERTEX_POINT('',#1880);
#518=VERTEX_POINT('',#1885);
#519=VERTEX_POINT('',#1886);
#520=VERTEX_POINT('',#1891);
#521=VERTEX_POINT('',#1892);
#522=VERTEX_POINT('',#1897);
#523=VERTEX_POINT('',#1898);
#524=VERTEX_POINT('',#1903);
#525=VERTEX_POINT('',#1904);
#526=VERTEX_POINT('',#1909);
#527=VERTEX_POINT('',#1910);
#528=VERTEX_POINT('',#1915);
#529=VERTEX_POINT('',#1916);
#530=VERTEX_POINT('',#1921);
#531=VERTEX_POINT('',#1922);
#532=VERTEX_POINT('',#1927);
#533=VERTEX_POINT('',#1928);
#534=VERTEX_POINT('',#1933);
#535=VERTEX_POINT('',#1934);
#536=VERTEX_POINT('',#1978);
#537=VERTEX_POINT('',#1996);
#538=VERTEX_POINT('',#1998);
#539=VERTEX_POINT('',#2000);
#540=VERTEX_POINT('',#2002);
#541=VERTEX_POINT('',#2006);
#542=VERTEX_POINT('',#2010);
#543=VERTEX_POINT('',#2012);
#544=VERTEX_POINT('',#2014);
#545=VERTEX_POINT('',#2021);
#546=VERTEX_POINT('',#2023);
#547=VERTEX_POINT('',#2025);
#548=VERTEX_POINT('',#2027);
#549=VERTEX_POINT('',#2029);
#550=VERTEX_POINT('',#2034);
#551=VERTEX_POINT('',#2035);
#552=VERTEX_POINT('',#2044);
#553=VERTEX_POINT('',#2046);
#554=VERTEX_POINT('',#2049);
#555=VERTEX_POINT('',#2056);
#556=VERTEX_POINT('',#2058);
#557=VERTEX_POINT('',#2069);
#558=VERTEX_POINT('',#2080);
#559=VERTEX_POINT('',#2082);
#560=VERTEX_POINT('',#2101);
#561=VERTEX_POINT('',#2103);
#562=VERTEX_POINT('',#2117);
#563=VERTEX_POINT('',#2119);
#564=VERTEX_POINT('',#2121);
#565=VERTEX_POINT('',#2123);
#566=VERTEX_POINT('',#2125);
#567=VERTEX_POINT('',#2127);
#568=VERTEX_POINT('',#2129);
#569=VERTEX_POINT('',#2133);
#570=VERTEX_POINT('',#2137);
#571=VERTEX_POINT('',#2138);
#572=VERTEX_POINT('',#2140);
#573=VERTEX_POINT('',#2142);
#574=VERTEX_POINT('',#2154);
#575=VERTEX_POINT('',#2163);
#576=VERTEX_POINT('',#2174);
#577=VERTEX_POINT('',#2178);
#578=VERTEX_POINT('',#2180);
#579=VERTEX_POINT('',#2184);
#580=VERTEX_POINT('',#2197);
#581=VERTEX_POINT('',#2199);
#582=VERTEX_POINT('',#2205);
#583=VERTEX_POINT('',#2209);
#584=VERTEX_POINT('',#2213);
#585=VERTEX_POINT('',#2215);
#586=VERTEX_POINT('',#2219);
#587=VERTEX_POINT('',#2223);
#588=VERTEX_POINT('',#2226);
#589=VERTEX_POINT('',#2229);
#590=VERTEX_POINT('',#2232);
#591=VERTEX_POINT('',#2235);
#592=VERTEX_POINT('',#2238);
#593=VERTEX_POINT('',#2241);
#594=VERTEX_POINT('',#2244);
#595=VERTEX_POINT('',#2250);
#596=VERTEX_POINT('',#2253);
#597=VERTEX_POINT('',#2255);
#598=VERTEX_POINT('',#2257);
#599=VERTEX_POINT('',#2277);
#600=VERTEX_POINT('',#2279);
#601=VERTEX_POINT('',#2283);
#602=VERTEX_POINT('',#2285);
#603=VERTEX_POINT('',#2289);
#604=VERTEX_POINT('',#2291);
#605=VERTEX_POINT('',#2295);
#606=VERTEX_POINT('',#2297);
#607=VERTEX_POINT('',#2301);
#608=VERTEX_POINT('',#2303);
#609=VERTEX_POINT('',#2309);
#610=VERTEX_POINT('',#2310);
#611=VERTEX_POINT('',#2312);
#612=VERTEX_POINT('',#2314);
#613=VERTEX_POINT('',#2318);
#614=VERTEX_POINT('',#2320);
#615=VERTEX_POINT('',#2324);
#616=VERTEX_POINT('',#2326);
#617=VERTEX_POINT('',#2330);
#618=VERTEX_POINT('',#2332);
#619=VERTEX_POINT('',#2336);
#620=VERTEX_POINT('',#2338);
#621=VERTEX_POINT('',#2342);
#622=VERTEX_POINT('',#2344);
#623=EDGE_CURVE('',#511,#512,#408,.T.);
#624=EDGE_CURVE('',#512,#513,#394,.T.);
#625=EDGE_CURVE('',#513,#511,#395,.T.);
#626=EDGE_CURVE('',#514,#515,#409,.T.);
#627=EDGE_CURVE('',#515,#512,#73,.T.);
#628=EDGE_CURVE('',#511,#514,#74,.T.);
#629=EDGE_CURVE('',#516,#517,#410,.T.);
#630=EDGE_CURVE('',#517,#515,#411,.T.);
#631=EDGE_CURVE('',#514,#516,#412,.T.);
#632=EDGE_CURVE('',#518,#519,#413,.T.);
#633=EDGE_CURVE('',#519,#517,#75,.T.);
#634=EDGE_CURVE('',#516,#518,#76,.T.);
#635=EDGE_CURVE('',#520,#521,#414,.T.);
#636=EDGE_CURVE('',#521,#519,#415,.T.);
#637=EDGE_CURVE('',#518,#520,#416,.T.);
#638=EDGE_CURVE('',#522,#523,#417,.T.);
#639=EDGE_CURVE('',#523,#521,#77,.T.);
#640=EDGE_CURVE('',#520,#522,#78,.T.);
#641=EDGE_CURVE('',#524,#525,#418,.T.);
#642=EDGE_CURVE('',#525,#523,#419,.T.);
#643=EDGE_CURVE('',#522,#524,#420,.T.);
#644=EDGE_CURVE('',#526,#527,#421,.T.);
#645=EDGE_CURVE('',#527,#525,#79,.T.);
#646=EDGE_CURVE('',#524,#526,#80,.T.);
#647=EDGE_CURVE('',#528,#529,#422,.T.);
#648=EDGE_CURVE('',#529,#527,#423,.T.);
#649=EDGE_CURVE('',#526,#528,#424,.T.);
#650=EDGE_CURVE('',#530,#531,#425,.T.);
#651=EDGE_CURVE('',#531,#529,#81,.T.);
#652=EDGE_CURVE('',#528,#530,#82,.T.);
#653=EDGE_CURVE('',#532,#533,#426,.T.);
#654=EDGE_CURVE('',#533,#531,#427,.T.);
#655=EDGE_CURVE('',#530,#532,#428,.T.);
#656=EDGE_CURVE('',#534,#535,#429,.T.);
#657=EDGE_CURVE('',#535,#533,#83,.T.);
#658=EDGE_CURVE('',#532,#534,#84,.T.);
#659=EDGE_CURVE('',#534,#536,#396,.T.);
#660=EDGE_CURVE('',#536,#535,#397,.T.);
#661=EDGE_CURVE('',#524,#537,#85,.T.);
#662=EDGE_CURVE('',#538,#537,#86,.T.);
#663=EDGE_CURVE('',#538,#539,#87,.T.);
#664=EDGE_CURVE('',#540,#539,#88,.T.);
#665=EDGE_CURVE('',#540,#536,#89,.T.);
#666=EDGE_CURVE('',#522,#541,#90,.T.);
#667=EDGE_CURVE('',#537,#541,#430,.T.);
#668=EDGE_CURVE('',#542,#513,#91,.T.);
#669=EDGE_CURVE('',#543,#542,#92,.T.);
#670=EDGE_CURVE('',#543,#544,#93,.T.);
#671=EDGE_CURVE('',#541,#544,#94,.T.);
#672=EDGE_CURVE('',#536,#513,#431,.T.);
#673=EDGE_CURVE('',#512,#535,#432,.T.);
#674=EDGE_CURVE('',#536,#545,#95,.T.);
#675=EDGE_CURVE('',#546,#545,#433,.T.);
#676=EDGE_CURVE('',#547,#546,#96,.T.);
#677=EDGE_CURVE('',#548,#547,#434,.T.);
#678=EDGE_CURVE('',#549,#548,#97,.T.);
#679=EDGE_CURVE('',#545,#549,#435,.T.);
#680=EDGE_CURVE('',#542,#540,#436,.T.);
#681=EDGE_CURVE('',#550,#551,#398,.T.);
#682=EDGE_CURVE('',#551,#552,#437,.T.);
#683=EDGE_CURVE('',#552,#553,#438,.T.);
#684=EDGE_CURVE('',#553,#552,#439,.T.);
#685=EDGE_CURVE('',#551,#554,#399,.T.);
#686=EDGE_CURVE('',#554,#555,#440,.T.);
#687=EDGE_CURVE('',#555,#556,#400,.T.);
#688=EDGE_CURVE('',#556,#557,#401,.T.);
#689=EDGE_CURVE('',#557,#550,#441,.T.);
#690=EDGE_CURVE('',#555,#558,#442,.T.);
#691=EDGE_CURVE('',#559,#558,#402,.T.);
#692=EDGE_CURVE('',#559,#560,#443,.T.);
#693=EDGE_CURVE('',#561,#560,#403,.T.);
#694=EDGE_CURVE('',#542,#561,#444,.T.);
#695=EDGE_CURVE('',#540,#556,#445,.T.);
#696=EDGE_CURVE('',#562,#557,#98,.T.);
#697=EDGE_CURVE('',#562,#563,#99,.T.);
#698=EDGE_CURVE('',#564,#563,#100,.T.);
#699=EDGE_CURVE('',#565,#564,#446,.T.);
#700=EDGE_CURVE('',#565,#566,#447,.F.);
#701=EDGE_CURVE('',#567,#566,#448,.T.);
#702=EDGE_CURVE('',#568,#567,#449,.T.);
#703=EDGE_CURVE('',#568,#550,#450,.F.);
#704=EDGE_CURVE('',#554,#569,#451,.F.);
#705=EDGE_CURVE('',#558,#569,#452,.T.);
#706=EDGE_CURVE('',#570,#571,#453,.T.);
#707=EDGE_CURVE('',#572,#570,#101,.T.);
#708=EDGE_CURVE('',#573,#572,#454,.T.);
#709=EDGE_CURVE('',#571,#573,#102,.T.);
#710=EDGE_CURVE('',#571,#551,#103,.T.);
#711=EDGE_CURVE('',#566,#568,#404,.T.);
#712=EDGE_CURVE('',#574,#565,#405,.T.);
#713=EDGE_CURVE('',#575,#574,#455,.F.);
#714=EDGE_CURVE('',#569,#575,#406,.T.);
#715=EDGE_CURVE('',#553,#576,#104,.T.);
#716=EDGE_CURVE('',#576,#576,#456,.T.);
#717=EDGE_CURVE('',#567,#577,#457,.T.);
#718=EDGE_CURVE('',#577,#578,#458,.T.);
#719=EDGE_CURVE('',#578,#577,#459,.T.);
#720=EDGE_CURVE('',#578,#579,#105,.T.);
#721=EDGE_CURVE('',#579,#579,#460,.T.);
#722=EDGE_CURVE('',#560,#574,#461,.T.);
#723=EDGE_CURVE('',#564,#561,#407,.T.);
#724=EDGE_CURVE('',#561,#580,#462,.T.);
#725=EDGE_CURVE('',#580,#581,#463,.T.);
#726=EDGE_CURVE('',#581,#580,#464,.T.);
#727=EDGE_CURVE('',#563,#543,#465,.T.);
#728=EDGE_CURVE('',#582,#559,#466,.T.);
#729=EDGE_CURVE('',#575,#582,#467,.T.);
#730=EDGE_CURVE('',#581,#583,#106,.T.);
#731=EDGE_CURVE('',#583,#583,#468,.T.);
#732=EDGE_CURVE('',#582,#584,#469,.T.);
#733=EDGE_CURVE('',#584,#585,#470,.T.);
#734=EDGE_CURVE('',#585,#584,#471,.T.);
#735=EDGE_CURVE('',#585,#586,#107,.T.);
#736=EDGE_CURVE('',#586,#586,#472,.T.);
#737=EDGE_CURVE('',#587,#587,#473,.T.);
#738=EDGE_CURVE('',#588,#588,#474,.T.);
#739=EDGE_CURVE('',#589,#589,#475,.T.);
#740=EDGE_CURVE('',#590,#590,#476,.T.);
#741=EDGE_CURVE('',#591,#547,#477,.T.);
#742=EDGE_CURVE('',#570,#591,#108,.T.);
#743=EDGE_CURVE('',#592,#571,#109,.T.);
#744=EDGE_CURVE('',#548,#592,#478,.T.);
#745=EDGE_CURVE('',#593,#593,#479,.T.);
#746=EDGE_CURVE('',#594,#591,#110,.T.);
#747=EDGE_CURVE('',#572,#594,#111,.T.);
#748=EDGE_CURVE('',#594,#546,#480,.T.);
#749=EDGE_CURVE('',#549,#595,#481,.T.);
#750=EDGE_CURVE('',#595,#573,#112,.T.);
#751=EDGE_CURVE('',#596,#596,#482,.T.);
#752=EDGE_CURVE('',#597,#597,#483,.T.);
#753=EDGE_CURVE('',#598,#598,#484,.T.);
#754=EDGE_CURVE('',#539,#562,#485,.T.);
#755=EDGE_CURVE('',#533,#515,#113,.T.);
#756=EDGE_CURVE('',#517,#531,#114,.T.);
#757=EDGE_CURVE('',#592,#595,#115,.T.);
#758=EDGE_CURVE('',#590,#596,#116,.T.);
#759=EDGE_CURVE('',#589,#593,#117,.T.);
#760=EDGE_CURVE('',#587,#598,#118,.T.);
#761=EDGE_CURVE('',#588,#597,#119,.T.);
#762=EDGE_CURVE('',#599,#599,#486,.T.);
#763=EDGE_CURVE('',#599,#600,#120,.T.);
#764=EDGE_CURVE('',#600,#600,#487,.F.);
#765=EDGE_CURVE('',#601,#601,#488,.T.);
#766=EDGE_CURVE('',#601,#602,#121,.T.);
#767=EDGE_CURVE('',#602,#602,#489,.F.);
#768=EDGE_CURVE('',#603,#603,#490,.T.);
#769=EDGE_CURVE('',#603,#604,#122,.T.);
#770=EDGE_CURVE('',#604,#604,#491,.F.);
#771=EDGE_CURVE('',#605,#605,#492,.T.);
#772=EDGE_CURVE('',#605,#606,#123,.T.);
#773=EDGE_CURVE('',#606,#606,#493,.F.);
#774=EDGE_CURVE('',#607,#607,#494,.F.);
#775=EDGE_CURVE('',#607,#608,#124,.T.);
#776=EDGE_CURVE('',#608,#608,#495,.T.);
#777=EDGE_CURVE('',#521,#527,#125,.T.);
#778=EDGE_CURVE('',#609,#610,#126,.T.);
#779=EDGE_CURVE('',#609,#611,#127,.T.);
#780=EDGE_CURVE('',#612,#611,#128,.T.);
#781=EDGE_CURVE('',#610,#612,#496,.T.);
#782=EDGE_CURVE('',#613,#613,#497,.T.);
#783=EDGE_CURVE('',#613,#614,#129,.T.);
#784=EDGE_CURVE('',#614,#614,#498,.T.);
#785=EDGE_CURVE('',#615,#615,#499,.T.);
#786=EDGE_CURVE('',#615,#616,#130,.T.);
#787=EDGE_CURVE('',#616,#616,#500,.T.);
#788=EDGE_CURVE('',#617,#617,#501,.T.);
#789=EDGE_CURVE('',#617,#618,#131,.T.);
#790=EDGE_CURVE('',#618,#618,#502,.T.);
#791=EDGE_CURVE('',#619,#619,#503,.T.);
#792=EDGE_CURVE('',#619,#620,#132,.T.);
#793=EDGE_CURVE('',#620,#620,#504,.T.);
#794=EDGE_CURVE('',#621,#621,#505,.T.);
#795=EDGE_CURVE('',#621,#622,#133,.T.);
#796=EDGE_CURVE('',#622,#622,#506,.T.);
#797=EDGE_CURVE('',#529,#519,#134,.T.);
#798=EDGE_CURVE('',#544,#609,#507,.T.);
#799=EDGE_CURVE('',#541,#610,#508,.T.);
#800=EDGE_CURVE('',#537,#612,#509,.T.);
#801=EDGE_CURVE('',#611,#538,#510,.T.);
#802=ORIENTED_EDGE('',*,*,#623,.T.);
#803=ORIENTED_EDGE('',*,*,#624,.T.);
#804=ORIENTED_EDGE('',*,*,#625,.T.);
#805=ORIENTED_EDGE('',*,*,#626,.T.);
#806=ORIENTED_EDGE('',*,*,#627,.T.);
#807=ORIENTED_EDGE('',*,*,#623,.F.);
#808=ORIENTED_EDGE('',*,*,#628,.T.);
#809=ORIENTED_EDGE('',*,*,#629,.T.);
#810=ORIENTED_EDGE('',*,*,#630,.T.);
#811=ORIENTED_EDGE('',*,*,#626,.F.);
#812=ORIENTED_EDGE('',*,*,#631,.T.);
#813=ORIENTED_EDGE('',*,*,#632,.T.);
#814=ORIENTED_EDGE('',*,*,#633,.T.);
#815=ORIENTED_EDGE('',*,*,#629,.F.);
#816=ORIENTED_EDGE('',*,*,#634,.T.);
#817=ORIENTED_EDGE('',*,*,#635,.T.);
#818=ORIENTED_EDGE('',*,*,#636,.T.);
#819=ORIENTED_EDGE('',*,*,#632,.F.);
#820=ORIENTED_EDGE('',*,*,#637,.T.);
#821=ORIENTED_EDGE('',*,*,#638,.T.);
#822=ORIENTED_EDGE('',*,*,#639,.T.);
#823=ORIENTED_EDGE('',*,*,#635,.F.);
#824=ORIENTED_EDGE('',*,*,#640,.T.);
#825=ORIENTED_EDGE('',*,*,#641,.T.);
#826=ORIENTED_EDGE('',*,*,#642,.T.);
#827=ORIENTED_EDGE('',*,*,#638,.F.);
#828=ORIENTED_EDGE('',*,*,#643,.T.);
#829=ORIENTED_EDGE('',*,*,#644,.T.);
#830=ORIENTED_EDGE('',*,*,#645,.T.);
#831=ORIENTED_EDGE('',*,*,#641,.F.);
#832=ORIENTED_EDGE('',*,*,#646,.T.);
#833=ORIENTED_EDGE('',*,*,#647,.T.);
#834=ORIENTED_EDGE('',*,*,#648,.T.);
#835=ORIENTED_EDGE('',*,*,#644,.F.);
#836=ORIENTED_EDGE('',*,*,#649,.T.);
#837=ORIENTED_EDGE('',*,*,#650,.T.);
#838=ORIENTED_EDGE('',*,*,#651,.T.);
#839=ORIENTED_EDGE('',*,*,#647,.F.);
#840=ORIENTED_EDGE('',*,*,#652,.T.);
#841=ORIENTED_EDGE('',*,*,#653,.T.);
#842=ORIENTED_EDGE('',*,*,#654,.T.);
#843=ORIENTED_EDGE('',*,*,#650,.F.);
#844=ORIENTED_EDGE('',*,*,#655,.T.);
#845=ORIENTED_EDGE('',*,*,#656,.T.);
#846=ORIENTED_EDGE('',*,*,#657,.T.);
#847=ORIENTED_EDGE('',*,*,#653,.F.);
#848=ORIENTED_EDGE('',*,*,#658,.T.);
#849=ORIENTED_EDGE('',*,*,#659,.T.);
#850=ORIENTED_EDGE('',*,*,#660,.T.);
#851=ORIENTED_EDGE('',*,*,#656,.F.);
#852=ORIENTED_EDGE('',*,*,#659,.F.);
#853=ORIENTED_EDGE('',*,*,#658,.F.);
#854=ORIENTED_EDGE('',*,*,#655,.F.);
#855=ORIENTED_EDGE('',*,*,#652,.F.);
#856=ORIENTED_EDGE('',*,*,#649,.F.);
#857=ORIENTED_EDGE('',*,*,#646,.F.);
#858=ORIENTED_EDGE('',*,*,#661,.T.);
#859=ORIENTED_EDGE('',*,*,#662,.F.);
#860=ORIENTED_EDGE('',*,*,#663,.T.);
#861=ORIENTED_EDGE('',*,*,#664,.F.);
#862=ORIENTED_EDGE('',*,*,#665,.T.);
#863=ORIENTED_EDGE('',*,*,#643,.F.);
#864=ORIENTED_EDGE('',*,*,#666,.T.);
#865=ORIENTED_EDGE('',*,*,#667,.F.);
#866=ORIENTED_EDGE('',*,*,#661,.F.);
#867=ORIENTED_EDGE('',*,*,#640,.F.);
#868=ORIENTED_EDGE('',*,*,#637,.F.);
#869=ORIENTED_EDGE('',*,*,#634,.F.);
#870=ORIENTED_EDGE('',*,*,#631,.F.);
#871=ORIENTED_EDGE('',*,*,#628,.F.);
#872=ORIENTED_EDGE('',*,*,#625,.F.);
#873=ORIENTED_EDGE('',*,*,#668,.F.);
#874=ORIENTED_EDGE('',*,*,#669,.F.);
#875=ORIENTED_EDGE('',*,*,#670,.T.);
#876=ORIENTED_EDGE('',*,*,#671,.F.);
#877=ORIENTED_EDGE('',*,*,#666,.F.);
#878=ORIENTED_EDGE('',*,*,#660,.F.);
#879=ORIENTED_EDGE('',*,*,#672,.T.);
#880=ORIENTED_EDGE('',*,*,#624,.F.);
#881=ORIENTED_EDGE('',*,*,#673,.T.);
#882=ORIENTED_EDGE('',*,*,#668,.T.);
#883=ORIENTED_EDGE('',*,*,#672,.F.);
#884=ORIENTED_EDGE('',*,*,#674,.T.);
#885=ORIENTED_EDGE('',*,*,#675,.F.);
#886=ORIENTED_EDGE('',*,*,#676,.F.);
#887=ORIENTED_EDGE('',*,*,#677,.F.);
#888=ORIENTED_EDGE('',*,*,#678,.F.);
#889=ORIENTED_EDGE('',*,*,#679,.F.);
#890=ORIENTED_EDGE('',*,*,#674,.F.);
#891=ORIENTED_EDGE('',*,*,#665,.F.);
#892=ORIENTED_EDGE('',*,*,#680,.F.);
#893=ORIENTED_EDGE('',*,*,#681,.T.);
#894=ORIENTED_EDGE('',*,*,#682,.T.);
#895=ORIENTED_EDGE('',*,*,#683,.T.);
#896=ORIENTED_EDGE('',*,*,#684,.T.);
#897=ORIENTED_EDGE('',*,*,#682,.F.);
#898=ORIENTED_EDGE('',*,*,#685,.T.);
#899=ORIENTED_EDGE('',*,*,#686,.T.);
#900=ORIENTED_EDGE('',*,*,#687,.T.);
#901=ORIENTED_EDGE('',*,*,#688,.T.);
#902=ORIENTED_EDGE('',*,*,#689,.T.);
#903=ORIENTED_EDGE('',*,*,#687,.F.);
#904=ORIENTED_EDGE('',*,*,#690,.T.);
#905=ORIENTED_EDGE('',*,*,#691,.F.);
#906=ORIENTED_EDGE('',*,*,#692,.T.);
#907=ORIENTED_EDGE('',*,*,#693,.F.);
#908=ORIENTED_EDGE('',*,*,#694,.F.);
#909=ORIENTED_EDGE('',*,*,#680,.T.);
#910=ORIENTED_EDGE('',*,*,#695,.T.);
#911=ORIENTED_EDGE('',*,*,#689,.F.);
#912=ORIENTED_EDGE('',*,*,#696,.F.);
#913=ORIENTED_EDGE('',*,*,#697,.T.);
#914=ORIENTED_EDGE('',*,*,#698,.F.);
#915=ORIENTED_EDGE('',*,*,#699,.F.);
#916=ORIENTED_EDGE('',*,*,#700,.T.);
#917=ORIENTED_EDGE('',*,*,#701,.F.);
#918=ORIENTED_EDGE('',*,*,#702,.F.);
#919=ORIENTED_EDGE('',*,*,#703,.T.);
#920=ORIENTED_EDGE('',*,*,#686,.F.);
#921=ORIENTED_EDGE('',*,*,#704,.T.);
#922=ORIENTED_EDGE('',*,*,#705,.F.);
#923=ORIENTED_EDGE('',*,*,#690,.F.);
#924=ORIENTED_EDGE('',*,*,#706,.F.);
#925=ORIENTED_EDGE('',*,*,#707,.F.);
#926=ORIENTED_EDGE('',*,*,#708,.F.);
#927=ORIENTED_EDGE('',*,*,#709,.F.);
#928=ORIENTED_EDGE('',*,*,#710,.T.);
#929=ORIENTED_EDGE('',*,*,#681,.F.);
#930=ORIENTED_EDGE('',*,*,#703,.F.);
#931=ORIENTED_EDGE('',*,*,#711,.F.);
#932=ORIENTED_EDGE('',*,*,#700,.F.);
#933=ORIENTED_EDGE('',*,*,#712,.F.);
#934=ORIENTED_EDGE('',*,*,#713,.F.);
#935=ORIENTED_EDGE('',*,*,#714,.F.);
#936=ORIENTED_EDGE('',*,*,#704,.F.);
#937=ORIENTED_EDGE('',*,*,#685,.F.);
#938=ORIENTED_EDGE('',*,*,#710,.F.);
#939=ORIENTED_EDGE('',*,*,#684,.F.);
#940=ORIENTED_EDGE('',*,*,#715,.T.);
#941=ORIENTED_EDGE('',*,*,#716,.T.);
#942=ORIENTED_EDGE('',*,*,#715,.F.);
#943=ORIENTED_EDGE('',*,*,#683,.F.);
#944=ORIENTED_EDGE('',*,*,#711,.T.);
#945=ORIENTED_EDGE('',*,*,#702,.T.);
#946=ORIENTED_EDGE('',*,*,#717,.T.);
#947=ORIENTED_EDGE('',*,*,#718,.T.);
#948=ORIENTED_EDGE('',*,*,#719,.T.);
#949=ORIENTED_EDGE('',*,*,#717,.F.);
#950=ORIENTED_EDGE('',*,*,#701,.T.);
#951=ORIENTED_EDGE('',*,*,#719,.F.);
#952=ORIENTED_EDGE('',*,*,#720,.T.);
#953=ORIENTED_EDGE('',*,*,#721,.T.);
#954=ORIENTED_EDGE('',*,*,#720,.F.);
#955=ORIENTED_EDGE('',*,*,#718,.F.);
#956=ORIENTED_EDGE('',*,*,#693,.T.);
#957=ORIENTED_EDGE('',*,*,#722,.T.);
#958=ORIENTED_EDGE('',*,*,#712,.T.);
#959=ORIENTED_EDGE('',*,*,#699,.T.);
#960=ORIENTED_EDGE('',*,*,#723,.T.);
#961=ORIENTED_EDGE('',*,*,#724,.T.);
#962=ORIENTED_EDGE('',*,*,#725,.T.);
#963=ORIENTED_EDGE('',*,*,#726,.T.);
#964=ORIENTED_EDGE('',*,*,#724,.F.);
#965=ORIENTED_EDGE('',*,*,#723,.F.);
#966=ORIENTED_EDGE('',*,*,#698,.T.);
#967=ORIENTED_EDGE('',*,*,#727,.T.);
#968=ORIENTED_EDGE('',*,*,#669,.T.);
#969=ORIENTED_EDGE('',*,*,#694,.T.);
#970=ORIENTED_EDGE('',*,*,#722,.F.);
#971=ORIENTED_EDGE('',*,*,#692,.F.);
#972=ORIENTED_EDGE('',*,*,#728,.F.);
#973=ORIENTED_EDGE('',*,*,#729,.F.);
#974=ORIENTED_EDGE('',*,*,#713,.T.);
#975=ORIENTED_EDGE('',*,*,#726,.F.);
#976=ORIENTED_EDGE('',*,*,#730,.T.);
#977=ORIENTED_EDGE('',*,*,#731,.T.);
#978=ORIENTED_EDGE('',*,*,#730,.F.);
#979=ORIENTED_EDGE('',*,*,#725,.F.);
#980=ORIENTED_EDGE('',*,*,#691,.T.);
#981=ORIENTED_EDGE('',*,*,#705,.T.);
#982=ORIENTED_EDGE('',*,*,#714,.T.);
#983=ORIENTED_EDGE('',*,*,#729,.T.);
#984=ORIENTED_EDGE('',*,*,#732,.T.);
#985=ORIENTED_EDGE('',*,*,#733,.T.);
#986=ORIENTED_EDGE('',*,*,#734,.T.);
#987=ORIENTED_EDGE('',*,*,#732,.F.);
#988=ORIENTED_EDGE('',*,*,#728,.T.);
#989=ORIENTED_EDGE('',*,*,#734,.F.);
#990=ORIENTED_EDGE('',*,*,#735,.T.);
#991=ORIENTED_EDGE('',*,*,#736,.T.);
#992=ORIENTED_EDGE('',*,*,#735,.F.);
#993=ORIENTED_EDGE('',*,*,#733,.F.);
#994=ORIENTED_EDGE('',*,*,#716,.F.);
#995=ORIENTED_EDGE('',*,*,#737,.F.);
#996=ORIENTED_EDGE('',*,*,#721,.F.);
#997=ORIENTED_EDGE('',*,*,#738,.F.);
#998=ORIENTED_EDGE('',*,*,#736,.F.);
#999=ORIENTED_EDGE('',*,*,#739,.F.);
#1000=ORIENTED_EDGE('',*,*,#731,.F.);
#1001=ORIENTED_EDGE('',*,*,#740,.F.);
#1002=ORIENTED_EDGE('',*,*,#677,.T.);
#1003=ORIENTED_EDGE('',*,*,#741,.F.);
#1004=ORIENTED_EDGE('',*,*,#742,.F.);
#1005=ORIENTED_EDGE('',*,*,#706,.T.);
#1006=ORIENTED_EDGE('',*,*,#743,.F.);
#1007=ORIENTED_EDGE('',*,*,#744,.F.);
#1008=ORIENTED_EDGE('',*,*,#745,.T.);
#1009=ORIENTED_EDGE('',*,*,#742,.T.);
#1010=ORIENTED_EDGE('',*,*,#746,.F.);
#1011=ORIENTED_EDGE('',*,*,#747,.F.);
#1012=ORIENTED_EDGE('',*,*,#707,.T.);
#1013=ORIENTED_EDGE('',*,*,#741,.T.);
#1014=ORIENTED_EDGE('',*,*,#676,.T.);
#1015=ORIENTED_EDGE('',*,*,#748,.F.);
#1016=ORIENTED_EDGE('',*,*,#746,.T.);
#1017=ORIENTED_EDGE('',*,*,#747,.T.);
#1018=ORIENTED_EDGE('',*,*,#748,.T.);
#1019=ORIENTED_EDGE('',*,*,#675,.T.);
#1020=ORIENTED_EDGE('',*,*,#679,.T.);
#1021=ORIENTED_EDGE('',*,*,#749,.T.);
#1022=ORIENTED_EDGE('',*,*,#750,.T.);
#1023=ORIENTED_EDGE('',*,*,#708,.T.);
#1024=ORIENTED_EDGE('',*,*,#751,.T.);
#1025=ORIENTED_EDGE('',*,*,#752,.T.);
#1026=ORIENTED_EDGE('',*,*,#753,.T.);
#1027=ORIENTED_EDGE('',*,*,#688,.F.);
#1028=ORIENTED_EDGE('',*,*,#695,.F.);
#1029=ORIENTED_EDGE('',*,*,#664,.T.);
#1030=ORIENTED_EDGE('',*,*,#754,.T.);
#1031=ORIENTED_EDGE('',*,*,#696,.T.);
#1032=ORIENTED_EDGE('',*,*,#654,.F.);
#1033=ORIENTED_EDGE('',*,*,#755,.T.);
#1034=ORIENTED_EDGE('',*,*,#630,.F.);
#1035=ORIENTED_EDGE('',*,*,#756,.T.);
#1036=ORIENTED_EDGE('',*,*,#657,.F.);
#1037=ORIENTED_EDGE('',*,*,#673,.F.);
#1038=ORIENTED_EDGE('',*,*,#627,.F.);
#1039=ORIENTED_EDGE('',*,*,#755,.F.);
#1040=ORIENTED_EDGE('',*,*,#744,.T.);
#1041=ORIENTED_EDGE('',*,*,#757,.T.);
#1042=ORIENTED_EDGE('',*,*,#749,.F.);
#1043=ORIENTED_EDGE('',*,*,#678,.T.);
#1044=ORIENTED_EDGE('',*,*,#743,.T.);
#1045=ORIENTED_EDGE('',*,*,#709,.T.);
#1046=ORIENTED_EDGE('',*,*,#750,.F.);
#1047=ORIENTED_EDGE('',*,*,#757,.F.);
#1048=ORIENTED_EDGE('',*,*,#740,.T.);
#1049=ORIENTED_EDGE('',*,*,#758,.T.);
#1050=ORIENTED_EDGE('',*,*,#751,.F.);
#1051=ORIENTED_EDGE('',*,*,#758,.F.);
#1052=ORIENTED_EDGE('',*,*,#739,.T.);
#1053=ORIENTED_EDGE('',*,*,#759,.T.);
#1054=ORIENTED_EDGE('',*,*,#745,.F.);
#1055=ORIENTED_EDGE('',*,*,#759,.F.);
#1056=ORIENTED_EDGE('',*,*,#737,.T.);
#1057=ORIENTED_EDGE('',*,*,#760,.T.);
#1058=ORIENTED_EDGE('',*,*,#753,.F.);
#1059=ORIENTED_EDGE('',*,*,#760,.F.);
#1060=ORIENTED_EDGE('',*,*,#738,.T.);
#1061=ORIENTED_EDGE('',*,*,#761,.T.);
#1062=ORIENTED_EDGE('',*,*,#752,.F.);
#1063=ORIENTED_EDGE('',*,*,#761,.F.);
#1064=ORIENTED_EDGE('',*,*,#762,.F.);
#1065=ORIENTED_EDGE('',*,*,#763,.T.);
#1066=ORIENTED_EDGE('',*,*,#764,.F.);
#1067=ORIENTED_EDGE('',*,*,#763,.F.);
#1068=ORIENTED_EDGE('',*,*,#765,.F.);
#1069=ORIENTED_EDGE('',*,*,#766,.T.);
#1070=ORIENTED_EDGE('',*,*,#767,.F.);
#1071=ORIENTED_EDGE('',*,*,#766,.F.);
#1072=ORIENTED_EDGE('',*,*,#768,.F.);
#1073=ORIENTED_EDGE('',*,*,#769,.T.);
#1074=ORIENTED_EDGE('',*,*,#770,.F.);
#1075=ORIENTED_EDGE('',*,*,#769,.F.);
#1076=ORIENTED_EDGE('',*,*,#771,.F.);
#1077=ORIENTED_EDGE('',*,*,#772,.T.);
#1078=ORIENTED_EDGE('',*,*,#773,.F.);
#1079=ORIENTED_EDGE('',*,*,#772,.F.);
#1080=ORIENTED_EDGE('',*,*,#774,.F.);
#1081=ORIENTED_EDGE('',*,*,#775,.T.);
#1082=ORIENTED_EDGE('',*,*,#776,.F.);
#1083=ORIENTED_EDGE('',*,*,#775,.F.);
#1084=ORIENTED_EDGE('',*,*,#645,.F.);
#1085=ORIENTED_EDGE('',*,*,#777,.F.);
#1086=ORIENTED_EDGE('',*,*,#639,.F.);
#1087=ORIENTED_EDGE('',*,*,#642,.F.);
#1088=ORIENTED_EDGE('',*,*,#771,.T.);
#1089=ORIENTED_EDGE('',*,*,#768,.T.);
#1090=ORIENTED_EDGE('',*,*,#765,.T.);
#1091=ORIENTED_EDGE('',*,*,#762,.T.);
#1092=ORIENTED_EDGE('',*,*,#776,.T.);
#1093=ORIENTED_EDGE('',*,*,#778,.F.);
#1094=ORIENTED_EDGE('',*,*,#779,.T.);
#1095=ORIENTED_EDGE('',*,*,#780,.F.);
#1096=ORIENTED_EDGE('',*,*,#781,.F.);
#1097=ORIENTED_EDGE('',*,*,#774,.T.);
#1098=ORIENTED_EDGE('',*,*,#773,.T.);
#1099=ORIENTED_EDGE('',*,*,#770,.T.);
#1100=ORIENTED_EDGE('',*,*,#767,.T.);
#1101=ORIENTED_EDGE('',*,*,#764,.T.);
#1102=ORIENTED_EDGE('',*,*,#782,.F.);
#1103=ORIENTED_EDGE('',*,*,#783,.T.);
#1104=ORIENTED_EDGE('',*,*,#784,.F.);
#1105=ORIENTED_EDGE('',*,*,#783,.F.);
#1106=ORIENTED_EDGE('',*,*,#785,.F.);
#1107=ORIENTED_EDGE('',*,*,#786,.T.);
#1108=ORIENTED_EDGE('',*,*,#787,.F.);
#1109=ORIENTED_EDGE('',*,*,#786,.F.);
#1110=ORIENTED_EDGE('',*,*,#788,.F.);
#1111=ORIENTED_EDGE('',*,*,#789,.T.);
#1112=ORIENTED_EDGE('',*,*,#790,.F.);
#1113=ORIENTED_EDGE('',*,*,#789,.F.);
#1114=ORIENTED_EDGE('',*,*,#791,.F.);
#1115=ORIENTED_EDGE('',*,*,#792,.T.);
#1116=ORIENTED_EDGE('',*,*,#793,.F.);
#1117=ORIENTED_EDGE('',*,*,#792,.F.);
#1118=ORIENTED_EDGE('',*,*,#794,.F.);
#1119=ORIENTED_EDGE('',*,*,#795,.T.);
#1120=ORIENTED_EDGE('',*,*,#796,.F.);
#1121=ORIENTED_EDGE('',*,*,#795,.F.);
#1122=ORIENTED_EDGE('',*,*,#648,.F.);
#1123=ORIENTED_EDGE('',*,*,#797,.T.);
#1124=ORIENTED_EDGE('',*,*,#636,.F.);
#1125=ORIENTED_EDGE('',*,*,#777,.T.);
#1126=ORIENTED_EDGE('',*,*,#651,.F.);
#1127=ORIENTED_EDGE('',*,*,#756,.F.);
#1128=ORIENTED_EDGE('',*,*,#633,.F.);
#1129=ORIENTED_EDGE('',*,*,#797,.F.);
#1130=ORIENTED_EDGE('',*,*,#782,.T.);
#1131=ORIENTED_EDGE('',*,*,#785,.T.);
#1132=ORIENTED_EDGE('',*,*,#788,.T.);
#1133=ORIENTED_EDGE('',*,*,#791,.T.);
#1134=ORIENTED_EDGE('',*,*,#794,.T.);
#1135=ORIENTED_EDGE('',*,*,#798,.T.);
#1136=ORIENTED_EDGE('',*,*,#778,.T.);
#1137=ORIENTED_EDGE('',*,*,#799,.F.);
#1138=ORIENTED_EDGE('',*,*,#671,.T.);
#1139=ORIENTED_EDGE('',*,*,#799,.T.);
#1140=ORIENTED_EDGE('',*,*,#781,.T.);
#1141=ORIENTED_EDGE('',*,*,#800,.F.);
#1142=ORIENTED_EDGE('',*,*,#667,.T.);
#1143=ORIENTED_EDGE('',*,*,#801,.T.);
#1144=ORIENTED_EDGE('',*,*,#662,.T.);
#1145=ORIENTED_EDGE('',*,*,#800,.T.);
#1146=ORIENTED_EDGE('',*,*,#780,.T.);
#1147=ORIENTED_EDGE('',*,*,#663,.F.);
#1148=ORIENTED_EDGE('',*,*,#801,.F.);
#1149=ORIENTED_EDGE('',*,*,#779,.F.);
#1150=ORIENTED_EDGE('',*,*,#798,.F.);
#1151=ORIENTED_EDGE('',*,*,#670,.F.);
#1152=ORIENTED_EDGE('',*,*,#727,.F.);
#1153=ORIENTED_EDGE('',*,*,#697,.F.);
#1154=ORIENTED_EDGE('',*,*,#754,.F.);
#1155=ORIENTED_EDGE('',*,*,#784,.T.);
#1156=ORIENTED_EDGE('',*,*,#787,.T.);
#1157=ORIENTED_EDGE('',*,*,#790,.T.);
#1158=ORIENTED_EDGE('',*,*,#793,.T.);
#1159=ORIENTED_EDGE('',*,*,#796,.T.);
#1160=B_SPLINE_SURFACE_WITH_KNOTS('',3,3,((#1812,#1813,#1814,#1815,#1816,
#1817,#1818,#1819),(#1820,#1821,#1822,#1823,#1824,#1825,#1826,#1827),(#1828,
#1829,#1830,#1831,#1832,#1833,#1834,#1835),(#1836,#1837,#1838,#1839,#1840,
#1841,#1842,#1843),(#1844,#1845,#1846,#1847,#1848,#1849,#1850,#1851)),
 .UNSPECIFIED.,.F.,.F.,.F.,(4,1,4),(4,2,1,1,4),(0.,0.571428571428571,1.),
(-0.00144913753049159,0.,0.543343144654813,0.724457526206417,0.905571907758021),
 .UNSPECIFIED.);
#1161=B_SPLINE_SURFACE_WITH_KNOTS('',3,3,((#1938,#1939,#1940,#1941,#1942,
#1943,#1944,#1945),(#1946,#1947,#1948,#1949,#1950,#1951,#1952,#1953),(#1954,
#1955,#1956,#1957,#1958,#1959,#1960,#1961),(#1962,#1963,#1964,#1965,#1966,
#1967,#1968,#1969),(#1970,#1971,#1972,#1973,#1974,#1975,#1976,#1977)),
 .UNSPECIFIED.,.F.,.F.,.F.,(4,1,4),(4,1,1,2,4),(0.,0.571428571428571,1.),
(0.,0.362228763103177,0.543343144654766,0.905571907757943,0.907021045288504),
 .UNSPECIFIED.);
#1162=ADVANCED_FACE('',(#232),#1160,.F.);
#1163=ADVANCED_FACE('',(#233),#197,.T.);
#1164=ADVANCED_FACE('',(#234),#61,.T.);
#1165=ADVANCED_FACE('',(#235),#198,.T.);
#1166=ADVANCED_FACE('',(#236),#62,.T.);
#1167=ADVANCED_FACE('',(#237),#199,.T.);
#1168=ADVANCED_FACE('',(#238),#63,.T.);
#1169=ADVANCED_FACE('',(#239),#200,.T.);
#1170=ADVANCED_FACE('',(#240),#64,.T.);
#1171=ADVANCED_FACE('',(#241),#201,.T.);
#1172=ADVANCED_FACE('',(#242),#65,.T.);
#1173=ADVANCED_FACE('',(#243),#202,.T.);
#1174=ADVANCED_FACE('',(#244),#1161,.F.);
#1175=ADVANCED_FACE('',(#245),#43,.F.);
#1176=ADVANCED_FACE('',(#246),#203,.T.);
#1177=ADVANCED_FACE('',(#247),#44,.F.);
#1178=ADVANCED_FACE('',(#248),#66,.F.);
#1179=ADVANCED_FACE('',(#249),#204,.T.);
#1180=ADVANCED_FACE('',(#250),#67,.T.);
#1181=ADVANCED_FACE('',(#251),#68,.T.);
#1182=ADVANCED_FACE('',(#252),#45,.T.);
#1183=ADVANCED_FACE('',(#253),#46,.T.);
#1184=ADVANCED_FACE('',(#254),#205,.F.);
#1185=ADVANCED_FACE('',(#255),#206,.F.);
#1186=ADVANCED_FACE('',(#256),#69,.T.);
#1187=ADVANCED_FACE('',(#257),#207,.F.);
#1188=ADVANCED_FACE('',(#258),#70,.T.);
#1189=ADVANCED_FACE('',(#259),#208,.T.);
#1190=ADVANCED_FACE('',(#260),#47,.T.);
#1191=ADVANCED_FACE('',(#261),#209,.F.);
#1192=ADVANCED_FACE('',(#262),#71,.T.);
#1193=ADVANCED_FACE('',(#263),#210,.F.);
#1194=ADVANCED_FACE('',(#264,#15),#48,.T.);
#1195=ADVANCED_FACE('',(#265,#16),#49,.T.);
#1196=ADVANCED_FACE('',(#266,#17),#50,.T.);
#1197=ADVANCED_FACE('',(#267,#18),#51,.T.);
#1198=ADVANCED_FACE('',(#268,#19),#52,.T.);
#1199=ADVANCED_FACE('',(#269),#53,.F.);
#1200=ADVANCED_FACE('',(#270),#211,.T.);
#1201=ADVANCED_FACE('',(#271,#20,#21,#22),#54,.T.);
#1202=ADVANCED_FACE('',(#272),#212,.T.);
#1203=ADVANCED_FACE('',(#273),#213,.F.);
#1204=ADVANCED_FACE('',(#274),#55,.F.);
#1205=ADVANCED_FACE('',(#275),#214,.T.);
#1206=ADVANCED_FACE('',(#276),#56,.F.);
#1207=ADVANCED_FACE('',(#277),#215,.F.);
#1208=ADVANCED_FACE('',(#278),#216,.F.);
#1209=ADVANCED_FACE('',(#279),#217,.F.);
#1210=ADVANCED_FACE('',(#280),#218,.F.);
#1211=ADVANCED_FACE('',(#281),#219,.F.);
#1212=ADVANCED_FACE('',(#282),#220,.F.);
#1213=ADVANCED_FACE('',(#283),#221,.F.);
#1214=ADVANCED_FACE('',(#284),#222,.F.);
#1215=ADVANCED_FACE('',(#285),#223,.F.);
#1216=ADVANCED_FACE('',(#286,#23,#24,#25,#26,#27),#57,.F.);
#1217=ADVANCED_FACE('',(#287,#28,#29,#30,#31,#32),#58,.T.);
#1218=ADVANCED_FACE('',(#288),#224,.F.);
#1219=ADVANCED_FACE('',(#289),#225,.F.);
#1220=ADVANCED_FACE('',(#290),#226,.F.);
#1221=ADVANCED_FACE('',(#291),#227,.F.);
#1222=ADVANCED_FACE('',(#292),#228,.F.);
#1223=ADVANCED_FACE('',(#293),#229,.F.);
#1224=ADVANCED_FACE('',(#294,#33,#34,#35,#36,#37),#59,.T.);
#1225=ADVANCED_FACE('',(#295),#230,.T.);
#1226=ADVANCED_FACE('',(#296),#72,.T.);
#1227=ADVANCED_FACE('',(#297),#231,.T.);
#1228=ADVANCED_FACE('',(#298,#38,#39,#40,#41,#42),#60,.T.);
#1229=CLOSED_SHELL('',(#1162,#1163,#1164,#1165,#1166,#1167,#1168,#1169,
#1170,#1171,#1172,#1173,#1174,#1175,#1176,#1177,#1178,#1179,#1180,#1181,
#1182,#1183,#1184,#1185,#1186,#1187,#1188,#1189,#1190,#1191,#1192,#1193,
#1194,#1195,#1196,#1197,#1198,#1199,#1200,#1201,#1202,#1203,#1204,#1205,
#1206,#1207,#1208,#1209,#1210,#1211,#1212,#1213,#1214,#1215,#1216,#1217,
#1218,#1219,#1220,#1221,#1222,#1223,#1224,#1225,#1226,#1227,#1228));
#1230=DERIVED_UNIT_ELEMENT(#1232,1.);
#1231=DERIVED_UNIT_ELEMENT(#2363,-3.);
#1232=(
MASS_UNIT()
NAMED_UNIT(*)
SI_UNIT(.KILO.,.GRAM.)
);
#1233=DERIVED_UNIT((#1230,#1231));
#1234=MEASURE_REPRESENTATION_ITEM('density measure',
POSITIVE_RATIO_MEASURE(7850.),#1233);
#1235=PROPERTY_DEFINITION_REPRESENTATION(#1240,#1237);
#1236=PROPERTY_DEFINITION_REPRESENTATION(#1241,#1238);
#1237=REPRESENTATION('material name',(#1239),#2360);
#1238=REPRESENTATION('density',(#1234),#2360);
#1239=DESCRIPTIVE_REPRESENTATION_ITEM('\X2\AC15CCA0\X0\','\X2\AC15CCA0\X0\');
#1240=PROPERTY_DEFINITION('material property','material name',#2370);
#1241=PROPERTY_DEFINITION('material property','density of part',#2370);
#1242=AXIS2_PLACEMENT_3D('',#1811,#1411,#1412);
#1243=AXIS2_PLACEMENT_3D('',#1854,#1413,#1414);
#1244=AXIS2_PLACEMENT_3D('',#1872,#1415,#1416);
#1245=AXIS2_PLACEMENT_3D('',#1875,#1417,#1418);
#1246=AXIS2_PLACEMENT_3D('',#1878,#1421,#1422);
#1247=AXIS2_PLACEMENT_3D('',#1881,#1423,#1424);
#1248=AXIS2_PLACEMENT_3D('',#1882,#1425,#1426);
#1249=AXIS2_PLACEMENT_3D('',#1883,#1427,#1428);
#1250=AXIS2_PLACEMENT_3D('',#1884,#1429,#1430);
#1251=AXIS2_PLACEMENT_3D('',#1887,#1431,#1432);
#1252=AXIS2_PLACEMENT_3D('',#1890,#1435,#1436);
#1253=AXIS2_PLACEMENT_3D('',#1893,#1437,#1438);
#1254=AXIS2_PLACEMENT_3D('',#1894,#1439,#1440);
#1255=AXIS2_PLACEMENT_3D('',#1895,#1441,#1442);
#1256=AXIS2_PLACEMENT_3D('',#1896,#1443,#1444);
#1257=AXIS2_PLACEMENT_3D('',#1899,#1445,#1446);
#1258=AXIS2_PLACEMENT_3D('',#1902,#1449,#1450);
#1259=AXIS2_PLACEMENT_3D('',#1905,#1451,#1452);
#1260=AXIS2_PLACEMENT_3D('',#1906,#1453,#1454);
#1261=AXIS2_PLACEMENT_3D('',#1907,#1455,#1456);
#1262=AXIS2_PLACEMENT_3D('',#1908,#1457,#1458);
#1263=AXIS2_PLACEMENT_3D('',#1911,#1459,#1460);
#1264=AXIS2_PLACEMENT_3D('',#1914,#1463,#1464);
#1265=AXIS2_PLACEMENT_3D('',#1917,#1465,#1466);
#1266=AXIS2_PLACEMENT_3D('',#1918,#1467,#1468);
#1267=AXIS2_PLACEMENT_3D('',#1919,#1469,#1470);
#1268=AXIS2_PLACEMENT_3D('',#1920,#1471,#1472);
#1269=AXIS2_PLACEMENT_3D('',#1923,#1473,#1474);
#1270=AXIS2_PLACEMENT_3D('',#1926,#1477,#1478);
#1271=AXIS2_PLACEMENT_3D('',#1929,#1479,#1480);
#1272=AXIS2_PLACEMENT_3D('',#1930,#1481,#1482);
#1273=AXIS2_PLACEMENT_3D('',#1931,#1483,#1484);
#1274=AXIS2_PLACEMENT_3D('',#1932,#1485,#1486);
#1275=AXIS2_PLACEMENT_3D('',#1935,#1487,#1488);
#1276=AXIS2_PLACEMENT_3D('',#1995,#1491,#1492);
#1277=AXIS2_PLACEMENT_3D('',#2005,#1498,#1499);
#1278=AXIS2_PLACEMENT_3D('',#2008,#1501,#1502);
#1279=AXIS2_PLACEMENT_3D('',#2009,#1503,#1504);
#1280=AXIS2_PLACEMENT_3D('',#2017,#1509,#1510);
#1281=AXIS2_PLACEMENT_3D('',#2018,#1511,#1512);
#1282=AXIS2_PLACEMENT_3D('',#2019,#1513,#1514);
#1283=AXIS2_PLACEMENT_3D('',#2020,#1515,#1516);
#1284=AXIS2_PLACEMENT_3D('',#2024,#1518,#1519);
#1285=AXIS2_PLACEMENT_3D('',#2028,#1521,#1522);
#1286=AXIS2_PLACEMENT_3D('',#2031,#1524,#1525);
#1287=AXIS2_PLACEMENT_3D('',#2032,#1526,#1527);
#1288=AXIS2_PLACEMENT_3D('',#2033,#1528,#1529);
#1289=AXIS2_PLACEMENT_3D('',#2045,#1530,#1531);
#1290=AXIS2_PLACEMENT_3D('',#2047,#1532,#1533);
#1291=AXIS2_PLACEMENT_3D('',#2048,#1534,#1535);
#1292=AXIS2_PLACEMENT_3D('',#2057,#1536,#1537);
#1293=AXIS2_PLACEMENT_3D('',#2078,#1538,#1539);
#1294=AXIS2_PLACEMENT_3D('',#2079,#1540,#1541);
#1295=AXIS2_PLACEMENT_3D('',#2081,#1542,#1543);
#1296=AXIS2_PLACEMENT_3D('',#2102,#1544,#1545);
#1297=AXIS2_PLACEMENT_3D('',#2114,#1546,#1547);
#1298=AXIS2_PLACEMENT_3D('',#2115,#1548,#1549);
#1299=AXIS2_PLACEMENT_3D('',#2116,#1550,#1551);
#1300=AXIS2_PLACEMENT_3D('',#2124,#1555,#1556);
#1301=AXIS2_PLACEMENT_3D('',#2126,#1557,#1558);
#1302=AXIS2_PLACEMENT_3D('',#2128,#1559,#1560);
#1303=AXIS2_PLACEMENT_3D('',#2130,#1561,#1562);
#1304=AXIS2_PLACEMENT_3D('',#2131,#1563,#1564);
#1305=AXIS2_PLACEMENT_3D('',#2132,#1565,#1566);
#1306=AXIS2_PLACEMENT_3D('',#2134,#1567,#1568);
#1307=AXIS2_PLACEMENT_3D('',#2135,#1569,#1570);
#1308=AXIS2_PLACEMENT_3D('',#2136,#1571,#1572);
#1309=AXIS2_PLACEMENT_3D('',#2139,#1573,#1574);
#1310=AXIS2_PLACEMENT_3D('',#2143,#1576,#1577);
#1311=AXIS2_PLACEMENT_3D('',#2164,#1580,#1581);
#1312=AXIS2_PLACEMENT_3D('',#2173,#1582,#1583);
#1313=AXIS2_PLACEMENT_3D('',#2176,#1585,#1586);
#1314=AXIS2_PLACEMENT_3D('',#2177,#1587,#1588);
#1315=AXIS2_PLACEMENT_3D('',#2179,#1589,#1590);
#1316=AXIS2_PLACEMENT_3D('',#2181,#1591,#1592);
#1317=AXIS2_PLACEMENT_3D('',#2182,#1593,#1594);
#1318=AXIS2_PLACEMENT_3D('',#2183,#1595,#1596);
#1319=AXIS2_PLACEMENT_3D('',#2186,#1598,#1599);
#1320=AXIS2_PLACEMENT_3D('',#2187,#1600,#1601);
#1321=AXIS2_PLACEMENT_3D('',#2188,#1602,#1603);
#1322=AXIS2_PLACEMENT_3D('',#2198,#1604,#1605);
#1323=AXIS2_PLACEMENT_3D('',#2200,#1606,#1607);
#1324=AXIS2_PLACEMENT_3D('',#2201,#1608,#1609);
#1325=AXIS2_PLACEMENT_3D('',#2202,#1610,#1611);
#1326=AXIS2_PLACEMENT_3D('',#2203,#1612,#1613);
#1327=AXIS2_PLACEMENT_3D('',#2204,#1614,#1615);
#1328=AXIS2_PLACEMENT_3D('',#2206,#1616,#1617);
#1329=AXIS2_PLACEMENT_3D('',#2207,#1618,#1619);
#1330=AXIS2_PLACEMENT_3D('',#2208,#1620,#1621);
#1331=AXIS2_PLACEMENT_3D('',#2211,#1623,#1624);
#1332=AXIS2_PLACEMENT_3D('',#2212,#1625,#1626);
#1333=AXIS2_PLACEMENT_3D('',#2214,#1627,#1628);
#1334=AXIS2_PLACEMENT_3D('',#2216,#1629,#1630);
#1335=AXIS2_PLACEMENT_3D('',#2217,#1631,#1632);
#1336=AXIS2_PLACEMENT_3D('',#2218,#1633,#1634);
#1337=AXIS2_PLACEMENT_3D('',#2221,#1636,#1637);
#1338=AXIS2_PLACEMENT_3D('',#2222,#1638,#1639);
#1339=AXIS2_PLACEMENT_3D('',#2224,#1640,#1641);
#1340=AXIS2_PLACEMENT_3D('',#2225,#1642,#1643);
#1341=AXIS2_PLACEMENT_3D('',#2227,#1644,#1645);
#1342=AXIS2_PLACEMENT_3D('',#2228,#1646,#1647);
#1343=AXIS2_PLACEMENT_3D('',#2230,#1648,#1649);
#1344=AXIS2_PLACEMENT_3D('',#2231,#1650,#1651);
#1345=AXIS2_PLACEMENT_3D('',#2233,#1652,#1653);
#1346=AXIS2_PLACEMENT_3D('',#2234,#1654,#1655);
#1347=AXIS2_PLACEMENT_3D('',#2236,#1656,#1657);
#1348=AXIS2_PLACEMENT_3D('',#2240,#1660,#1661);
#1349=AXIS2_PLACEMENT_3D('',#2242,#1662,#1663);
#1350=AXIS2_PLACEMENT_3D('',#2243,#1664,#1665);
#1351=AXIS2_PLACEMENT_3D('',#2247,#1668,#1669);
#1352=AXIS2_PLACEMENT_3D('',#2248,#1670,#1671);
#1353=AXIS2_PLACEMENT_3D('',#2249,#1672,#1673);
#1354=AXIS2_PLACEMENT_3D('',#2251,#1674,#1675);
#1355=AXIS2_PLACEMENT_3D('',#2254,#1677,#1678);
#1356=AXIS2_PLACEMENT_3D('',#2256,#1679,#1680);
#1357=AXIS2_PLACEMENT_3D('',#2258,#1681,#1682);
#1358=AXIS2_PLACEMENT_3D('',#2259,#1683,#1684);
#1359=AXIS2_PLACEMENT_3D('',#2260,#1685,#1686);
#1360=AXIS2_PLACEMENT_3D('',#2261,#1687,#1688);
#1361=AXIS2_PLACEMENT_3D('',#2264,#1691,#1692);
#1362=AXIS2_PLACEMENT_3D('',#2265,#1693,#1694);
#1363=AXIS2_PLACEMENT_3D('',#2267,#1696,#1697);
#1364=AXIS2_PLACEMENT_3D('',#2268,#1698,#1699);
#1365=AXIS2_PLACEMENT_3D('',#2270,#1701,#1702);
#1366=AXIS2_PLACEMENT_3D('',#2272,#1704,#1705);
#1367=AXIS2_PLACEMENT_3D('',#2274,#1707,#1708);
#1368=AXIS2_PLACEMENT_3D('',#2276,#1710,#1711);
#1369=AXIS2_PLACEMENT_3D('',#2278,#1712,#1713);
#1370=AXIS2_PLACEMENT_3D('',#2281,#1715,#1716);
#1371=AXIS2_PLACEMENT_3D('',#2282,#1717,#1718);
#1372=AXIS2_PLACEMENT_3D('',#2284,#1719,#1720);
#1373=AXIS2_PLACEMENT_3D('',#2287,#1722,#1723);
#1374=AXIS2_PLACEMENT_3D('',#2288,#1724,#1725);
#1375=AXIS2_PLACEMENT_3D('',#2290,#1726,#1727);
#1376=AXIS2_PLACEMENT_3D('',#2293,#1729,#1730);
#1377=AXIS2_PLACEMENT_3D('',#2294,#1731,#1732);
#1378=AXIS2_PLACEMENT_3D('',#2296,#1733,#1734);
#1379=AXIS2_PLACEMENT_3D('',#2299,#1736,#1737);
#1380=AXIS2_PLACEMENT_3D('',#2300,#1738,#1739);
#1381=AXIS2_PLACEMENT_3D('',#2302,#1740,#1741);
#1382=AXIS2_PLACEMENT_3D('',#2305,#1743,#1744);
#1383=AXIS2_PLACEMENT_3D('',#2306,#1745,#1746);
#1384=AXIS2_PLACEMENT_3D('',#2308,#1748,#1749);
#1385=AXIS2_PLACEMENT_3D('',#2316,#1753,#1754);
#1386=AXIS2_PLACEMENT_3D('',#2317,#1755,#1756);
#1387=AXIS2_PLACEMENT_3D('',#2319,#1757,#1758);
#1388=AXIS2_PLACEMENT_3D('',#2322,#1760,#1761);
#1389=AXIS2_PLACEMENT_3D('',#2323,#1762,#1763);
#1390=AXIS2_PLACEMENT_3D('',#2325,#1764,#1765);
#1391=AXIS2_PLACEMENT_3D('',#2328,#1767,#1768);
#1392=AXIS2_PLACEMENT_3D('',#2329,#1769,#1770);
#1393=AXIS2_PLACEMENT_3D('',#2331,#1771,#1772);
#1394=AXIS2_PLACEMENT_3D('',#2334,#1774,#1775);
#1395=AXIS2_PLACEMENT_3D('',#2335,#1776,#1777);
#1396=AXIS2_PLACEMENT_3D('',#2337,#1778,#1779);
#1397=AXIS2_PLACEMENT_3D('',#2340,#1781,#1782);
#1398=AXIS2_PLACEMENT_3D('',#2341,#1783,#1784);
#1399=AXIS2_PLACEMENT_3D('',#2343,#1785,#1786);
#1400=AXIS2_PLACEMENT_3D('',#2346,#1788,#1789);
#1401=AXIS2_PLACEMENT_3D('',#2347,#1790,#1791);
#1402=AXIS2_PLACEMENT_3D('',#2349,#1793,#1794);
#1403=AXIS2_PLACEMENT_3D('',#2350,#1795,#1796);
#1404=AXIS2_PLACEMENT_3D('',#2351,#1797,#1798);
#1405=AXIS2_PLACEMENT_3D('',#2352,#1799,#1800);
#1406=AXIS2_PLACEMENT_3D('',#2353,#1801,#1802);
#1407=AXIS2_PLACEMENT_3D('',#2354,#1803,#1804);
#1408=AXIS2_PLACEMENT_3D('',#2355,#1805,#1806);
#1409=AXIS2_PLACEMENT_3D('',#2356,#1807,#1808);
#1410=AXIS2_PLACEMENT_3D('',#2357,#1809,#1810);
#1411=DIRECTION('axis',(0.,0.,1.));
#1412=DIRECTION('refdir',(1.,0.,0.));
#1413=DIRECTION('center_axis',(-1.11022302462516E-15,1.,0.));
#1414=DIRECTION('ref_axis',(0.,0.,-1.));
#1415=DIRECTION('center_axis',(0.,-1.,4.81609816384014E-16));
#1416=DIRECTION('ref_axis',(-0.707106781186547,0.,-0.707106781186548));
#1417=DIRECTION('center_axis',(0.,1.,0.));
#1418=DIRECTION('ref_axis',(0.,0.,-1.));
#1419=DIRECTION('',(0.,1.,-4.81609816384014E-16));
#1420=DIRECTION('',(0.,-1.,4.81609816384014E-16));
#1421=DIRECTION('center_axis',(0.,-4.81609816384014E-16,-1.));
#1422=DIRECTION('ref_axis',(-1.,0.,0.));
#1423=DIRECTION('center_axis',(1.,2.77555756156289E-16,0.));
#1424=DIRECTION('ref_axis',(0.,0.,-1.));
#1425=DIRECTION('center_axis',(0.,4.81609816384014E-16,1.));
#1426=DIRECTION('ref_axis',(0.707106781186547,-0.707106781186547,3.23815048849004E-16));
#1427=DIRECTION('center_axis',(0.,-4.81609816384014E-16,-1.));
#1428=DIRECTION('ref_axis',(0.707106781186548,-0.707106781186548,3.40549567051144E-16));
#1429=DIRECTION('center_axis',(-1.,0.,0.));
#1430=DIRECTION('ref_axis',(0.,0.707106781186549,-0.707106781186546));
#1431=DIRECTION('center_axis',(1.,0.,0.));
#1432=DIRECTION('ref_axis',(0.,0.,-1.));
#1433=DIRECTION('',(1.,0.,0.));
#1434=DIRECTION('',(-1.,0.,0.));
#1435=DIRECTION('center_axis',(0.,-4.81609816384014E-16,-1.));
#1436=DIRECTION('ref_axis',(-1.,0.,0.));
#1437=DIRECTION('center_axis',(0.,-1.,0.));
#1438=DIRECTION('ref_axis',(0.,0.,-1.));
#1439=DIRECTION('center_axis',(0.,4.81609816384014E-16,1.));
#1440=DIRECTION('ref_axis',(-0.707106781186548,-0.707106781186547,3.23815048849004E-16));
#1441=DIRECTION('center_axis',(0.,-4.81609816384014E-16,-1.));
#1442=DIRECTION('ref_axis',(-0.707106781186548,-0.707106781186547,3.40549567051144E-16));
#1443=DIRECTION('center_axis',(-1.07492398675125E-75,1.,-4.81609816384014E-16));
#1444=DIRECTION('ref_axis',(0.707106781186551,0.,-0.707106781186544));
#1445=DIRECTION('center_axis',(0.,-1.,0.));
#1446=DIRECTION('ref_axis',(0.,0.,-1.));
#1447=DIRECTION('',(1.07492398675125E-75,-1.,4.81609816384014E-16));
#1448=DIRECTION('',(-1.07492398675125E-75,1.,-4.81609816384014E-16));
#1449=DIRECTION('center_axis',(1.,6.25077016288889E-119,-2.23193952901938E-60));
#1450=DIRECTION('ref_axis',(0.,0.,-1.));
#1451=DIRECTION('center_axis',(0.,1.,-2.59235473386346E-17));
#1452=DIRECTION('ref_axis',(0.,2.59235473386346E-17,1.));
#1453=DIRECTION('center_axis',(-1.,-6.25077016288889E-119,2.23193952901938E-60));
#1454=DIRECTION('ref_axis',(7.88070899676978E-77,1.,3.53087926187329E-17));
#1455=DIRECTION('center_axis',(1.,6.25077016288889E-119,-2.23193952901938E-60));
#1456=DIRECTION('ref_axis',(0.,1.,3.53087926187329E-17));
#1457=DIRECTION('center_axis',(6.25077016288889E-119,-1.,0.));
#1458=DIRECTION('ref_axis',(0.707106781186549,0.,0.707106781186546));
#1459=DIRECTION('center_axis',(2.22044604925031E-15,1.,0.));
#1460=DIRECTION('ref_axis',(0.,0.,1.));
#1461=DIRECTION('',(-6.25077016288889E-119,1.,0.));
#1462=DIRECTION('',(6.25077016288889E-119,-1.,0.));
#1463=DIRECTION('center_axis',(0.,0.,1.));
#1464=DIRECTION('ref_axis',(1.,0.,0.));
#1465=DIRECTION('center_axis',(-1.,0.,0.));
#1466=DIRECTION('ref_axis',(0.,0.,1.));
#1467=DIRECTION('center_axis',(0.,0.,-1.));
#1468=DIRECTION('ref_axis',(-0.707106781186547,-0.707106781186547,0.));
#1469=DIRECTION('center_axis',(0.,0.,1.));
#1470=DIRECTION('ref_axis',(-0.707106781186548,-0.707106781186548,0.));
#1471=DIRECTION('center_axis',(-1.,0.,0.));
#1472=DIRECTION('ref_axis',(0.,0.707106781186549,0.707106781186546));
#1473=DIRECTION('center_axis',(-1.,0.,0.));
#1474=DIRECTION('ref_axis',(0.,0.,1.));
#1475=DIRECTION('',(-1.,0.,0.));
#1476=DIRECTION('',(1.,0.,0.));
#1477=DIRECTION('center_axis',(0.,0.,1.));
#1478=DIRECTION('ref_axis',(1.,0.,0.));
#1479=DIRECTION('center_axis',(0.,-1.,0.));
#1480=DIRECTION('ref_axis',(0.,0.,1.));
#1481=DIRECTION('center_axis',(0.,0.,-1.));
#1482=DIRECTION('ref_axis',(0.707106781186547,-0.707106781186548,0.));
#1483=DIRECTION('center_axis',(0.,0.,1.));
#1484=DIRECTION('ref_axis',(0.707106781186547,-0.707106781186548,0.));
#1485=DIRECTION('center_axis',(0.,1.,0.));
#1486=DIRECTION('ref_axis',(-0.707106781186547,0.,0.707106781186548));
#1487=DIRECTION('center_axis',(0.,-1.,0.));
#1488=DIRECTION('ref_axis',(0.,0.,1.));
#1489=DIRECTION('',(0.,-1.,0.));
#1490=DIRECTION('',(0.,1.,0.));
#1491=DIRECTION('center_axis',(0.,0.,-1.));
#1492=DIRECTION('ref_axis',(-2.27224463425517E-33,-1.,0.));
#1493=DIRECTION('',(-1.,0.,0.));
#1494=DIRECTION('',(-4.85026197194492E-30,1.,0.));
#1495=DIRECTION('',(1.,0.,0.));
#1496=DIRECTION('',(4.85026197194492E-30,-1.,0.));
#1497=DIRECTION('',(-1.,0.,0.));
#1498=DIRECTION('center_axis',(-1.,0.,0.));
#1499=DIRECTION('ref_axis',(0.,9.65411325761005E-17,-1.));
#1500=DIRECTION('',(-1.,0.,0.));
#1501=DIRECTION('center_axis',(-1.,-4.85026197194492E-30,3.58991501114471E-45));
#1502=DIRECTION('ref_axis',(0.,1.,3.53087926187329E-17));
#1503=DIRECTION('center_axis',(0.,4.81609816384014E-16,1.));
#1504=DIRECTION('ref_axis',(9.46768597606322E-35,1.,-4.81609816384014E-16));
#1505=DIRECTION('',(-1.,0.,0.));
#1506=DIRECTION('',(-4.85026197194492E-30,1.,-4.81609816384014E-16));
#1507=DIRECTION('',(-1.,0.,0.));
#1508=DIRECTION('',(4.85026197194492E-30,-1.,4.81609816384014E-16));
#1509=DIRECTION('center_axis',(1.,0.,0.));
#1510=DIRECTION('ref_axis',(0.,0.,-1.));
#1511=DIRECTION('center_axis',(1.,0.,0.));
#1512=DIRECTION('ref_axis',(0.,-1.,1.57773472533468E-16));
#1513=DIRECTION('center_axis',(-1.,0.,0.));
#1514=DIRECTION('ref_axis',(0.,-1.,1.57773472533468E-16));
#1515=DIRECTION('center_axis',(-1.,0.,0.));
#1516=DIRECTION('ref_axis',(0.,9.65411325761005E-17,-1.));
#1517=DIRECTION('',(-1.,0.,0.));
#1518=DIRECTION('center_axis',(-1.,0.,0.));
#1519=DIRECTION('ref_axis',(0.,0.,1.));
#1520=DIRECTION('',(-1.,0.,0.));
#1521=DIRECTION('center_axis',(-1.,0.,0.));
#1522=DIRECTION('ref_axis',(0.,9.65411325761005E-17,-1.));
#1523=DIRECTION('',(1.,0.,0.));
#1524=DIRECTION('center_axis',(-1.,0.,0.));
#1525=DIRECTION('ref_axis',(0.,0.,1.));
#1526=DIRECTION('center_axis',(1.,4.85026197194492E-30,-3.58991501114471E-45));
#1527=DIRECTION('ref_axis',(0.,1.,3.53087926187329E-17));
#1528=DIRECTION('center_axis',(-1.,-4.85026197194492E-30,3.58991501114471E-45));
#1529=DIRECTION('ref_axis',(0.,0.,1.));
#1530=DIRECTION('center_axis',(4.85026197194492E-30,-1.,1.22464679914735E-16));
#1531=DIRECTION('ref_axis',(0.,-1.22464679914735E-16,-1.));
#1532=DIRECTION('center_axis',(-1.,-4.85026197194492E-30,3.58991501114471E-45));
#1533=DIRECTION('ref_axis',(0.,-1.61675399064831E-30,-1.));
#1534=DIRECTION('center_axis',(-1.,-4.85026197194492E-30,3.58991501114471E-45));
#1535=DIRECTION('ref_axis',(0.,-1.61675399064831E-30,-1.));
#1536=DIRECTION('center_axis',(1.,4.85026197194492E-30,-3.58991501114471E-45));
#1537=DIRECTION('ref_axis',(-3.5899150111447E-45,-1.61675399064831E-30,
-1.));
#1538=DIRECTION('center_axis',(1.,4.85026197194492E-30,-3.58991501114471E-45));
#1539=DIRECTION('ref_axis',(-3.5899150111447E-45,-1.61675399064831E-30,
-1.));
#1540=DIRECTION('center_axis',(1.,4.85026197194492E-30,-3.58991501114471E-45));
#1541=DIRECTION('ref_axis',(0.,0.,-1.));
#1542=DIRECTION('center_axis',(-1.,-4.85026197194492E-30,3.58991501114471E-45));
#1543=DIRECTION('ref_axis',(-4.85026197194492E-30,1.,3.53087926187329E-17));
#1544=DIRECTION('center_axis',(-1.,-4.85026197194492E-30,3.58991501114471E-45));
#1545=DIRECTION('ref_axis',(-4.85026197194492E-30,1.,3.53087926187329E-17));
#1546=DIRECTION('center_axis',(0.,-1.,0.));
#1547=DIRECTION('ref_axis',(0.,0.,-1.));
#1548=DIRECTION('center_axis',(-4.80712114119054E-30,1.,-2.59235473386346E-17));
#1549=DIRECTION('ref_axis',(0.,2.59235473386346E-17,1.));
#1550=DIRECTION('center_axis',(1.,4.85026197194492E-30,-3.58991501114471E-45));
#1551=DIRECTION('ref_axis',(-4.85026197194492E-30,1.,-3.88578058618809E-16));
#1552=DIRECTION('',(-4.85026197194492E-30,1.,0.));
#1553=DIRECTION('',(-3.58991501114471E-45,0.,-1.));
#1554=DIRECTION('',(4.85026197194492E-30,-1.,4.81609816384014E-16));
#1555=DIRECTION('center_axis',(1.,4.85026197194492E-30,-3.58991501114471E-45));
#1556=DIRECTION('ref_axis',(-3.5899150111447E-45,-1.61675399064831E-30,
-1.));
#1557=DIRECTION('center_axis',(1.,4.85026197194492E-30,-3.58991501114471E-45));
#1558=DIRECTION('ref_axis',(0.,0.,-1.));
#1559=DIRECTION('center_axis',(1.,4.85026197194492E-30,-3.58991501114471E-45));
#1560=DIRECTION('ref_axis',(-3.5899150111447E-45,-1.61675399064831E-30,
-1.));
#1561=DIRECTION('center_axis',(1.,4.85026197194492E-30,-3.58991501114471E-45));
#1562=DIRECTION('ref_axis',(-3.5899150111447E-45,-1.61675399064831E-30,
-1.));
#1563=DIRECTION('center_axis',(1.,4.85026197194492E-30,-3.58991501114471E-45));
#1564=DIRECTION('ref_axis',(0.,0.,-1.));
#1565=DIRECTION('center_axis',(1.,4.85026197194492E-30,-3.58991501114471E-45));
#1566=DIRECTION('ref_axis',(-4.85026197194492E-30,1.,-3.88578058618809E-16));
#1567=DIRECTION('center_axis',(1.,4.85026197194492E-30,-3.58991501114471E-45));
#1568=DIRECTION('ref_axis',(0.,0.,-1.));
#1569=DIRECTION('center_axis',(1.,4.85026197194492E-30,-3.58991501114471E-45));
#1570=DIRECTION('ref_axis',(-3.5899150111447E-45,-1.61675399064831E-30,
-1.));
#1571=DIRECTION('center_axis',(1.,0.,0.));
#1572=DIRECTION('ref_axis',(0.,0.,-1.));
#1573=DIRECTION('center_axis',(1.,0.,0.));
#1574=DIRECTION('ref_axis',(0.,0.,1.));
#1575=DIRECTION('',(1.,0.,0.));
#1576=DIRECTION('center_axis',(1.,0.,0.));
#1577=DIRECTION('ref_axis',(0.,4.02839424457416E-16,-1.));
#1578=DIRECTION('',(-1.,0.,0.));
#1579=DIRECTION('',(1.,0.,0.));
#1580=DIRECTION('center_axis',(1.,4.85026197194492E-30,-3.58991501114471E-45));
#1581=DIRECTION('ref_axis',(0.,0.,-1.));
#1582=DIRECTION('center_axis',(-1.,0.,0.));
#1583=DIRECTION('ref_axis',(0.,0.,-1.));
#1584=DIRECTION('',(-1.,0.,0.));
#1585=DIRECTION('center_axis',(-1.,0.,0.));
#1586=DIRECTION('ref_axis',(0.,0.,-1.));
#1587=DIRECTION('center_axis',(-1.,-4.85026197194492E-30,3.58991501114471E-45));
#1588=DIRECTION('ref_axis',(0.,0.,1.));
#1589=DIRECTION('center_axis',(4.85026197194492E-30,-1.,2.22044604925031E-16));
#1590=DIRECTION('ref_axis',(0.,-2.22044604925031E-16,-1.));
#1591=DIRECTION('center_axis',(-1.,-4.85026197194492E-30,3.58991501114471E-45));
#1592=DIRECTION('ref_axis',(0.,-1.61675399064831E-30,-1.));
#1593=DIRECTION('center_axis',(-1.,-4.85026197194492E-30,3.58991501114471E-45));
#1594=DIRECTION('ref_axis',(0.,-1.61675399064831E-30,-1.));
#1595=DIRECTION('center_axis',(-1.,0.,0.));
#1596=DIRECTION('ref_axis',(0.,0.,-1.));
#1597=DIRECTION('',(-1.,0.,0.));
#1598=DIRECTION('center_axis',(-1.,0.,0.));
#1599=DIRECTION('ref_axis',(0.,0.,-1.));
#1600=DIRECTION('center_axis',(-1.,-4.85026197194492E-30,3.58991501114471E-45));
#1601=DIRECTION('ref_axis',(0.,0.,1.));
#1602=DIRECTION('center_axis',(1.,4.85026197194492E-30,-3.58991501114471E-45));
#1603=DIRECTION('ref_axis',(-3.5899150111447E-45,-1.61675399064831E-30,
-1.));
#1604=DIRECTION('center_axis',(4.85026197194492E-30,-1.,1.22464679914735E-16));
#1605=DIRECTION('ref_axis',(0.,-1.22464679914735E-16,-1.));
#1606=DIRECTION('center_axis',(-1.,-4.85026197194492E-30,3.58991501114471E-45));
#1607=DIRECTION('ref_axis',(0.,-1.61675399064831E-30,-1.));
#1608=DIRECTION('center_axis',(-1.,-4.85026197194492E-30,3.58991501114471E-45));
#1609=DIRECTION('ref_axis',(0.,-1.61675399064831E-30,-1.));
#1610=DIRECTION('center_axis',(-4.85026197194492E-30,1.,-4.81609816384014E-16));
#1611=DIRECTION('ref_axis',(0.707106781186547,0.,-0.707106781186548));
#1612=DIRECTION('center_axis',(0.,1.,0.));
#1613=DIRECTION('ref_axis',(0.707106781186547,0.,-0.707106781186548));
#1614=DIRECTION('center_axis',(1.,4.85026197194492E-30,-3.58991501114471E-45));
#1615=DIRECTION('ref_axis',(-4.85026197194492E-30,1.,-3.88578058618809E-16));
#1616=DIRECTION('center_axis',(1.,4.85026197194492E-30,-3.58991501114471E-45));
#1617=DIRECTION('ref_axis',(-3.5899150111447E-45,-1.61675399064831E-30,
-1.));
#1618=DIRECTION('center_axis',(1.,4.85026197194492E-30,-3.58991501114471E-45));
#1619=DIRECTION('ref_axis',(-3.5899150111447E-45,-1.61675399064831E-30,
-1.));
#1620=DIRECTION('center_axis',(-1.,0.,0.));
#1621=DIRECTION('ref_axis',(0.,0.,-1.));
#1622=DIRECTION('',(-1.,0.,0.));
#1623=DIRECTION('center_axis',(-1.,0.,0.));
#1624=DIRECTION('ref_axis',(0.,0.,-1.));
#1625=DIRECTION('center_axis',(-1.,-4.85026197194492E-30,3.58991501114471E-45));
#1626=DIRECTION('ref_axis',(0.,0.,1.));
#1627=DIRECTION('center_axis',(4.85026197194492E-30,-1.,2.22044604925031E-16));
#1628=DIRECTION('ref_axis',(0.,-2.22044604925031E-16,-1.));
#1629=DIRECTION('center_axis',(-1.,-4.85026197194492E-30,3.58991501114471E-45));
#1630=DIRECTION('ref_axis',(0.,-1.61675399064831E-30,-1.));
#1631=DIRECTION('center_axis',(-1.,-4.85026197194492E-30,3.58991501114471E-45));
#1632=DIRECTION('ref_axis',(0.,-1.61675399064831E-30,-1.));
#1633=DIRECTION('center_axis',(-1.,0.,0.));
#1634=DIRECTION('ref_axis',(0.,0.,-1.));
#1635=DIRECTION('',(-1.,0.,0.));
#1636=DIRECTION('center_axis',(-1.,0.,0.));
#1637=DIRECTION('ref_axis',(0.,0.,-1.));
#1638=DIRECTION('center_axis',(1.,0.,0.));
#1639=DIRECTION('ref_axis',(0.,0.,-1.));
#1640=DIRECTION('center_axis',(1.,0.,0.));
#1641=DIRECTION('ref_axis',(0.,0.,-1.));
#1642=DIRECTION('center_axis',(1.,0.,0.));
#1643=DIRECTION('ref_axis',(0.,0.,-1.));
#1644=DIRECTION('center_axis',(1.,0.,0.));
#1645=DIRECTION('ref_axis',(0.,0.,-1.));
#1646=DIRECTION('center_axis',(1.,0.,0.));
#1647=DIRECTION('ref_axis',(0.,0.,-1.));
#1648=DIRECTION('center_axis',(1.,0.,0.));
#1649=DIRECTION('ref_axis',(0.,0.,-1.));
#1650=DIRECTION('center_axis',(1.,0.,0.));
#1651=DIRECTION('ref_axis',(0.,0.,-1.));
#1652=DIRECTION('center_axis',(1.,0.,0.));
#1653=DIRECTION('ref_axis',(0.,0.,-1.));
#1654=DIRECTION('center_axis',(-1.,0.,0.));
#1655=DIRECTION('ref_axis',(0.,0.,1.));
#1656=DIRECTION('center_axis',(-1.,0.,0.));
#1657=DIRECTION('ref_axis',(0.,0.827515926551056,0.561442242180216));
#1658=DIRECTION('',(0.,1.,0.));
#1659=DIRECTION('',(0.,-1.,0.));
#1660=DIRECTION('center_axis',(-1.,0.,0.));
#1661=DIRECTION('ref_axis',(0.,0.827515926551057,-0.561442242180213));
#1662=DIRECTION('center_axis',(1.,0.,0.));
#1663=DIRECTION('ref_axis',(0.,0.,-1.));
#1664=DIRECTION('center_axis',(0.,0.,-1.));
#1665=DIRECTION('ref_axis',(0.,1.,0.));
#1666=DIRECTION('',(1.,0.,0.));
#1667=DIRECTION('',(0.,1.,-5.19482535760986E-17));
#1668=DIRECTION('center_axis',(1.,0.,0.));
#1669=DIRECTION('ref_axis',(0.,0.827515926551056,0.561442242180216));
#1670=DIRECTION('center_axis',(-1.,0.,0.));
#1671=DIRECTION('ref_axis',(0.,2.2204460492503E-15,1.));
#1672=DIRECTION('center_axis',(-1.,0.,0.));
#1673=DIRECTION('ref_axis',(0.,0.,1.));
#1674=DIRECTION('center_axis',(-1.,0.,0.));
#1675=DIRECTION('ref_axis',(0.,0.328815538202519,-0.944394166562134));
#1676=DIRECTION('',(0.,-1.,-2.07793014304394E-16));
#1677=DIRECTION('center_axis',(1.,0.,0.));
#1678=DIRECTION('ref_axis',(0.,0.,1.));
#1679=DIRECTION('center_axis',(1.,0.,0.));
#1680=DIRECTION('ref_axis',(0.,0.,1.));
#1681=DIRECTION('center_axis',(1.,0.,0.));
#1682=DIRECTION('ref_axis',(0.,0.,1.));
#1683=DIRECTION('center_axis',(4.85026197194492E-30,-1.,0.));
#1684=DIRECTION('ref_axis',(0.707106781186547,0.,0.707106781186548));
#1685=DIRECTION('center_axis',(0.,1.,0.));
#1686=DIRECTION('ref_axis',(0.707106781186547,0.,0.707106781186548));
#1687=DIRECTION('center_axis',(0.,0.,1.));
#1688=DIRECTION('ref_axis',(0.707106781186547,-0.707106781186548,0.));
#1689=DIRECTION('',(0.,0.,-1.));
#1690=DIRECTION('',(0.,0.,1.));
#1691=DIRECTION('center_axis',(1.,0.,0.));
#1692=DIRECTION('ref_axis',(0.,0.,-1.));
#1693=DIRECTION('center_axis',(-1.,0.,0.));
#1694=DIRECTION('ref_axis',(0.,0.827515926551057,-0.561442242180213));
#1695=DIRECTION('',(-1.,0.,0.));
#1696=DIRECTION('center_axis',(0.,0.,1.));
#1697=DIRECTION('ref_axis',(0.,-1.,0.));
#1698=DIRECTION('center_axis',(1.,0.,0.));
#1699=DIRECTION('ref_axis',(0.,0.,-1.));
#1700=DIRECTION('',(-1.,0.,0.));
#1701=DIRECTION('center_axis',(1.,0.,0.));
#1702=DIRECTION('ref_axis',(0.,0.,-1.));
#1703=DIRECTION('',(-1.,0.,0.));
#1704=DIRECTION('center_axis',(1.,0.,0.));
#1705=DIRECTION('ref_axis',(0.,0.,-1.));
#1706=DIRECTION('',(-1.,0.,0.));
#1707=DIRECTION('center_axis',(1.,0.,0.));
#1708=DIRECTION('ref_axis',(0.,0.,-1.));
#1709=DIRECTION('',(-1.,0.,0.));
#1710=DIRECTION('center_axis',(1.,0.,0.));
#1711=DIRECTION('ref_axis',(0.,0.,1.));
#1712=DIRECTION('center_axis',(-1.,-6.25077016288889E-119,2.23193952901938E-60));
#1713=DIRECTION('ref_axis',(0.,0.,1.));
#1714=DIRECTION('',(-1.,0.,0.));
#1715=DIRECTION('center_axis',(-1.,-4.85026197194492E-30,3.58991501114471E-45));
#1716=DIRECTION('ref_axis',(0.,0.,1.));
#1717=DIRECTION('center_axis',(1.,0.,0.));
#1718=DIRECTION('ref_axis',(0.,0.,1.));
#1719=DIRECTION('center_axis',(-1.,-6.25077016288889E-119,2.23193952901938E-60));
#1720=DIRECTION('ref_axis',(0.,0.,1.));
#1721=DIRECTION('',(-1.,0.,0.));
#1722=DIRECTION('center_axis',(-1.,-4.85026197194492E-30,3.58991501114471E-45));
#1723=DIRECTION('ref_axis',(0.,0.,1.));
#1724=DIRECTION('center_axis',(1.,0.,0.));
#1725=DIRECTION('ref_axis',(0.,0.,1.));
#1726=DIRECTION('center_axis',(-1.,-6.25077016288889E-119,2.23193952901938E-60));
#1727=DIRECTION('ref_axis',(0.,0.,1.));
#1728=DIRECTION('',(-1.,0.,0.));
#1729=DIRECTION('center_axis',(-1.,-4.85026197194492E-30,3.58991501114471E-45));
#1730=DIRECTION('ref_axis',(0.,0.,1.));
#1731=DIRECTION('center_axis',(1.,0.,0.));
#1732=DIRECTION('ref_axis',(0.,0.,1.));
#1733=DIRECTION('center_axis',(-1.,-6.25077016288889E-119,2.23193952901938E-60));
#1734=DIRECTION('ref_axis',(0.,0.,1.));
#1735=DIRECTION('',(-1.,0.,0.));
#1736=DIRECTION('center_axis',(-1.,-4.85026197194492E-30,3.58991501114471E-45));
#1737=DIRECTION('ref_axis',(0.,0.,1.));
#1738=DIRECTION('center_axis',(1.,0.,0.));
#1739=DIRECTION('ref_axis',(0.,0.,1.));
#1740=DIRECTION('center_axis',(-1.,-4.85026197194492E-30,3.58991501114471E-45));
#1741=DIRECTION('ref_axis',(0.,0.,1.));
#1742=DIRECTION('',(1.,0.,0.));
#1743=DIRECTION('center_axis',(-1.,-6.25077016288889E-119,2.23193952901938E-60));
#1744=DIRECTION('ref_axis',(0.,0.,1.));
#1745=DIRECTION('center_axis',(-1.,-6.25077016288889E-119,2.23193952901938E-60));
#1746=DIRECTION('ref_axis',(2.23193952901938E-60,0.,1.));
#1747=DIRECTION('',(2.23193952901938E-60,0.,1.));
#1748=DIRECTION('center_axis',(-1.,-4.85026197194492E-30,3.58991501114471E-45));
#1749=DIRECTION('ref_axis',(4.85026197194492E-30,-1.,3.88578058618809E-16));
#1750=DIRECTION('',(-4.85026197194492E-30,1.,-4.81609816384014E-16));
#1751=DIRECTION('',(3.58991501114471E-45,0.,1.));
#1752=DIRECTION('',(4.85026197194492E-30,-1.,0.));
#1753=DIRECTION('center_axis',(1.,4.85026197194492E-30,-3.58991501114471E-45));
#1754=DIRECTION('ref_axis',(-4.85026197194492E-30,1.,3.53087926187329E-17));
#1755=DIRECTION('center_axis',(0.,-1.,0.));
#1756=DIRECTION('ref_axis',(-1.,0.,0.));
#1757=DIRECTION('center_axis',(0.,-1.,0.));
#1758=DIRECTION('ref_axis',(-1.,0.,0.));
#1759=DIRECTION('',(0.,-1.,0.));
#1760=DIRECTION('center_axis',(0.,1.,0.));
#1761=DIRECTION('ref_axis',(-1.,0.,0.));
#1762=DIRECTION('center_axis',(0.,-1.,0.));
#1763=DIRECTION('ref_axis',(-1.,0.,0.));
#1764=DIRECTION('center_axis',(0.,-1.,0.));
#1765=DIRECTION('ref_axis',(-1.,0.,0.));
#1766=DIRECTION('',(0.,-1.,0.));
#1767=DIRECTION('center_axis',(0.,1.,0.));
#1768=DIRECTION('ref_axis',(-1.,0.,0.));
#1769=DIRECTION('center_axis',(0.,-1.,0.));
#1770=DIRECTION('ref_axis',(-1.,0.,0.));
#1771=DIRECTION('center_axis',(0.,-1.,0.));
#1772=DIRECTION('ref_axis',(-1.,0.,0.));
#1773=DIRECTION('',(0.,-1.,0.));
#1774=DIRECTION('center_axis',(0.,1.,0.));
#1775=DIRECTION('ref_axis',(-1.,0.,0.));
#1776=DIRECTION('center_axis',(0.,-1.,0.));
#1777=DIRECTION('ref_axis',(-1.,0.,0.));
#1778=DIRECTION('center_axis',(0.,-1.,0.));
#1779=DIRECTION('ref_axis',(-1.,0.,0.));
#1780=DIRECTION('',(0.,-1.,0.));
#1781=DIRECTION('center_axis',(0.,1.,0.));
#1782=DIRECTION('ref_axis',(-1.,0.,0.));
#1783=DIRECTION('center_axis',(0.,-1.,0.));
#1784=DIRECTION('ref_axis',(-1.,0.,0.));
#1785=DIRECTION('center_axis',(0.,-1.,0.));
#1786=DIRECTION('ref_axis',(-1.,0.,0.));
#1787=DIRECTION('',(0.,-1.,0.));
#1788=DIRECTION('center_axis',(0.,1.,0.));
#1789=DIRECTION('ref_axis',(-1.,0.,0.));
#1790=DIRECTION('center_axis',(-2.23193952901938E-60,0.,-1.));
#1791=DIRECTION('ref_axis',(-0.707106781186547,-0.707106781186548,0.));
#1792=DIRECTION('',(-2.23193952901938E-60,0.,-1.));
#1793=DIRECTION('center_axis',(0.,1.,0.));
#1794=DIRECTION('ref_axis',(-1.,0.,0.));
#1795=DIRECTION('center_axis',(4.85026197194492E-30,-1.,4.81609816384014E-16));
#1796=DIRECTION('ref_axis',(-0.707106781186549,0.,-0.707106781186546));
#1797=DIRECTION('center_axis',(0.,1.,0.));
#1798=DIRECTION('ref_axis',(-0.707106781186549,0.,-0.707106781186546));
#1799=DIRECTION('center_axis',(-4.93038065763132E-30,1.,9.65411325761005E-17));
#1800=DIRECTION('ref_axis',(0.,9.65411325761005E-17,-1.));
#1801=DIRECTION('center_axis',(-1.,-4.85026197194492E-30,3.58991501114471E-45));
#1802=DIRECTION('ref_axis',(0.,0.,1.));
#1803=DIRECTION('center_axis',(0.,-1.,2.98120794394298E-16));
#1804=DIRECTION('ref_axis',(0.,2.98120794394298E-16,1.));
#1805=DIRECTION('center_axis',(-4.85026197194492E-30,1.,0.));
#1806=DIRECTION('ref_axis',(-0.707106781186549,0.,0.707106781186546));
#1807=DIRECTION('center_axis',(0.,1.,0.));
#1808=DIRECTION('ref_axis',(-0.707106781186549,0.,0.707106781186546));
#1809=DIRECTION('center_axis',(0.,-1.,0.));
#1810=DIRECTION('ref_axis',(1.,0.,0.));
#1811=CARTESIAN_POINT('',(0.,0.,0.));
#1812=CARTESIAN_POINT('Ctrl Pts',(3.,-6.66133814775094E-15,-11.5));
#1813=CARTESIAN_POINT('Ctrl Pts',(3.00227709994464,-0.00426006391197316,
-11.5));
#1814=CARTESIAN_POINT('Ctrl Pts',(3.00455530907808,-0.00851752286465152,
-11.5));
#1815=CARTESIAN_POINT('Ctrl Pts',(3.86001436044645,-1.61145830056159,-11.5000000000006));
#1816=CARTESIAN_POINT('Ctrl Pts',(5.01531178409073,-3.75513150784726,-11.4999999999999));
#1817=CARTESIAN_POINT('Ctrl Pts',(5.85701668951957,-6.66803824686281,-11.5000000000001));
#1818=CARTESIAN_POINT('Ctrl Pts',(6.,-7.88156676906656,-11.5));
#1819=CARTESIAN_POINT('Ctrl Pts',(6.,-8.48528137423857,-11.5));
#1820=CARTESIAN_POINT('Ctrl Pts',(3.,-6.66133814775094E-15,-11.5));
#1821=CARTESIAN_POINT('Ctrl Pts',(3.0021358411505,-0.00432808429677846,
-11.5));
#1822=CARTESIAN_POINT('Ctrl Pts',(3.0042628788516,-0.00868104975264777,
-11.5));
#1823=CARTESIAN_POINT('Ctrl Pts',(3.80565169727935,-1.64009381760916,-11.5000000000006));
#1824=CARTESIAN_POINT('Ctrl Pts',(4.8867284976793,-3.82494643179909,-11.4999999999999));
#1825=CARTESIAN_POINT('Ctrl Pts',(5.61992830552719,-6.72179931176251,-11.5000000000001));
#1826=CARTESIAN_POINT('Ctrl Pts',(5.71961673537625,-7.90519796537318,-11.5));
#1827=CARTESIAN_POINT('Ctrl Pts',(5.70080069965812,-8.48528137423857,-11.5));
#1828=CARTESIAN_POINT('Ctrl Pts',(3.,-6.66133814775094E-15,-11.5));
#1829=CARTESIAN_POINT('Ctrl Pts',(3.00188175231989,-0.00443421756119826,
-11.4999846490275));
#1830=CARTESIAN_POINT('Ctrl Pts',(3.00375741070604,-0.00897919070140148,
-11.5000142213283));
#1831=CARTESIAN_POINT('Ctrl Pts',(3.71020861776731,-1.68956418414255,-11.4987598350575));
#1832=CARTESIAN_POINT('Ctrl Pts',(4.6613996276342,-3.94730770660658,-11.460138780364));
#1833=CARTESIAN_POINT('Ctrl Pts',(5.2063782002163,-6.81538146333029,-11.3428271403835));
#1834=CARTESIAN_POINT('Ctrl Pts',(5.23265406600406,-7.94604447261255,-11.2822213791219));
#1835=CARTESIAN_POINT('Ctrl Pts',(5.18273007651755,-8.48528137423857,-11.2489291551131));
#1836=CARTESIAN_POINT('Ctrl Pts',(3.,-6.66133814775094E-15,-11.5));
#1837=CARTESIAN_POINT('Ctrl Pts',(3.00163659701912,-0.00456364960479109,
-11.4999798275787));
#1838=CARTESIAN_POINT('Ctrl Pts',(3.00324389596035,-0.00925246990070006,
-11.5000166167798));
#1839=CARTESIAN_POINT('Ctrl Pts',(3.61502835914577,-1.74178830266147,-11.4988083242696));
#1840=CARTESIAN_POINT('Ctrl Pts',(4.43707267537823,-4.05620336828421,-11.3404525796929));
#1841=CARTESIAN_POINT('Ctrl Pts',(4.9628018342885,-6.86469261978427,-10.974317981768));
#1842=CARTESIAN_POINT('Ctrl Pts',(5.02226695507414,-7.96055409377846,-10.8086308056422));
#1843=CARTESIAN_POINT('Ctrl Pts',(5.,-8.48528137423857,-10.7243994752564));
#1844=CARTESIAN_POINT('Ctrl Pts',(3.,-6.66133814775094E-15,-11.5));
#1845=CARTESIAN_POINT('Ctrl Pts',(3.00151806662993,-0.00466578428486368,
-11.5));
#1846=CARTESIAN_POINT('Ctrl Pts',(3.00303687271872,-0.0093253578251752,
-11.4999960531326));
#1847=CARTESIAN_POINT('Ctrl Pts',(3.57334290696434,-1.76673433278607,-11.5006893976419));
#1848=CARTESIAN_POINT('Ctrl Pts',(4.34354118939381,-4.09801612745333,-11.2714629573295));
#1849=CARTESIAN_POINT('Ctrl Pts',(4.90467779301306,-6.87410579809191,-10.7991974223702));
#1850=CARTESIAN_POINT('Ctrl Pts',(5.,-7.96106828085876,-10.59837810168));
#1851=CARTESIAN_POINT('Ctrl Pts',(5.,-8.48528137423857,-10.5));
#1852=CARTESIAN_POINT('',(6.,-8.48528137423857,-11.5));
#1853=CARTESIAN_POINT('',(5.,-8.48528137423857,-10.5));
#1854=CARTESIAN_POINT('Origin',(6.,-8.48528137423857,-10.5));
#1855=CARTESIAN_POINT('',(3.,-6.18230282490763E-15,-11.5));
#1856=CARTESIAN_POINT('Ctrl Pts',(5.,-8.48528137423857,-10.5));
#1857=CARTESIAN_POINT('Ctrl Pts',(5.,-7.96106828085876,-10.59837810168));
#1858=CARTESIAN_POINT('Ctrl Pts',(4.90467779301306,-6.87410579809191,-10.7991974223702));
#1859=CARTESIAN_POINT('Ctrl Pts',(4.34354118939381,-4.09801612745333,-11.2714629573295));
#1860=CARTESIAN_POINT('Ctrl Pts',(3.57334290696434,-1.76673433278607,-11.5006893976419));
#1861=CARTESIAN_POINT('Ctrl Pts',(3.00303687271872,-0.0093253578251752,
-11.4999960531326));
#1862=CARTESIAN_POINT('Ctrl Pts',(3.00151806662993,-0.00466578428486368,
-11.5));
#1863=CARTESIAN_POINT('Ctrl Pts',(3.,-6.66133814775094E-15,-11.5));
#1864=CARTESIAN_POINT('Ctrl Pts',(3.,-6.66133814775094E-15,-11.5));
#1865=CARTESIAN_POINT('Ctrl Pts',(3.00227709994464,-0.00426006391197316,
-11.5));
#1866=CARTESIAN_POINT('Ctrl Pts',(3.00455530907808,-0.00851752286465152,
-11.5));
#1867=CARTESIAN_POINT('Ctrl Pts',(3.86001436044645,-1.61145830056159,-11.5000000000006));
#1868=CARTESIAN_POINT('Ctrl Pts',(5.01531178409073,-3.75513150784726,-11.4999999999999));
#1869=CARTESIAN_POINT('Ctrl Pts',(5.85701668951957,-6.66803824686281,-11.5000000000001));
#1870=CARTESIAN_POINT('Ctrl Pts',(6.,-7.88156676906656,-11.5));
#1871=CARTESIAN_POINT('Ctrl Pts',(6.,-8.48528137423857,-11.5));
#1872=CARTESIAN_POINT('Origin',(6.,-12.1532001385116,-10.5));
#1873=CARTESIAN_POINT('',(6.,-17.,-11.5));
#1874=CARTESIAN_POINT('',(5.,-17.,-10.5));
#1875=CARTESIAN_POINT('Origin',(6.,-17.,-10.5));
#1876=CARTESIAN_POINT('',(5.,-12.1532001385116,-10.5));
#1877=CARTESIAN_POINT('',(6.,-12.1532001385116,-11.5));
#1878=CARTESIAN_POINT('Origin',(2.,-17.,-10.5));
#1879=CARTESIAN_POINT('',(2.,-21.,-11.5));
#1880=CARTESIAN_POINT('',(2.,-20.,-10.5));
#1881=CARTESIAN_POINT('Origin',(2.,-21.,-10.5));
#1882=CARTESIAN_POINT('Origin',(2.,-17.,-10.5));
#1883=CARTESIAN_POINT('Origin',(2.,-17.,-11.5));
#1884=CARTESIAN_POINT('Origin',(2.,-21.,-10.5));
#1885=CARTESIAN_POINT('',(-33.3999999999993,-21.,-11.5));
#1886=CARTESIAN_POINT('',(-33.3999999999993,-20.,-10.5));
#1887=CARTESIAN_POINT('Origin',(-33.3999999999993,-21.,-10.5));
#1888=CARTESIAN_POINT('',(2.,-20.,-10.5));
#1889=CARTESIAN_POINT('',(2.,-21.,-11.5));
#1890=CARTESIAN_POINT('Origin',(-33.3999999999993,-17.,-10.5));
#1891=CARTESIAN_POINT('',(-37.3999999999993,-17.,-11.5));
#1892=CARTESIAN_POINT('',(-36.3999999999993,-17.,-10.5));
#1893=CARTESIAN_POINT('Origin',(-37.3999999999993,-17.,-10.5));
#1894=CARTESIAN_POINT('Origin',(-33.3999999999993,-17.,-10.5));
#1895=CARTESIAN_POINT('Origin',(-33.3999999999993,-17.,-11.5));
#1896=CARTESIAN_POINT('Origin',(-37.3999999999993,-7.24845013851159,-10.5));
#1897=CARTESIAN_POINT('',(-37.3999999999993,0.,-11.5));
#1898=CARTESIAN_POINT('',(-36.3999999999993,0.,-10.5));
#1899=CARTESIAN_POINT('Origin',(-37.3999999999993,0.,-10.5));
#1900=CARTESIAN_POINT('',(-36.3999999999993,-7.24845013851159,-10.5));
#1901=CARTESIAN_POINT('',(-37.3999999999993,-7.24845013851159,-11.5));
#1902=CARTESIAN_POINT('Origin',(-37.3999999999993,-1.11022302462516E-15,
-1.11022302462516E-15));
#1903=CARTESIAN_POINT('',(-37.3999999999993,-8.12102230230857E-16,11.5));
#1904=CARTESIAN_POINT('',(-36.3999999999993,-8.38025777569491E-16,10.5));
#1905=CARTESIAN_POINT('Origin',(-37.3999999999993,-8.38025777569491E-16,
10.5));
#1906=CARTESIAN_POINT('Origin',(-36.3999999999993,-1.11022302462516E-15,
-1.11022302462516E-15));
#1907=CARTESIAN_POINT('Origin',(-37.3999999999993,-1.11022302462516E-15,
-1.11022302462516E-15));
#1908=CARTESIAN_POINT('Origin',(-37.3999999999993,-0.332749999999989,10.5));
#1909=CARTESIAN_POINT('',(-37.3999999999993,-17.,11.5));
#1910=CARTESIAN_POINT('',(-36.3999999999993,-17.,10.5));
#1911=CARTESIAN_POINT('Origin',(-37.3999999999993,-17.,10.5));
#1912=CARTESIAN_POINT('',(-36.3999999999993,-0.332749999999989,10.5));
#1913=CARTESIAN_POINT('',(-37.3999999999993,-0.332749999999989,11.5));
#1914=CARTESIAN_POINT('Origin',(-33.3999999999993,-17.,10.5));
#1915=CARTESIAN_POINT('',(-33.3999999999993,-21.,11.5));
#1916=CARTESIAN_POINT('',(-33.3999999999993,-20.,10.5));
#1917=CARTESIAN_POINT('Origin',(-33.3999999999993,-21.,10.5));
#1918=CARTESIAN_POINT('Origin',(-33.3999999999993,-17.,10.5));
#1919=CARTESIAN_POINT('Origin',(-33.3999999999993,-17.,11.5));
#1920=CARTESIAN_POINT('Origin',(2.,-21.,10.5));
#1921=CARTESIAN_POINT('',(2.,-21.,11.5));
#1922=CARTESIAN_POINT('',(2.,-20.,10.5));
#1923=CARTESIAN_POINT('Origin',(2.,-21.,10.5));
#1924=CARTESIAN_POINT('',(2.,-20.,10.5));
#1925=CARTESIAN_POINT('',(2.,-21.,11.5));
#1926=CARTESIAN_POINT('Origin',(2.,-17.,10.5));
#1927=CARTESIAN_POINT('',(6.,-17.,11.5));
#1928=CARTESIAN_POINT('',(5.,-17.,10.5));
#1929=CARTESIAN_POINT('Origin',(6.,-17.,10.5));
#1930=CARTESIAN_POINT('Origin',(2.,-17.,10.5));
#1931=CARTESIAN_POINT('Origin',(2.,-17.,11.5));
#1932=CARTESIAN_POINT('Origin',(6.,-5.2375,10.5));
#1933=CARTESIAN_POINT('',(6.,-8.48528137423858,11.5));
#1934=CARTESIAN_POINT('',(5.,-8.48528137423858,10.5));
#1935=CARTESIAN_POINT('Origin',(6.,-8.48528137423858,10.5));
#1936=CARTESIAN_POINT('',(5.,-5.2375,10.5));
#1937=CARTESIAN_POINT('',(6.,-5.2375,11.5));
#1938=CARTESIAN_POINT('Ctrl Pts',(6.,-8.48528137423858,11.5));
#1939=CARTESIAN_POINT('Ctrl Pts',(6.,-7.27785216389465,11.5));
#1940=CARTESIAN_POINT('Ctrl Pts',(5.58024330076208,-5.47369279288569,11.5000000000001));
#1941=CARTESIAN_POINT('Ctrl Pts',(4.4382296608477,-2.69011842006939,11.5));
#1942=CARTESIAN_POINT('Ctrl Pts',(3.57590178358216,-1.07739075990253,11.5000000000002));
#1943=CARTESIAN_POINT('Ctrl Pts',(3.0045545246493,-0.00852080693361252,
11.5));
#1944=CARTESIAN_POINT('Ctrl Pts',(3.00227709994172,-0.00426006391379024,
11.5));
#1945=CARTESIAN_POINT('Ctrl Pts',(3.,-2.39610216372988E-15,11.5));
#1946=CARTESIAN_POINT('Ctrl Pts',(5.70080069965811,-8.48528137423858,11.5));
#1947=CARTESIAN_POINT('Ctrl Pts',(5.73909035573759,-7.32563188336544,11.4984556453373));
#1948=CARTESIAN_POINT('Ctrl Pts',(5.38866991316406,-5.5408675239404,11.4993454924748));
#1949=CARTESIAN_POINT('Ctrl Pts',(4.34670105132681,-2.7392650622596,11.4990038662707));
#1950=CARTESIAN_POINT('Ctrl Pts',(3.53939514429218,-1.09692665307026,11.499868971693));
#1951=CARTESIAN_POINT('Ctrl Pts',(3.0042651857649,-0.0086754032268024,11.5000003610704));
#1952=CARTESIAN_POINT('Ctrl Pts',(3.00213252216756,-0.00433734398464451,
11.5));
#1953=CARTESIAN_POINT('Ctrl Pts',(3.,-2.40128585387533E-15,11.5));
#1954=CARTESIAN_POINT('Ctrl Pts',(5.18273007651755,-8.48528137423858,11.2489291551131));
#1955=CARTESIAN_POINT('Ctrl Pts',(5.28197037434775,-7.4077033760579,11.316062441074));
#1956=CARTESIAN_POINT('Ctrl Pts',(5.05274915774223,-5.6582880934145,11.3968972185008));
#1957=CARTESIAN_POINT('Ctrl Pts',(4.18521033342836,-2.82519311680337,11.4798804444352));
#1958=CARTESIAN_POINT('Ctrl Pts',(3.47535574242369,-1.13111990415884,11.4999513812705));
#1959=CARTESIAN_POINT('Ctrl Pts',(3.00375926352735,-0.00894593146125824,
11.4999996284448));
#1960=CARTESIAN_POINT('Ctrl Pts',(3.00187951106279,-0.00447258410863948,
11.5));
#1961=CARTESIAN_POINT('Ctrl Pts',(3.,-2.41035731162987E-15,11.5));
#1962=CARTESIAN_POINT('Ctrl Pts',(5.,-8.48528137423858,10.7243994752564));
#1963=CARTESIAN_POINT('Ctrl Pts',(5.04456902062076,-7.43698441631699,10.8934511010734));
#1964=CARTESIAN_POINT('Ctrl Pts',(4.8026121448415,-5.74289903467692,11.1368547505753));
#1965=CARTESIAN_POINT('Ctrl Pts',(4.02642598673921,-2.90736442392445,11.4210628895022));
#1966=CARTESIAN_POINT('Ctrl Pts',(3.4114182333156,-1.16542851889997,11.4997702653765));
#1967=CARTESIAN_POINT('Ctrl Pts',(3.00325306477225,-0.00921613626006198,
11.4999987358792));
#1968=CARTESIAN_POINT('Ctrl Pts',(3.00162649995802,-0.00460782423263445,
11.5));
#1969=CARTESIAN_POINT('Ctrl Pts',(3.,-2.41942876938441E-15,11.5));
#1970=CARTESIAN_POINT('Ctrl Pts',(5.,-8.48528137423858,10.5));
#1971=CARTESIAN_POINT('Ctrl Pts',(5.,-7.43685518747898,10.6967562033599));
#1972=CARTESIAN_POINT('Ctrl Pts',(4.72016220050807,-5.76933295361909,11.0050663452856));
#1973=CARTESIAN_POINT('Ctrl Pts',(3.95881977389847,-2.94159127681526,11.3880345046817));
#1974=CARTESIAN_POINT('Ctrl Pts',(3.38393452238818,-1.18017836618349,11.4997059804439));
#1975=CARTESIAN_POINT('Ctrl Pts',(3.0030363497662,-0.00933180984936308,
11.499998153454));
#1976=CARTESIAN_POINT('Ctrl Pts',(3.00151806662741,-0.00466578428577515,
11.5));
#1977=CARTESIAN_POINT('Ctrl Pts',(3.,-2.4233165369935E-15,11.5));
#1978=CARTESIAN_POINT('',(3.,0.,11.5));
#1979=CARTESIAN_POINT('Ctrl Pts',(6.,-8.48528137423858,11.5));
#1980=CARTESIAN_POINT('Ctrl Pts',(6.,-7.27785216389465,11.5));
#1981=CARTESIAN_POINT('Ctrl Pts',(5.58024330076208,-5.47369279288569,11.5000000000001));
#1982=CARTESIAN_POINT('Ctrl Pts',(4.4382296608477,-2.69011842006939,11.5));
#1983=CARTESIAN_POINT('Ctrl Pts',(3.57590178358216,-1.07739075990253,11.5000000000002));
#1984=CARTESIAN_POINT('Ctrl Pts',(3.0045545246493,-0.00852080693361252,
11.5));
#1985=CARTESIAN_POINT('Ctrl Pts',(3.00227709994172,-0.00426006391379024,
11.5));
#1986=CARTESIAN_POINT('Ctrl Pts',(3.,-2.39610216372988E-15,11.5));
#1987=CARTESIAN_POINT('Ctrl Pts',(3.,-2.4233165369935E-15,11.5));
#1988=CARTESIAN_POINT('Ctrl Pts',(3.00151806662741,-0.00466578428577515,
11.5));
#1989=CARTESIAN_POINT('Ctrl Pts',(3.0030363497662,-0.00933180984936308,
11.499998153454));
#1990=CARTESIAN_POINT('Ctrl Pts',(3.38393452238818,-1.18017836618349,11.4997059804439));
#1991=CARTESIAN_POINT('Ctrl Pts',(3.95881977389847,-2.94159127681526,11.3880345046817));
#1992=CARTESIAN_POINT('Ctrl Pts',(4.72016220050807,-5.76933295361909,11.0050663452856));
#1993=CARTESIAN_POINT('Ctrl Pts',(5.,-7.43685518747898,10.6967562033599));
#1994=CARTESIAN_POINT('Ctrl Pts',(5.,-8.48528137423858,10.5));
#1995=CARTESIAN_POINT('Origin',(4.,0.,11.5));
#1996=CARTESIAN_POINT('',(-39.3999999999993,-8.12102230230857E-16,11.5));
#1997=CARTESIAN_POINT('',(4.,-8.12102230230857E-16,11.5));
#1998=CARTESIAN_POINT('',(-39.3999999999993,-24.,11.5));
#1999=CARTESIAN_POINT('',(-39.3999999999993,-6.9157001385116,11.5));
#2000=CARTESIAN_POINT('',(8.,-24.,11.5));
#2001=CARTESIAN_POINT('',(9.,-24.,11.5));
#2002=CARTESIAN_POINT('',(8.,-8.12102230230857E-16,11.5));
#2003=CARTESIAN_POINT('',(8.,-16.725,11.5));
#2004=CARTESIAN_POINT('',(9.,-8.12102230230857E-16,11.5));
#2005=CARTESIAN_POINT('Origin',(4.,-1.11022302462516E-15,-1.11022302462516E-15));
#2006=CARTESIAN_POINT('',(-39.3999999999993,0.,-11.5));
#2007=CARTESIAN_POINT('',(4.,0.,-11.5));
#2008=CARTESIAN_POINT('Origin',(-39.3999999999993,-1.11022302462516E-15,
-1.11022302462516E-15));
#2009=CARTESIAN_POINT('Origin',(4.,-13.8314002770232,-11.5));
#2010=CARTESIAN_POINT('',(8.,0.,-11.5));
#2011=CARTESIAN_POINT('',(9.,0.,-11.5));
#2012=CARTESIAN_POINT('',(8.,-24.,-11.5));
#2013=CARTESIAN_POINT('',(8.,-23.6407001385116,-11.5));
#2014=CARTESIAN_POINT('',(-39.3999999999993,-24.,-11.5));
#2015=CARTESIAN_POINT('',(4.,-24.,-11.5));
#2016=CARTESIAN_POINT('',(-39.3999999999993,-13.8314002770232,-11.5));
#2017=CARTESIAN_POINT('Origin',(3.,-1.11022302462516E-15,-1.11022302462516E-15));
#2018=CARTESIAN_POINT('Origin',(3.,-1.11022302462516E-15,-1.11022302462516E-15));
#2019=CARTESIAN_POINT('Origin',(5.,-1.11022302462516E-15,-1.11022302462516E-15));
#2020=CARTESIAN_POINT('Origin',(9.,-1.11022302462516E-15,-1.11022302462516E-15));
#2021=CARTESIAN_POINT('',(0.,-8.12102230230857E-16,11.5));
#2022=CARTESIAN_POINT('',(9.,-8.12102230230857E-16,11.5));
#2023=CARTESIAN_POINT('',(0.,11.0146706747838,-3.30560583343787));
#2024=CARTESIAN_POINT('Origin',(0.,0.,0.));
#2025=CARTESIAN_POINT('',(0.7,11.0146706747838,-3.30560583343787));
#2026=CARTESIAN_POINT('',(5.,11.0146706747838,-3.30560583343787));
#2027=CARTESIAN_POINT('',(0.7,11.0146706747838,3.30560583343787));
#2028=CARTESIAN_POINT('Origin',(0.700000000000001,-1.11022302462516E-15,
-1.11022302462516E-15));
#2029=CARTESIAN_POINT('',(0.,11.0146706747838,3.30560583343787));
#2030=CARTESIAN_POINT('',(9.,11.0146706747838,3.30560583343787));
#2031=CARTESIAN_POINT('Origin',(0.,0.,0.));
#2032=CARTESIAN_POINT('Origin',(8.,-1.11022302462516E-15,-1.11022302462516E-15));
#2033=CARTESIAN_POINT('Origin',(8.,-4.16074960498903E-16,7.));
#2034=CARTESIAN_POINT('',(9.,-0.938296855222485,3.11160714285714));
#2035=CARTESIAN_POINT('',(8.96824583655185,-8.7133962408378E-16,3.25));
#2036=CARTESIAN_POINT('Ctrl Pts',(9.,-0.938296855222485,3.11160714285714));
#2037=CARTESIAN_POINT('Ctrl Pts',(9.,-0.908389185914974,3.12062572096482));
#2038=CARTESIAN_POINT('Ctrl Pts',(8.99962588844028,-0.878016968022929,3.12931423227974));
#2039=CARTESIAN_POINT('Ctrl Pts',(8.99393463563769,-0.618472943236944,3.19939103530435));
#2040=CARTESIAN_POINT('Ctrl Pts',(8.97190099462441,-0.361859511422192,3.2423612278078));
#2041=CARTESIAN_POINT('Ctrl Pts',(8.96838785286468,-0.05079320982425,3.24970656148477));
#2042=CARTESIAN_POINT('Ctrl Pts',(8.96824583655185,-0.0252179192632898,
3.25));
#2043=CARTESIAN_POINT('Ctrl Pts',(8.96824583655185,-1.41721070092954E-16,
3.25));
#2044=CARTESIAN_POINT('',(8.,-7.83469000243109E-16,4.));
#2045=CARTESIAN_POINT('Origin',(8.,-9.05933680157845E-16,3.));
#2046=CARTESIAN_POINT('',(8.,-4.86809207546924E-17,10.));
#2047=CARTESIAN_POINT('Origin',(8.,-4.16074960498903E-16,7.));
#2048=CARTESIAN_POINT('Origin',(8.,-4.16074960498903E-16,7.));
#2049=CARTESIAN_POINT('',(9.,0.938296855222485,3.11160714285714));
#2050=CARTESIAN_POINT('Ctrl Pts',(8.96824583655185,-6.93889390390723E-17,
3.25));
#2051=CARTESIAN_POINT('Ctrl Pts',(8.96824583655185,0.276740088891103,3.25));
#2052=CARTESIAN_POINT('Ctrl Pts',(8.98549527907917,0.510443530744788,3.21529601738703));
#2053=CARTESIAN_POINT('Ctrl Pts',(8.99743575640533,0.779477937762925,3.15629146999114));
#2054=CARTESIAN_POINT('Ctrl Pts',(9.,0.860150356023322,3.13517201177498));
#2055=CARTESIAN_POINT('Ctrl Pts',(9.,0.938296855222485,3.11160714285714));
#2056=CARTESIAN_POINT('',(9.,2.35653401227745,10.2321428571429));
#2057=CARTESIAN_POINT('Origin',(9.,-4.16074960498898E-16,7.));
#2058=CARTESIAN_POINT('',(8.96824583655185,-8.31544890734828E-16,10.75));
#2059=CARTESIAN_POINT('Ctrl Pts',(9.,2.35653401227744,10.2321428571429));
#2060=CARTESIAN_POINT('Ctrl Pts',(9.,2.35052388917617,10.2348859470222));
#2061=CARTESIAN_POINT('Ctrl Pts',(8.99999736957296,2.34450917204999,10.2376189631035));
#2062=CARTESIAN_POINT('Ctrl Pts',(8.99976381959991,2.07432229666577,10.3598422899289));
#2063=CARTESIAN_POINT('Ctrl Pts',(8.99468691726724,1.80158385239399,10.4597657459723));
#2064=CARTESIAN_POINT('Ctrl Pts',(8.98304301285605,1.22968398617362,10.6210537563566));
#2065=CARTESIAN_POINT('Ctrl Pts',(8.97649332349148,0.930978753207118,10.6800296700369));
#2066=CARTESIAN_POINT('Ctrl Pts',(8.96978287355319,0.419840773270447,10.7380963294774));
#2067=CARTESIAN_POINT('Ctrl Pts',(8.96824583655185,0.210106028804103,10.75));
#2068=CARTESIAN_POINT('Ctrl Pts',(8.96824583655185,6.93889390390723E-17,
10.75));
#2069=CARTESIAN_POINT('',(9.,-1.93649167310372,10.5));
#2070=CARTESIAN_POINT('Ctrl Pts',(8.96824583655185,3.46944695195361E-16,
10.75));
#2071=CARTESIAN_POINT('Ctrl Pts',(8.96824583655185,-0.664879879779525,10.75));
#2072=CARTESIAN_POINT('Ctrl Pts',(8.9930010277765,-1.24519743383651,10.6620923342967));
#2073=CARTESIAN_POINT('Ctrl Pts',(8.9994793765637,-1.79383073988116,10.5357779918667));
#2074=CARTESIAN_POINT('Ctrl Pts',(8.99995699974747,-1.86071335905892,10.5194792785323));
#2075=CARTESIAN_POINT('Ctrl Pts',(8.99999907619394,-1.93041237727122,10.5015678198134));
#2076=CARTESIAN_POINT('Ctrl Pts',(9.,-1.93345224939977,10.5007847758258));
#2077=CARTESIAN_POINT('Ctrl Pts',(9.,-1.93649167310372,10.5));
#2078=CARTESIAN_POINT('Origin',(9.,-4.16074960498898E-16,7.));
#2079=CARTESIAN_POINT('Origin',(8.,-1.11022302462516E-15,-1.11022302462516E-15));
#2080=CARTESIAN_POINT('',(9.,10.2321428571429,2.35653401227743));
#2081=CARTESIAN_POINT('Origin',(9.,-1.11022302462515E-15,-1.11022302462516E-15));
#2082=CARTESIAN_POINT('',(9.,10.2321428571429,-2.35653401227744));
#2083=CARTESIAN_POINT('Ctrl Pts',(9.,10.2321428571429,-2.35653401227744));
#2084=CARTESIAN_POINT('Ctrl Pts',(9.,10.2348859470221,-2.35052388917625));
#2085=CARTESIAN_POINT('Ctrl Pts',(8.99999736957296,10.2376189631035,-2.34450917204991));
#2086=CARTESIAN_POINT('Ctrl Pts',(8.99976381959991,10.3598422899289,-2.07432229666578));
#2087=CARTESIAN_POINT('Ctrl Pts',(8.99468691726724,10.4597657459723,-1.801583852394));
#2088=CARTESIAN_POINT('Ctrl Pts',(8.98304301285605,10.6210537563566,-1.22968398617366));
#2089=CARTESIAN_POINT('Ctrl Pts',(8.97649332349148,10.6800296700368,-0.930978753207139));
#2090=CARTESIAN_POINT('Ctrl Pts',(8.96978287355319,10.7380963294774,-0.419840773270491));
#2091=CARTESIAN_POINT('Ctrl Pts',(8.96824583655185,10.75,-0.210106028804127));
#2092=CARTESIAN_POINT('Ctrl Pts',(8.96824583655185,10.75,0.210106028804123));
#2093=CARTESIAN_POINT('Ctrl Pts',(8.96978287355319,10.7380963294774,0.419840773270492));
#2094=CARTESIAN_POINT('Ctrl Pts',(8.97649332349148,10.6800296700368,0.930978753207132));
#2095=CARTESIAN_POINT('Ctrl Pts',(8.98304301285605,10.6210537563566,1.22968398617366));
#2096=CARTESIAN_POINT('Ctrl Pts',(8.99468691726722,10.4597657459726,1.80158385239315));
#2097=CARTESIAN_POINT('Ctrl Pts',(8.99976381959991,10.3598422899309,2.07432229666128));
#2098=CARTESIAN_POINT('Ctrl Pts',(8.99999736957296,10.2376189631033,2.34450917205042));
#2099=CARTESIAN_POINT('Ctrl Pts',(9.,10.2348859470224,2.35052388917572));
#2100=CARTESIAN_POINT('Ctrl Pts',(9.,10.2321428571429,2.35653401227743));
#2101=CARTESIAN_POINT('',(9.,2.35653401227743,-10.2321428571429));
#2102=CARTESIAN_POINT('Origin',(9.,-1.11022302462515E-15,-1.11022302462516E-15));
#2103=CARTESIAN_POINT('',(8.96824583655185,0.,-10.75));
#2104=CARTESIAN_POINT('Ctrl Pts',(8.96824583655185,-7.0082828429463E-15,
-10.75));
#2105=CARTESIAN_POINT('Ctrl Pts',(8.96824583655185,0.210106028804064,-10.75));
#2106=CARTESIAN_POINT('Ctrl Pts',(8.96978287355319,0.419840773270375,-10.7380963294774));
#2107=CARTESIAN_POINT('Ctrl Pts',(8.97649332349148,0.930978753207098,-10.6800296700369));
#2108=CARTESIAN_POINT('Ctrl Pts',(8.98304301285605,1.22968398617359,-10.6210537563567));
#2109=CARTESIAN_POINT('Ctrl Pts',(8.99468691726723,1.80158385239345,-10.4597657459725));
#2110=CARTESIAN_POINT('Ctrl Pts',(8.99976381959991,2.07432229666308,-10.3598422899301));
#2111=CARTESIAN_POINT('Ctrl Pts',(8.99999736957296,2.34450917205009,-10.2376189631034));
#2112=CARTESIAN_POINT('Ctrl Pts',(9.,2.35052388917605,-10.2348859470222));
#2113=CARTESIAN_POINT('Ctrl Pts',(9.,2.35653401227743,-10.2321428571429));
#2114=CARTESIAN_POINT('Origin',(8.,0.,-10.5));
#2115=CARTESIAN_POINT('Origin',(8.,-8.38025777569491E-16,10.5));
#2116=CARTESIAN_POINT('Origin',(9.,-33.45,12.5));
#2117=CARTESIAN_POINT('',(9.,-24.,10.5));
#2118=CARTESIAN_POINT('',(9.,-16.725,10.5));
#2119=CARTESIAN_POINT('',(9.,-24.,-10.5));
#2120=CARTESIAN_POINT('',(9.,-24.,0.500000000000004));
#2121=CARTESIAN_POINT('',(9.,-1.93649167310371,-10.5));
#2122=CARTESIAN_POINT('',(9.,-23.6407001385116,-10.5));
#2123=CARTESIAN_POINT('',(9.,-0.938296855222487,-3.11160714285714));
#2124=CARTESIAN_POINT('Origin',(9.,-4.88206989740487E-15,-7.));
#2125=CARTESIAN_POINT('',(9.,-3.11160714285715,-0.938296855222478));
#2126=CARTESIAN_POINT('Origin',(9.,0.,0.));
#2127=CARTESIAN_POINT('',(9.,-7.00000000000001,-4.));
#2128=CARTESIAN_POINT('Origin',(9.,-7.,3.35868332322663E-15));
#2129=CARTESIAN_POINT('',(9.,-3.11160714285714,0.938296855222481));
#2130=CARTESIAN_POINT('Origin',(9.,-7.,3.35868332322663E-15));
#2131=CARTESIAN_POINT('Origin',(9.,0.,0.));
#2132=CARTESIAN_POINT('Origin',(9.,-33.45,12.5));
#2133=CARTESIAN_POINT('',(9.,3.11160714285714,0.938296855222487));
#2134=CARTESIAN_POINT('Origin',(9.,0.,0.));
#2135=CARTESIAN_POINT('Origin',(9.,7.,-3.35868332322663E-15));
#2136=CARTESIAN_POINT('Origin',(5.,0.,0.));
#2137=CARTESIAN_POINT('',(0.7,0.,-3.25));
#2138=CARTESIAN_POINT('',(0.7,0.,3.25));
#2139=CARTESIAN_POINT('Origin',(0.7,0.,0.));
#2140=CARTESIAN_POINT('',(0.,1.99005104861445E-16,-3.25));
#2141=CARTESIAN_POINT('',(5.,0.,-3.25));
#2142=CARTESIAN_POINT('',(0.,-2.81746136383465E-15,3.25));
#2143=CARTESIAN_POINT('Origin',(0.,-1.11022302462516E-15,-1.11022302462516E-15));
#2144=CARTESIAN_POINT('',(5.,-2.81746136383465E-15,3.25));
#2145=CARTESIAN_POINT('',(5.,-3.9801020972289E-16,3.25));
#2146=CARTESIAN_POINT('Ctrl Pts',(9.,-3.11160714285715,-0.938296855222478));
#2147=CARTESIAN_POINT('Ctrl Pts',(9.,-3.14468980292508,-0.828587182000026));
#2148=CARTESIAN_POINT('Ctrl Pts',(8.99496987463966,-3.17256856395771,-0.715148711297172));
#2149=CARTESIAN_POINT('Ctrl Pts',(8.97990599235572,-3.22807908492782,-0.418773627012504));
#2150=CARTESIAN_POINT('Ctrl Pts',(8.96177932601654,-3.26418586772277,-0.151347422807657));
#2151=CARTESIAN_POINT('Ctrl Pts',(8.97808149776211,-3.22874832728298,0.461331986894881));
#2152=CARTESIAN_POINT('Ctrl Pts',(9.,-3.18005110478131,0.71132101103917));
#2153=CARTESIAN_POINT('Ctrl Pts',(9.,-3.11160714285714,0.938296855222481));
#2154=CARTESIAN_POINT('',(9.,0.938296855222483,-3.11160714285714));
#2155=CARTESIAN_POINT('Ctrl Pts',(9.,0.938296855222483,-3.11160714285714));
#2156=CARTESIAN_POINT('Ctrl Pts',(9.,0.828587905434941,-3.14468958477521));
#2157=CARTESIAN_POINT('Ctrl Pts',(8.99496993837201,0.715150139671829,-3.17256821724301));
#2158=CARTESIAN_POINT('Ctrl Pts',(8.97990621384882,0.418777716682857,-3.22807844061951));
#2159=CARTESIAN_POINT('Ctrl Pts',(8.96177952718399,0.151353458585523,-3.26418534841983));
#2160=CARTESIAN_POINT('Ctrl Pts',(8.97808107622767,-0.46132711974134,-3.22874930980957));
#2161=CARTESIAN_POINT('Ctrl Pts',(9.,-0.711318917737097,-3.18005173601098));
#2162=CARTESIAN_POINT('Ctrl Pts',(9.,-0.938296855222487,-3.11160714285714));
#2163=CARTESIAN_POINT('',(9.,3.11160714285714,-0.93829685522249));
#2164=CARTESIAN_POINT('Origin',(9.,0.,0.));
#2165=CARTESIAN_POINT('Ctrl Pts',(9.,3.11160714285714,0.938296855222487));
#2166=CARTESIAN_POINT('Ctrl Pts',(9.,3.17989305805875,0.711845130147181));
#2167=CARTESIAN_POINT('Ctrl Pts',(8.97760638872581,3.22986486813903,0.458855409148863));
#2168=CARTESIAN_POINT('Ctrl Pts',(8.96201912814639,3.26356059150131,-0.161406901483766));
#2169=CARTESIAN_POINT('Ctrl Pts',(8.98072097587087,3.22605905915447,-0.433171688582329));
#2170=CARTESIAN_POINT('Ctrl Pts',(8.9952803512589,3.17074762735487,-0.722381687810259));
#2171=CARTESIAN_POINT('Ctrl Pts',(9.,3.14372473585278,-0.83178756531029));
#2172=CARTESIAN_POINT('Ctrl Pts',(9.,3.11160714285714,-0.93829685522249));
#2173=CARTESIAN_POINT('Origin',(9.,-4.16074960498903E-16,7.));
#2174=CARTESIAN_POINT('',(4.,-7.83469000243109E-16,10.));
#2175=CARTESIAN_POINT('',(9.,-4.86809207546973E-17,10.));
#2176=CARTESIAN_POINT('Origin',(4.,-4.16074960498903E-16,7.));
#2177=CARTESIAN_POINT('Origin',(8.,-7.,3.35868332322663E-15));
#2178=CARTESIAN_POINT('',(8.,-7.00000000000001,-3.));
#2179=CARTESIAN_POINT('Origin',(8.,-7.00000000000001,-4.));
#2180=CARTESIAN_POINT('',(8.,-7.,3.));
#2181=CARTESIAN_POINT('Origin',(8.,-7.,3.35868332322663E-15));
#2182=CARTESIAN_POINT('Origin',(8.,-7.,3.35868332322663E-15));
#2183=CARTESIAN_POINT('Origin',(9.,-7.,3.35868332322663E-15));
#2184=CARTESIAN_POINT('',(4.,-7.,3.));
#2185=CARTESIAN_POINT('',(9.,-7.,3.));
#2186=CARTESIAN_POINT('Origin',(4.,-7.,3.35868332322663E-15));
#2187=CARTESIAN_POINT('Origin',(8.,-4.88206989740487E-15,-7.));
#2188=CARTESIAN_POINT('Origin',(9.,-4.88206989740487E-15,-7.));
#2189=CARTESIAN_POINT('Ctrl Pts',(9.,-1.93649167310371,-10.5));
#2190=CARTESIAN_POINT('Ctrl Pts',(9.,-1.93345224939711,-10.5007847758265));
#2191=CARTESIAN_POINT('Ctrl Pts',(8.99999907619394,-1.93041237727387,-10.5015678198127));
#2192=CARTESIAN_POINT('Ctrl Pts',(8.99995699974746,-1.86071335904073,-10.519479278537));
#2193=CARTESIAN_POINT('Ctrl Pts',(8.99947937656351,-1.79383073986421,-10.5357779918707));
#2194=CARTESIAN_POINT('Ctrl Pts',(8.99300102777634,-1.24519743382775,-10.6620923342985));
#2195=CARTESIAN_POINT('Ctrl Pts',(8.96824583655185,-0.664879879772955,-10.75));
#2196=CARTESIAN_POINT('Ctrl Pts',(8.96824583655185,-5.55111512312578E-15,
-10.75));
#2197=CARTESIAN_POINT('',(8.,-5.24946393714907E-15,-10.));
#2198=CARTESIAN_POINT('Origin',(8.,-5.37192861706381E-15,-11.));
#2199=CARTESIAN_POINT('',(8.,-4.51467585766066E-15,-4.));
#2200=CARTESIAN_POINT('Origin',(8.,-4.88206989740487E-15,-7.));
#2201=CARTESIAN_POINT('Origin',(8.,-4.88206989740487E-15,-7.));
#2202=CARTESIAN_POINT('Origin',(8.,-23.6407001385116,-10.5));
#2203=CARTESIAN_POINT('Origin',(8.,-24.,-10.5));
#2204=CARTESIAN_POINT('Origin',(9.,-33.45,12.5));
#2205=CARTESIAN_POINT('',(9.,7.,-4.));
#2206=CARTESIAN_POINT('Origin',(9.,7.,-3.35868332322663E-15));
#2207=CARTESIAN_POINT('Origin',(9.,7.,-3.35868332322663E-15));
#2208=CARTESIAN_POINT('Origin',(9.,-4.88206989740487E-15,-7.));
#2209=CARTESIAN_POINT('',(4.,-5.24946393714908E-15,-4.));
#2210=CARTESIAN_POINT('',(9.,-4.51467585766066E-15,-4.));
#2211=CARTESIAN_POINT('Origin',(4.,-4.88206989740487E-15,-7.));
#2212=CARTESIAN_POINT('Origin',(8.,7.,-3.35868332322663E-15));
#2213=CARTESIAN_POINT('',(8.,7.,-3.));
#2214=CARTESIAN_POINT('Origin',(8.,7.,-4.));
#2215=CARTESIAN_POINT('',(8.,7.,3.));
#2216=CARTESIAN_POINT('Origin',(8.,7.,-3.35868332322663E-15));
#2217=CARTESIAN_POINT('Origin',(8.,7.,-3.35868332322663E-15));
#2218=CARTESIAN_POINT('Origin',(9.,7.,-3.35868332322663E-15));
#2219=CARTESIAN_POINT('',(4.,7.,3.));
#2220=CARTESIAN_POINT('',(9.,7.,3.));
#2221=CARTESIAN_POINT('Origin',(4.,7.,-3.35868332322663E-15));
#2222=CARTESIAN_POINT('Origin',(4.,-5.55111512312578E-16,7.));
#2223=CARTESIAN_POINT('',(4.,-6.3038815034969E-16,8.75));
#2224=CARTESIAN_POINT('Origin',(4.,-4.1607496049886E-16,7.));
#2225=CARTESIAN_POINT('Origin',(4.,-7.,3.33066907387547E-15));
#2226=CARTESIAN_POINT('',(4.,-7.,1.75));
#2227=CARTESIAN_POINT('Origin',(4.,-7.,-1.29336783551069E-18));
#2228=CARTESIAN_POINT('Origin',(4.,7.,-3.33066907387547E-15));
#2229=CARTESIAN_POINT('',(4.,7.,1.75));
#2230=CARTESIAN_POINT('Origin',(4.,7.,-8.32408593890934E-16));
#2231=CARTESIAN_POINT('Origin',(4.,-4.9960036108132E-15,-7.));
#2232=CARTESIAN_POINT('',(4.,-7.01070458066633E-16,-5.25));
#2233=CARTESIAN_POINT('Origin',(4.,-4.86757268215802E-16,-7.));
#2234=CARTESIAN_POINT('Origin',(0.7,4.625,5.55111512312578E-16));
#2235=CARTESIAN_POINT('',(0.7,10.6858551365813,-3.25));
#2236=CARTESIAN_POINT('Origin',(0.7,10.6858551365813,-4.25));
#2237=CARTESIAN_POINT('',(0.7,2.3125,-3.25));
#2238=CARTESIAN_POINT('',(0.7,10.6858551365813,3.25));
#2239=CARTESIAN_POINT('',(0.7,8.34755385228666,3.25));
#2240=CARTESIAN_POINT('Origin',(0.7,10.6858551365813,4.25));
#2241=CARTESIAN_POINT('',(0.7,7.,1.75));
#2242=CARTESIAN_POINT('Origin',(0.7,7.,-8.32408593890934E-16));
#2243=CARTESIAN_POINT('Origin',(5.,0.,-3.25));
#2244=CARTESIAN_POINT('',(0.,10.6858551365813,-3.25));
#2245=CARTESIAN_POINT('',(5.,10.6858551365813,-3.25));
#2246=CARTESIAN_POINT('',(0.,1.99005104861445E-16,-3.25));
#2247=CARTESIAN_POINT('Origin',(5.,10.6858551365813,-4.25));
#2248=CARTESIAN_POINT('Origin',(0.,10.6858551365813,-4.25000000000001));
#2249=CARTESIAN_POINT('Origin',(0.,-0.242664662608116,0.));
#2250=CARTESIAN_POINT('',(0.,10.6858551365813,3.25));
#2251=CARTESIAN_POINT('Origin',(0.,10.6858551365813,4.24999999999999));
#2252=CARTESIAN_POINT('',(0.,10.6858551365813,3.25));
#2253=CARTESIAN_POINT('',(0.,-7.01070458066589E-16,-5.25));
#2254=CARTESIAN_POINT('Origin',(0.,-4.86757268215802E-16,-7.));
#2255=CARTESIAN_POINT('',(0.,-7.,1.75));
#2256=CARTESIAN_POINT('Origin',(0.,-7.,-1.29336783551069E-18));
#2257=CARTESIAN_POINT('',(0.,-6.30388150349646E-16,8.75));
#2258=CARTESIAN_POINT('Origin',(0.,-4.1607496049886E-16,7.));
#2259=CARTESIAN_POINT('Origin',(8.,-16.725,10.5));
#2260=CARTESIAN_POINT('Origin',(8.,-24.,10.5));
#2261=CARTESIAN_POINT('Origin',(2.,-17.,-5.75));
#2262=CARTESIAN_POINT('',(5.,-17.,-5.75));
#2263=CARTESIAN_POINT('',(2.,-20.,-5.75));
#2264=CARTESIAN_POINT('Origin',(5.,-10.475,0.));
#2265=CARTESIAN_POINT('Origin',(5.,10.6858551365813,4.25));
#2266=CARTESIAN_POINT('',(5.,10.6858551365813,3.25));
#2267=CARTESIAN_POINT('Origin',(5.,12.0701077045733,3.25));
#2268=CARTESIAN_POINT('Origin',(5.,-4.86757268215802E-16,-7.));
#2269=CARTESIAN_POINT('',(5.,-7.01070458066589E-16,-5.25));
#2270=CARTESIAN_POINT('Origin',(5.,7.,-8.32408593890934E-16));
#2271=CARTESIAN_POINT('',(5.,7.,1.75));
#2272=CARTESIAN_POINT('Origin',(5.,-4.1607496049886E-16,7.));
#2273=CARTESIAN_POINT('',(5.,-6.30388150349646E-16,8.75));
#2274=CARTESIAN_POINT('Origin',(5.,-7.,-1.29336783551069E-18));
#2275=CARTESIAN_POINT('',(5.,-7.,1.75));
#2276=CARTESIAN_POINT('Origin',(-39.3999999999993,-4.1607496049886E-16,
7.));
#2277=CARTESIAN_POINT('',(-36.3999999999993,-6.30388150349646E-16,5.25));
#2278=CARTESIAN_POINT('Origin',(-36.3999999999993,-4.1607496049886E-16,
7.));
#2279=CARTESIAN_POINT('',(-40.3999999999993,-6.30388150349646E-16,5.25));
#2280=CARTESIAN_POINT('',(-39.3999999999993,-2.01761770648073E-16,5.25));
#2281=CARTESIAN_POINT('Origin',(-40.3999999999993,-4.1607496049886E-16,
7.));
#2282=CARTESIAN_POINT('Origin',(-39.3999999999993,-7.,-1.29336783551069E-18));
#2283=CARTESIAN_POINT('',(-36.3999999999993,-7.,-1.75));
#2284=CARTESIAN_POINT('Origin',(-36.3999999999993,-7.,-1.29336783551069E-18));
#2285=CARTESIAN_POINT('',(-40.3999999999993,-7.,-1.75));
#2286=CARTESIAN_POINT('',(-39.3999999999993,-7.,-1.75));
#2287=CARTESIAN_POINT('Origin',(-40.3999999999993,-7.,-1.29336783551069E-18));
#2288=CARTESIAN_POINT('Origin',(-39.3999999999993,7.,-8.32408593890934E-16));
#2289=CARTESIAN_POINT('',(-36.3999999999993,7.,-1.75));
#2290=CARTESIAN_POINT('Origin',(-36.3999999999993,7.,-8.32408593890934E-16));
#2291=CARTESIAN_POINT('',(-40.3999999999993,7.,-1.75));
#2292=CARTESIAN_POINT('',(-39.3999999999993,7.,-1.75));
#2293=CARTESIAN_POINT('Origin',(-40.3999999999993,7.,-8.32408593890934E-16));
#2294=CARTESIAN_POINT('Origin',(-39.3999999999993,-4.86757268215802E-16,
-7.));
#2295=CARTESIAN_POINT('',(-36.3999999999993,-7.01070458066589E-16,-8.75));
#2296=CARTESIAN_POINT('Origin',(-36.3999999999993,-4.86757268215802E-16,
-7.));
#2297=CARTESIAN_POINT('',(-40.3999999999993,-7.01070458066589E-16,-8.75));
#2298=CARTESIAN_POINT('',(-39.3999999999993,-2.72444078365015E-16,-8.75));
#2299=CARTESIAN_POINT('Origin',(-40.3999999999993,-4.86757268215802E-16,
-7.));
#2300=CARTESIAN_POINT('Origin',(-39.3999999999993,1.11022302462535E-15,
-1.41442651439099E-43));
#2301=CARTESIAN_POINT('',(-40.3999999999993,7.42828984881141E-16,-3.));
#2302=CARTESIAN_POINT('Origin',(-40.3999999999993,1.11022302462535E-15,
-1.41442651439099E-43));
#2303=CARTESIAN_POINT('',(-36.3999999999993,7.42828984881141E-16,-3.));
#2304=CARTESIAN_POINT('',(-39.3999999999993,1.47761706436955E-15,-3.));
#2305=CARTESIAN_POINT('Origin',(-36.3999999999993,1.11022302462535E-15,
-1.41442651439099E-43));
#2306=CARTESIAN_POINT('Origin',(-36.3999999999993,-0.665499999999979,-1.11022302462516E-14));
#2307=CARTESIAN_POINT('',(-36.3999999999993,-17.,-5.75000000000001));
#2308=CARTESIAN_POINT('Origin',(-40.3999999999993,-13.8314002770232,12.5));
#2309=CARTESIAN_POINT('',(-40.3999999999993,-24.,-10.5));
#2310=CARTESIAN_POINT('',(-40.3999999999993,-9.65411325761056E-17,-10.5));
#2311=CARTESIAN_POINT('',(-40.3999999999993,-13.8314002770232,-10.5));
#2312=CARTESIAN_POINT('',(-40.3999999999993,-24.,10.5));
#2313=CARTESIAN_POINT('',(-40.3999999999993,-24.,0.5));
#2314=CARTESIAN_POINT('',(-40.3999999999993,-1.11022302462516E-15,10.5));
#2315=CARTESIAN_POINT('',(-40.3999999999993,-6.9157001385116,10.5));
#2316=CARTESIAN_POINT('Origin',(-40.3999999999993,-1.11022302462516E-15,
-1.11022302462516E-15));
#2317=CARTESIAN_POINT('Origin',(-18.1999999999997,-20.,7.00000000000001));
#2318=CARTESIAN_POINT('',(-16.4499999999997,-20.,7.00000000000001));
#2319=CARTESIAN_POINT('Origin',(-18.1999999999997,-20.,7.00000000000001));
#2320=CARTESIAN_POINT('',(-16.4499999999997,-24.,7.00000000000001));
#2321=CARTESIAN_POINT('',(-16.4499999999997,-20.,7.00000000000001));
#2322=CARTESIAN_POINT('Origin',(-18.1999999999997,-24.,7.00000000000001));
#2323=CARTESIAN_POINT('Origin',(-18.1999999999997,-20.,-7.));
#2324=CARTESIAN_POINT('',(-16.4499999999997,-20.,-7.));
#2325=CARTESIAN_POINT('Origin',(-18.1999999999997,-20.,-7.));
#2326=CARTESIAN_POINT('',(-16.4499999999997,-24.,-7.));
#2327=CARTESIAN_POINT('',(-16.4499999999997,-20.,-7.));
#2328=CARTESIAN_POINT('Origin',(-18.1999999999997,-24.,-7.));
#2329=CARTESIAN_POINT('Origin',(-11.1999999999997,-20.,4.90675596773937E-15));
#2330=CARTESIAN_POINT('',(-9.44999999999965,-20.,4.69244277788859E-15));
#2331=CARTESIAN_POINT('Origin',(-11.1999999999997,-20.,4.90675596773937E-15));
#2332=CARTESIAN_POINT('',(-9.44999999999965,-24.,4.69244277788859E-15));
#2333=CARTESIAN_POINT('',(-9.44999999999965,-20.,5.12106915759016E-15));
#2334=CARTESIAN_POINT('Origin',(-11.1999999999997,-24.,4.90675596773937E-15));
#2335=CARTESIAN_POINT('Origin',(-25.1999999999996,-20.,3.4077430845903E-15));
#2336=CARTESIAN_POINT('',(-23.4499999999997,-20.,3.19342989473952E-15));
#2337=CARTESIAN_POINT('Origin',(-25.1999999999996,-20.,3.4077430845903E-15));
#2338=CARTESIAN_POINT('',(-23.4499999999997,-24.,3.19342989473952E-15));
#2339=CARTESIAN_POINT('',(-23.4499999999997,-20.,3.62205627444109E-15));
#2340=CARTESIAN_POINT('Origin',(-25.1999999999996,-24.,3.4077430845903E-15));
#2341=CARTESIAN_POINT('Origin',(-18.1999999999997,-20.,0.));
#2342=CARTESIAN_POINT('',(-14.9499999999997,-20.,-3.98010209722889E-16));
#2343=CARTESIAN_POINT('Origin',(-18.1999999999997,-20.,0.));
#2344=CARTESIAN_POINT('',(-14.9499999999997,-24.,-3.98010209722889E-16));
#2345=CARTESIAN_POINT('',(-14.9499999999997,-20.,3.98010209722889E-16));
#2346=CARTESIAN_POINT('Origin',(-18.1999999999997,-24.,0.));
#2347=CARTESIAN_POINT('Origin',(-33.3999999999993,-17.,-5.75000000000001));
#2348=CARTESIAN_POINT('',(-33.3999999999993,-20.,-5.75000000000001));
#2349=CARTESIAN_POINT('Origin',(-1.66533453693773E-15,-20.,-11.5));
#2350=CARTESIAN_POINT('Origin',(-39.3999999999993,-13.8314002770232,-10.5));
#2351=CARTESIAN_POINT('Origin',(-39.3999999999993,-24.,-10.5));
#2352=CARTESIAN_POINT('Origin',(-39.3999999999993,-9.65411325761006E-17,
-10.5));
#2353=CARTESIAN_POINT('Origin',(-39.3999999999993,-1.11022302462516E-15,
-1.11022302462516E-15));
#2354=CARTESIAN_POINT('Origin',(-39.3999999999993,-1.11022302462516E-15,
10.5));
#2355=CARTESIAN_POINT('Origin',(-39.3999999999993,-6.9157001385116,10.5));
#2356=CARTESIAN_POINT('Origin',(-39.3999999999993,-24.,10.5));
#2357=CARTESIAN_POINT('Origin',(-36.3999999999993,-24.,-11.5));
#2358=UNCERTAINTY_MEASURE_WITH_UNIT(LENGTH_MEASURE(0.01),#2362,
'DISTANCE_ACCURACY_VALUE',
'Maximum model space distance between geometric entities at asserted c
onnectivities');
#2359=UNCERTAINTY_MEASURE_WITH_UNIT(LENGTH_MEASURE(0.01),#2362,
'DISTANCE_ACCURACY_VALUE',
'Maximum model space distance between geometric entities at asserted c
onnectivities');
#2360=(
GEOMETRIC_REPRESENTATION_CONTEXT(3)
GLOBAL_UNCERTAINTY_ASSIGNED_CONTEXT((#2358))
GLOBAL_UNIT_ASSIGNED_CONTEXT((#2362,#2364,#2365))
REPRESENTATION_CONTEXT('','3D')
);
#2361=(
GEOMETRIC_REPRESENTATION_CONTEXT(3)
GLOBAL_UNCERTAINTY_ASSIGNED_CONTEXT((#2359))
GLOBAL_UNIT_ASSIGNED_CONTEXT((#2362,#2364,#2365))
REPRESENTATION_CONTEXT('','3D')
);
#2362=(
LENGTH_UNIT()
NAMED_UNIT(*)
SI_UNIT(.MILLI.,.METRE.)
);
#2363=(
LENGTH_UNIT()
NAMED_UNIT(*)
SI_UNIT($,.METRE.)
);
#2364=(
NAMED_UNIT(*)
PLANE_ANGLE_UNIT()
SI_UNIT($,.RADIAN.)
);
#2365=(
NAMED_UNIT(*)
SI_UNIT($,.STERADIAN.)
SOLID_ANGLE_UNIT()
);
#2366=SHAPE_DEFINITION_REPRESENTATION(#2367,#2368);
#2367=PRODUCT_DEFINITION_SHAPE('',$,#2370);
#2368=SHAPE_REPRESENTATION('',(#1242),#2360);
#2369=PRODUCT_DEFINITION_CONTEXT('part definition',#2374,'design');
#2370=PRODUCT_DEFINITION('hip pitch mount','hip pitch mount v16',#2371,
#2369);
#2371=PRODUCT_DEFINITION_FORMATION('',$,#2376);
#2372=PRODUCT_RELATED_PRODUCT_CATEGORY('hip pitch mount v16',
'hip pitch mount v16',(#2376));
#2373=APPLICATION_PROTOCOL_DEFINITION('international standard',
'automotive_design',2009,#2374);
#2374=APPLICATION_CONTEXT(
'Core Data for Automotive Mechanical Design Process');
#2375=PRODUCT_CONTEXT('part definition',#2374,'mechanical');
#2376=PRODUCT('hip pitch mount','hip pitch mount v16',$,(#2375));
#2377=PRESENTATION_STYLE_ASSIGNMENT((#2381));
#2378=PRESENTATION_STYLE_ASSIGNMENT((#2382));
#2379=PRESENTATION_STYLE_ASSIGNMENT((#2383));
#2380=PRESENTATION_STYLE_ASSIGNMENT((#2384));
#2381=SURFACE_STYLE_USAGE(.BOTH.,#2385);
#2382=SURFACE_STYLE_USAGE(.BOTH.,#2386);
#2383=SURFACE_STYLE_USAGE(.BOTH.,#2387);
#2384=SURFACE_STYLE_USAGE(.BOTH.,#2388);
#2385=SURFACE_SIDE_STYLE('',(#2389));
#2386=SURFACE_SIDE_STYLE('',(#2390));
#2387=SURFACE_SIDE_STYLE('',(#2391));
#2388=SURFACE_SIDE_STYLE('',(#2392));
#2389=SURFACE_STYLE_FILL_AREA(#2393);
#2390=SURFACE_STYLE_FILL_AREA(#2394);
#2391=SURFACE_STYLE_FILL_AREA(#2395);
#2392=SURFACE_STYLE_FILL_AREA(#2396);
#2393=FILL_AREA_STYLE('\X2\AC15CCA0\X0\ - \X2\C0C8D2F4\X0\',(#2397));
#2394=FILL_AREA_STYLE('ABS(\X2\D770C0C9\X0\)',(#2398));
#2395=FILL_AREA_STYLE(
'EPX 150 - \X2\C5D0C5B4\X0\ \X2\BCA0C774D06CB4DC\X0\(\X2\D0C4C18C\X0\ 
M2 M3 L1 3D \X2\D504B9B0D130\X0\ \X2\D3ECD568\X0\)',(#2399));
#2396=FILL_AREA_STYLE('\X2\D669B3D9\X0\ - \X2\C5F0B9C8\X0\',(#2400));
#2397=FILL_AREA_STYLE_COLOUR('\X2\AC15CCA0\X0\ - \X2\C0C8D2F4\X0\',#2401);
#2398=FILL_AREA_STYLE_COLOUR('ABS(\X2\D770C0C9\X0\)',#2402);
#2399=FILL_AREA_STYLE_COLOUR(
'EPX 150 - \X2\C5D0C5B4\X0\ \X2\BCA0C774D06CB4DC\X0\(\X2\D0C4C18C\X0\ 
M2 M3 L1 3D \X2\D504B9B0D130\X0\ \X2\D3ECD568\X0\)',#2403);
#2400=FILL_AREA_STYLE_COLOUR('\X2\D669B3D9\X0\ - \X2\C5F0B9C8\X0\',#2404);
#2401=COLOUR_RGB('\X2\AC15CCA0\X0\ - \X2\C0C8D2F4\X0\',0.627450980392157,
0.627450980392157,0.627450980392157);
#2402=COLOUR_RGB('ABS(\X2\D770C0C9\X0\)',0.215686274509804,0.215686274509804,
0.215686274509804);
#2403=COLOUR_RGB(
'EPX 150 - \X2\C5D0C5B4\X0\ \X2\BCA0C774D06CB4DC\X0\(\X2\D0C4C18C\X0\ 
M2 M3 L1 3D \X2\D504B9B0D130\X0\ \X2\D3ECD568\X0\)',0.247058823529412,0.247058823529412,
0.247058823529412);
#2404=COLOUR_RGB('\X2\D669B3D9\X0\ - \X2\C5F0B9C8\X0\',0.952941176470588,
0.796078431372549,0.486274509803922);
ENDSEC;
END-ISO-10303-21;
