ISO-10303-21;
HEADER;
/* Generated by software containing ST-Developer
 * from STEP Tools, Inc. (www.steptools.com) 
 */

FILE_DESCRIPTION(
/* description */ (''),
/* implementation_level */ '2;1');

FILE_NAME(
/* name */ 'hip roll mount.step',
/* time_stamp */ '2026-10-07T11:32:37+09:00',
/* author */ (''),
/* organization */ (''),
/* preprocessor_version */ 'ST-DEVELOPER v20.2',
/* originating_system */ 'Autodesk Translation Framework v15.15.0.0',
/* authorisation */ '');

FILE_SCHEMA (('AUTOMOTIVE_DESIGN { 1 0 10303 214 3 1 1 }'));
ENDSEC;

DATA;
#10=MECHANICAL_DESIGN_GEOMETRIC_PRESENTATION_REPRESENTATION('',(#13),#2139);
#11=SHAPE_REPRESENTATION_RELATIONSHIP('SRR','None',#2146,#12);
#12=ADVANCED_BREP_SHAPE_REPRESENTATION('',(#14),#2138);
#13=STYLED_ITEM('',(#2156),#14);
#14=MANIFOLD_SOLID_BREP('hip roll mount',#1275);
#15=ELLIPSE('',#1337,1.08088404658246,1.);
#16=ELLIPSE('',#1338,1.41421356237309,1.);
#17=ELLIPSE('',#1339,1.4142135623731,1.);
#18=ELLIPSE('',#1340,1.08088404658246,1.);
#19=ELLIPSE('',#1342,1.08088404658246,1.);
#20=ELLIPSE('',#1343,1.4142135623731,1.);
#21=ELLIPSE('',#1344,1.41421356237309,1.);
#22=ELLIPSE('',#1345,1.08088404658246,1.);
#23=TOROIDAL_SURFACE('',#1304,4.00000000000001,1.);
#24=TOROIDAL_SURFACE('',#1310,4.,1.);
#25=TOROIDAL_SURFACE('',#1316,3.99999999999999,1.);
#26=TOROIDAL_SURFACE('',#1322,4.,1.);
#27=FACE_BOUND('',#155,.T.);
#28=FACE_BOUND('',#156,.T.);
#29=FACE_BOUND('',#157,.T.);
#30=FACE_BOUND('',#158,.T.);
#31=FACE_BOUND('',#173,.T.);
#32=FACE_BOUND('',#174,.T.);
#33=FACE_BOUND('',#175,.T.);
#34=FACE_BOUND('',#176,.T.);
#35=FACE_BOUND('',#177,.T.);
#36=FACE_BOUND('',#187,.T.);
#37=FACE_BOUND('',#191,.T.);
#38=FACE_BOUND('',#192,.T.);
#39=FACE_BOUND('',#193,.T.);
#40=FACE_BOUND('',#194,.T.);
#41=FACE_BOUND('',#197,.T.);
#42=FACE_BOUND('',#199,.T.);
#43=FACE_BOUND('',#200,.T.);
#44=FACE_BOUND('',#222,.T.);
#45=FACE_BOUND('',#223,.T.);
#46=FACE_BOUND('',#224,.T.);
#47=FACE_BOUND('',#225,.T.);
#48=FACE_BOUND('',#228,.T.);
#49=FACE_BOUND('',#229,.T.);
#50=FACE_BOUND('',#233,.T.);
#51=FACE_BOUND('',#239,.T.);
#52=PLANE('',#1292);
#53=PLANE('',#1293);
#54=PLANE('',#1327);
#55=PLANE('',#1330);
#56=PLANE('',#1331);
#57=PLANE('',#1348);
#58=PLANE('',#1349);
#59=PLANE('',#1350);
#60=PLANE('',#1351);
#61=PLANE('',#1352);
#62=PLANE('',#1354);
#63=PLANE('',#1355);
#64=PLANE('',#1356);
#65=PLANE('',#1361);
#66=PLANE('',#1362);
#67=PLANE('',#1364);
#68=PLANE('',#1367);
#69=PLANE('',#1378);
#70=PLANE('',#1381);
#71=PLANE('',#1382);
#72=PLANE('',#1383);
#73=PLANE('',#1384);
#74=PLANE('',#1389);
#75=PLANE('',#1390);
#76=PLANE('',#1391);
#77=PLANE('',#1392);
#78=PLANE('',#1393);
#79=PLANE('',#1394);
#80=PLANE('',#1395);
#81=PLANE('',#1398);
#82=PLANE('',#1399);
#83=PLANE('',#1400);
#84=PLANE('',#1407);
#85=PLANE('',#1408);
#86=PLANE('',#1409);
#87=FACE_OUTER_BOUND('',#152,.T.);
#88=FACE_OUTER_BOUND('',#153,.T.);
#89=FACE_OUTER_BOUND('',#154,.T.);
#90=FACE_OUTER_BOUND('',#159,.T.);
#91=FACE_OUTER_BOUND('',#160,.T.);
#92=FACE_OUTER_BOUND('',#161,.T.);
#93=FACE_OUTER_BOUND('',#162,.T.);
#94=FACE_OUTER_BOUND('',#163,.T.);
#95=FACE_OUTER_BOUND('',#164,.T.);
#96=FACE_OUTER_BOUND('',#165,.T.);
#97=FACE_OUTER_BOUND('',#166,.T.);
#98=FACE_OUTER_BOUND('',#167,.T.);
#99=FACE_OUTER_BOUND('',#168,.T.);
#100=FACE_OUTER_BOUND('',#169,.T.);
#101=FACE_OUTER_BOUND('',#170,.T.);
#102=FACE_OUTER_BOUND('',#171,.T.);
#103=FACE_OUTER_BOUND('',#172,.T.);
#104=FACE_OUTER_BOUND('',#178,.T.);
#105=FACE_OUTER_BOUND('',#179,.T.);
#106=FACE_OUTER_BOUND('',#180,.T.);
#107=FACE_OUTER_BOUND('',#181,.T.);
#108=FACE_OUTER_BOUND('',#182,.T.);
#109=FACE_OUTER_BOUND('',#183,.T.);
#110=FACE_OUTER_BOUND('',#184,.T.);
#111=FACE_OUTER_BOUND('',#185,.T.);
#112=FACE_OUTER_BOUND('',#186,.T.);
#113=FACE_OUTER_BOUND('',#188,.T.);
#114=FACE_OUTER_BOUND('',#189,.T.);
#115=FACE_OUTER_BOUND('',#190,.T.);
#116=FACE_OUTER_BOUND('',#195,.T.);
#117=FACE_OUTER_BOUND('',#196,.T.);
#118=FACE_OUTER_BOUND('',#198,.T.);
#119=FACE_OUTER_BOUND('',#201,.T.);
#120=FACE_OUTER_BOUND('',#202,.T.);
#121=FACE_OUTER_BOUND('',#203,.T.);
#122=FACE_OUTER_BOUND('',#204,.T.);
#123=FACE_OUTER_BOUND('',#205,.T.);
#124=FACE_OUTER_BOUND('',#206,.T.);
#125=FACE_OUTER_BOUND('',#207,.T.);
#126=FACE_OUTER_BOUND('',#208,.T.);
#127=FACE_OUTER_BOUND('',#209,.T.);
#128=FACE_OUTER_BOUND('',#210,.T.);
#129=FACE_OUTER_BOUND('',#211,.T.);
#130=FACE_OUTER_BOUND('',#212,.T.);
#131=FACE_OUTER_BOUND('',#213,.T.);
#132=FACE_OUTER_BOUND('',#214,.T.);
#133=FACE_OUTER_BOUND('',#215,.T.);
#134=FACE_OUTER_BOUND('',#216,.T.);
#135=FACE_OUTER_BOUND('',#217,.T.);
#136=FACE_OUTER_BOUND('',#218,.T.);
#137=FACE_OUTER_BOUND('',#219,.T.);
#138=FACE_OUTER_BOUND('',#220,.T.);
#139=FACE_OUTER_BOUND('',#221,.T.);
#140=FACE_OUTER_BOUND('',#226,.T.);
#141=FACE_OUTER_BOUND('',#227,.T.);
#142=FACE_OUTER_BOUND('',#230,.T.);
#143=FACE_OUTER_BOUND('',#231,.T.);
#144=FACE_OUTER_BOUND('',#232,.T.);
#145=FACE_OUTER_BOUND('',#234,.T.);
#146=FACE_OUTER_BOUND('',#235,.T.);
#147=FACE_OUTER_BOUND('',#236,.T.);
#148=FACE_OUTER_BOUND('',#237,.T.);
#149=FACE_OUTER_BOUND('',#238,.T.);
#150=FACE_OUTER_BOUND('',#240,.T.);
#151=FACE_OUTER_BOUND('',#241,.T.);
#152=EDGE_LOOP('',(#828,#829,#830,#831));
#153=EDGE_LOOP('',(#832,#833,#834,#835,#836,#837,#838,#839,#840,#841,#842,
#843,#844,#845,#846,#847,#848,#849,#850,#851,#852,#853,#854,#855,#856,#857,
#858,#859));
#154=EDGE_LOOP('',(#860,#861,#862,#863,#864,#865));
#155=EDGE_LOOP('',(#866));
#156=EDGE_LOOP('',(#867));
#157=EDGE_LOOP('',(#868));
#158=EDGE_LOOP('',(#869));
#159=EDGE_LOOP('',(#870,#871,#872,#873));
#160=EDGE_LOOP('',(#874,#875,#876,#877));
#161=EDGE_LOOP('',(#878,#879,#880,#881));
#162=EDGE_LOOP('',(#882,#883,#884,#885));
#163=EDGE_LOOP('',(#886,#887,#888,#889));
#164=EDGE_LOOP('',(#890,#891,#892,#893));
#165=EDGE_LOOP('',(#894,#895,#896,#897));
#166=EDGE_LOOP('',(#898,#899,#900,#901));
#167=EDGE_LOOP('',(#902,#903,#904,#905));
#168=EDGE_LOOP('',(#906,#907,#908,#909));
#169=EDGE_LOOP('',(#910,#911,#912,#913));
#170=EDGE_LOOP('',(#914,#915,#916,#917));
#171=EDGE_LOOP('',(#918,#919,#920,#921));
#172=EDGE_LOOP('',(#922,#923,#924,#925,#926,#927,#928,#929));
#173=EDGE_LOOP('',(#930,#931,#932,#933));
#174=EDGE_LOOP('',(#934));
#175=EDGE_LOOP('',(#935));
#176=EDGE_LOOP('',(#936));
#177=EDGE_LOOP('',(#937));
#178=EDGE_LOOP('',(#938,#939,#940,#941,#942,#943));
#179=EDGE_LOOP('',(#944,#945,#946,#947,#948,#949));
#180=EDGE_LOOP('',(#950,#951,#952,#953));
#181=EDGE_LOOP('',(#954,#955,#956,#957));
#182=EDGE_LOOP('',(#958,#959,#960,#961,#962,#963));
#183=EDGE_LOOP('',(#964,#965,#966,#967,#968,#969));
#184=EDGE_LOOP('',(#970,#971,#972,#973));
#185=EDGE_LOOP('',(#974,#975,#976,#977));
#186=EDGE_LOOP('',(#978,#979,#980,#981));
#187=EDGE_LOOP('',(#982));
#188=EDGE_LOOP('',(#983,#984,#985,#986));
#189=EDGE_LOOP('',(#987,#988,#989,#990));
#190=EDGE_LOOP('',(#991,#992,#993,#994,#995,#996,#997,#998,#999,#1000,#1001,
#1002,#1003,#1004));
#191=EDGE_LOOP('',(#1005));
#192=EDGE_LOOP('',(#1006));
#193=EDGE_LOOP('',(#1007));
#194=EDGE_LOOP('',(#1008));
#195=EDGE_LOOP('',(#1009,#1010,#1011,#1012));
#196=EDGE_LOOP('',(#1013,#1014,#1015,#1016));
#197=EDGE_LOOP('',(#1017));
#198=EDGE_LOOP('',(#1018,#1019,#1020,#1021,#1022,#1023,#1024,#1025));
#199=EDGE_LOOP('',(#1026));
#200=EDGE_LOOP('',(#1027));
#201=EDGE_LOOP('',(#1028,#1029,#1030,#1031));
#202=EDGE_LOOP('',(#1032,#1033,#1034,#1035));
#203=EDGE_LOOP('',(#1036,#1037,#1038,#1039));
#204=EDGE_LOOP('',(#1040,#1041,#1042,#1043));
#205=EDGE_LOOP('',(#1044,#1045,#1046,#1047));
#206=EDGE_LOOP('',(#1048,#1049,#1050,#1051));
#207=EDGE_LOOP('',(#1052,#1053,#1054,#1055));
#208=EDGE_LOOP('',(#1056,#1057,#1058,#1059));
#209=EDGE_LOOP('',(#1060,#1061,#1062,#1063));
#210=EDGE_LOOP('',(#1064,#1065,#1066,#1067));
#211=EDGE_LOOP('',(#1068,#1069,#1070,#1071));
#212=EDGE_LOOP('',(#1072,#1073,#1074,#1075,#1076,#1077,#1078,#1079));
#213=EDGE_LOOP('',(#1080,#1081,#1082,#1083));
#214=EDGE_LOOP('',(#1084,#1085,#1086,#1087));
#215=EDGE_LOOP('',(#1088,#1089,#1090,#1091));
#216=EDGE_LOOP('',(#1092,#1093,#1094,#1095));
#217=EDGE_LOOP('',(#1096,#1097,#1098,#1099));
#218=EDGE_LOOP('',(#1100,#1101,#1102,#1103));
#219=EDGE_LOOP('',(#1104,#1105,#1106,#1107));
#220=EDGE_LOOP('',(#1108,#1109,#1110,#1111,#1112,#1113,#1114,#1115));
#221=EDGE_LOOP('',(#1116,#1117,#1118,#1119,#1120,#1121,#1122,#1123));
#222=EDGE_LOOP('',(#1124));
#223=EDGE_LOOP('',(#1125));
#224=EDGE_LOOP('',(#1126));
#225=EDGE_LOOP('',(#1127));
#226=EDGE_LOOP('',(#1128,#1129,#1130,#1131));
#227=EDGE_LOOP('',(#1132,#1133,#1134,#1135,#1136,#1137,#1138,#1139));
#228=EDGE_LOOP('',(#1140));
#229=EDGE_LOOP('',(#1141));
#230=EDGE_LOOP('',(#1142,#1143,#1144,#1145));
#231=EDGE_LOOP('',(#1146,#1147,#1148,#1149));
#232=EDGE_LOOP('',(#1150,#1151,#1152,#1153));
#233=EDGE_LOOP('',(#1154));
#234=EDGE_LOOP('',(#1155,#1156,#1157,#1158));
#235=EDGE_LOOP('',(#1159,#1160,#1161,#1162));
#236=EDGE_LOOP('',(#1163,#1164,#1165,#1166));
#237=EDGE_LOOP('',(#1167,#1168,#1169,#1170));
#238=EDGE_LOOP('',(#1171,#1172,#1173,#1174));
#239=EDGE_LOOP('',(#1175));
#240=EDGE_LOOP('',(#1176,#1177,#1178,#1179));
#241=EDGE_LOOP('',(#1180,#1181,#1182,#1183));
#242=LINE('',#1782,#364);
#243=LINE('',#1785,#365);
#244=LINE('',#1788,#366);
#245=LINE('',#1790,#367);
#246=LINE('',#1792,#368);
#247=LINE('',#1794,#369);
#248=LINE('',#1796,#370);
#249=LINE('',#1798,#371);
#250=LINE('',#1800,#372);
#251=LINE('',#1802,#373);
#252=LINE('',#1804,#374);
#253=LINE('',#1806,#375);
#254=LINE('',#1808,#376);
#255=LINE('',#1810,#377);
#256=LINE('',#1812,#378);
#257=LINE('',#1814,#379);
#258=LINE('',#1816,#380);
#259=LINE('',#1818,#381);
#260=LINE('',#1820,#382);
#261=LINE('',#1822,#383);
#262=LINE('',#1824,#384);
#263=LINE('',#1826,#385);
#264=LINE('',#1828,#386);
#265=LINE('',#1830,#387);
#266=LINE('',#1832,#388);
#267=LINE('',#1834,#389);
#268=LINE('',#1836,#390);
#269=LINE('',#1838,#391);
#270=LINE('',#1839,#392);
#271=LINE('',#1842,#393);
#272=LINE('',#1844,#394);
#273=LINE('',#1846,#395);
#274=LINE('',#1859,#396);
#275=LINE('',#1865,#397);
#276=LINE('',#1868,#398);
#277=LINE('',#1879,#399);
#278=LINE('',#1880,#400);
#279=LINE('',#1891,#401);
#280=LINE('',#1892,#402);
#281=LINE('',#1903,#403);
#282=LINE('',#1904,#404);
#283=LINE('',#1910,#405);
#284=LINE('',#1913,#406);
#285=LINE('',#1916,#407);
#286=LINE('',#1917,#408);
#287=LINE('',#1920,#409);
#288=LINE('',#1924,#410);
#289=LINE('',#1925,#411);
#290=LINE('',#1929,#412);
#291=LINE('',#1931,#413);
#292=LINE('',#1933,#414);
#293=LINE('',#1934,#415);
#294=LINE('',#1953,#416);
#295=LINE('',#1961,#417);
#296=LINE('',#1963,#418);
#297=LINE('',#1965,#419);
#298=LINE('',#1967,#420);
#299=LINE('',#1970,#421);
#300=LINE('',#1972,#422);
#301=LINE('',#1973,#423);
#302=LINE('',#1976,#424);
#303=LINE('',#1978,#425);
#304=LINE('',#1979,#426);
#305=LINE('',#1982,#427);
#306=LINE('',#1983,#428);
#307=LINE('',#1988,#429);
#308=LINE('',#1989,#430);
#309=LINE('',#1992,#431);
#310=LINE('',#1993,#432);
#311=LINE('',#1996,#433);
#312=LINE('',#1997,#434);
#313=LINE('',#1999,#435);
#314=LINE('',#2001,#436);
#315=LINE('',#2002,#437);
#316=LINE('',#2013,#438);
#317=LINE('',#2014,#439);
#318=LINE('',#2017,#440);
#319=LINE('',#2018,#441);
#320=LINE('',#2023,#442);
#321=LINE('',#2024,#443);
#322=LINE('',#2026,#444);
#323=LINE('',#2027,#445);
#324=LINE('',#2033,#446);
#325=LINE('',#2036,#447);
#326=LINE('',#2040,#448);
#327=LINE('',#2044,#449);
#328=LINE('',#2048,#450);
#329=LINE('',#2052,#451);
#330=LINE('',#2055,#452);
#331=LINE('',#2057,#453);
#332=LINE('',#2060,#454);
#333=LINE('',#2063,#455);
#334=LINE('',#2065,#456);
#335=LINE('',#2069,#457);
#336=LINE('',#2071,#458);
#337=LINE('',#2073,#459);
#338=LINE('',#2075,#460);
#339=LINE('',#2078,#461);
#340=LINE('',#2080,#462);
#341=LINE('',#2081,#463);
#342=LINE('',#2083,#464);
#343=LINE('',#2085,#465);
#344=LINE('',#2089,#466);
#345=LINE('',#2091,#467);
#346=LINE('',#2093,#468);
#347=LINE('',#2095,#469);
#348=LINE('',#2097,#470);
#349=LINE('',#2099,#471);
#350=LINE('',#2101,#472);
#351=LINE('',#2102,#473);
#352=LINE('',#2105,#474);
#353=LINE('',#2106,#475);
#354=LINE('',#2108,#476);
#355=LINE('',#2114,#477);
#356=LINE('',#2116,#478);
#357=LINE('',#2117,#479);
#358=LINE('',#2123,#480);
#359=LINE('',#2126,#481);
#360=LINE('',#2128,#482);
#361=LINE('',#2130,#483);
#362=LINE('',#2132,#484);
#363=LINE('',#2134,#485);
#364=VECTOR('',#1416,0.75);
#365=VECTOR('',#1419,10.);
#366=VECTOR('',#1422,10.);
#367=VECTOR('',#1423,0.75);
#368=VECTOR('',#1424,10.);
#369=VECTOR('',#1425,10.);
#370=VECTOR('',#1426,10.);
#371=VECTOR('',#1427,10.);
#372=VECTOR('',#1428,10.);
#373=VECTOR('',#1429,10.);
#374=VECTOR('',#1430,10.);
#375=VECTOR('',#1431,10.);
#376=VECTOR('',#1432,10.);
#377=VECTOR('',#1433,10.);
#378=VECTOR('',#1434,10.);
#379=VECTOR('',#1435,10.);
#380=VECTOR('',#1436,10.);
#381=VECTOR('',#1437,10.);
#382=VECTOR('',#1438,10.);
#383=VECTOR('',#1439,10.);
#384=VECTOR('',#1440,10.);
#385=VECTOR('',#1441,10.);
#386=VECTOR('',#1442,10.);
#387=VECTOR('',#1443,10.);
#388=VECTOR('',#1444,10.);
#389=VECTOR('',#1445,10.);
#390=VECTOR('',#1446,10.);
#391=VECTOR('',#1447,10.);
#392=VECTOR('',#1448,10.);
#393=VECTOR('',#1451,10.);
#394=VECTOR('',#1452,10.);
#395=VECTOR('',#1453,10.);
#396=VECTOR('',#1468,10.);
#397=VECTOR('',#1473,10.);
#398=VECTOR('',#1476,10.);
#399=VECTOR('',#1489,10.);
#400=VECTOR('',#1490,10.);
#401=VECTOR('',#1503,10.);
#402=VECTOR('',#1504,10.);
#403=VECTOR('',#1517,10.);
#404=VECTOR('',#1518,10.);
#405=VECTOR('',#1527,10.);
#406=VECTOR('',#1530,10.);
#407=VECTOR('',#1533,10.);
#408=VECTOR('',#1534,10.);
#409=VECTOR('',#1537,10.);
#410=VECTOR('',#1542,10.);
#411=VECTOR('',#1543,10.);
#412=VECTOR('',#1546,10.);
#413=VECTOR('',#1547,10.);
#414=VECTOR('',#1548,10.);
#415=VECTOR('',#1549,10.);
#416=VECTOR('',#1570,10.);
#417=VECTOR('',#1581,10.);
#418=VECTOR('',#1584,10.);
#419=VECTOR('',#1587,10.);
#420=VECTOR('',#1590,10.);
#421=VECTOR('',#1593,10.);
#422=VECTOR('',#1594,10.);
#423=VECTOR('',#1595,10.);
#424=VECTOR('',#1598,10.);
#425=VECTOR('',#1599,10.);
#426=VECTOR('',#1600,10.);
#427=VECTOR('',#1603,10.);
#428=VECTOR('',#1604,10.);
#429=VECTOR('',#1609,10.);
#430=VECTOR('',#1610,10.);
#431=VECTOR('',#1613,10.);
#432=VECTOR('',#1614,10.);
#433=VECTOR('',#1617,10.);
#434=VECTOR('',#1618,10.);
#435=VECTOR('',#1619,10.);
#436=VECTOR('',#1620,10.);
#437=VECTOR('',#1621,10.);
#438=VECTOR('',#1632,10.);
#439=VECTOR('',#1633,10.);
#440=VECTOR('',#1636,10.);
#441=VECTOR('',#1637,10.);
#442=VECTOR('',#1642,10.);
#443=VECTOR('',#1643,10.);
#444=VECTOR('',#1644,10.);
#445=VECTOR('',#1645,10.);
#446=VECTOR('',#1652,10.);
#447=VECTOR('',#1655,2.1);
#448=VECTOR('',#1660,2.1);
#449=VECTOR('',#1665,2.1);
#450=VECTOR('',#1670,2.1);
#451=VECTOR('',#1675,10.);
#452=VECTOR('',#1678,10.);
#453=VECTOR('',#1681,10.);
#454=VECTOR('',#1684,10.);
#455=VECTOR('',#1689,10.);
#456=VECTOR('',#1692,10.);
#457=VECTOR('',#1699,0.750000000000002);
#458=VECTOR('',#1702,0.750000000000002);
#459=VECTOR('',#1705,0.750000000000002);
#460=VECTOR('',#1708,0.750000000000002);
#461=VECTOR('',#1711,10.);
#462=VECTOR('',#1712,10.);
#463=VECTOR('',#1713,10.);
#464=VECTOR('',#1716,10.);
#465=VECTOR('',#1719,10.);
#466=VECTOR('',#1722,10.);
#467=VECTOR('',#1723,10.);
#468=VECTOR('',#1724,10.);
#469=VECTOR('',#1725,10.);
#470=VECTOR('',#1726,10.);
#471=VECTOR('',#1727,10.);
#472=VECTOR('',#1728,10.);
#473=VECTOR('',#1729,10.);
#474=VECTOR('',#1734,10.);
#475=VECTOR('',#1735,10.);
#476=VECTOR('',#1738,10.);
#477=VECTOR('',#1745,10.);
#478=VECTOR('',#1748,10.);
#479=VECTOR('',#1749,10.);
#480=VECTOR('',#1756,0.750000000000002);
#481=VECTOR('',#1761,0.750000000000002);
#482=VECTOR('',#1764,0.750000000000002);
#483=VECTOR('',#1767,0.750000000000002);
#484=VECTOR('',#1770,10.);
#485=VECTOR('',#1773,10.);
#486=CIRCLE('',#1290,0.75);
#487=CIRCLE('',#1291,0.75);
#488=CIRCLE('',#1294,0.750000000000002);
#489=CIRCLE('',#1295,1.35);
#490=CIRCLE('',#1296,1.35);
#491=CIRCLE('',#1297,1.35);
#492=CIRCLE('',#1298,1.35);
#493=CIRCLE('',#1300,0.750000000000002);
#494=CIRCLE('',#1302,0.999999999999999);
#495=CIRCLE('',#1303,1.);
#496=CIRCLE('',#1305,1.00000000000001);
#497=CIRCLE('',#1306,4.00000000000001);
#498=CIRCLE('',#1307,5.00000000000001);
#499=CIRCLE('',#1309,0.999999999999996);
#500=CIRCLE('',#1311,1.00000000000001);
#501=CIRCLE('',#1312,4.);
#502=CIRCLE('',#1313,5.00000000000001);
#503=CIRCLE('',#1315,0.999999999999996);
#504=CIRCLE('',#1317,1.00000000000001);
#505=CIRCLE('',#1318,3.99999999999999);
#506=CIRCLE('',#1319,4.99999999999999);
#507=CIRCLE('',#1321,0.999999999999999);
#508=CIRCLE('',#1323,4.);
#509=CIRCLE('',#1324,5.);
#510=CIRCLE('',#1326,5.);
#511=CIRCLE('',#1329,5.00000000000001);
#512=CIRCLE('',#1332,2.1);
#513=CIRCLE('',#1333,2.1);
#514=CIRCLE('',#1334,2.1);
#515=CIRCLE('',#1335,2.1);
#516=CIRCLE('',#1353,1.35);
#517=CIRCLE('',#1357,1.35);
#518=CIRCLE('',#1358,1.35);
#519=CIRCLE('',#1359,1.35);
#520=CIRCLE('',#1360,1.35);
#521=CIRCLE('',#1363,1.35);
#522=CIRCLE('',#1365,1.35);
#523=CIRCLE('',#1366,1.35);
#524=CIRCLE('',#1369,2.1);
#525=CIRCLE('',#1371,2.1);
#526=CIRCLE('',#1373,2.1);
#527=CIRCLE('',#1375,2.1);
#528=CIRCLE('',#1377,4.99999999999999);
#529=CIRCLE('',#1380,5.);
#530=CIRCLE('',#1396,1.35);
#531=CIRCLE('',#1397,1.35);
#532=CIRCLE('',#1401,1.35);
#533=CIRCLE('',#1403,1.35);
#534=VERTEX_POINT('',#1778);
#535=VERTEX_POINT('',#1779);
#536=VERTEX_POINT('',#1781);
#537=VERTEX_POINT('',#1783);
#538=VERTEX_POINT('',#1787);
#539=VERTEX_POINT('',#1789);
#540=VERTEX_POINT('',#1791);
#541=VERTEX_POINT('',#1793);
#542=VERTEX_POINT('',#1795);
#543=VERTEX_POINT('',#1797);
#544=VERTEX_POINT('',#1799);
#545=VERTEX_POINT('',#1801);
#546=VERTEX_POINT('',#1803);
#547=VERTEX_POINT('',#1805);
#548=VERTEX_POINT('',#1807);
#549=VERTEX_POINT('',#1809);
#550=VERTEX_POINT('',#1811);
#551=VERTEX_POINT('',#1813);
#552=VERTEX_POINT('',#1815);
#553=VERTEX_POINT('',#1817);
#554=VERTEX_POINT('',#1819);
#555=VERTEX_POINT('',#1821);
#556=VERTEX_POINT('',#1823);
#557=VERTEX_POINT('',#1825);
#558=VERTEX_POINT('',#1827);
#559=VERTEX_POINT('',#1829);
#560=VERTEX_POINT('',#1831);
#561=VERTEX_POINT('',#1833);
#562=VERTEX_POINT('',#1835);
#563=VERTEX_POINT('',#1837);
#564=VERTEX_POINT('',#1841);
#565=VERTEX_POINT('',#1843);
#566=VERTEX_POINT('',#1845);
#567=VERTEX_POINT('',#1848);
#568=VERTEX_POINT('',#1850);
#569=VERTEX_POINT('',#1852);
#570=VERTEX_POINT('',#1854);
#571=VERTEX_POINT('',#1857);
#572=VERTEX_POINT('',#1861);
#573=VERTEX_POINT('',#1862);
#574=VERTEX_POINT('',#1864);
#575=VERTEX_POINT('',#1866);
#576=VERTEX_POINT('',#1870);
#577=VERTEX_POINT('',#1871);
#578=VERTEX_POINT('',#1876);
#579=VERTEX_POINT('',#1877);
#580=VERTEX_POINT('',#1882);
#581=VERTEX_POINT('',#1883);
#582=VERTEX_POINT('',#1888);
#583=VERTEX_POINT('',#1889);
#584=VERTEX_POINT('',#1894);
#585=VERTEX_POINT('',#1895);
#586=VERTEX_POINT('',#1900);
#587=VERTEX_POINT('',#1901);
#588=VERTEX_POINT('',#1909);
#589=VERTEX_POINT('',#1911);
#590=VERTEX_POINT('',#1915);
#591=VERTEX_POINT('',#1919);
#592=VERTEX_POINT('',#1923);
#593=VERTEX_POINT('',#1927);
#594=VERTEX_POINT('',#1928);
#595=VERTEX_POINT('',#1930);
#596=VERTEX_POINT('',#1932);
#597=VERTEX_POINT('',#1935);
#598=VERTEX_POINT('',#1937);
#599=VERTEX_POINT('',#1939);
#600=VERTEX_POINT('',#1941);
#601=VERTEX_POINT('',#1944);
#602=VERTEX_POINT('',#1947);
#603=VERTEX_POINT('',#1951);
#604=VERTEX_POINT('',#1952);
#605=VERTEX_POINT('',#1954);
#606=VERTEX_POINT('',#1957);
#607=VERTEX_POINT('',#1969);
#608=VERTEX_POINT('',#1971);
#609=VERTEX_POINT('',#1975);
#610=VERTEX_POINT('',#1977);
#611=VERTEX_POINT('',#1981);
#612=VERTEX_POINT('',#1984);
#613=VERTEX_POINT('',#1987);
#614=VERTEX_POINT('',#1991);
#615=VERTEX_POINT('',#1995);
#616=VERTEX_POINT('',#1998);
#617=VERTEX_POINT('',#2000);
#618=VERTEX_POINT('',#2003);
#619=VERTEX_POINT('',#2005);
#620=VERTEX_POINT('',#2007);
#621=VERTEX_POINT('',#2009);
#622=VERTEX_POINT('',#2012);
#623=VERTEX_POINT('',#2016);
#624=VERTEX_POINT('',#2019);
#625=VERTEX_POINT('',#2022);
#626=VERTEX_POINT('',#2025);
#627=VERTEX_POINT('',#2028);
#628=VERTEX_POINT('',#2030);
#629=VERTEX_POINT('',#2035);
#630=VERTEX_POINT('',#2039);
#631=VERTEX_POINT('',#2043);
#632=VERTEX_POINT('',#2047);
#633=VERTEX_POINT('',#2051);
#634=VERTEX_POINT('',#2053);
#635=VERTEX_POINT('',#2059);
#636=VERTEX_POINT('',#2077);
#637=VERTEX_POINT('',#2079);
#638=VERTEX_POINT('',#2087);
#639=VERTEX_POINT('',#2088);
#640=VERTEX_POINT('',#2090);
#641=VERTEX_POINT('',#2092);
#642=VERTEX_POINT('',#2094);
#643=VERTEX_POINT('',#2096);
#644=VERTEX_POINT('',#2098);
#645=VERTEX_POINT('',#2100);
#646=VERTEX_POINT('',#2109);
#647=VERTEX_POINT('',#2111);
#648=VERTEX_POINT('',#2119);
#649=VERTEX_POINT('',#2122);
#650=EDGE_CURVE('',#534,#535,#486,.T.);
#651=EDGE_CURVE('',#535,#536,#242,.T.);
#652=EDGE_CURVE('',#536,#537,#487,.T.);
#653=EDGE_CURVE('',#534,#537,#243,.T.);
#654=EDGE_CURVE('',#538,#535,#244,.T.);
#655=EDGE_CURVE('',#539,#538,#245,.T.);
#656=EDGE_CURVE('',#540,#539,#246,.T.);
#657=EDGE_CURVE('',#541,#540,#247,.T.);
#658=EDGE_CURVE('',#542,#541,#248,.T.);
#659=EDGE_CURVE('',#543,#542,#249,.T.);
#660=EDGE_CURVE('',#544,#543,#250,.T.);
#661=EDGE_CURVE('',#545,#544,#251,.T.);
#662=EDGE_CURVE('',#546,#545,#252,.T.);
#663=EDGE_CURVE('',#547,#546,#253,.T.);
#664=EDGE_CURVE('',#548,#547,#254,.T.);
#665=EDGE_CURVE('',#549,#548,#255,.T.);
#666=EDGE_CURVE('',#550,#549,#256,.T.);
#667=EDGE_CURVE('',#551,#550,#257,.T.);
#668=EDGE_CURVE('',#552,#551,#258,.T.);
#669=EDGE_CURVE('',#553,#552,#259,.T.);
#670=EDGE_CURVE('',#554,#553,#260,.T.);
#671=EDGE_CURVE('',#555,#554,#261,.T.);
#672=EDGE_CURVE('',#556,#555,#262,.T.);
#673=EDGE_CURVE('',#557,#556,#263,.T.);
#674=EDGE_CURVE('',#558,#557,#264,.T.);
#675=EDGE_CURVE('',#559,#558,#265,.T.);
#676=EDGE_CURVE('',#560,#559,#266,.T.);
#677=EDGE_CURVE('',#561,#560,#267,.T.);
#678=EDGE_CURVE('',#562,#561,#268,.T.);
#679=EDGE_CURVE('',#563,#562,#269,.T.);
#680=EDGE_CURVE('',#536,#563,#270,.T.);
#681=EDGE_CURVE('',#564,#534,#271,.T.);
#682=EDGE_CURVE('',#565,#564,#272,.T.);
#683=EDGE_CURVE('',#566,#565,#273,.T.);
#684=EDGE_CURVE('',#538,#566,#488,.T.);
#685=EDGE_CURVE('',#567,#567,#489,.T.);
#686=EDGE_CURVE('',#568,#568,#490,.T.);
#687=EDGE_CURVE('',#569,#569,#491,.T.);
#688=EDGE_CURVE('',#570,#570,#492,.T.);
#689=EDGE_CURVE('',#571,#539,#493,.T.);
#690=EDGE_CURVE('',#571,#566,#274,.T.);
#691=EDGE_CURVE('',#572,#573,#494,.T.);
#692=EDGE_CURVE('',#573,#574,#275,.T.);
#693=EDGE_CURVE('',#574,#575,#495,.T.);
#694=EDGE_CURVE('',#575,#572,#276,.T.);
#695=EDGE_CURVE('',#576,#577,#496,.T.);
#696=EDGE_CURVE('',#577,#575,#497,.T.);
#697=EDGE_CURVE('',#574,#576,#498,.T.);
#698=EDGE_CURVE('',#578,#579,#499,.T.);
#699=EDGE_CURVE('',#579,#577,#277,.T.);
#700=EDGE_CURVE('',#576,#578,#278,.T.);
#701=EDGE_CURVE('',#580,#581,#500,.T.);
#702=EDGE_CURVE('',#581,#579,#501,.T.);
#703=EDGE_CURVE('',#578,#580,#502,.T.);
#704=EDGE_CURVE('',#582,#583,#503,.T.);
#705=EDGE_CURVE('',#583,#581,#279,.T.);
#706=EDGE_CURVE('',#580,#582,#280,.T.);
#707=EDGE_CURVE('',#584,#585,#504,.T.);
#708=EDGE_CURVE('',#585,#583,#505,.T.);
#709=EDGE_CURVE('',#582,#584,#506,.T.);
#710=EDGE_CURVE('',#586,#587,#507,.T.);
#711=EDGE_CURVE('',#587,#585,#281,.T.);
#712=EDGE_CURVE('',#584,#586,#282,.T.);
#713=EDGE_CURVE('',#572,#587,#508,.T.);
#714=EDGE_CURVE('',#586,#573,#509,.T.);
#715=EDGE_CURVE('',#588,#578,#283,.T.);
#716=EDGE_CURVE('',#588,#589,#510,.T.);
#717=EDGE_CURVE('',#589,#580,#284,.T.);
#718=EDGE_CURVE('',#590,#576,#285,.T.);
#719=EDGE_CURVE('',#590,#588,#286,.T.);
#720=EDGE_CURVE('',#591,#574,#287,.T.);
#721=EDGE_CURVE('',#591,#590,#511,.T.);
#722=EDGE_CURVE('',#592,#573,#288,.T.);
#723=EDGE_CURVE('',#592,#591,#289,.T.);
#724=EDGE_CURVE('',#593,#594,#290,.T.);
#725=EDGE_CURVE('',#595,#593,#291,.T.);
#726=EDGE_CURVE('',#596,#595,#292,.T.);
#727=EDGE_CURVE('',#594,#596,#293,.T.);
#728=EDGE_CURVE('',#597,#597,#512,.T.);
#729=EDGE_CURVE('',#598,#598,#513,.T.);
#730=EDGE_CURVE('',#599,#599,#514,.T.);
#731=EDGE_CURVE('',#600,#600,#515,.T.);
#732=EDGE_CURVE('',#564,#601,#15,.T.);
#733=EDGE_CURVE('',#601,#596,#16,.T.);
#734=EDGE_CURVE('',#595,#602,#17,.T.);
#735=EDGE_CURVE('',#602,#565,#18,.T.);
#736=EDGE_CURVE('',#603,#604,#294,.T.);
#737=EDGE_CURVE('',#604,#605,#19,.T.);
#738=EDGE_CURVE('',#605,#593,#20,.T.);
#739=EDGE_CURVE('',#594,#606,#21,.T.);
#740=EDGE_CURVE('',#606,#603,#22,.T.);
#741=EDGE_CURVE('',#602,#605,#295,.T.);
#742=EDGE_CURVE('',#606,#601,#296,.T.);
#743=EDGE_CURVE('',#604,#571,#297,.T.);
#744=EDGE_CURVE('',#537,#603,#298,.T.);
#745=EDGE_CURVE('',#607,#562,#299,.T.);
#746=EDGE_CURVE('',#608,#607,#300,.T.);
#747=EDGE_CURVE('',#608,#563,#301,.T.);
#748=EDGE_CURVE('',#560,#609,#302,.F.);
#749=EDGE_CURVE('',#609,#610,#303,.F.);
#750=EDGE_CURVE('',#610,#561,#304,.F.);
#751=EDGE_CURVE('',#559,#611,#305,.T.);
#752=EDGE_CURVE('',#609,#611,#306,.F.);
#753=EDGE_CURVE('',#612,#612,#516,.F.);
#754=EDGE_CURVE('',#558,#613,#307,.F.);
#755=EDGE_CURVE('',#611,#613,#308,.F.);
#756=EDGE_CURVE('',#557,#614,#309,.T.);
#757=EDGE_CURVE('',#613,#614,#310,.T.);
#758=EDGE_CURVE('',#608,#615,#311,.T.);
#759=EDGE_CURVE('',#615,#552,#312,.T.);
#760=EDGE_CURVE('',#616,#551,#313,.T.);
#761=EDGE_CURVE('',#616,#617,#314,.T.);
#762=EDGE_CURVE('',#617,#540,#315,.T.);
#763=EDGE_CURVE('',#618,#618,#517,.T.);
#764=EDGE_CURVE('',#619,#619,#518,.T.);
#765=EDGE_CURVE('',#620,#620,#519,.T.);
#766=EDGE_CURVE('',#621,#621,#520,.T.);
#767=EDGE_CURVE('',#556,#622,#316,.F.);
#768=EDGE_CURVE('',#614,#622,#317,.T.);
#769=EDGE_CURVE('',#623,#555,#318,.T.);
#770=EDGE_CURVE('',#622,#623,#319,.F.);
#771=EDGE_CURVE('',#624,#624,#521,.F.);
#772=EDGE_CURVE('',#610,#625,#320,.T.);
#773=EDGE_CURVE('',#554,#625,#321,.T.);
#774=EDGE_CURVE('',#553,#626,#322,.T.);
#775=EDGE_CURVE('',#626,#607,#323,.F.);
#776=EDGE_CURVE('',#627,#627,#522,.F.);
#777=EDGE_CURVE('',#628,#628,#523,.F.);
#778=EDGE_CURVE('',#625,#623,#324,.T.);
#779=EDGE_CURVE('',#600,#629,#325,.T.);
#780=EDGE_CURVE('',#629,#629,#524,.T.);
#781=EDGE_CURVE('',#599,#630,#326,.T.);
#782=EDGE_CURVE('',#630,#630,#525,.T.);
#783=EDGE_CURVE('',#598,#631,#327,.T.);
#784=EDGE_CURVE('',#631,#631,#526,.T.);
#785=EDGE_CURVE('',#597,#632,#328,.T.);
#786=EDGE_CURVE('',#632,#632,#527,.T.);
#787=EDGE_CURVE('',#633,#582,#329,.T.);
#788=EDGE_CURVE('',#633,#634,#528,.T.);
#789=EDGE_CURVE('',#634,#584,#330,.T.);
#790=EDGE_CURVE('',#589,#633,#331,.T.);
#791=EDGE_CURVE('',#635,#586,#332,.T.);
#792=EDGE_CURVE('',#635,#592,#529,.T.);
#793=EDGE_CURVE('',#634,#635,#333,.T.);
#794=EDGE_CURVE('',#626,#615,#334,.T.);
#795=EDGE_CURVE('',#567,#612,#335,.T.);
#796=EDGE_CURVE('',#568,#624,#336,.T.);
#797=EDGE_CURVE('',#619,#627,#337,.T.);
#798=EDGE_CURVE('',#618,#628,#338,.T.);
#799=EDGE_CURVE('',#616,#636,#339,.T.);
#800=EDGE_CURVE('',#637,#636,#340,.F.);
#801=EDGE_CURVE('',#637,#617,#341,.T.);
#802=EDGE_CURVE('',#541,#637,#342,.T.);
#803=EDGE_CURVE('',#636,#550,#343,.T.);
#804=EDGE_CURVE('',#638,#639,#344,.T.);
#805=EDGE_CURVE('',#639,#640,#345,.F.);
#806=EDGE_CURVE('',#641,#640,#346,.T.);
#807=EDGE_CURVE('',#642,#641,#347,.T.);
#808=EDGE_CURVE('',#643,#642,#348,.F.);
#809=EDGE_CURVE('',#643,#644,#349,.F.);
#810=EDGE_CURVE('',#644,#645,#350,.F.);
#811=EDGE_CURVE('',#645,#638,#351,.T.);
#812=EDGE_CURVE('',#548,#643,#352,.F.);
#813=EDGE_CURVE('',#642,#549,#353,.F.);
#814=EDGE_CURVE('',#542,#641,#354,.T.);
#815=EDGE_CURVE('',#646,#646,#530,.F.);
#816=EDGE_CURVE('',#647,#647,#531,.F.);
#817=EDGE_CURVE('',#640,#543,#355,.T.);
#818=EDGE_CURVE('',#544,#639,#356,.F.);
#819=EDGE_CURVE('',#545,#638,#357,.T.);
#820=EDGE_CURVE('',#648,#648,#532,.F.);
#821=EDGE_CURVE('',#570,#649,#358,.T.);
#822=EDGE_CURVE('',#649,#649,#533,.F.);
#823=EDGE_CURVE('',#569,#648,#359,.T.);
#824=EDGE_CURVE('',#620,#647,#360,.T.);
#825=EDGE_CURVE('',#621,#646,#361,.T.);
#826=EDGE_CURVE('',#547,#644,#362,.T.);
#827=EDGE_CURVE('',#546,#645,#363,.F.);
#828=ORIENTED_EDGE('',*,*,#650,.T.);
#829=ORIENTED_EDGE('',*,*,#651,.T.);
#830=ORIENTED_EDGE('',*,*,#652,.T.);
#831=ORIENTED_EDGE('',*,*,#653,.F.);
#832=ORIENTED_EDGE('',*,*,#651,.F.);
#833=ORIENTED_EDGE('',*,*,#654,.F.);
#834=ORIENTED_EDGE('',*,*,#655,.F.);
#835=ORIENTED_EDGE('',*,*,#656,.F.);
#836=ORIENTED_EDGE('',*,*,#657,.F.);
#837=ORIENTED_EDGE('',*,*,#658,.F.);
#838=ORIENTED_EDGE('',*,*,#659,.F.);
#839=ORIENTED_EDGE('',*,*,#660,.F.);
#840=ORIENTED_EDGE('',*,*,#661,.F.);
#841=ORIENTED_EDGE('',*,*,#662,.F.);
#842=ORIENTED_EDGE('',*,*,#663,.F.);
#843=ORIENTED_EDGE('',*,*,#664,.F.);
#844=ORIENTED_EDGE('',*,*,#665,.F.);
#845=ORIENTED_EDGE('',*,*,#666,.F.);
#846=ORIENTED_EDGE('',*,*,#667,.F.);
#847=ORIENTED_EDGE('',*,*,#668,.F.);
#848=ORIENTED_EDGE('',*,*,#669,.F.);
#849=ORIENTED_EDGE('',*,*,#670,.F.);
#850=ORIENTED_EDGE('',*,*,#671,.F.);
#851=ORIENTED_EDGE('',*,*,#672,.F.);
#852=ORIENTED_EDGE('',*,*,#673,.F.);
#853=ORIENTED_EDGE('',*,*,#674,.F.);
#854=ORIENTED_EDGE('',*,*,#675,.F.);
#855=ORIENTED_EDGE('',*,*,#676,.F.);
#856=ORIENTED_EDGE('',*,*,#677,.F.);
#857=ORIENTED_EDGE('',*,*,#678,.F.);
#858=ORIENTED_EDGE('',*,*,#679,.F.);
#859=ORIENTED_EDGE('',*,*,#680,.F.);
#860=ORIENTED_EDGE('',*,*,#650,.F.);
#861=ORIENTED_EDGE('',*,*,#681,.F.);
#862=ORIENTED_EDGE('',*,*,#682,.F.);
#863=ORIENTED_EDGE('',*,*,#683,.F.);
#864=ORIENTED_EDGE('',*,*,#684,.F.);
#865=ORIENTED_EDGE('',*,*,#654,.T.);
#866=ORIENTED_EDGE('',*,*,#685,.F.);
#867=ORIENTED_EDGE('',*,*,#686,.F.);
#868=ORIENTED_EDGE('',*,*,#687,.F.);
#869=ORIENTED_EDGE('',*,*,#688,.F.);
#870=ORIENTED_EDGE('',*,*,#689,.T.);
#871=ORIENTED_EDGE('',*,*,#655,.T.);
#872=ORIENTED_EDGE('',*,*,#684,.T.);
#873=ORIENTED_EDGE('',*,*,#690,.F.);
#874=ORIENTED_EDGE('',*,*,#691,.T.);
#875=ORIENTED_EDGE('',*,*,#692,.T.);
#876=ORIENTED_EDGE('',*,*,#693,.T.);
#877=ORIENTED_EDGE('',*,*,#694,.T.);
#878=ORIENTED_EDGE('',*,*,#695,.T.);
#879=ORIENTED_EDGE('',*,*,#696,.T.);
#880=ORIENTED_EDGE('',*,*,#693,.F.);
#881=ORIENTED_EDGE('',*,*,#697,.T.);
#882=ORIENTED_EDGE('',*,*,#698,.T.);
#883=ORIENTED_EDGE('',*,*,#699,.T.);
#884=ORIENTED_EDGE('',*,*,#695,.F.);
#885=ORIENTED_EDGE('',*,*,#700,.T.);
#886=ORIENTED_EDGE('',*,*,#701,.T.);
#887=ORIENTED_EDGE('',*,*,#702,.T.);
#888=ORIENTED_EDGE('',*,*,#698,.F.);
#889=ORIENTED_EDGE('',*,*,#703,.T.);
#890=ORIENTED_EDGE('',*,*,#704,.T.);
#891=ORIENTED_EDGE('',*,*,#705,.T.);
#892=ORIENTED_EDGE('',*,*,#701,.F.);
#893=ORIENTED_EDGE('',*,*,#706,.T.);
#894=ORIENTED_EDGE('',*,*,#707,.T.);
#895=ORIENTED_EDGE('',*,*,#708,.T.);
#896=ORIENTED_EDGE('',*,*,#704,.F.);
#897=ORIENTED_EDGE('',*,*,#709,.T.);
#898=ORIENTED_EDGE('',*,*,#710,.T.);
#899=ORIENTED_EDGE('',*,*,#711,.T.);
#900=ORIENTED_EDGE('',*,*,#707,.F.);
#901=ORIENTED_EDGE('',*,*,#712,.T.);
#902=ORIENTED_EDGE('',*,*,#691,.F.);
#903=ORIENTED_EDGE('',*,*,#713,.T.);
#904=ORIENTED_EDGE('',*,*,#710,.F.);
#905=ORIENTED_EDGE('',*,*,#714,.T.);
#906=ORIENTED_EDGE('',*,*,#703,.F.);
#907=ORIENTED_EDGE('',*,*,#715,.F.);
#908=ORIENTED_EDGE('',*,*,#716,.T.);
#909=ORIENTED_EDGE('',*,*,#717,.T.);
#910=ORIENTED_EDGE('',*,*,#700,.F.);
#911=ORIENTED_EDGE('',*,*,#718,.F.);
#912=ORIENTED_EDGE('',*,*,#719,.T.);
#913=ORIENTED_EDGE('',*,*,#715,.T.);
#914=ORIENTED_EDGE('',*,*,#697,.F.);
#915=ORIENTED_EDGE('',*,*,#720,.F.);
#916=ORIENTED_EDGE('',*,*,#721,.T.);
#917=ORIENTED_EDGE('',*,*,#718,.T.);
#918=ORIENTED_EDGE('',*,*,#692,.F.);
#919=ORIENTED_EDGE('',*,*,#722,.F.);
#920=ORIENTED_EDGE('',*,*,#723,.T.);
#921=ORIENTED_EDGE('',*,*,#720,.T.);
#922=ORIENTED_EDGE('',*,*,#694,.F.);
#923=ORIENTED_EDGE('',*,*,#696,.F.);
#924=ORIENTED_EDGE('',*,*,#699,.F.);
#925=ORIENTED_EDGE('',*,*,#702,.F.);
#926=ORIENTED_EDGE('',*,*,#705,.F.);
#927=ORIENTED_EDGE('',*,*,#708,.F.);
#928=ORIENTED_EDGE('',*,*,#711,.F.);
#929=ORIENTED_EDGE('',*,*,#713,.F.);
#930=ORIENTED_EDGE('',*,*,#724,.F.);
#931=ORIENTED_EDGE('',*,*,#725,.F.);
#932=ORIENTED_EDGE('',*,*,#726,.F.);
#933=ORIENTED_EDGE('',*,*,#727,.F.);
#934=ORIENTED_EDGE('',*,*,#728,.T.);
#935=ORIENTED_EDGE('',*,*,#729,.T.);
#936=ORIENTED_EDGE('',*,*,#730,.T.);
#937=ORIENTED_EDGE('',*,*,#731,.T.);
#938=ORIENTED_EDGE('',*,*,#682,.T.);
#939=ORIENTED_EDGE('',*,*,#732,.T.);
#940=ORIENTED_EDGE('',*,*,#733,.T.);
#941=ORIENTED_EDGE('',*,*,#726,.T.);
#942=ORIENTED_EDGE('',*,*,#734,.T.);
#943=ORIENTED_EDGE('',*,*,#735,.T.);
#944=ORIENTED_EDGE('',*,*,#736,.T.);
#945=ORIENTED_EDGE('',*,*,#737,.T.);
#946=ORIENTED_EDGE('',*,*,#738,.T.);
#947=ORIENTED_EDGE('',*,*,#724,.T.);
#948=ORIENTED_EDGE('',*,*,#739,.T.);
#949=ORIENTED_EDGE('',*,*,#740,.T.);
#950=ORIENTED_EDGE('',*,*,#725,.T.);
#951=ORIENTED_EDGE('',*,*,#738,.F.);
#952=ORIENTED_EDGE('',*,*,#741,.F.);
#953=ORIENTED_EDGE('',*,*,#734,.F.);
#954=ORIENTED_EDGE('',*,*,#742,.F.);
#955=ORIENTED_EDGE('',*,*,#739,.F.);
#956=ORIENTED_EDGE('',*,*,#727,.T.);
#957=ORIENTED_EDGE('',*,*,#733,.F.);
#958=ORIENTED_EDGE('',*,*,#741,.T.);
#959=ORIENTED_EDGE('',*,*,#737,.F.);
#960=ORIENTED_EDGE('',*,*,#743,.T.);
#961=ORIENTED_EDGE('',*,*,#690,.T.);
#962=ORIENTED_EDGE('',*,*,#683,.T.);
#963=ORIENTED_EDGE('',*,*,#735,.F.);
#964=ORIENTED_EDGE('',*,*,#742,.T.);
#965=ORIENTED_EDGE('',*,*,#732,.F.);
#966=ORIENTED_EDGE('',*,*,#681,.T.);
#967=ORIENTED_EDGE('',*,*,#653,.T.);
#968=ORIENTED_EDGE('',*,*,#744,.T.);
#969=ORIENTED_EDGE('',*,*,#740,.F.);
#970=ORIENTED_EDGE('',*,*,#679,.T.);
#971=ORIENTED_EDGE('',*,*,#745,.F.);
#972=ORIENTED_EDGE('',*,*,#746,.F.);
#973=ORIENTED_EDGE('',*,*,#747,.T.);
#974=ORIENTED_EDGE('',*,*,#677,.T.);
#975=ORIENTED_EDGE('',*,*,#748,.T.);
#976=ORIENTED_EDGE('',*,*,#749,.T.);
#977=ORIENTED_EDGE('',*,*,#750,.T.);
#978=ORIENTED_EDGE('',*,*,#676,.T.);
#979=ORIENTED_EDGE('',*,*,#751,.T.);
#980=ORIENTED_EDGE('',*,*,#752,.F.);
#981=ORIENTED_EDGE('',*,*,#748,.F.);
#982=ORIENTED_EDGE('',*,*,#753,.T.);
#983=ORIENTED_EDGE('',*,*,#675,.T.);
#984=ORIENTED_EDGE('',*,*,#754,.T.);
#985=ORIENTED_EDGE('',*,*,#755,.F.);
#986=ORIENTED_EDGE('',*,*,#751,.F.);
#987=ORIENTED_EDGE('',*,*,#674,.T.);
#988=ORIENTED_EDGE('',*,*,#756,.T.);
#989=ORIENTED_EDGE('',*,*,#757,.F.);
#990=ORIENTED_EDGE('',*,*,#754,.F.);
#991=ORIENTED_EDGE('',*,*,#652,.F.);
#992=ORIENTED_EDGE('',*,*,#680,.T.);
#993=ORIENTED_EDGE('',*,*,#747,.F.);
#994=ORIENTED_EDGE('',*,*,#758,.T.);
#995=ORIENTED_EDGE('',*,*,#759,.T.);
#996=ORIENTED_EDGE('',*,*,#668,.T.);
#997=ORIENTED_EDGE('',*,*,#760,.F.);
#998=ORIENTED_EDGE('',*,*,#761,.T.);
#999=ORIENTED_EDGE('',*,*,#762,.T.);
#1000=ORIENTED_EDGE('',*,*,#656,.T.);
#1001=ORIENTED_EDGE('',*,*,#689,.F.);
#1002=ORIENTED_EDGE('',*,*,#743,.F.);
#1003=ORIENTED_EDGE('',*,*,#736,.F.);
#1004=ORIENTED_EDGE('',*,*,#744,.F.);
#1005=ORIENTED_EDGE('',*,*,#763,.F.);
#1006=ORIENTED_EDGE('',*,*,#764,.F.);
#1007=ORIENTED_EDGE('',*,*,#765,.F.);
#1008=ORIENTED_EDGE('',*,*,#766,.F.);
#1009=ORIENTED_EDGE('',*,*,#673,.T.);
#1010=ORIENTED_EDGE('',*,*,#767,.T.);
#1011=ORIENTED_EDGE('',*,*,#768,.F.);
#1012=ORIENTED_EDGE('',*,*,#756,.F.);
#1013=ORIENTED_EDGE('',*,*,#672,.T.);
#1014=ORIENTED_EDGE('',*,*,#769,.F.);
#1015=ORIENTED_EDGE('',*,*,#770,.F.);
#1016=ORIENTED_EDGE('',*,*,#767,.F.);
#1017=ORIENTED_EDGE('',*,*,#771,.T.);
#1018=ORIENTED_EDGE('',*,*,#678,.T.);
#1019=ORIENTED_EDGE('',*,*,#750,.F.);
#1020=ORIENTED_EDGE('',*,*,#772,.T.);
#1021=ORIENTED_EDGE('',*,*,#773,.F.);
#1022=ORIENTED_EDGE('',*,*,#670,.T.);
#1023=ORIENTED_EDGE('',*,*,#774,.T.);
#1024=ORIENTED_EDGE('',*,*,#775,.T.);
#1025=ORIENTED_EDGE('',*,*,#745,.T.);
#1026=ORIENTED_EDGE('',*,*,#776,.T.);
#1027=ORIENTED_EDGE('',*,*,#777,.T.);
#1028=ORIENTED_EDGE('',*,*,#671,.T.);
#1029=ORIENTED_EDGE('',*,*,#773,.T.);
#1030=ORIENTED_EDGE('',*,*,#778,.T.);
#1031=ORIENTED_EDGE('',*,*,#769,.T.);
#1032=ORIENTED_EDGE('',*,*,#731,.F.);
#1033=ORIENTED_EDGE('',*,*,#779,.T.);
#1034=ORIENTED_EDGE('',*,*,#780,.T.);
#1035=ORIENTED_EDGE('',*,*,#779,.F.);
#1036=ORIENTED_EDGE('',*,*,#730,.F.);
#1037=ORIENTED_EDGE('',*,*,#781,.T.);
#1038=ORIENTED_EDGE('',*,*,#782,.T.);
#1039=ORIENTED_EDGE('',*,*,#781,.F.);
#1040=ORIENTED_EDGE('',*,*,#729,.F.);
#1041=ORIENTED_EDGE('',*,*,#783,.T.);
#1042=ORIENTED_EDGE('',*,*,#784,.T.);
#1043=ORIENTED_EDGE('',*,*,#783,.F.);
#1044=ORIENTED_EDGE('',*,*,#728,.F.);
#1045=ORIENTED_EDGE('',*,*,#785,.T.);
#1046=ORIENTED_EDGE('',*,*,#786,.T.);
#1047=ORIENTED_EDGE('',*,*,#785,.F.);
#1048=ORIENTED_EDGE('',*,*,#709,.F.);
#1049=ORIENTED_EDGE('',*,*,#787,.F.);
#1050=ORIENTED_EDGE('',*,*,#788,.T.);
#1051=ORIENTED_EDGE('',*,*,#789,.T.);
#1052=ORIENTED_EDGE('',*,*,#706,.F.);
#1053=ORIENTED_EDGE('',*,*,#717,.F.);
#1054=ORIENTED_EDGE('',*,*,#790,.T.);
#1055=ORIENTED_EDGE('',*,*,#787,.T.);
#1056=ORIENTED_EDGE('',*,*,#714,.F.);
#1057=ORIENTED_EDGE('',*,*,#791,.F.);
#1058=ORIENTED_EDGE('',*,*,#792,.T.);
#1059=ORIENTED_EDGE('',*,*,#722,.T.);
#1060=ORIENTED_EDGE('',*,*,#712,.F.);
#1061=ORIENTED_EDGE('',*,*,#789,.F.);
#1062=ORIENTED_EDGE('',*,*,#793,.T.);
#1063=ORIENTED_EDGE('',*,*,#791,.T.);
#1064=ORIENTED_EDGE('',*,*,#758,.F.);
#1065=ORIENTED_EDGE('',*,*,#746,.T.);
#1066=ORIENTED_EDGE('',*,*,#775,.F.);
#1067=ORIENTED_EDGE('',*,*,#794,.T.);
#1068=ORIENTED_EDGE('',*,*,#669,.T.);
#1069=ORIENTED_EDGE('',*,*,#759,.F.);
#1070=ORIENTED_EDGE('',*,*,#794,.F.);
#1071=ORIENTED_EDGE('',*,*,#774,.F.);
#1072=ORIENTED_EDGE('',*,*,#768,.T.);
#1073=ORIENTED_EDGE('',*,*,#770,.T.);
#1074=ORIENTED_EDGE('',*,*,#778,.F.);
#1075=ORIENTED_EDGE('',*,*,#772,.F.);
#1076=ORIENTED_EDGE('',*,*,#749,.F.);
#1077=ORIENTED_EDGE('',*,*,#752,.T.);
#1078=ORIENTED_EDGE('',*,*,#755,.T.);
#1079=ORIENTED_EDGE('',*,*,#757,.T.);
#1080=ORIENTED_EDGE('',*,*,#685,.T.);
#1081=ORIENTED_EDGE('',*,*,#795,.T.);
#1082=ORIENTED_EDGE('',*,*,#753,.F.);
#1083=ORIENTED_EDGE('',*,*,#795,.F.);
#1084=ORIENTED_EDGE('',*,*,#686,.T.);
#1085=ORIENTED_EDGE('',*,*,#796,.T.);
#1086=ORIENTED_EDGE('',*,*,#771,.F.);
#1087=ORIENTED_EDGE('',*,*,#796,.F.);
#1088=ORIENTED_EDGE('',*,*,#764,.T.);
#1089=ORIENTED_EDGE('',*,*,#797,.T.);
#1090=ORIENTED_EDGE('',*,*,#776,.F.);
#1091=ORIENTED_EDGE('',*,*,#797,.F.);
#1092=ORIENTED_EDGE('',*,*,#763,.T.);
#1093=ORIENTED_EDGE('',*,*,#798,.T.);
#1094=ORIENTED_EDGE('',*,*,#777,.F.);
#1095=ORIENTED_EDGE('',*,*,#798,.F.);
#1096=ORIENTED_EDGE('',*,*,#761,.F.);
#1097=ORIENTED_EDGE('',*,*,#799,.T.);
#1098=ORIENTED_EDGE('',*,*,#800,.F.);
#1099=ORIENTED_EDGE('',*,*,#801,.T.);
#1100=ORIENTED_EDGE('',*,*,#657,.T.);
#1101=ORIENTED_EDGE('',*,*,#762,.F.);
#1102=ORIENTED_EDGE('',*,*,#801,.F.);
#1103=ORIENTED_EDGE('',*,*,#802,.F.);
#1104=ORIENTED_EDGE('',*,*,#667,.T.);
#1105=ORIENTED_EDGE('',*,*,#803,.F.);
#1106=ORIENTED_EDGE('',*,*,#799,.F.);
#1107=ORIENTED_EDGE('',*,*,#760,.T.);
#1108=ORIENTED_EDGE('',*,*,#804,.T.);
#1109=ORIENTED_EDGE('',*,*,#805,.T.);
#1110=ORIENTED_EDGE('',*,*,#806,.F.);
#1111=ORIENTED_EDGE('',*,*,#807,.F.);
#1112=ORIENTED_EDGE('',*,*,#808,.F.);
#1113=ORIENTED_EDGE('',*,*,#809,.T.);
#1114=ORIENTED_EDGE('',*,*,#810,.T.);
#1115=ORIENTED_EDGE('',*,*,#811,.T.);
#1116=ORIENTED_EDGE('',*,*,#793,.F.);
#1117=ORIENTED_EDGE('',*,*,#788,.F.);
#1118=ORIENTED_EDGE('',*,*,#790,.F.);
#1119=ORIENTED_EDGE('',*,*,#716,.F.);
#1120=ORIENTED_EDGE('',*,*,#719,.F.);
#1121=ORIENTED_EDGE('',*,*,#721,.F.);
#1122=ORIENTED_EDGE('',*,*,#723,.F.);
#1123=ORIENTED_EDGE('',*,*,#792,.F.);
#1124=ORIENTED_EDGE('',*,*,#780,.F.);
#1125=ORIENTED_EDGE('',*,*,#782,.F.);
#1126=ORIENTED_EDGE('',*,*,#784,.F.);
#1127=ORIENTED_EDGE('',*,*,#786,.F.);
#1128=ORIENTED_EDGE('',*,*,#665,.T.);
#1129=ORIENTED_EDGE('',*,*,#812,.T.);
#1130=ORIENTED_EDGE('',*,*,#808,.T.);
#1131=ORIENTED_EDGE('',*,*,#813,.T.);
#1132=ORIENTED_EDGE('',*,*,#658,.T.);
#1133=ORIENTED_EDGE('',*,*,#802,.T.);
#1134=ORIENTED_EDGE('',*,*,#800,.T.);
#1135=ORIENTED_EDGE('',*,*,#803,.T.);
#1136=ORIENTED_EDGE('',*,*,#666,.T.);
#1137=ORIENTED_EDGE('',*,*,#813,.F.);
#1138=ORIENTED_EDGE('',*,*,#807,.T.);
#1139=ORIENTED_EDGE('',*,*,#814,.F.);
#1140=ORIENTED_EDGE('',*,*,#815,.T.);
#1141=ORIENTED_EDGE('',*,*,#816,.T.);
#1142=ORIENTED_EDGE('',*,*,#659,.T.);
#1143=ORIENTED_EDGE('',*,*,#814,.T.);
#1144=ORIENTED_EDGE('',*,*,#806,.T.);
#1145=ORIENTED_EDGE('',*,*,#817,.T.);
#1146=ORIENTED_EDGE('',*,*,#661,.T.);
#1147=ORIENTED_EDGE('',*,*,#818,.T.);
#1148=ORIENTED_EDGE('',*,*,#804,.F.);
#1149=ORIENTED_EDGE('',*,*,#819,.F.);
#1150=ORIENTED_EDGE('',*,*,#660,.T.);
#1151=ORIENTED_EDGE('',*,*,#817,.F.);
#1152=ORIENTED_EDGE('',*,*,#805,.F.);
#1153=ORIENTED_EDGE('',*,*,#818,.F.);
#1154=ORIENTED_EDGE('',*,*,#820,.T.);
#1155=ORIENTED_EDGE('',*,*,#688,.T.);
#1156=ORIENTED_EDGE('',*,*,#821,.T.);
#1157=ORIENTED_EDGE('',*,*,#822,.F.);
#1158=ORIENTED_EDGE('',*,*,#821,.F.);
#1159=ORIENTED_EDGE('',*,*,#687,.T.);
#1160=ORIENTED_EDGE('',*,*,#823,.T.);
#1161=ORIENTED_EDGE('',*,*,#820,.F.);
#1162=ORIENTED_EDGE('',*,*,#823,.F.);
#1163=ORIENTED_EDGE('',*,*,#765,.T.);
#1164=ORIENTED_EDGE('',*,*,#824,.T.);
#1165=ORIENTED_EDGE('',*,*,#816,.F.);
#1166=ORIENTED_EDGE('',*,*,#824,.F.);
#1167=ORIENTED_EDGE('',*,*,#766,.T.);
#1168=ORIENTED_EDGE('',*,*,#825,.T.);
#1169=ORIENTED_EDGE('',*,*,#815,.F.);
#1170=ORIENTED_EDGE('',*,*,#825,.F.);
#1171=ORIENTED_EDGE('',*,*,#664,.T.);
#1172=ORIENTED_EDGE('',*,*,#826,.T.);
#1173=ORIENTED_EDGE('',*,*,#809,.F.);
#1174=ORIENTED_EDGE('',*,*,#812,.F.);
#1175=ORIENTED_EDGE('',*,*,#822,.T.);
#1176=ORIENTED_EDGE('',*,*,#663,.T.);
#1177=ORIENTED_EDGE('',*,*,#827,.T.);
#1178=ORIENTED_EDGE('',*,*,#810,.F.);
#1179=ORIENTED_EDGE('',*,*,#826,.F.);
#1180=ORIENTED_EDGE('',*,*,#662,.T.);
#1181=ORIENTED_EDGE('',*,*,#819,.T.);
#1182=ORIENTED_EDGE('',*,*,#811,.F.);
#1183=ORIENTED_EDGE('',*,*,#827,.F.);
#1184=CYLINDRICAL_SURFACE('',#1289,0.75);
#1185=CYLINDRICAL_SURFACE('',#1299,0.750000000000002);
#1186=CYLINDRICAL_SURFACE('',#1301,1.);
#1187=CYLINDRICAL_SURFACE('',#1308,1.);
#1188=CYLINDRICAL_SURFACE('',#1314,1.);
#1189=CYLINDRICAL_SURFACE('',#1320,1.);
#1190=CYLINDRICAL_SURFACE('',#1325,5.);
#1191=CYLINDRICAL_SURFACE('',#1328,5.00000000000001);
#1192=CYLINDRICAL_SURFACE('',#1336,1.);
#1193=CYLINDRICAL_SURFACE('',#1341,1.);
#1194=CYLINDRICAL_SURFACE('',#1346,1.);
#1195=CYLINDRICAL_SURFACE('',#1347,1.);
#1196=CYLINDRICAL_SURFACE('',#1368,2.1);
#1197=CYLINDRICAL_SURFACE('',#1370,2.1);
#1198=CYLINDRICAL_SURFACE('',#1372,2.1);
#1199=CYLINDRICAL_SURFACE('',#1374,2.1);
#1200=CYLINDRICAL_SURFACE('',#1376,4.99999999999999);
#1201=CYLINDRICAL_SURFACE('',#1379,5.);
#1202=CYLINDRICAL_SURFACE('',#1385,1.35);
#1203=CYLINDRICAL_SURFACE('',#1386,1.35);
#1204=CYLINDRICAL_SURFACE('',#1387,1.35);
#1205=CYLINDRICAL_SURFACE('',#1388,1.35);
#1206=CYLINDRICAL_SURFACE('',#1402,1.35);
#1207=CYLINDRICAL_SURFACE('',#1404,1.35);
#1208=CYLINDRICAL_SURFACE('',#1405,1.35);
#1209=CYLINDRICAL_SURFACE('',#1406,1.35);
#1210=ADVANCED_FACE('',(#87),#1184,.T.);
#1211=ADVANCED_FACE('',(#88),#52,.F.);
#1212=ADVANCED_FACE('',(#89,#27,#28,#29,#30),#53,.F.);
#1213=ADVANCED_FACE('',(#90),#1185,.T.);
#1214=ADVANCED_FACE('',(#91),#1186,.T.);
#1215=ADVANCED_FACE('',(#92),#23,.T.);
#1216=ADVANCED_FACE('',(#93),#1187,.T.);
#1217=ADVANCED_FACE('',(#94),#24,.T.);
#1218=ADVANCED_FACE('',(#95),#1188,.T.);
#1219=ADVANCED_FACE('',(#96),#25,.T.);
#1220=ADVANCED_FACE('',(#97),#1189,.T.);
#1221=ADVANCED_FACE('',(#98),#26,.T.);
#1222=ADVANCED_FACE('',(#99),#1190,.T.);
#1223=ADVANCED_FACE('',(#100),#54,.T.);
#1224=ADVANCED_FACE('',(#101),#1191,.T.);
#1225=ADVANCED_FACE('',(#102),#55,.T.);
#1226=ADVANCED_FACE('',(#103,#31,#32,#33,#34,#35),#56,.T.);
#1227=ADVANCED_FACE('',(#104),#1192,.F.);
#1228=ADVANCED_FACE('',(#105),#1193,.F.);
#1229=ADVANCED_FACE('',(#106),#1194,.F.);
#1230=ADVANCED_FACE('',(#107),#1195,.F.);
#1231=ADVANCED_FACE('',(#108),#57,.T.);
#1232=ADVANCED_FACE('',(#109),#58,.T.);
#1233=ADVANCED_FACE('',(#110),#59,.T.);
#1234=ADVANCED_FACE('',(#111),#60,.F.);
#1235=ADVANCED_FACE('',(#112,#36),#61,.T.);
#1236=ADVANCED_FACE('',(#113),#62,.T.);
#1237=ADVANCED_FACE('',(#114),#63,.T.);
#1238=ADVANCED_FACE('',(#115,#37,#38,#39,#40),#64,.F.);
#1239=ADVANCED_FACE('',(#116),#65,.T.);
#1240=ADVANCED_FACE('',(#117,#41),#66,.T.);
#1241=ADVANCED_FACE('',(#118,#42,#43),#67,.T.);
#1242=ADVANCED_FACE('',(#119),#68,.F.);
#1243=ADVANCED_FACE('',(#120),#1196,.F.);
#1244=ADVANCED_FACE('',(#121),#1197,.F.);
#1245=ADVANCED_FACE('',(#122),#1198,.F.);
#1246=ADVANCED_FACE('',(#123),#1199,.F.);
#1247=ADVANCED_FACE('',(#124),#1200,.T.);
#1248=ADVANCED_FACE('',(#125),#69,.T.);
#1249=ADVANCED_FACE('',(#126),#1201,.T.);
#1250=ADVANCED_FACE('',(#127),#70,.T.);
#1251=ADVANCED_FACE('',(#128),#71,.F.);
#1252=ADVANCED_FACE('',(#129),#72,.T.);
#1253=ADVANCED_FACE('',(#130),#73,.F.);
#1254=ADVANCED_FACE('',(#131),#1202,.F.);
#1255=ADVANCED_FACE('',(#132),#1203,.F.);
#1256=ADVANCED_FACE('',(#133),#1204,.F.);
#1257=ADVANCED_FACE('',(#134),#1205,.F.);
#1258=ADVANCED_FACE('',(#135),#74,.F.);
#1259=ADVANCED_FACE('',(#136),#75,.T.);
#1260=ADVANCED_FACE('',(#137),#76,.T.);
#1261=ADVANCED_FACE('',(#138),#77,.F.);
#1262=ADVANCED_FACE('',(#139,#44,#45,#46,#47),#78,.T.);
#1263=ADVANCED_FACE('',(#140),#79,.F.);
#1264=ADVANCED_FACE('',(#141,#48,#49),#80,.T.);
#1265=ADVANCED_FACE('',(#142),#81,.T.);
#1266=ADVANCED_FACE('',(#143),#82,.T.);
#1267=ADVANCED_FACE('',(#144,#50),#83,.T.);
#1268=ADVANCED_FACE('',(#145),#1206,.F.);
#1269=ADVANCED_FACE('',(#146),#1207,.F.);
#1270=ADVANCED_FACE('',(#147),#1208,.F.);
#1271=ADVANCED_FACE('',(#148),#1209,.F.);
#1272=ADVANCED_FACE('',(#149,#51),#84,.T.);
#1273=ADVANCED_FACE('',(#150),#85,.T.);
#1274=ADVANCED_FACE('',(#151),#86,.T.);
#1275=CLOSED_SHELL('',(#1210,#1211,#1212,#1213,#1214,#1215,#1216,#1217,
#1218,#1219,#1220,#1221,#1222,#1223,#1224,#1225,#1226,#1227,#1228,#1229,
#1230,#1231,#1232,#1233,#1234,#1235,#1236,#1237,#1238,#1239,#1240,#1241,
#1242,#1243,#1244,#1245,#1246,#1247,#1248,#1249,#1250,#1251,#1252,#1253,
#1254,#1255,#1256,#1257,#1258,#1259,#1260,#1261,#1262,#1263,#1264,#1265,
#1266,#1267,#1268,#1269,#1270,#1271,#1272,#1273,#1274));
#1276=DERIVED_UNIT_ELEMENT(#1278,1.);
#1277=DERIVED_UNIT_ELEMENT(#2141,-3.);
#1278=(
MASS_UNIT()
NAMED_UNIT(*)
SI_UNIT(.KILO.,.GRAM.)
);
#1279=DERIVED_UNIT((#1276,#1277));
#1280=MEASURE_REPRESENTATION_ITEM('density measure',
POSITIVE_RATIO_MEASURE(7850.),#1279);
#1281=PROPERTY_DEFINITION_REPRESENTATION(#1286,#1283);
#1282=PROPERTY_DEFINITION_REPRESENTATION(#1287,#1284);
#1283=REPRESENTATION('material name',(#1285),#2138);
#1284=REPRESENTATION('density',(#1280),#2138);
#1285=DESCRIPTIVE_REPRESENTATION_ITEM('\X2\AC15CCA0\X0\','\X2\AC15CCA0\X0\');
#1286=PROPERTY_DEFINITION('material property','material name',#2148);
#1287=PROPERTY_DEFINITION('material property','density of part',#2148);
#1288=AXIS2_PLACEMENT_3D('',#1776,#1410,#1411);
#1289=AXIS2_PLACEMENT_3D('',#1777,#1412,#1413);
#1290=AXIS2_PLACEMENT_3D('',#1780,#1414,#1415);
#1291=AXIS2_PLACEMENT_3D('',#1784,#1417,#1418);
#1292=AXIS2_PLACEMENT_3D('',#1786,#1420,#1421);
#1293=AXIS2_PLACEMENT_3D('',#1840,#1449,#1450);
#1294=AXIS2_PLACEMENT_3D('',#1847,#1454,#1455);
#1295=AXIS2_PLACEMENT_3D('',#1849,#1456,#1457);
#1296=AXIS2_PLACEMENT_3D('',#1851,#1458,#1459);
#1297=AXIS2_PLACEMENT_3D('',#1853,#1460,#1461);
#1298=AXIS2_PLACEMENT_3D('',#1855,#1462,#1463);
#1299=AXIS2_PLACEMENT_3D('',#1856,#1464,#1465);
#1300=AXIS2_PLACEMENT_3D('',#1858,#1466,#1467);
#1301=AXIS2_PLACEMENT_3D('',#1860,#1469,#1470);
#1302=AXIS2_PLACEMENT_3D('',#1863,#1471,#1472);
#1303=AXIS2_PLACEMENT_3D('',#1867,#1474,#1475);
#1304=AXIS2_PLACEMENT_3D('',#1869,#1477,#1478);
#1305=AXIS2_PLACEMENT_3D('',#1872,#1479,#1480);
#1306=AXIS2_PLACEMENT_3D('',#1873,#1481,#1482);
#1307=AXIS2_PLACEMENT_3D('',#1874,#1483,#1484);
#1308=AXIS2_PLACEMENT_3D('',#1875,#1485,#1486);
#1309=AXIS2_PLACEMENT_3D('',#1878,#1487,#1488);
#1310=AXIS2_PLACEMENT_3D('',#1881,#1491,#1492);
#1311=AXIS2_PLACEMENT_3D('',#1884,#1493,#1494);
#1312=AXIS2_PLACEMENT_3D('',#1885,#1495,#1496);
#1313=AXIS2_PLACEMENT_3D('',#1886,#1497,#1498);
#1314=AXIS2_PLACEMENT_3D('',#1887,#1499,#1500);
#1315=AXIS2_PLACEMENT_3D('',#1890,#1501,#1502);
#1316=AXIS2_PLACEMENT_3D('',#1893,#1505,#1506);
#1317=AXIS2_PLACEMENT_3D('',#1896,#1507,#1508);
#1318=AXIS2_PLACEMENT_3D('',#1897,#1509,#1510);
#1319=AXIS2_PLACEMENT_3D('',#1898,#1511,#1512);
#1320=AXIS2_PLACEMENT_3D('',#1899,#1513,#1514);
#1321=AXIS2_PLACEMENT_3D('',#1902,#1515,#1516);
#1322=AXIS2_PLACEMENT_3D('',#1905,#1519,#1520);
#1323=AXIS2_PLACEMENT_3D('',#1906,#1521,#1522);
#1324=AXIS2_PLACEMENT_3D('',#1907,#1523,#1524);
#1325=AXIS2_PLACEMENT_3D('',#1908,#1525,#1526);
#1326=AXIS2_PLACEMENT_3D('',#1912,#1528,#1529);
#1327=AXIS2_PLACEMENT_3D('',#1914,#1531,#1532);
#1328=AXIS2_PLACEMENT_3D('',#1918,#1535,#1536);
#1329=AXIS2_PLACEMENT_3D('',#1921,#1538,#1539);
#1330=AXIS2_PLACEMENT_3D('',#1922,#1540,#1541);
#1331=AXIS2_PLACEMENT_3D('',#1926,#1544,#1545);
#1332=AXIS2_PLACEMENT_3D('',#1936,#1550,#1551);
#1333=AXIS2_PLACEMENT_3D('',#1938,#1552,#1553);
#1334=AXIS2_PLACEMENT_3D('',#1940,#1554,#1555);
#1335=AXIS2_PLACEMENT_3D('',#1942,#1556,#1557);
#1336=AXIS2_PLACEMENT_3D('',#1943,#1558,#1559);
#1337=AXIS2_PLACEMENT_3D('',#1945,#1560,#1561);
#1338=AXIS2_PLACEMENT_3D('',#1946,#1562,#1563);
#1339=AXIS2_PLACEMENT_3D('',#1948,#1564,#1565);
#1340=AXIS2_PLACEMENT_3D('',#1949,#1566,#1567);
#1341=AXIS2_PLACEMENT_3D('',#1950,#1568,#1569);
#1342=AXIS2_PLACEMENT_3D('',#1955,#1571,#1572);
#1343=AXIS2_PLACEMENT_3D('',#1956,#1573,#1574);
#1344=AXIS2_PLACEMENT_3D('',#1958,#1575,#1576);
#1345=AXIS2_PLACEMENT_3D('',#1959,#1577,#1578);
#1346=AXIS2_PLACEMENT_3D('',#1960,#1579,#1580);
#1347=AXIS2_PLACEMENT_3D('',#1962,#1582,#1583);
#1348=AXIS2_PLACEMENT_3D('',#1964,#1585,#1586);
#1349=AXIS2_PLACEMENT_3D('',#1966,#1588,#1589);
#1350=AXIS2_PLACEMENT_3D('',#1968,#1591,#1592);
#1351=AXIS2_PLACEMENT_3D('',#1974,#1596,#1597);
#1352=AXIS2_PLACEMENT_3D('',#1980,#1601,#1602);
#1353=AXIS2_PLACEMENT_3D('',#1985,#1605,#1606);
#1354=AXIS2_PLACEMENT_3D('',#1986,#1607,#1608);
#1355=AXIS2_PLACEMENT_3D('',#1990,#1611,#1612);
#1356=AXIS2_PLACEMENT_3D('',#1994,#1615,#1616);
#1357=AXIS2_PLACEMENT_3D('',#2004,#1622,#1623);
#1358=AXIS2_PLACEMENT_3D('',#2006,#1624,#1625);
#1359=AXIS2_PLACEMENT_3D('',#2008,#1626,#1627);
#1360=AXIS2_PLACEMENT_3D('',#2010,#1628,#1629);
#1361=AXIS2_PLACEMENT_3D('',#2011,#1630,#1631);
#1362=AXIS2_PLACEMENT_3D('',#2015,#1634,#1635);
#1363=AXIS2_PLACEMENT_3D('',#2020,#1638,#1639);
#1364=AXIS2_PLACEMENT_3D('',#2021,#1640,#1641);
#1365=AXIS2_PLACEMENT_3D('',#2029,#1646,#1647);
#1366=AXIS2_PLACEMENT_3D('',#2031,#1648,#1649);
#1367=AXIS2_PLACEMENT_3D('',#2032,#1650,#1651);
#1368=AXIS2_PLACEMENT_3D('',#2034,#1653,#1654);
#1369=AXIS2_PLACEMENT_3D('',#2037,#1656,#1657);
#1370=AXIS2_PLACEMENT_3D('',#2038,#1658,#1659);
#1371=AXIS2_PLACEMENT_3D('',#2041,#1661,#1662);
#1372=AXIS2_PLACEMENT_3D('',#2042,#1663,#1664);
#1373=AXIS2_PLACEMENT_3D('',#2045,#1666,#1667);
#1374=AXIS2_PLACEMENT_3D('',#2046,#1668,#1669);
#1375=AXIS2_PLACEMENT_3D('',#2049,#1671,#1672);
#1376=AXIS2_PLACEMENT_3D('',#2050,#1673,#1674);
#1377=AXIS2_PLACEMENT_3D('',#2054,#1676,#1677);
#1378=AXIS2_PLACEMENT_3D('',#2056,#1679,#1680);
#1379=AXIS2_PLACEMENT_3D('',#2058,#1682,#1683);
#1380=AXIS2_PLACEMENT_3D('',#2061,#1685,#1686);
#1381=AXIS2_PLACEMENT_3D('',#2062,#1687,#1688);
#1382=AXIS2_PLACEMENT_3D('',#2064,#1690,#1691);
#1383=AXIS2_PLACEMENT_3D('',#2066,#1693,#1694);
#1384=AXIS2_PLACEMENT_3D('',#2067,#1695,#1696);
#1385=AXIS2_PLACEMENT_3D('',#2068,#1697,#1698);
#1386=AXIS2_PLACEMENT_3D('',#2070,#1700,#1701);
#1387=AXIS2_PLACEMENT_3D('',#2072,#1703,#1704);
#1388=AXIS2_PLACEMENT_3D('',#2074,#1706,#1707);
#1389=AXIS2_PLACEMENT_3D('',#2076,#1709,#1710);
#1390=AXIS2_PLACEMENT_3D('',#2082,#1714,#1715);
#1391=AXIS2_PLACEMENT_3D('',#2084,#1717,#1718);
#1392=AXIS2_PLACEMENT_3D('',#2086,#1720,#1721);
#1393=AXIS2_PLACEMENT_3D('',#2103,#1730,#1731);
#1394=AXIS2_PLACEMENT_3D('',#2104,#1732,#1733);
#1395=AXIS2_PLACEMENT_3D('',#2107,#1736,#1737);
#1396=AXIS2_PLACEMENT_3D('',#2110,#1739,#1740);
#1397=AXIS2_PLACEMENT_3D('',#2112,#1741,#1742);
#1398=AXIS2_PLACEMENT_3D('',#2113,#1743,#1744);
#1399=AXIS2_PLACEMENT_3D('',#2115,#1746,#1747);
#1400=AXIS2_PLACEMENT_3D('',#2118,#1750,#1751);
#1401=AXIS2_PLACEMENT_3D('',#2120,#1752,#1753);
#1402=AXIS2_PLACEMENT_3D('',#2121,#1754,#1755);
#1403=AXIS2_PLACEMENT_3D('',#2124,#1757,#1758);
#1404=AXIS2_PLACEMENT_3D('',#2125,#1759,#1760);
#1405=AXIS2_PLACEMENT_3D('',#2127,#1762,#1763);
#1406=AXIS2_PLACEMENT_3D('',#2129,#1765,#1766);
#1407=AXIS2_PLACEMENT_3D('',#2131,#1768,#1769);
#1408=AXIS2_PLACEMENT_3D('',#2133,#1771,#1772);
#1409=AXIS2_PLACEMENT_3D('',#2135,#1774,#1775);
#1410=DIRECTION('axis',(0.,0.,1.));
#1411=DIRECTION('refdir',(1.,0.,0.));
#1412=DIRECTION('center_axis',(1.,0.,0.));
#1413=DIRECTION('ref_axis',(0.,-0.333867036030989,0.942620179208934));
#1414=DIRECTION('center_axis',(1.,-1.21511106628737E-31,-1.43254583822601E-16));
#1415=DIRECTION('ref_axis',(0.,-0.333867036030989,0.942620179208934));
#1416=DIRECTION('',(1.,0.,0.));
#1417=DIRECTION('center_axis',(-1.,4.55666649857763E-32,5.37204689334755E-17));
#1418=DIRECTION('ref_axis',(0.,-0.333867036030989,0.942620179208934));
#1419=DIRECTION('',(1.,0.,0.));
#1420=DIRECTION('center_axis',(0.,1.,0.));
#1421=DIRECTION('ref_axis',(0.,0.,1.));
#1422=DIRECTION('',(1.43254583822601E-16,0.,1.));
#1423=DIRECTION('',(-1.,0.,2.86578375724827E-30));
#1424=DIRECTION('',(-5.37204689334755E-17,0.,-1.));
#1425=DIRECTION('',(1.,0.,0.));
#1426=DIRECTION('',(0.,0.,1.));
#1427=DIRECTION('',(1.,0.,-3.69778549322349E-32));
#1428=DIRECTION('',(0.,0.,-1.));
#1429=DIRECTION('',(1.,0.,0.));
#1430=DIRECTION('',(0.,0.,-1.));
#1431=DIRECTION('',(-1.,0.,0.));
#1432=DIRECTION('',(0.,0.,-1.));
#1433=DIRECTION('',(-1.,0.,2.82880590231603E-30));
#1434=DIRECTION('',(0.,0.,1.));
#1435=DIRECTION('',(-1.,0.,0.));
#1436=DIRECTION('',(-5.37204689334755E-17,0.,-1.));
#1437=DIRECTION('',(1.,0.,0.));
#1438=DIRECTION('',(0.,0.,1.));
#1439=DIRECTION('',(1.,0.,0.));
#1440=DIRECTION('',(0.,0.,-1.));
#1441=DIRECTION('',(1.,0.,0.));
#1442=DIRECTION('',(0.,0.,-1.));
#1443=DIRECTION('',(-1.,0.,0.));
#1444=DIRECTION('',(0.,0.,-1.));
#1445=DIRECTION('',(-1.,0.,2.82880590231603E-30));
#1446=DIRECTION('',(0.,0.,1.));
#1447=DIRECTION('',(-1.,0.,0.));
#1448=DIRECTION('',(-5.37204689334755E-17,0.,-1.));
#1449=DIRECTION('center_axis',(1.,-1.21511106628737E-31,-1.43254583822601E-16));
#1450=DIRECTION('ref_axis',(1.43254583822601E-16,8.48217930528557E-16,1.));
#1451=DIRECTION('',(-5.43731878527201E-17,-0.925168618374746,-0.379556356256305));
#1452=DIRECTION('',(1.43254583822601E-16,0.,1.));
#1453=DIRECTION('',(-5.43731878527202E-17,0.925168618374745,-0.379556356256307));
#1454=DIRECTION('center_axis',(1.,-1.21511106628737E-31,-1.43254583822601E-16));
#1455=DIRECTION('ref_axis',(0.,-0.333867036030988,-0.942620179208934));
#1456=DIRECTION('center_axis',(-1.,0.,1.43254583822601E-16));
#1457=DIRECTION('ref_axis',(0.,-5.55111512312588E-17,1.));
#1458=DIRECTION('center_axis',(-1.,0.,1.43254583822601E-16));
#1459=DIRECTION('ref_axis',(0.,-5.55111512312588E-17,1.));
#1460=DIRECTION('center_axis',(-1.,1.21511106628737E-31,1.43254583822601E-16));
#1461=DIRECTION('ref_axis',(0.,7.92706779297298E-16,1.));
#1462=DIRECTION('center_axis',(-1.,1.21511106628737E-31,1.43254583822601E-16));
#1463=DIRECTION('ref_axis',(0.,7.92706779297298E-16,1.));
#1464=DIRECTION('center_axis',(-1.,0.,2.86578375724826E-30));
#1465=DIRECTION('ref_axis',(0.,-0.333867036030988,-0.942620179208934));
#1466=DIRECTION('center_axis',(-1.,4.55666649857763E-32,5.37204689334755E-17));
#1467=DIRECTION('ref_axis',(0.,-0.333867036030988,-0.942620179208934));
#1468=DIRECTION('',(-1.,0.,2.86578375724826E-30));
#1469=DIRECTION('center_axis',(-1.,0.,8.88178419700126E-17));
#1470=DIRECTION('ref_axis',(0.,-0.707106781186548,0.707106781186548));
#1471=DIRECTION('center_axis',(-1.,0.,0.));
#1472=DIRECTION('ref_axis',(0.,-1.,0.));
#1473=DIRECTION('',(-1.,0.,8.88178419700126E-17));
#1474=DIRECTION('center_axis',(1.,0.,0.));
#1475=DIRECTION('ref_axis',(0.,0.,1.));
#1476=DIRECTION('',(1.,0.,-8.88178419700126E-17));
#1477=DIRECTION('center_axis',(0.,-1.,0.));
#1478=DIRECTION('ref_axis',(0.,0.,-1.));
#1479=DIRECTION('center_axis',(4.4408920985006E-15,0.,1.));
#1480=DIRECTION('ref_axis',(-1.,0.,4.4408920985006E-15));
#1481=DIRECTION('center_axis',(0.,1.,0.));
#1482=DIRECTION('ref_axis',(-0.707106781186547,0.,0.707106781186548));
#1483=DIRECTION('center_axis',(0.,-1.,0.));
#1484=DIRECTION('ref_axis',(-0.707106781186547,0.,0.707106781186548));
#1485=DIRECTION('center_axis',(-3.69778549322351E-32,0.,-1.));
#1486=DIRECTION('ref_axis',(-0.707106781186548,-0.707106781186548,0.));
#1487=DIRECTION('center_axis',(0.,0.,1.));
#1488=DIRECTION('ref_axis',(-1.,0.,0.));
#1489=DIRECTION('',(3.69778549322351E-32,0.,1.));
#1490=DIRECTION('',(-3.69778549322351E-32,0.,-1.));
#1491=DIRECTION('center_axis',(0.,-1.,0.));
#1492=DIRECTION('ref_axis',(0.,0.,-1.));
#1493=DIRECTION('center_axis',(-1.,0.,0.));
#1494=DIRECTION('ref_axis',(0.,0.,-1.));
#1495=DIRECTION('center_axis',(0.,1.,0.));
#1496=DIRECTION('ref_axis',(-0.707106781186548,0.,-0.707106781186548));
#1497=DIRECTION('center_axis',(0.,-1.,0.));
#1498=DIRECTION('ref_axis',(-0.707106781186547,0.,-0.707106781186547));
#1499=DIRECTION('center_axis',(1.,0.,3.5527136788005E-16));
#1500=DIRECTION('ref_axis',(0.,-0.707106781186548,-0.707106781186548));
#1501=DIRECTION('center_axis',(-1.,0.,2.22044604925032E-15));
#1502=DIRECTION('ref_axis',(-2.22044604925032E-15,0.,-1.));
#1503=DIRECTION('',(-1.,0.,-3.5527136788005E-16));
#1504=DIRECTION('',(1.,0.,3.5527136788005E-16));
#1505=DIRECTION('center_axis',(0.,-1.,0.));
#1506=DIRECTION('ref_axis',(0.,0.,-1.));
#1507=DIRECTION('center_axis',(0.,0.,-1.));
#1508=DIRECTION('ref_axis',(1.,0.,0.));
#1509=DIRECTION('center_axis',(0.,1.,0.));
#1510=DIRECTION('ref_axis',(0.707106781186547,0.,-0.707106781186548));
#1511=DIRECTION('center_axis',(0.,-1.,0.));
#1512=DIRECTION('ref_axis',(0.707106781186547,0.,-0.707106781186548));
#1513=DIRECTION('center_axis',(-4.78544407166015E-17,0.,1.));
#1514=DIRECTION('ref_axis',(0.707106781186549,-0.707106781186546,0.));
#1515=DIRECTION('center_axis',(4.44089209850063E-15,0.,-1.));
#1516=DIRECTION('ref_axis',(1.,0.,4.44089209850063E-15));
#1517=DIRECTION('',(4.78544407166015E-17,0.,-1.));
#1518=DIRECTION('',(-4.78544407166015E-17,0.,1.));
#1519=DIRECTION('center_axis',(0.,-1.,0.));
#1520=DIRECTION('ref_axis',(0.,0.,-1.));
#1521=DIRECTION('center_axis',(0.,1.,0.));
#1522=DIRECTION('ref_axis',(0.707106781186548,0.,0.707106781186548));
#1523=DIRECTION('center_axis',(0.,-1.,0.));
#1524=DIRECTION('ref_axis',(0.707106781186548,0.,0.707106781186548));
#1525=DIRECTION('center_axis',(0.,-1.,0.));
#1526=DIRECTION('ref_axis',(-1.,0.,3.69778549322351E-32));
#1527=DIRECTION('',(0.,-1.,0.));
#1528=DIRECTION('center_axis',(0.,-1.,0.));
#1529=DIRECTION('ref_axis',(-1.,0.,3.69778549322351E-32));
#1530=DIRECTION('',(0.,-1.,0.));
#1531=DIRECTION('center_axis',(-1.,0.,3.69778549322351E-32));
#1532=DIRECTION('ref_axis',(-3.69778549322351E-32,0.,-1.));
#1533=DIRECTION('',(0.,-1.,0.));
#1534=DIRECTION('',(-3.69778549322351E-32,0.,-1.));
#1535=DIRECTION('center_axis',(0.,-1.,0.));
#1536=DIRECTION('ref_axis',(-8.88178419700124E-16,0.,1.));
#1537=DIRECTION('',(0.,-1.,0.));
#1538=DIRECTION('center_axis',(0.,-1.,0.));
#1539=DIRECTION('ref_axis',(-8.88178419700124E-16,0.,1.));
#1540=DIRECTION('center_axis',(8.88178419700126E-17,0.,1.));
#1541=DIRECTION('ref_axis',(-1.,0.,8.88178419700126E-17));
#1542=DIRECTION('',(0.,-1.,0.));
#1543=DIRECTION('',(-1.,0.,8.88178419700126E-17));
#1544=DIRECTION('center_axis',(0.,-1.,0.));
#1545=DIRECTION('ref_axis',(3.69778549322351E-32,0.,1.));
#1546=DIRECTION('',(5.37204689334755E-17,0.,1.));
#1547=DIRECTION('',(1.,0.,-2.86578375724826E-30));
#1548=DIRECTION('',(-1.43254583822601E-16,0.,-1.));
#1549=DIRECTION('',(-1.,0.,0.));
#1550=DIRECTION('center_axis',(0.,1.,0.));
#1551=DIRECTION('ref_axis',(3.69778549322351E-32,0.,1.));
#1552=DIRECTION('center_axis',(0.,1.,0.));
#1553=DIRECTION('ref_axis',(3.69778549322351E-32,0.,1.));
#1554=DIRECTION('center_axis',(0.,1.,0.));
#1555=DIRECTION('ref_axis',(3.69778549322351E-32,0.,1.));
#1556=DIRECTION('center_axis',(0.,1.,0.));
#1557=DIRECTION('ref_axis',(3.69778549322351E-32,0.,1.));
#1558=DIRECTION('center_axis',(-1.43254583822601E-16,0.,-1.));
#1559=DIRECTION('ref_axis',(0.707106781186546,0.707106781186549,0.));
#1560=DIRECTION('center_axis',(0.,-0.379556356256305,0.925168618374746));
#1561=DIRECTION('ref_axis',(-2.56785875445072E-16,0.925168618374746,0.379556356256305));
#1562=DIRECTION('center_axis',(0.707106781186546,0.,0.707106781186549));
#1563=DIRECTION('ref_axis',(-0.707106781186549,0.,0.707106781186546));
#1564=DIRECTION('center_axis',(0.707106781186549,0.,-0.707106781186546));
#1565=DIRECTION('ref_axis',(0.707106781186546,0.,0.707106781186549));
#1566=DIRECTION('center_axis',(-2.65133319925416E-30,-0.379556356256307,
-0.925168618374745));
#1567=DIRECTION('ref_axis',(3.2098234430634E-16,0.925168618374745,-0.379556356256307));
#1568=DIRECTION('center_axis',(5.37204689334755E-17,0.,1.));
#1569=DIRECTION('ref_axis',(-0.707106781186547,0.707106781186548,0.));
#1570=DIRECTION('',(-5.37204689334755E-17,0.,-1.));
#1571=DIRECTION('center_axis',(-2.65133319925416E-30,-0.379556356256307,
-0.925168618374745));
#1572=DIRECTION('ref_axis',(-4.49375282028876E-16,0.925168618374745,-0.379556356256307));
#1573=DIRECTION('center_axis',(-0.707106781186549,-9.81307786677361E-16,
-0.707106781186546));
#1574=DIRECTION('ref_axis',(0.707106781186545,9.81307786677356E-16,-0.707106781186549));
#1575=DIRECTION('center_axis',(-0.707106781186544,-5.88784672006412E-16,
0.707106781186551));
#1576=DIRECTION('ref_axis',(-0.707106781186551,-5.88784672006418E-16,-0.707106781186544));
#1577=DIRECTION('center_axis',(0.,-0.379556356256305,0.925168618374746));
#1578=DIRECTION('ref_axis',(1.92589406583804E-16,0.925168618374746,0.379556356256305));
#1579=DIRECTION('center_axis',(1.,0.,-2.86578375724826E-30));
#1580=DIRECTION('ref_axis',(0.,0.830528854482581,0.556975602582242));
#1581=DIRECTION('',(1.,0.,-2.86578375724826E-30));
#1582=DIRECTION('center_axis',(-1.,0.,0.));
#1583=DIRECTION('ref_axis',(0.,0.830528854482586,-0.556975602582236));
#1584=DIRECTION('',(-1.,0.,0.));
#1585=DIRECTION('center_axis',(-2.65133319925416E-30,-0.379556356256307,
-0.925168618374745));
#1586=DIRECTION('ref_axis',(-1.,0.,2.86578375724826E-30));
#1587=DIRECTION('',(2.03899454447701E-17,-0.925168618374745,0.379556356256307));
#1588=DIRECTION('center_axis',(0.,-0.379556356256305,0.925168618374746));
#1589=DIRECTION('ref_axis',(1.,0.,0.));
#1590=DIRECTION('',(2.038994544477E-17,0.925168618374746,0.379556356256305));
#1591=DIRECTION('center_axis',(0.,0.,-1.));
#1592=DIRECTION('ref_axis',(0.,-1.,0.));
#1593=DIRECTION('',(0.,-1.,0.));
#1594=DIRECTION('',(-1.,0.,0.));
#1595=DIRECTION('',(0.,-1.,0.));
#1596=DIRECTION('center_axis',(2.82880590231603E-30,3.88578058618809E-16,
1.));
#1597=DIRECTION('ref_axis',(1.,4.85026197194492E-30,-2.82880590231603E-30));
#1598=DIRECTION('',(0.,-1.,3.88578058618809E-16));
#1599=DIRECTION('',(-1.,9.49478224952322E-89,2.82880590231603E-30));
#1600=DIRECTION('',(0.,1.,-3.88578058618809E-16));
#1601=DIRECTION('center_axis',(1.,0.,0.));
#1602=DIRECTION('ref_axis',(0.,0.,-1.));
#1603=DIRECTION('',(0.,1.,0.));
#1604=DIRECTION('',(0.,3.35646296614043E-59,1.));
#1605=DIRECTION('center_axis',(1.,0.,0.));
#1606=DIRECTION('ref_axis',(0.,-5.55111512312588E-17,1.));
#1607=DIRECTION('center_axis',(0.,0.,-1.));
#1608=DIRECTION('ref_axis',(-1.,-6.48923415877523E-30,0.));
#1609=DIRECTION('',(0.,-1.,0.));
#1610=DIRECTION('',(1.,0.,0.));
#1611=DIRECTION('center_axis',(1.,0.,0.));
#1612=DIRECTION('ref_axis',(0.,-3.12789835786789E-47,-1.));
#1613=DIRECTION('',(0.,1.,0.));
#1614=DIRECTION('',(0.,-7.40148683083438E-16,-1.));
#1615=DIRECTION('center_axis',(-1.,4.55666649857763E-32,5.37204689334755E-17));
#1616=DIRECTION('ref_axis',(-5.37204689334755E-17,-8.48217930528557E-16,
-1.));
#1617=DIRECTION('',(-5.37204689334755E-17,0.,-1.));
#1618=DIRECTION('',(0.,-1.,0.));
#1619=DIRECTION('',(0.,-1.,8.48217930528557E-16));
#1620=DIRECTION('',(-5.37204689334755E-17,-8.48217930528557E-16,-1.));
#1621=DIRECTION('',(0.,-1.,8.48217930528557E-16));
#1622=DIRECTION('center_axis',(1.,0.,-5.37204689334755E-17));
#1623=DIRECTION('ref_axis',(0.,-5.55111512312588E-17,1.));
#1624=DIRECTION('center_axis',(1.,0.,-5.37204689334755E-17));
#1625=DIRECTION('ref_axis',(0.,-5.55111512312588E-17,1.));
#1626=DIRECTION('center_axis',(1.,-4.55666649857763E-32,-5.37204689334755E-17));
#1627=DIRECTION('ref_axis',(0.,7.92706779297298E-16,1.));
#1628=DIRECTION('center_axis',(1.,-4.55666649857763E-32,-5.37204689334755E-17));
#1629=DIRECTION('ref_axis',(0.,7.92706779297298E-16,1.));
#1630=DIRECTION('center_axis',(0.,0.,1.));
#1631=DIRECTION('ref_axis',(1.,3.98096154637733E-46,0.));
#1632=DIRECTION('',(0.,-1.,0.));
#1633=DIRECTION('',(1.,4.85026197194492E-30,0.));
#1634=DIRECTION('center_axis',(1.,0.,0.));
#1635=DIRECTION('ref_axis',(0.,1.29784683175504E-30,-1.));
#1636=DIRECTION('',(0.,-1.,1.43254583822601E-15));
#1637=DIRECTION('',(0.,3.35646296614043E-59,1.));
#1638=DIRECTION('center_axis',(1.,0.,0.));
#1639=DIRECTION('ref_axis',(0.,-5.55111512312588E-17,1.));
#1640=DIRECTION('center_axis',(-1.,0.,0.));
#1641=DIRECTION('ref_axis',(0.,0.,1.));
#1642=DIRECTION('',(0.,-3.35646296614043E-59,-1.));
#1643=DIRECTION('',(0.,1.,-1.43254583822601E-15));
#1644=DIRECTION('',(0.,1.,0.));
#1645=DIRECTION('',(0.,0.,-1.));
#1646=DIRECTION('center_axis',(-1.,0.,0.));
#1647=DIRECTION('ref_axis',(0.,-5.55111512312588E-17,1.));
#1648=DIRECTION('center_axis',(-1.,0.,0.));
#1649=DIRECTION('ref_axis',(0.,-5.55111512312588E-17,1.));
#1650=DIRECTION('center_axis',(0.,-1.43254583822601E-15,-1.));
#1651=DIRECTION('ref_axis',(-1.,0.,0.));
#1652=DIRECTION('',(-1.,0.,0.));
#1653=DIRECTION('center_axis',(0.,-1.,0.));
#1654=DIRECTION('ref_axis',(3.69778549322351E-32,0.,1.));
#1655=DIRECTION('',(0.,1.,0.));
#1656=DIRECTION('center_axis',(0.,1.,0.));
#1657=DIRECTION('ref_axis',(3.69778549322351E-32,0.,1.));
#1658=DIRECTION('center_axis',(0.,-1.,0.));
#1659=DIRECTION('ref_axis',(3.69778549322351E-32,0.,1.));
#1660=DIRECTION('',(0.,1.,0.));
#1661=DIRECTION('center_axis',(0.,1.,0.));
#1662=DIRECTION('ref_axis',(3.69778549322351E-32,0.,1.));
#1663=DIRECTION('center_axis',(0.,-1.,0.));
#1664=DIRECTION('ref_axis',(3.69778549322351E-32,0.,1.));
#1665=DIRECTION('',(0.,1.,0.));
#1666=DIRECTION('center_axis',(0.,1.,0.));
#1667=DIRECTION('ref_axis',(3.69778549322351E-32,0.,1.));
#1668=DIRECTION('center_axis',(0.,-1.,0.));
#1669=DIRECTION('ref_axis',(3.69778549322351E-32,0.,1.));
#1670=DIRECTION('',(0.,1.,0.));
#1671=DIRECTION('center_axis',(0.,1.,0.));
#1672=DIRECTION('ref_axis',(3.69778549322351E-32,0.,1.));
#1673=DIRECTION('center_axis',(0.,-1.,0.));
#1674=DIRECTION('ref_axis',(-8.88178419700127E-16,0.,-1.));
#1675=DIRECTION('',(0.,-1.,0.));
#1676=DIRECTION('center_axis',(0.,-1.,0.));
#1677=DIRECTION('ref_axis',(-8.88178419700127E-16,0.,-1.));
#1678=DIRECTION('',(0.,-1.,0.));
#1679=DIRECTION('center_axis',(3.5527136788005E-16,0.,-1.));
#1680=DIRECTION('ref_axis',(1.,0.,3.5527136788005E-16));
#1681=DIRECTION('',(1.,0.,3.5527136788005E-16));
#1682=DIRECTION('center_axis',(0.,-1.,0.));
#1683=DIRECTION('ref_axis',(1.,0.,8.88178419700125E-16));
#1684=DIRECTION('',(0.,-1.,0.));
#1685=DIRECTION('center_axis',(0.,-1.,0.));
#1686=DIRECTION('ref_axis',(1.,0.,8.88178419700125E-16));
#1687=DIRECTION('center_axis',(1.,0.,4.78544407166015E-17));
#1688=DIRECTION('ref_axis',(-4.78544407166015E-17,0.,1.));
#1689=DIRECTION('',(-4.78544407166015E-17,0.,1.));
#1690=DIRECTION('center_axis',(0.,1.,0.));
#1691=DIRECTION('ref_axis',(0.,0.,1.));
#1692=DIRECTION('',(1.,0.,0.));
#1693=DIRECTION('center_axis',(0.,0.,1.));
#1694=DIRECTION('ref_axis',(0.,1.,0.));
#1695=DIRECTION('center_axis',(0.,1.,-3.35646296614043E-59));
#1696=DIRECTION('ref_axis',(-1.,0.,0.));
#1697=DIRECTION('center_axis',(1.,0.,0.));
#1698=DIRECTION('ref_axis',(0.,-5.55111512312588E-17,1.));
#1699=DIRECTION('',(1.,0.,0.));
#1700=DIRECTION('center_axis',(1.,0.,0.));
#1701=DIRECTION('ref_axis',(0.,-5.55111512312588E-17,1.));
#1702=DIRECTION('',(1.,0.,0.));
#1703=DIRECTION('center_axis',(-1.,0.,0.));
#1704=DIRECTION('ref_axis',(0.,-5.55111512312588E-17,1.));
#1705=DIRECTION('',(-1.,0.,0.));
#1706=DIRECTION('center_axis',(-1.,0.,0.));
#1707=DIRECTION('ref_axis',(0.,-5.55111512312588E-17,1.));
#1708=DIRECTION('',(-1.,0.,0.));
#1709=DIRECTION('center_axis',(0.,1.,-8.48217930528557E-16));
#1710=DIRECTION('ref_axis',(0.,8.48217930528557E-16,1.));
#1711=DIRECTION('',(-1.,0.,0.));
#1712=DIRECTION('',(0.,-8.48217930528557E-16,-1.));
#1713=DIRECTION('',(1.,0.,0.));
#1714=DIRECTION('center_axis',(0.,8.48217930528557E-16,1.));
#1715=DIRECTION('ref_axis',(0.,1.,-8.48217930528557E-16));
#1716=DIRECTION('',(0.,1.,-8.48217930528557E-16));
#1717=DIRECTION('center_axis',(0.,-8.48217930528557E-16,-1.));
#1718=DIRECTION('ref_axis',(0.,-1.,8.48217930528557E-16));
#1719=DIRECTION('',(0.,-1.,8.48217930528557E-16));
#1720=DIRECTION('center_axis',(0.,1.,-8.48217930528557E-16));
#1721=DIRECTION('ref_axis',(-1.,0.,0.));
#1722=DIRECTION('',(1.,4.85026197194492E-30,-4.11407917236448E-45));
#1723=DIRECTION('',(0.,8.48217930528557E-16,1.));
#1724=DIRECTION('',(-1.,3.13652795860055E-47,3.69778549322349E-32));
#1725=DIRECTION('',(0.,-8.48217930528557E-16,-1.));
#1726=DIRECTION('',(-1.,2.39944388832947E-45,2.82880590231603E-30));
#1727=DIRECTION('',(0.,8.48217930528557E-16,1.));
#1728=DIRECTION('',(1.,0.,0.));
#1729=DIRECTION('',(0.,-1.58836661361199E-15,-1.));
#1730=DIRECTION('center_axis',(0.,1.,-8.48217930528557E-16));
#1731=DIRECTION('ref_axis',(0.,8.48217930528557E-16,1.));
#1732=DIRECTION('center_axis',(2.82880590231603E-30,1.23679598914737E-15,
1.));
#1733=DIRECTION('ref_axis',(1.,4.85026197194491E-30,-2.82880590231604E-30));
#1734=DIRECTION('',(0.,-1.,1.23679598914737E-15));
#1735=DIRECTION('',(0.,1.,-1.23679598914737E-15));
#1736=DIRECTION('center_axis',(-1.,0.,0.));
#1737=DIRECTION('ref_axis',(0.,8.48217930528557E-16,1.));
#1738=DIRECTION('',(0.,1.,-1.9769446722308E-15));
#1739=DIRECTION('center_axis',(-1.,0.,0.));
#1740=DIRECTION('ref_axis',(0.,7.92706779297298E-16,1.));
#1741=DIRECTION('center_axis',(-1.,0.,0.));
#1742=DIRECTION('ref_axis',(0.,7.92706779297298E-16,1.));
#1743=DIRECTION('center_axis',(3.69778549322349E-32,1.9769446722308E-15,
1.));
#1744=DIRECTION('ref_axis',(1.,-1.23259516440783E-32,-3.69778549322349E-32));
#1745=DIRECTION('',(0.,-1.,1.9769446722308E-15));
#1746=DIRECTION('center_axis',(0.,8.48217930528557E-16,1.));
#1747=DIRECTION('ref_axis',(1.,3.98096154637733E-46,-3.37672296438194E-61));
#1748=DIRECTION('',(0.,-1.,8.48217930528557E-16));
#1749=DIRECTION('',(0.,1.,-8.48217930528557E-16));
#1750=DIRECTION('center_axis',(1.,0.,0.));
#1751=DIRECTION('ref_axis',(0.,-8.48217930528556E-16,-1.));
#1752=DIRECTION('center_axis',(1.,0.,0.));
#1753=DIRECTION('ref_axis',(0.,7.92706779297298E-16,1.));
#1754=DIRECTION('center_axis',(1.,0.,0.));
#1755=DIRECTION('ref_axis',(0.,7.92706779297298E-16,1.));
#1756=DIRECTION('',(1.,0.,0.));
#1757=DIRECTION('center_axis',(1.,0.,0.));
#1758=DIRECTION('ref_axis',(0.,7.92706779297298E-16,1.));
#1759=DIRECTION('center_axis',(1.,0.,0.));
#1760=DIRECTION('ref_axis',(0.,7.92706779297298E-16,1.));
#1761=DIRECTION('',(1.,0.,0.));
#1762=DIRECTION('center_axis',(-1.,0.,0.));
#1763=DIRECTION('ref_axis',(0.,7.92706779297298E-16,1.));
#1764=DIRECTION('',(-1.,0.,0.));
#1765=DIRECTION('center_axis',(-1.,0.,0.));
#1766=DIRECTION('ref_axis',(0.,7.92706779297298E-16,1.));
#1767=DIRECTION('',(-1.,0.,0.));
#1768=DIRECTION('center_axis',(1.,0.,0.));
#1769=DIRECTION('ref_axis',(0.,-8.48217930528557E-16,-1.));
#1770=DIRECTION('',(0.,1.,-8.48217930528557E-16));
#1771=DIRECTION('center_axis',(0.,-8.48217930528557E-16,-1.));
#1772=DIRECTION('ref_axis',(-1.,-6.48923415877523E-30,5.50428476887155E-45));
#1773=DIRECTION('',(0.,-1.,8.48217930528557E-16));
#1774=DIRECTION('center_axis',(1.,0.,0.));
#1775=DIRECTION('ref_axis',(0.,-8.48217930528557E-16,-1.));
#1776=CARTESIAN_POINT('',(0.,0.,0.));
#1777=CARTESIAN_POINT('Origin',(-18.1999999999997,-32.081,14.7930348655933));
#1778=CARTESIAN_POINT('',(-37.1999999999997,-32.3314002770232,15.5));
#1779=CARTESIAN_POINT('',(-37.1999999999997,-32.831,14.7930348655933));
#1780=CARTESIAN_POINT('Origin',(-37.1999999999997,-32.081,14.7930348655933));
#1781=CARTESIAN_POINT('',(0.800000000000313,-32.831,14.7930348655933));
#1782=CARTESIAN_POINT('',(-18.1999999999997,-32.831,14.7930348655933));
#1783=CARTESIAN_POINT('',(0.800000000000313,-32.3314002770232,15.4999999999999));
#1784=CARTESIAN_POINT('Origin',(0.800000000000312,-32.081,14.7930348655933));
#1785=CARTESIAN_POINT('',(-18.1999999999997,-32.3314002770232,15.5));
#1786=CARTESIAN_POINT('Origin',(-39.3999999999993,-32.831,-13.4999999999999));
#1787=CARTESIAN_POINT('',(-37.1999999999997,-32.831,-40.7930348655932));
#1788=CARTESIAN_POINT('',(-37.1999999999997,-32.831,-27.4999999999999));
#1789=CARTESIAN_POINT('',(0.80000000000031,-32.831,-40.7930348655932));
#1790=CARTESIAN_POINT('',(-18.1999999999997,-32.831,-40.7930348655932));
#1791=CARTESIAN_POINT('',(0.800000000000312,-32.831,-36.4999999999999));
#1792=CARTESIAN_POINT('',(0.800000000000312,-32.831,-12.));
#1793=CARTESIAN_POINT('',(-1.7,-32.831,-36.4999999999999));
#1794=CARTESIAN_POINT('',(-19.2999999999995,-32.831,-36.4999999999999));
#1795=CARTESIAN_POINT('',(-1.7,-32.831,-38.3999999999999));
#1796=CARTESIAN_POINT('',(-1.7,-32.831,-19.7499999999999));
#1797=CARTESIAN_POINT('',(-33.6999999999993,-32.831,-38.3999999999999));
#1798=CARTESIAN_POINT('',(-28.7999999999995,-32.831,-38.3999999999999));
#1799=CARTESIAN_POINT('',(-33.6999999999993,-32.831,-32.9999999999999));
#1800=CARTESIAN_POINT('',(-33.6999999999993,-32.831,-23.2499999999999));
#1801=CARTESIAN_POINT('',(-34.6999999999993,-32.831,-32.9999999999999));
#1802=CARTESIAN_POINT('',(-37.0499999999993,-32.831,-32.9999999999999));
#1803=CARTESIAN_POINT('',(-34.6999999999993,-32.831,-18.7999999999999));
#1804=CARTESIAN_POINT('',(-34.6999999999993,-32.831,-16.2499999999999));
#1805=CARTESIAN_POINT('',(-33.6999999999993,-32.831,-18.7999999999999));
#1806=CARTESIAN_POINT('',(-36.4999999999993,-32.831,-18.7999999999999));
#1807=CARTESIAN_POINT('',(-33.6999999999993,-32.8309999999999,-13.3999999999999));
#1808=CARTESIAN_POINT('',(-33.6999999999993,-32.831,-13.4999999999999));
#1809=CARTESIAN_POINT('',(-1.7,-32.8309999999999,-13.3999999999999));
#1810=CARTESIAN_POINT('',(-28.7999999999995,-32.831,-13.3999999999999));
#1811=CARTESIAN_POINT('',(-1.7,-32.831,-15.4999999999999));
#1812=CARTESIAN_POINT('',(-1.7,-32.831,-19.7499999999999));
#1813=CARTESIAN_POINT('',(0.800000000000312,-32.831,-15.4999999999999));
#1814=CARTESIAN_POINT('',(-19.2999999999995,-32.831,-15.4999999999999));
#1815=CARTESIAN_POINT('',(0.800000000000312,-32.831,-10.5));
#1816=CARTESIAN_POINT('',(0.800000000000312,-32.831,-12.));
#1817=CARTESIAN_POINT('',(-1.7,-32.831,-10.5));
#1818=CARTESIAN_POINT('',(-19.2999999999995,-32.831,-10.5));
#1819=CARTESIAN_POINT('',(-1.7,-32.831,-12.4));
#1820=CARTESIAN_POINT('',(-1.7,-32.831,-6.74999999999994));
#1821=CARTESIAN_POINT('',(-33.6999999999993,-32.831,-12.4));
#1822=CARTESIAN_POINT('',(-28.7999999999995,-32.831,-12.4));
#1823=CARTESIAN_POINT('',(-33.6999999999993,-32.831,-7.00000000000002));
#1824=CARTESIAN_POINT('',(-33.6999999999993,-32.831,-10.25));
#1825=CARTESIAN_POINT('',(-34.6999999999993,-32.831,-7.00000000000002));
#1826=CARTESIAN_POINT('',(-37.0499999999993,-32.831,-7.00000000000002));
#1827=CARTESIAN_POINT('',(-34.6999999999993,-32.831,7.19999999999998));
#1828=CARTESIAN_POINT('',(-34.6999999999993,-32.831,-3.24999999999995));
#1829=CARTESIAN_POINT('',(-33.6999999999993,-32.831,7.19999999999998));
#1830=CARTESIAN_POINT('',(-36.4999999999993,-32.831,7.19999999999998));
#1831=CARTESIAN_POINT('',(-33.6999999999993,-32.831,12.6));
#1832=CARTESIAN_POINT('',(-33.6999999999993,-32.831,-0.49999999999995));
#1833=CARTESIAN_POINT('',(-1.7,-32.831,12.6));
#1834=CARTESIAN_POINT('',(-28.7999999999995,-32.831,12.6));
#1835=CARTESIAN_POINT('',(-1.7,-32.831,10.5));
#1836=CARTESIAN_POINT('',(-1.7,-32.831,-6.74999999999994));
#1837=CARTESIAN_POINT('',(0.800000000000312,-32.831,10.5));
#1838=CARTESIAN_POINT('',(-19.2999999999995,-32.831,10.5));
#1839=CARTESIAN_POINT('',(0.800000000000312,-32.831,-12.));
#1840=CARTESIAN_POINT('Origin',(-37.1999999999997,-13.8314002770232,-41.4999999999999));
#1841=CARTESIAN_POINT('',(-37.1999999999997,-13.8314002770232,23.0897435897436));
#1842=CARTESIAN_POINT('',(-37.1999999999997,-29.5468617289084,16.6423747889702));
#1843=CARTESIAN_POINT('',(-37.1999999999997,-13.8314002770232,-49.0897435897435));
#1844=CARTESIAN_POINT('',(-37.1999999999997,-13.8314002770232,-27.25));
#1845=CARTESIAN_POINT('',(-37.1999999999997,-32.3314002770232,-41.4999999999999));
#1846=CARTESIAN_POINT('',(-37.1999999999997,-19.5389832820879,-46.7481710748452));
#1847=CARTESIAN_POINT('Origin',(-37.1999999999997,-32.081,-40.7930348655932));
#1848=CARTESIAN_POINT('',(-37.1999999999997,-21.,9.00000000000002));
#1849=CARTESIAN_POINT('Origin',(-37.1999999999997,-21.,10.35));
#1850=CARTESIAN_POINT('',(-37.1999999999997,-21.,-11.5));
#1851=CARTESIAN_POINT('Origin',(-37.1999999999997,-21.,-10.15));
#1852=CARTESIAN_POINT('',(-37.1999999999997,-21.,-37.4999999999999));
#1853=CARTESIAN_POINT('Origin',(-37.1999999999997,-21.,-36.1499999999999));
#1854=CARTESIAN_POINT('',(-37.1999999999997,-21.,-16.9999999999999));
#1855=CARTESIAN_POINT('Origin',(-37.1999999999997,-21.,-15.6499999999999));
#1856=CARTESIAN_POINT('Origin',(-18.1999999999997,-32.081,-40.7930348655932));
#1857=CARTESIAN_POINT('',(0.800000000000311,-32.3314002770232,-41.4999999999999));
#1858=CARTESIAN_POINT('Origin',(0.800000000000312,-32.081,-40.7930348655932));
#1859=CARTESIAN_POINT('',(-18.1999999999997,-32.3314002770232,-41.4999999999999));
#1860=CARTESIAN_POINT('Origin',(-5.6999999999998,-11.8314002770232,37.4));
#1861=CARTESIAN_POINT('',(6.80000000000019,-12.8314002770232,37.4));
#1862=CARTESIAN_POINT('',(6.80000000000019,-11.8314002770232,38.4));
#1863=CARTESIAN_POINT('Origin',(6.80000000000019,-11.8314002770232,37.4));
#1864=CARTESIAN_POINT('',(-43.1999999999998,-11.8314002770232,38.4));
#1865=CARTESIAN_POINT('',(-5.6999999999998,-11.8314002770232,38.4));
#1866=CARTESIAN_POINT('',(-43.1999999999998,-12.8314002770232,37.4));
#1867=CARTESIAN_POINT('Origin',(-43.1999999999998,-11.8314002770232,37.4));
#1868=CARTESIAN_POINT('',(-5.6999999999998,-12.8314002770232,37.4));
#1869=CARTESIAN_POINT('Origin',(-43.1999999999998,-11.8314002770232,33.4));
#1870=CARTESIAN_POINT('',(-48.1999999999998,-11.8314002770232,33.4));
#1871=CARTESIAN_POINT('',(-47.1999999999998,-12.8314002770232,33.4));
#1872=CARTESIAN_POINT('Origin',(-47.1999999999998,-11.8314002770232,33.4));
#1873=CARTESIAN_POINT('Origin',(-43.1999999999998,-12.8314002770232,33.4));
#1874=CARTESIAN_POINT('Origin',(-43.1999999999998,-11.8314002770232,33.4));
#1875=CARTESIAN_POINT('Origin',(-47.1999999999998,-11.8314002770232,10.2));
#1876=CARTESIAN_POINT('',(-48.1999999999998,-11.8314002770232,-59.4));
#1877=CARTESIAN_POINT('',(-47.1999999999998,-12.8314002770232,-59.4));
#1878=CARTESIAN_POINT('Origin',(-47.1999999999998,-11.8314002770232,-59.4));
#1879=CARTESIAN_POINT('',(-47.1999999999998,-12.8314002770232,10.2));
#1880=CARTESIAN_POINT('',(-48.1999999999998,-11.8314002770232,10.2));
#1881=CARTESIAN_POINT('Origin',(-43.1999999999998,-11.8314002770232,-59.4));
#1882=CARTESIAN_POINT('',(-43.1999999999998,-11.8314002770232,-64.4000000000001));
#1883=CARTESIAN_POINT('',(-43.1999999999998,-12.8314002770232,-63.4));
#1884=CARTESIAN_POINT('Origin',(-43.1999999999998,-11.8314002770232,-63.4));
#1885=CARTESIAN_POINT('Origin',(-43.1999999999998,-12.8314002770232,-59.4));
#1886=CARTESIAN_POINT('Origin',(-43.1999999999998,-11.8314002770232,-59.4));
#1887=CARTESIAN_POINT('Origin',(-30.6999999999998,-11.8314002770232,-63.4));
#1888=CARTESIAN_POINT('',(6.80000000000019,-11.8314002770232,-64.4));
#1889=CARTESIAN_POINT('',(6.80000000000019,-12.8314002770232,-63.4));
#1890=CARTESIAN_POINT('Origin',(6.80000000000019,-11.8314002770232,-63.4));
#1891=CARTESIAN_POINT('',(-30.6999999999998,-12.8314002770232,-63.4));
#1892=CARTESIAN_POINT('',(-30.6999999999998,-11.8314002770232,-64.4));
#1893=CARTESIAN_POINT('Origin',(6.80000000000019,-11.8314002770232,-59.4));
#1894=CARTESIAN_POINT('',(11.8000000000002,-11.8314002770232,-59.4));
#1895=CARTESIAN_POINT('',(10.8000000000002,-12.8314002770232,-59.4));
#1896=CARTESIAN_POINT('Origin',(10.8000000000002,-11.8314002770232,-59.4));
#1897=CARTESIAN_POINT('Origin',(6.80000000000019,-12.8314002770232,-59.4));
#1898=CARTESIAN_POINT('Origin',(6.80000000000019,-11.8314002770232,-59.4));
#1899=CARTESIAN_POINT('Origin',(10.8000000000002,-11.8314002770232,-36.2000000000001));
#1900=CARTESIAN_POINT('',(11.8000000000002,-11.8314002770232,33.4));
#1901=CARTESIAN_POINT('',(10.8000000000002,-12.8314002770232,33.4));
#1902=CARTESIAN_POINT('Origin',(10.8000000000002,-11.8314002770232,33.4));
#1903=CARTESIAN_POINT('',(10.8000000000002,-12.8314002770232,-36.2000000000001));
#1904=CARTESIAN_POINT('',(11.8000000000002,-11.8314002770232,-36.2000000000001));
#1905=CARTESIAN_POINT('Origin',(6.80000000000019,-11.8314002770232,33.4));
#1906=CARTESIAN_POINT('Origin',(6.80000000000019,-12.8314002770232,33.4));
#1907=CARTESIAN_POINT('Origin',(6.80000000000019,-11.8314002770232,33.4));
#1908=CARTESIAN_POINT('Origin',(-43.1999999999998,-9.83140027702321,-59.4));
#1909=CARTESIAN_POINT('',(-48.1999999999998,-9.83140027702321,-59.4));
#1910=CARTESIAN_POINT('',(-48.1999999999998,-9.83140027702321,-59.4));
#1911=CARTESIAN_POINT('',(-43.1999999999998,-9.83140027702321,-64.4000000000001));
#1912=CARTESIAN_POINT('Origin',(-43.1999999999998,-9.83140027702321,-59.4));
#1913=CARTESIAN_POINT('',(-43.1999999999998,-9.83140027702321,-64.4000000000001));
#1914=CARTESIAN_POINT('Origin',(-48.1999999999998,-9.83140027702321,33.4));
#1915=CARTESIAN_POINT('',(-48.1999999999998,-9.83140027702321,33.4));
#1916=CARTESIAN_POINT('',(-48.1999999999998,-9.83140027702321,33.4));
#1917=CARTESIAN_POINT('',(-48.1999999999998,-9.83140027702321,33.4));
#1918=CARTESIAN_POINT('Origin',(-43.1999999999998,-9.83140027702321,33.4));
#1919=CARTESIAN_POINT('',(-43.1999999999998,-9.83140027702321,38.4));
#1920=CARTESIAN_POINT('',(-43.1999999999998,-9.83140027702321,38.4));
#1921=CARTESIAN_POINT('Origin',(-43.1999999999998,-9.83140027702321,33.4));
#1922=CARTESIAN_POINT('Origin',(6.80000000000019,-9.83140027702321,38.4));
#1923=CARTESIAN_POINT('',(6.80000000000019,-9.83140027702321,38.4));
#1924=CARTESIAN_POINT('',(6.80000000000019,-9.83140027702321,38.4));
#1925=CARTESIAN_POINT('',(6.80000000000019,-9.83140027702321,38.4));
#1926=CARTESIAN_POINT('Origin',(-18.1999999999998,-12.8314002770232,-13.0000000000001));
#1927=CARTESIAN_POINT('',(1.80000000000031,-12.8314002770232,-50.170627636326));
#1928=CARTESIAN_POINT('',(1.80000000000031,-12.8314002770232,24.170627636326));
#1929=CARTESIAN_POINT('',(1.80000000000031,-12.8314002770232,-11.7500000000001));
#1930=CARTESIAN_POINT('',(-38.1999999999997,-12.8314002770232,-50.170627636326));
#1931=CARTESIAN_POINT('',(-18.1999999999998,-12.8314002770232,-50.170627636326));
#1932=CARTESIAN_POINT('',(-38.1999999999997,-12.8314002770232,24.170627636326));
#1933=CARTESIAN_POINT('',(-38.1999999999997,-12.8314002770232,-27.25));
#1934=CARTESIAN_POINT('',(-18.1999999999998,-12.8314002770232,24.170627636326));
#1935=CARTESIAN_POINT('',(4.2000000000002,-12.8314002770232,-56.6901070267207));
#1936=CARTESIAN_POINT('Origin',(4.2000000000002,-12.8314002770232,-54.5901070267207));
#1937=CARTESIAN_POINT('',(-40.5999999999998,-12.8314002770232,26.4901070267206));
#1938=CARTESIAN_POINT('Origin',(-40.5999999999998,-12.8314002770232,28.5901070267206));
#1939=CARTESIAN_POINT('',(4.2000000000002,-12.8314002770232,26.4901070267206));
#1940=CARTESIAN_POINT('Origin',(4.2000000000002,-12.8314002770232,28.5901070267206));
#1941=CARTESIAN_POINT('',(-40.5999999999998,-12.8314002770232,-56.6901070267207));
#1942=CARTESIAN_POINT('Origin',(-40.5999999999998,-12.8314002770232,-54.5901070267207));
#1943=CARTESIAN_POINT('Origin',(-38.1999999999997,-13.8314002770232,-27.25));
#1944=CARTESIAN_POINT('',(-37.2748313816249,-13.4518439207669,23.2454590179513));
#1945=CARTESIAN_POINT('Origin',(-38.1999999999997,-13.8314002770232,23.0897435897436));
#1946=CARTESIAN_POINT('Origin',(-38.1999999999997,-13.8314002770232,24.170627636326));
#1947=CARTESIAN_POINT('',(-37.2748313816249,-13.4518439207669,-49.2454590179512));
#1948=CARTESIAN_POINT('Origin',(-38.1999999999997,-13.8314002770232,-50.170627636326));
#1949=CARTESIAN_POINT('Origin',(-38.1999999999997,-13.8314002770232,-49.0897435897435));
#1950=CARTESIAN_POINT('Origin',(1.80000000000031,-13.8314002770232,-11.7500000000001));
#1951=CARTESIAN_POINT('',(0.800000000000315,-13.8314002770232,23.0897435897436));
#1952=CARTESIAN_POINT('',(0.80000000000031,-13.8314002770232,-49.0897435897435));
#1953=CARTESIAN_POINT('',(0.800000000000313,-13.8314002770232,-11.7500000000001));
#1954=CARTESIAN_POINT('',(0.874831381625564,-13.4518439207669,-49.2454590179512));
#1955=CARTESIAN_POINT('Origin',(1.80000000000031,-13.8314002770232,-49.0897435897435));
#1956=CARTESIAN_POINT('Origin',(1.80000000000031,-13.8314002770232,-50.170627636326));
#1957=CARTESIAN_POINT('',(0.874831381625566,-13.4518439207669,23.2454590179513));
#1958=CARTESIAN_POINT('Origin',(1.80000000000031,-13.8314002770232,24.170627636326));
#1959=CARTESIAN_POINT('Origin',(1.80000000000031,-13.8314002770232,23.0897435897436));
#1960=CARTESIAN_POINT('Origin',(-18.1999999999998,-13.8314002770232,-50.170627636326));
#1961=CARTESIAN_POINT('',(-18.1999999999998,-13.4518439207669,-49.2454590179512));
#1962=CARTESIAN_POINT('Origin',(-18.1999999999998,-13.8314002770232,24.170627636326));
#1963=CARTESIAN_POINT('',(-18.1999999999998,-13.4518439207669,23.2454590179513));
#1964=CARTESIAN_POINT('Origin',(-18.1999999999997,-22.5814002770232,-45.4999999999999));
#1965=CARTESIAN_POINT('',(0.80000000000031,-24.9818645426394,-44.5151941474394));
#1966=CARTESIAN_POINT('Origin',(-18.1999999999997,-22.5814002770232,19.5));
#1967=CARTESIAN_POINT('',(0.800000000000315,-24.1039804683569,18.8753517163759));
#1968=CARTESIAN_POINT('Origin',(0.800000000000312,-20.1,10.5));
#1969=CARTESIAN_POINT('',(-1.7,-20.1,10.5));
#1970=CARTESIAN_POINT('',(-1.7,-18.775,10.5));
#1971=CARTESIAN_POINT('',(0.800000000000312,-20.1,10.5));
#1972=CARTESIAN_POINT('',(0.400000000000156,-20.1,10.5));
#1973=CARTESIAN_POINT('',(0.800000000000312,-20.1,10.5));
#1974=CARTESIAN_POINT('Origin',(-18.1999999999997,-23.6407001385116,12.6));
#1975=CARTESIAN_POINT('',(-33.6999999999993,-13.8314002770232,12.6));
#1976=CARTESIAN_POINT('',(-33.6999999999993,-28.5453500692558,12.6));
#1977=CARTESIAN_POINT('',(-1.7,-13.8314002770232,12.6));
#1978=CARTESIAN_POINT('',(-18.1999999999997,-13.8314002770232,12.6));
#1979=CARTESIAN_POINT('',(-1.7,-20.5453500692558,12.6));
#1980=CARTESIAN_POINT('Origin',(-33.6999999999993,-33.45,12.5));
#1981=CARTESIAN_POINT('',(-33.6999999999993,-13.8314002770232,7.19999999999998));
#1982=CARTESIAN_POINT('',(-33.6999999999993,-33.45,7.19999999999998));
#1983=CARTESIAN_POINT('',(-33.6999999999993,-13.8314002770232,6.24999999999995));
#1984=CARTESIAN_POINT('',(-33.6999999999993,-21.,9.00000000000002));
#1985=CARTESIAN_POINT('Origin',(-33.6999999999993,-21.,10.35));
#1986=CARTESIAN_POINT('Origin',(-33.5999999999993,-33.45,7.19999999999998));
#1987=CARTESIAN_POINT('',(-34.6999999999993,-13.8314002770232,7.19999999999998));
#1988=CARTESIAN_POINT('',(-34.6999999999993,-33.45,7.19999999999998));
#1989=CARTESIAN_POINT('',(-25.8999999999995,-13.8314002770232,7.19999999999998));
#1990=CARTESIAN_POINT('Origin',(-34.6999999999993,-33.45,6.99999999999998));
#1991=CARTESIAN_POINT('',(-34.6999999999993,-13.8314002770232,-7.00000000000002));
#1992=CARTESIAN_POINT('',(-34.6999999999993,-33.45,-7.00000000000002));
#1993=CARTESIAN_POINT('',(-34.6999999999993,-13.8314002770232,3.49999999999999));
#1994=CARTESIAN_POINT('Origin',(0.800000000000313,-13.8314002770232,-10.5000000000001));
#1995=CARTESIAN_POINT('',(0.800000000000311,-20.1,-10.5));
#1996=CARTESIAN_POINT('',(0.800000000000312,-20.1,1.49999999999993));
#1997=CARTESIAN_POINT('',(0.800000000000312,-20.1,-10.5));
#1998=CARTESIAN_POINT('',(0.800000000000312,-20.1,-15.4999999999999));
#1999=CARTESIAN_POINT('',(0.800000000000312,-20.1,-15.4999999999999));
#2000=CARTESIAN_POINT('',(0.800000000000311,-20.1,-36.4999999999999));
#2001=CARTESIAN_POINT('',(0.800000000000312,-20.1,-24.5));
#2002=CARTESIAN_POINT('',(0.800000000000312,-20.1,-36.4999999999999));
#2003=CARTESIAN_POINT('',(0.800000000000313,-17.2,-11.5));
#2004=CARTESIAN_POINT('Origin',(0.800000000000313,-17.2,-10.15));
#2005=CARTESIAN_POINT('',(0.800000000000313,-17.2,9.00000000000002));
#2006=CARTESIAN_POINT('Origin',(0.800000000000313,-17.2,10.35));
#2007=CARTESIAN_POINT('',(0.800000000000313,-17.2,-16.9999999999999));
#2008=CARTESIAN_POINT('Origin',(0.800000000000313,-17.2,-15.6499999999999));
#2009=CARTESIAN_POINT('',(0.800000000000313,-17.2,-37.4999999999999));
#2010=CARTESIAN_POINT('Origin',(0.800000000000313,-17.2,-36.1499999999999));
#2011=CARTESIAN_POINT('Origin',(-34.6999999999993,-33.45,-7.00000000000002));
#2012=CARTESIAN_POINT('',(-33.6999999999993,-13.8314002770232,-7.00000000000002));
#2013=CARTESIAN_POINT('',(-33.6999999999993,-33.45,-7.00000000000002));
#2014=CARTESIAN_POINT('',(-26.4499999999995,-13.8314002770232,-7.00000000000002));
#2015=CARTESIAN_POINT('Origin',(-33.6999999999993,-33.45,-7.00000000000002));
#2016=CARTESIAN_POINT('',(-33.6999999999993,-13.8314002770232,-12.4));
#2017=CARTESIAN_POINT('',(-33.6999999999993,-28.5453500692558,-12.4));
#2018=CARTESIAN_POINT('',(-33.6999999999993,-13.8314002770232,-3.50000000000005));
#2019=CARTESIAN_POINT('',(-33.6999999999993,-21.,-11.5));
#2020=CARTESIAN_POINT('Origin',(-33.6999999999993,-21.,-10.15));
#2021=CARTESIAN_POINT('Origin',(-1.7,-17.45,0.));
#2022=CARTESIAN_POINT('',(-1.7,-13.8314002770232,-12.4));
#2023=CARTESIAN_POINT('',(-1.7,-13.8314002770232,-4.21884749357559E-14));
#2024=CARTESIAN_POINT('',(-1.7,-20.5453500692558,-12.4));
#2025=CARTESIAN_POINT('',(-1.7,-20.1,-10.5));
#2026=CARTESIAN_POINT('',(-1.7,-25.45,-10.5));
#2027=CARTESIAN_POINT('',(-1.7,-20.1,-6.25));
#2028=CARTESIAN_POINT('',(-1.7,-17.2,9.00000000000002));
#2029=CARTESIAN_POINT('Origin',(-1.7,-17.2,10.35));
#2030=CARTESIAN_POINT('',(-1.7,-17.2,-11.5));
#2031=CARTESIAN_POINT('Origin',(-1.7,-17.2,-10.15));
#2032=CARTESIAN_POINT('Origin',(-18.1999999999997,-23.6407001385116,-12.4));
#2033=CARTESIAN_POINT('',(-18.1999999999997,-13.8314002770232,-12.4000000000001));
#2034=CARTESIAN_POINT('Origin',(-40.5999999999998,-9.83140027702321,-54.5901070267207));
#2035=CARTESIAN_POINT('',(-40.5999999999998,-9.83140027702321,-56.6901070267207));
#2036=CARTESIAN_POINT('',(-40.5999999999998,-9.83140027702321,-56.6901070267207));
#2037=CARTESIAN_POINT('Origin',(-40.5999999999998,-9.83140027702321,-54.5901070267207));
#2038=CARTESIAN_POINT('Origin',(4.2000000000002,-9.83140027702321,28.5901070267206));
#2039=CARTESIAN_POINT('',(4.2000000000002,-9.83140027702321,26.4901070267206));
#2040=CARTESIAN_POINT('',(4.2000000000002,-9.83140027702321,26.4901070267206));
#2041=CARTESIAN_POINT('Origin',(4.2000000000002,-9.83140027702321,28.5901070267206));
#2042=CARTESIAN_POINT('Origin',(-40.5999999999998,-9.83140027702321,28.5901070267206));
#2043=CARTESIAN_POINT('',(-40.5999999999998,-9.83140027702321,26.4901070267206));
#2044=CARTESIAN_POINT('',(-40.5999999999998,-9.83140027702321,26.4901070267206));
#2045=CARTESIAN_POINT('Origin',(-40.5999999999998,-9.83140027702321,28.5901070267206));
#2046=CARTESIAN_POINT('Origin',(4.2000000000002,-9.83140027702321,-54.5901070267207));
#2047=CARTESIAN_POINT('',(4.2000000000002,-9.83140027702321,-56.6901070267207));
#2048=CARTESIAN_POINT('',(4.2000000000002,-9.83140027702321,-56.6901070267207));
#2049=CARTESIAN_POINT('Origin',(4.2000000000002,-9.83140027702321,-54.5901070267207));
#2050=CARTESIAN_POINT('Origin',(6.80000000000019,-9.83140027702321,-59.4));
#2051=CARTESIAN_POINT('',(6.80000000000019,-9.83140027702321,-64.4));
#2052=CARTESIAN_POINT('',(6.80000000000019,-9.83140027702321,-64.4));
#2053=CARTESIAN_POINT('',(11.8000000000002,-9.83140027702321,-59.4));
#2054=CARTESIAN_POINT('Origin',(6.80000000000019,-9.83140027702321,-59.4));
#2055=CARTESIAN_POINT('',(11.8000000000002,-9.83140027702321,-59.4));
#2056=CARTESIAN_POINT('Origin',(-43.1999999999998,-9.83140027702321,-64.4000000000001));
#2057=CARTESIAN_POINT('',(-43.1999999999998,-9.83140027702321,-64.4000000000001));
#2058=CARTESIAN_POINT('Origin',(6.80000000000019,-9.83140027702321,33.4));
#2059=CARTESIAN_POINT('',(11.8000000000002,-9.83140027702321,33.4));
#2060=CARTESIAN_POINT('',(11.8000000000002,-9.83140027702321,33.4));
#2061=CARTESIAN_POINT('Origin',(6.80000000000019,-9.83140027702321,33.4));
#2062=CARTESIAN_POINT('Origin',(11.8000000000002,-9.83140027702321,-59.4));
#2063=CARTESIAN_POINT('',(11.8000000000002,-9.83140027702321,-59.4));
#2064=CARTESIAN_POINT('Origin',(0.,-20.1,-12.5));
#2065=CARTESIAN_POINT('',(0.400000000000156,-20.1,-10.5));
#2066=CARTESIAN_POINT('Origin',(0.800000000000312,-33.45,-10.5));
#2067=CARTESIAN_POINT('Origin',(-18.1999999999997,-13.8314002770232,-8.43769498715119E-14));
#2068=CARTESIAN_POINT('Origin',(-39.3999999999993,-21.,10.35));
#2069=CARTESIAN_POINT('',(-39.3999999999993,-21.,9.00000000000002));
#2070=CARTESIAN_POINT('Origin',(-39.3999999999993,-21.,-10.15));
#2071=CARTESIAN_POINT('',(-39.3999999999993,-21.,-11.5));
#2072=CARTESIAN_POINT('Origin',(-1.64123743926399E-28,-17.2,10.35));
#2073=CARTESIAN_POINT('',(-1.64123743926399E-28,-17.2,9.00000000000002));
#2074=CARTESIAN_POINT('Origin',(-2.71700952090425E-29,-17.2,-10.15));
#2075=CARTESIAN_POINT('',(-2.71700952090425E-29,-17.2,-11.5));
#2076=CARTESIAN_POINT('Origin',(0.,-20.1,-38.4999999999999));
#2077=CARTESIAN_POINT('',(-1.7,-20.1,-15.4999999999999));
#2078=CARTESIAN_POINT('',(0.400000000000156,-20.1,-15.4999999999999));
#2079=CARTESIAN_POINT('',(-1.7,-20.1,-36.4999999999999));
#2080=CARTESIAN_POINT('',(-1.7,-20.1,-32.2499999999999));
#2081=CARTESIAN_POINT('',(0.400000000000156,-20.1,-36.4999999999999));
#2082=CARTESIAN_POINT('Origin',(0.800000000000312,-33.45,-36.4999999999999));
#2083=CARTESIAN_POINT('',(-1.7,-25.45,-36.4999999999999));
#2084=CARTESIAN_POINT('Origin',(0.800000000000312,-20.1,-15.4999999999999));
#2085=CARTESIAN_POINT('',(-1.7,-18.775,-15.4999999999999));
#2086=CARTESIAN_POINT('Origin',(-18.1999999999997,-13.8314002770232,-26.));
#2087=CARTESIAN_POINT('',(-34.6999999999993,-13.8314002770232,-32.9999999999999));
#2088=CARTESIAN_POINT('',(-33.6999999999993,-13.8314002770232,-32.9999999999999));
#2089=CARTESIAN_POINT('',(-26.4499999999995,-13.8314002770232,-32.9999999999999));
#2090=CARTESIAN_POINT('',(-33.6999999999993,-13.8314002770232,-38.3999999999999));
#2091=CARTESIAN_POINT('',(-33.6999999999993,-13.8314002770232,-29.5));
#2092=CARTESIAN_POINT('',(-1.7,-13.8314002770232,-38.3999999999999));
#2093=CARTESIAN_POINT('',(-18.1999999999997,-13.8314002770232,-38.3999999999999));
#2094=CARTESIAN_POINT('',(-1.7,-13.8314002770232,-13.3999999999999));
#2095=CARTESIAN_POINT('',(-1.7,-13.8314002770232,-26.));
#2096=CARTESIAN_POINT('',(-33.6999999999993,-13.8314002770232,-13.3999999999999));
#2097=CARTESIAN_POINT('',(-18.1999999999997,-13.8314002770232,-13.3999999999999));
#2098=CARTESIAN_POINT('',(-33.6999999999993,-13.8314002770232,-18.7999999999999));
#2099=CARTESIAN_POINT('',(-33.6999999999993,-13.8314002770232,-19.75));
#2100=CARTESIAN_POINT('',(-34.6999999999993,-13.8314002770232,-18.7999999999999));
#2101=CARTESIAN_POINT('',(-25.8999999999995,-13.8314002770232,-18.7999999999999));
#2102=CARTESIAN_POINT('',(-34.6999999999993,-13.8314002770232,-22.4999999999999));
#2103=CARTESIAN_POINT('Origin',(-18.1999999999997,-9.8314002770232,-26.));
#2104=CARTESIAN_POINT('Origin',(-18.1999999999997,-23.6407001385116,-13.3999999999999));
#2105=CARTESIAN_POINT('',(-33.6999999999993,-28.5453500692558,-13.3999999999999));
#2106=CARTESIAN_POINT('',(-1.7,-20.5453500692558,-13.3999999999999));
#2107=CARTESIAN_POINT('Origin',(-1.7,-17.45,-25.9999999999999));
#2108=CARTESIAN_POINT('',(-1.7,-20.5453500692558,-38.3999999999999));
#2109=CARTESIAN_POINT('',(-1.7,-17.2,-37.4999999999999));
#2110=CARTESIAN_POINT('Origin',(-1.7,-17.2,-36.1499999999999));
#2111=CARTESIAN_POINT('',(-1.7,-17.2,-16.9999999999999));
#2112=CARTESIAN_POINT('Origin',(-1.7,-17.2,-15.6499999999999));
#2113=CARTESIAN_POINT('Origin',(-18.1999999999997,-23.6407001385116,-38.3999999999999));
#2114=CARTESIAN_POINT('',(-33.6999999999993,-28.5453500692558,-38.3999999999999));
#2115=CARTESIAN_POINT('Origin',(-34.6999999999993,-33.45,-32.9999999999999));
#2116=CARTESIAN_POINT('',(-33.6999999999993,-33.45,-32.9999999999999));
#2117=CARTESIAN_POINT('',(-34.6999999999993,-33.45,-32.9999999999999));
#2118=CARTESIAN_POINT('Origin',(-33.6999999999993,-33.45,-32.9999999999999));
#2119=CARTESIAN_POINT('',(-33.6999999999993,-21.,-37.4999999999999));
#2120=CARTESIAN_POINT('Origin',(-33.6999999999993,-21.,-36.1499999999999));
#2121=CARTESIAN_POINT('Origin',(-39.3999999999993,-21.,-15.6499999999999));
#2122=CARTESIAN_POINT('',(-33.6999999999993,-21.,-16.9999999999999));
#2123=CARTESIAN_POINT('',(-39.3999999999993,-21.,-16.9999999999999));
#2124=CARTESIAN_POINT('Origin',(-33.6999999999993,-21.,-15.6499999999999));
#2125=CARTESIAN_POINT('Origin',(-39.3999999999993,-21.,-36.1499999999999));
#2126=CARTESIAN_POINT('',(-39.3999999999993,-21.,-37.4999999999999));
#2127=CARTESIAN_POINT('Origin',(-1.64123743926399E-28,-17.2,-15.6499999999999));
#2128=CARTESIAN_POINT('',(-1.64123743926399E-28,-17.2,-16.9999999999999));
#2129=CARTESIAN_POINT('Origin',(-2.71700952090425E-29,-17.2,-36.1499999999999));
#2130=CARTESIAN_POINT('',(-2.71700952090425E-29,-17.2,-37.4999999999999));
#2131=CARTESIAN_POINT('Origin',(-33.6999999999993,-33.4499999999999,-13.4999999999999));
#2132=CARTESIAN_POINT('',(-33.6999999999993,-33.45,-18.7999999999999));
#2133=CARTESIAN_POINT('Origin',(-33.5999999999993,-33.45,-18.7999999999999));
#2134=CARTESIAN_POINT('',(-34.6999999999993,-33.45,-18.7999999999999));
#2135=CARTESIAN_POINT('Origin',(-34.6999999999993,-33.45,-18.9999999999999));
#2136=UNCERTAINTY_MEASURE_WITH_UNIT(LENGTH_MEASURE(0.01),#2140,
'DISTANCE_ACCURACY_VALUE',
'Maximum model space distance between geometric entities at asserted c
onnectivities');
#2137=UNCERTAINTY_MEASURE_WITH_UNIT(LENGTH_MEASURE(0.01),#2140,
'DISTANCE_ACCURACY_VALUE',
'Maximum model space distance between geometric entities at asserted c
onnectivities');
#2138=(
GEOMETRIC_REPRESENTATION_CONTEXT(3)
GLOBAL_UNCERTAINTY_ASSIGNED_CONTEXT((#2136))
GLOBAL_UNIT_ASSIGNED_CONTEXT((#2140,#2142,#2143))
REPRESENTATION_CONTEXT('','3D')
);
#2139=(
GEOMETRIC_REPRESENTATION_CONTEXT(3)
GLOBAL_UNCERTAINTY_ASSIGNED_CONTEXT((#2137))
GLOBAL_UNIT_ASSIGNED_CONTEXT((#2140,#2142,#2143))
REPRESENTATION_CONTEXT('','3D')
);
#2140=(
LENGTH_UNIT()
NAMED_UNIT(*)
SI_UNIT(.MILLI.,.METRE.)
);
#2141=(
LENGTH_UNIT()
NAMED_UNIT(*)
SI_UNIT($,.METRE.)
);
#2142=(
NAMED_UNIT(*)
PLANE_ANGLE_UNIT()
SI_UNIT($,.RADIAN.)
);
#2143=(
NAMED_UNIT(*)
SI_UNIT($,.STERADIAN.)
SOLID_ANGLE_UNIT()
);
#2144=SHAPE_DEFINITION_REPRESENTATION(#2145,#2146);
#2145=PRODUCT_DEFINITION_SHAPE('',$,#2148);
#2146=SHAPE_REPRESENTATION('',(#1288),#2138);
#2147=PRODUCT_DEFINITION_CONTEXT('part definition',#2152,'design');
#2148=PRODUCT_DEFINITION('hip roll mount','hip roll mount v15',#2149,#2147);
#2149=PRODUCT_DEFINITION_FORMATION('',$,#2154);
#2150=PRODUCT_RELATED_PRODUCT_CATEGORY('hip roll mount v15',
'hip roll mount v15',(#2154));
#2151=APPLICATION_PROTOCOL_DEFINITION('international standard',
'automotive_design',2009,#2152);
#2152=APPLICATION_CONTEXT(
'Core Data for Automotive Mechanical Design Process');
#2153=PRODUCT_CONTEXT('part definition',#2152,'mechanical');
#2154=PRODUCT('hip roll mount','hip roll mount v15',$,(#2153));
#2155=PRESENTATION_STYLE_ASSIGNMENT((#2157));
#2156=PRESENTATION_STYLE_ASSIGNMENT((#2158));
#2157=SURFACE_STYLE_USAGE(.BOTH.,#2159);
#2158=SURFACE_STYLE_USAGE(.BOTH.,#2160);
#2159=SURFACE_SIDE_STYLE('',(#2161));
#2160=SURFACE_SIDE_STYLE('',(#2162));
#2161=SURFACE_STYLE_FILL_AREA(#2163);
#2162=SURFACE_STYLE_FILL_AREA(#2164);
#2163=FILL_AREA_STYLE('\X2\AC15CCA0\X0\ - \X2\C0C8D2F4\X0\',(#2165));
#2164=FILL_AREA_STYLE('ABS(\X2\D770C0C9\X0\)',(#2166));
#2165=FILL_AREA_STYLE_COLOUR('\X2\AC15CCA0\X0\ - \X2\C0C8D2F4\X0\',#2167);
#2166=FILL_AREA_STYLE_COLOUR('ABS(\X2\D770C0C9\X0\)',#2168);
#2167=COLOUR_RGB('\X2\AC15CCA0\X0\ - \X2\C0C8D2F4\X0\',0.627450980392157,
0.627450980392157,0.627450980392157);
#2168=COLOUR_RGB('ABS(\X2\D770C0C9\X0\)',0.215686274509804,0.215686274509804,
0.215686274509804);
ENDSEC;
END-ISO-10303-21;
