ISO-10303-21;
HEADER;
/* Generated by software containing ST-Developer
 * from STEP Tools, Inc. (www.steptools.com) 
 */

FILE_DESCRIPTION(
/* description */ (''),
/* implementation_level */ '2;1');

FILE_NAME(
/* name */ 'STS3215.step',
/* time_stamp */ '2026-10-07T11:35:12+09:00',
/* author */ (''),
/* organization */ (''),
/* preprocessor_version */ 'ST-DEVELOPER v20.2',
/* originating_system */ 'Autodesk Translation Framework v15.15.0.0',
/* authorisation */ '');

FILE_SCHEMA (('AUTOMOTIVE_DESIGN { 1 0 10303 214 3 1 1 }'));
ENDSEC;

DATA;
#10=MECHANICAL_DESIGN_GEOMETRIC_PRESENTATION_REPRESENTATION('',(#89,#90,
#91,#92,#93,#94,#95),#5655);
#11=ITEM_DEFINED_TRANSFORMATION($,$,#3266,#3598);
#12=ITEM_DEFINED_TRANSFORMATION($,$,#3287,#3599);
#13=ITEM_DEFINED_TRANSFORMATION($,$,#3356,#3600);
#14=(
REPRESENTATION_RELATIONSHIP($,$,#5672,#5671)
REPRESENTATION_RELATIONSHIP_WITH_TRANSFORMATION(#11)
SHAPE_REPRESENTATION_RELATIONSHIP()
);
#15=(
REPRESENTATION_RELATIONSHIP($,$,#5673,#5671)
REPRESENTATION_RELATIONSHIP_WITH_TRANSFORMATION(#12)
SHAPE_REPRESENTATION_RELATIONSHIP()
);
#16=(
REPRESENTATION_RELATIONSHIP($,$,#5674,#5671)
REPRESENTATION_RELATIONSHIP_WITH_TRANSFORMATION(#13)
SHAPE_REPRESENTATION_RELATIONSHIP()
);
#17=CONTEXT_DEPENDENT_SHAPE_REPRESENTATION(#14,#5668);
#18=CONTEXT_DEPENDENT_SHAPE_REPRESENTATION(#15,#5669);
#19=CONTEXT_DEPENDENT_SHAPE_REPRESENTATION(#16,#5670);
#20=NEXT_ASSEMBLY_USAGE_OCCURRENCE('ac2:1','ac2:1','ac2:1',#5676,#5677,
'ac2:1');
#21=NEXT_ASSEMBLY_USAGE_OCCURRENCE('ac1:1','ac1:1','ac1:1',#5676,#5678,
'ac1:1');
#22=NEXT_ASSEMBLY_USAGE_OCCURRENCE('main:1','main:1','main:1',#5676,#5679,
'main:1');
#23=TOROIDAL_SURFACE('',#3461,1.15,0.599999999999997);
#24=TOROIDAL_SURFACE('',#3555,1.15,0.599999999999997);
#25=ELLIPSE('',#3405,8.11377694082825,2.1);
#26=ELLIPSE('',#3406,8.11377694082825,2.1);
#27=ELLIPSE('',#3442,8.1137769408282,2.1);
#28=ELLIPSE('',#3443,8.1137769408282,2.1);
#29=ELLIPSE('',#3446,8.11377694082819,2.1);
#30=ELLIPSE('',#3447,8.11377694082819,2.1);
#31=ELLIPSE('',#3463,0.644159496067295,0.626701458577637);
#32=ELLIPSE('',#3464,0.639923073892478,0.623327891311033);
#33=ELLIPSE('',#3465,0.639923074482745,0.623327891799212);
#34=ELLIPSE('',#3467,0.639923072496942,0.623327890120163);
#35=ELLIPSE('',#3468,0.639923073664123,0.623327891102856);
#36=ELLIPSE('',#3469,0.644159495170468,0.626701457850225);
#37=ELLIPSE('',#3470,0.644159497970256,0.626701460032231);
#38=ELLIPSE('',#3471,0.644159495808178,0.626701458373705);
#39=ELLIPSE('',#3516,8.11377694082825,2.1);
#40=ELLIPSE('',#3517,8.11377694082825,2.1);
#41=ELLIPSE('',#3541,8.1137769408282,2.1);
#42=ELLIPSE('',#3542,8.1137769408282,2.1);
#43=ELLIPSE('',#3557,0.644159498793002,0.626701460660886);
#44=ELLIPSE('',#3558,0.644159496488636,0.626701458887331);
#45=ELLIPSE('',#3559,0.644159496488636,0.626701458887331);
#46=ELLIPSE('',#3560,0.639923070352104,0.623327888299136);
#47=ELLIPSE('',#3561,0.639923078765126,0.623327895435961);
#48=ELLIPSE('',#3563,0.639923080332834,0.623327896791251);
#49=ELLIPSE('',#3564,0.63992307644078,0.623327893493898);
#50=ELLIPSE('',#3565,0.644159498535067,0.6267014604559);
#51=(
BOUNDED_CURVE()
B_SPLINE_CURVE(2,(#4886,#4887,#4888),.UNSPECIFIED.,.F.,.F.)
B_SPLINE_CURVE_WITH_KNOTS((3,3),(-0.265773626540876,-0.108967153567037),
 .UNSPECIFIED.)
CURVE()
GEOMETRIC_REPRESENTATION_ITEM()
RATIONAL_B_SPLINE_CURVE((1.00049497642858,1.00073544400637,1.00051985841408))
REPRESENTATION_ITEM('')
);
#52=(
BOUNDED_CURVE()
B_SPLINE_CURVE(2,(#4954,#4955,#4956),.UNSPECIFIED.,.F.,.F.)
B_SPLINE_CURVE_WITH_KNOTS((3,3),(-0.210947960810367,-0.0982864458977341),
 .UNSPECIFIED.)
CURVE()
GEOMETRIC_REPRESENTATION_ITEM()
RATIONAL_B_SPLINE_CURVE((1.00132469093856,1.00124104178976,1.00086889585413))
REPRESENTATION_ITEM('')
);
#53=(
BOUNDED_CURVE()
B_SPLINE_CURVE(2,(#4960,#4961,#4962),.UNSPECIFIED.,.F.,.F.)
B_SPLINE_CURVE_WITH_KNOTS((3,3),(0.215302309472917,0.373564347411995),
 .UNSPECIFIED.)
CURVE()
GEOMETRIC_REPRESENTATION_ITEM()
RATIONAL_B_SPLINE_CURVE((1.,1.,1.))
REPRESENTATION_ITEM('')
);
#54=(
BOUNDED_CURVE()
B_SPLINE_CURVE(2,(#4966,#4967,#4968),.UNSPECIFIED.,.F.,.F.)
B_SPLINE_CURVE_WITH_KNOTS((3,3),(-0.266002292015088,-0.107740254076011),
 .UNSPECIFIED.)
CURVE()
GEOMETRIC_REPRESENTATION_ITEM()
RATIONAL_B_SPLINE_CURVE((1.,1.,1.))
REPRESENTATION_ITEM('')
);
#55=(
BOUNDED_CURVE()
B_SPLINE_CURVE(2,(#4972,#4973,#4974),.UNSPECIFIED.,.F.,.F.)
B_SPLINE_CURVE_WITH_KNOTS((3,3),(0.276279987061036,0.388941501973679),
 .UNSPECIFIED.)
CURVE()
GEOMETRIC_REPRESENTATION_ITEM()
RATIONAL_B_SPLINE_CURVE((1.00132469093854,1.00124104178974,1.00086889585412))
REPRESENTATION_ITEM('')
);
#56=(
BOUNDED_CURVE()
B_SPLINE_CURVE(2,(#5360,#5361,#5362),.UNSPECIFIED.,.F.,.F.)
B_SPLINE_CURVE_WITH_KNOTS((3,3),(0.100411887116274,0.257218360090125),
 .UNSPECIFIED.)
CURVE()
GEOMETRIC_REPRESENTATION_ITEM()
RATIONAL_B_SPLINE_CURVE((1.00049497642863,1.00073544400644,1.00051985841413))
REPRESENTATION_ITEM('')
);
#57=B_SPLINE_CURVE_WITH_KNOTS('',3,(#4759,#4760,#4761,#4762),
 .UNSPECIFIED.,.F.,.F.,(4,4),(0.533615524567073,1.),.UNSPECIFIED.);
#58=B_SPLINE_CURVE_WITH_KNOTS('',3,(#4766,#4767,#4768,#4769),
 .UNSPECIFIED.,.F.,.F.,(4,4),(0.533615524566944,1.),.UNSPECIFIED.);
#59=B_SPLINE_CURVE_WITH_KNOTS('',3,(#4770,#4771,#4772,#4773),
 .UNSPECIFIED.,.F.,.F.,(4,4),(0.290349875855344,0.533615524566931),
 .UNSPECIFIED.);
#60=B_SPLINE_CURVE_WITH_KNOTS('',3,(#4774,#4775,#4776,#4777),
 .UNSPECIFIED.,.F.,.F.,(4,4),(0.290349875855344,0.533615524567062),
 .UNSPECIFIED.);
#61=B_SPLINE_CURVE_WITH_KNOTS('',3,(#4892,#4893,#4894,#4895),
 .UNSPECIFIED.,.F.,.F.,(4,4),(0.0135740788421205,0.0151563522676186),
 .UNSPECIFIED.);
#62=B_SPLINE_CURVE_WITH_KNOTS('',3,(#5167,#5168,#5169,#5170,#5171,#5172,
#5173,#5174,#5175,#5176),.UNSPECIFIED.,.F.,.F.,(4,2,2,2,4),(0.401730065495596,
0.483227994609625,0.564725923723653,0.625459082787614,0.686192241851574),
 .UNSPECIFIED.);
#63=B_SPLINE_CURVE_WITH_KNOTS('',3,(#5212,#5213,#5214,#5215),
 .UNSPECIFIED.,.F.,.F.,(4,4),(-0.0239596403040379,0.),.UNSPECIFIED.);
#64=B_SPLINE_CURVE_WITH_KNOTS('',3,(#5220,#5221,#5222,#5223,#5224,#5225,
#5226),.UNSPECIFIED.,.F.,.F.,(4,3,4),(-0.0239596403040126,0.,0.0239596403040135),
 .UNSPECIFIED.);
#65=B_SPLINE_CURVE_WITH_KNOTS('',3,(#5234,#5235,#5236,#5237,#5238,#5239,
#5240),.UNSPECIFIED.,.F.,.F.,(4,3,4),(-0.0239596403040131,0.,0.0239596403040168),
 .UNSPECIFIED.);
#66=B_SPLINE_CURVE_WITH_KNOTS('',3,(#5245,#5246,#5247,#5248,#5249,#5250,
#5251),.UNSPECIFIED.,.F.,.F.,(4,3,4),(-0.0239596403040166,0.,0.0239596403040167),
 .UNSPECIFIED.);
#67=B_SPLINE_CURVE_WITH_KNOTS('',3,(#5255,#5256,#5257,#5258),
 .UNSPECIFIED.,.F.,.F.,(4,4),(0.,0.0239596403040381),.UNSPECIFIED.);
#68=B_SPLINE_CURVE_WITH_KNOTS('',3,(#5363,#5364,#5365,#5366),
 .UNSPECIFIED.,.F.,.F.,(4,4),(0.0135740788421205,0.0151563522676186),
 .UNSPECIFIED.);
#69=B_SPLINE_CURVE_WITH_KNOTS('',3,(#5464,#5465,#5466,#5467,#5468,#5469,
#5470,#5471,#5472,#5473),.UNSPECIFIED.,.F.,.F.,(4,2,2,2,4),(-1.02675398386487,
-0.945256054750838,-0.863758125636809,-0.803024966572849,-0.742291807508889),
 .UNSPECIFIED.);
#70=B_SPLINE_CURVE_WITH_KNOTS('',3,(#5497,#5498,#5499,#5500),
 .UNSPECIFIED.,.F.,.F.,(4,4),(-0.023959640304039,0.),.UNSPECIFIED.);
#71=B_SPLINE_CURVE_WITH_KNOTS('',3,(#5505,#5506,#5507,#5508,#5509,#5510,
#5511),.UNSPECIFIED.,.F.,.F.,(4,3,4),(0.567752564247122,0.591712204551138,
0.615671844855155),.UNSPECIFIED.);
#72=B_SPLINE_CURVE_WITH_KNOTS('',3,(#5516,#5517,#5518,#5519,#5520,#5521,
#5522),.UNSPECIFIED.,.F.,.F.,(4,3,4),(0.567752564247126,0.59171220455114,
0.615671844855157),.UNSPECIFIED.);
#73=B_SPLINE_CURVE_WITH_KNOTS('',3,(#5530,#5531,#5532,#5533,#5534,#5535,
#5536),.UNSPECIFIED.,.F.,.F.,(4,3,4),(0.567752564247129,0.591712204551143,
0.615671844855156),.UNSPECIFIED.);
#74=B_SPLINE_CURVE_WITH_KNOTS('',3,(#5540,#5541,#5542,#5543),
 .UNSPECIFIED.,.F.,.F.,(4,4),(0.,0.023959640304038),.UNSPECIFIED.);
#75=(
BOUNDED_SURFACE()
B_SPLINE_SURFACE(3,2,((#4721,#4722,#4723,#4724,#4725,#4726,#4727,#4728,
#4729),(#4730,#4731,#4732,#4733,#4734,#4735,#4736,#4737,#4738),(#4739,#4740,
#4741,#4742,#4743,#4744,#4745,#4746,#4747),(#4748,#4749,#4750,#4751,#4752,
#4753,#4754,#4755,#4756)),.UNSPECIFIED.,.F.,.T.,.F.)
B_SPLINE_SURFACE_WITH_KNOTS((4,4),(3,2,2,2,3),(0.290349875855344,1.),(-6.28318530717959,
-4.71238898038469,-3.1415926535898,-1.5707963267949,0.),.UNSPECIFIED.)
GEOMETRIC_REPRESENTATION_ITEM()
RATIONAL_B_SPLINE_SURFACE(((1.,0.707106781186548,1.,0.707106781186548,1.,
0.707106781186548,1.,0.707106781186548,1.),(1.,0.707106781186548,1.,0.707106781186548,
1.,0.707106781186548,1.,0.707106781186548,1.),(1.,0.707106781186548,1.,
0.707106781186548,1.,0.707106781186548,1.,0.707106781186548,1.),(1.,0.707106781186548,
1.,0.707106781186548,1.,0.707106781186548,1.,0.707106781186548,1.)))
REPRESENTATION_ITEM('')
SURFACE()
);
#76=(
BOUNDED_SURFACE()
B_SPLINE_SURFACE(3,2,((#4778,#4779,#4780,#4781,#4782,#4783,#4784,#4785,
#4786),(#4787,#4788,#4789,#4790,#4791,#4792,#4793,#4794,#4795),(#4796,#4797,
#4798,#4799,#4800,#4801,#4802,#4803,#4804),(#4805,#4806,#4807,#4808,#4809,
#4810,#4811,#4812,#4813)),.UNSPECIFIED.,.F.,.T.,.F.)
B_SPLINE_SURFACE_WITH_KNOTS((4,4),(3,2,2,2,3),(0.290349875855344,1.),(0.,
1.5707963267949,3.14159265358979,4.71238898038469,6.28318530717959),
 .UNSPECIFIED.)
GEOMETRIC_REPRESENTATION_ITEM()
RATIONAL_B_SPLINE_SURFACE(((1.,0.707106781186548,1.,0.707106781186548,1.,
0.707106781186548,1.,0.707106781186548,1.),(1.,0.707106781186548,1.,0.707106781186548,
1.,0.707106781186548,1.,0.707106781186548,1.),(1.,0.707106781186548,1.,
0.707106781186548,1.,0.707106781186548,1.,0.707106781186548,1.),(1.,0.707106781186548,
1.,0.707106781186548,1.,0.707106781186548,1.,0.707106781186548,1.)))
REPRESENTATION_ITEM('')
SURFACE()
);
#77=CONICAL_SURFACE('',#3288,1.4135,0.785398163397448);
#78=CONICAL_SURFACE('',#3367,11.3,0.261799387799147);
#79=CONICAL_SURFACE('',#3379,11.3,0.261799387799147);
#80=CONICAL_SURFACE('',#3444,2.,0.261799387799148);
#81=CONICAL_SURFACE('',#3498,11.3,0.261799387799147);
#82=CONICAL_SURFACE('',#3543,2.,0.261799387799148);
#83=SHAPE_REPRESENTATION_RELATIONSHIP('SRR','None',#5672,#86);
#84=SHAPE_REPRESENTATION_RELATIONSHIP('SRR','None',#5673,#87);
#85=SHAPE_REPRESENTATION_RELATIONSHIP('SRR','None',#5674,#88);
#86=ADVANCED_BREP_SHAPE_REPRESENTATION('',(#96),#5652);
#87=ADVANCED_BREP_SHAPE_REPRESENTATION('',(#97),#5653);
#88=ADVANCED_BREP_SHAPE_REPRESENTATION('',(#98),#5654);
#89=STYLED_ITEM('',(#5696),#96);
#90=STYLED_ITEM('',(#5696),#97);
#91=STYLED_ITEM('',(#5698),#3087);
#92=STYLED_ITEM('',(#5698),#3088);
#93=STYLED_ITEM('',(#5698),#3223);
#94=STYLED_ITEM('',(#5698),#3226);
#95=STYLED_ITEM('',(#5697),#98);
#96=MANIFOLD_SOLID_BREP('ac2',#3228);
#97=MANIFOLD_SOLID_BREP('ac1',#3229);
#98=MANIFOLD_SOLID_BREP('main',#3230);
#99=FACE_BOUND('',#468,.T.);
#100=FACE_BOUND('',#469,.T.);
#101=FACE_BOUND('',#470,.T.);
#102=FACE_BOUND('',#471,.T.);
#103=FACE_BOUND('',#472,.T.);
#104=FACE_BOUND('',#478,.T.);
#105=FACE_BOUND('',#479,.T.);
#106=FACE_BOUND('',#480,.T.);
#107=FACE_BOUND('',#481,.T.);
#108=FACE_BOUND('',#482,.T.);
#109=FACE_BOUND('',#487,.T.);
#110=FACE_BOUND('',#518,.T.);
#111=FACE_BOUND('',#520,.T.);
#112=FACE_BOUND('',#521,.T.);
#113=FACE_BOUND('',#522,.T.);
#114=FACE_BOUND('',#523,.T.);
#115=FACE_BOUND('',#524,.T.);
#116=FACE_BOUND('',#531,.T.);
#117=FACE_BOUND('',#532,.T.);
#118=FACE_BOUND('',#533,.T.);
#119=FACE_BOUND('',#534,.T.);
#120=FACE_BOUND('',#535,.T.);
#121=FACE_BOUND('',#557,.T.);
#122=FACE_BOUND('',#559,.T.);
#123=FACE_BOUND('',#560,.T.);
#124=FACE_BOUND('',#561,.T.);
#125=FACE_BOUND('',#562,.T.);
#126=FACE_BOUND('',#563,.T.);
#127=FACE_BOUND('',#564,.T.);
#128=FACE_BOUND('',#565,.T.);
#129=FACE_BOUND('',#572,.T.);
#130=FACE_BOUND('',#573,.T.);
#131=FACE_BOUND('',#581,.T.);
#132=FACE_BOUND('',#582,.T.);
#133=FACE_BOUND('',#583,.T.);
#134=FACE_BOUND('',#584,.T.);
#135=FACE_BOUND('',#639,.T.);
#136=FACE_BOUND('',#645,.T.);
#137=FACE_BOUND('',#646,.T.);
#138=FACE_BOUND('',#688,.T.);
#139=FACE_BOUND('',#691,.T.);
#140=FACE_BOUND('',#696,.T.);
#141=PLANE('',#3273);
#142=PLANE('',#3286);
#143=PLANE('',#3293);
#144=PLANE('',#3294);
#145=PLANE('',#3296);
#146=PLANE('',#3297);
#147=PLANE('',#3298);
#148=PLANE('',#3299);
#149=PLANE('',#3300);
#150=PLANE('',#3301);
#151=PLANE('',#3302);
#152=PLANE('',#3303);
#153=PLANE('',#3304);
#154=PLANE('',#3305);
#155=PLANE('',#3306);
#156=PLANE('',#3307);
#157=PLANE('',#3308);
#158=PLANE('',#3309);
#159=PLANE('',#3310);
#160=PLANE('',#3311);
#161=PLANE('',#3312);
#162=PLANE('',#3313);
#163=PLANE('',#3316);
#164=PLANE('',#3319);
#165=PLANE('',#3321);
#166=PLANE('',#3323);
#167=PLANE('',#3325);
#168=PLANE('',#3327);
#169=PLANE('',#3329);
#170=PLANE('',#3338);
#171=PLANE('',#3339);
#172=PLANE('',#3355);
#173=PLANE('',#3360);
#174=PLANE('',#3361);
#175=PLANE('',#3363);
#176=PLANE('',#3365);
#177=PLANE('',#3370);
#178=PLANE('',#3371);
#179=PLANE('',#3375);
#180=PLANE('',#3376);
#181=PLANE('',#3377);
#182=PLANE('',#3378);
#183=PLANE('',#3384);
#184=PLANE('',#3385);
#185=PLANE('',#3386);
#186=PLANE('',#3387);
#187=PLANE('',#3388);
#188=PLANE('',#3392);
#189=PLANE('',#3394);
#190=PLANE('',#3403);
#191=PLANE('',#3404);
#192=PLANE('',#3407);
#193=PLANE('',#3412);
#194=PLANE('',#3415);
#195=PLANE('',#3416);
#196=PLANE('',#3419);
#197=PLANE('',#3422);
#198=PLANE('',#3423);
#199=PLANE('',#3433);
#200=PLANE('',#3434);
#201=PLANE('',#3435);
#202=PLANE('',#3438);
#203=PLANE('',#3441);
#204=PLANE('',#3445);
#205=PLANE('',#3448);
#206=PLANE('',#3449);
#207=PLANE('',#3452);
#208=PLANE('',#3455);
#209=PLANE('',#3458);
#210=PLANE('',#3472);
#211=PLANE('',#3473);
#212=PLANE('',#3474);
#213=PLANE('',#3475);
#214=PLANE('',#3476);
#215=PLANE('',#3477);
#216=PLANE('',#3478);
#217=PLANE('',#3479);
#218=PLANE('',#3480);
#219=PLANE('',#3481);
#220=PLANE('',#3482);
#221=PLANE('',#3483);
#222=PLANE('',#3484);
#223=PLANE('',#3485);
#224=PLANE('',#3486);
#225=PLANE('',#3487);
#226=PLANE('',#3488);
#227=PLANE('',#3489);
#228=PLANE('',#3492);
#229=PLANE('',#3494);
#230=PLANE('',#3496);
#231=PLANE('',#3499);
#232=PLANE('',#3503);
#233=PLANE('',#3504);
#234=PLANE('',#3505);
#235=PLANE('',#3506);
#236=PLANE('',#3507);
#237=PLANE('',#3508);
#238=PLANE('',#3509);
#239=PLANE('',#3513);
#240=PLANE('',#3515);
#241=PLANE('',#3518);
#242=PLANE('',#3523);
#243=PLANE('',#3526);
#244=PLANE('',#3527);
#245=PLANE('',#3530);
#246=PLANE('',#3533);
#247=PLANE('',#3534);
#248=PLANE('',#3537);
#249=PLANE('',#3540);
#250=PLANE('',#3546);
#251=PLANE('',#3549);
#252=PLANE('',#3552);
#253=PLANE('',#3566);
#254=PLANE('',#3567);
#255=PLANE('',#3568);
#256=PLANE('',#3569);
#257=PLANE('',#3570);
#258=PLANE('',#3571);
#259=PLANE('',#3572);
#260=PLANE('',#3573);
#261=PLANE('',#3574);
#262=PLANE('',#3575);
#263=PLANE('',#3576);
#264=PLANE('',#3577);
#265=PLANE('',#3578);
#266=PLANE('',#3579);
#267=PLANE('',#3580);
#268=PLANE('',#3581);
#269=PLANE('',#3582);
#270=PLANE('',#3583);
#271=PLANE('',#3586);
#272=PLANE('',#3590);
#273=PLANE('',#3592);
#274=PLANE('',#3597);
#275=FACE_OUTER_BOUND('',#465,.T.);
#276=FACE_OUTER_BOUND('',#466,.T.);
#277=FACE_OUTER_BOUND('',#467,.T.);
#278=FACE_OUTER_BOUND('',#473,.T.);
#279=FACE_OUTER_BOUND('',#474,.T.);
#280=FACE_OUTER_BOUND('',#475,.T.);
#281=FACE_OUTER_BOUND('',#476,.T.);
#282=FACE_OUTER_BOUND('',#477,.T.);
#283=FACE_OUTER_BOUND('',#483,.T.);
#284=FACE_OUTER_BOUND('',#484,.T.);
#285=FACE_OUTER_BOUND('',#485,.T.);
#286=FACE_OUTER_BOUND('',#486,.T.);
#287=FACE_OUTER_BOUND('',#488,.T.);
#288=FACE_OUTER_BOUND('',#489,.T.);
#289=FACE_OUTER_BOUND('',#490,.T.);
#290=FACE_OUTER_BOUND('',#491,.T.);
#291=FACE_OUTER_BOUND('',#492,.T.);
#292=FACE_OUTER_BOUND('',#493,.T.);
#293=FACE_OUTER_BOUND('',#494,.T.);
#294=FACE_OUTER_BOUND('',#495,.T.);
#295=FACE_OUTER_BOUND('',#496,.T.);
#296=FACE_OUTER_BOUND('',#497,.T.);
#297=FACE_OUTER_BOUND('',#498,.T.);
#298=FACE_OUTER_BOUND('',#499,.T.);
#299=FACE_OUTER_BOUND('',#500,.T.);
#300=FACE_OUTER_BOUND('',#501,.T.);
#301=FACE_OUTER_BOUND('',#502,.T.);
#302=FACE_OUTER_BOUND('',#503,.T.);
#303=FACE_OUTER_BOUND('',#504,.T.);
#304=FACE_OUTER_BOUND('',#505,.T.);
#305=FACE_OUTER_BOUND('',#506,.T.);
#306=FACE_OUTER_BOUND('',#507,.T.);
#307=FACE_OUTER_BOUND('',#508,.T.);
#308=FACE_OUTER_BOUND('',#509,.T.);
#309=FACE_OUTER_BOUND('',#510,.T.);
#310=FACE_OUTER_BOUND('',#511,.T.);
#311=FACE_OUTER_BOUND('',#512,.T.);
#312=FACE_OUTER_BOUND('',#513,.T.);
#313=FACE_OUTER_BOUND('',#514,.T.);
#314=FACE_OUTER_BOUND('',#515,.T.);
#315=FACE_OUTER_BOUND('',#516,.T.);
#316=FACE_OUTER_BOUND('',#517,.T.);
#317=FACE_OUTER_BOUND('',#519,.T.);
#318=FACE_OUTER_BOUND('',#525,.T.);
#319=FACE_OUTER_BOUND('',#526,.T.);
#320=FACE_OUTER_BOUND('',#527,.T.);
#321=FACE_OUTER_BOUND('',#528,.T.);
#322=FACE_OUTER_BOUND('',#529,.T.);
#323=FACE_OUTER_BOUND('',#530,.T.);
#324=FACE_OUTER_BOUND('',#536,.T.);
#325=FACE_OUTER_BOUND('',#537,.T.);
#326=FACE_OUTER_BOUND('',#538,.T.);
#327=FACE_OUTER_BOUND('',#539,.T.);
#328=FACE_OUTER_BOUND('',#540,.T.);
#329=FACE_OUTER_BOUND('',#541,.T.);
#330=FACE_OUTER_BOUND('',#542,.T.);
#331=FACE_OUTER_BOUND('',#543,.T.);
#332=FACE_OUTER_BOUND('',#544,.T.);
#333=FACE_OUTER_BOUND('',#545,.T.);
#334=FACE_OUTER_BOUND('',#546,.T.);
#335=FACE_OUTER_BOUND('',#547,.T.);
#336=FACE_OUTER_BOUND('',#548,.T.);
#337=FACE_OUTER_BOUND('',#549,.T.);
#338=FACE_OUTER_BOUND('',#550,.T.);
#339=FACE_OUTER_BOUND('',#551,.T.);
#340=FACE_OUTER_BOUND('',#552,.T.);
#341=FACE_OUTER_BOUND('',#553,.T.);
#342=FACE_OUTER_BOUND('',#554,.T.);
#343=FACE_OUTER_BOUND('',#555,.T.);
#344=FACE_OUTER_BOUND('',#556,.T.);
#345=FACE_OUTER_BOUND('',#558,.T.);
#346=FACE_OUTER_BOUND('',#566,.T.);
#347=FACE_OUTER_BOUND('',#567,.T.);
#348=FACE_OUTER_BOUND('',#568,.T.);
#349=FACE_OUTER_BOUND('',#569,.T.);
#350=FACE_OUTER_BOUND('',#570,.T.);
#351=FACE_OUTER_BOUND('',#571,.T.);
#352=FACE_OUTER_BOUND('',#574,.T.);
#353=FACE_OUTER_BOUND('',#575,.T.);
#354=FACE_OUTER_BOUND('',#576,.T.);
#355=FACE_OUTER_BOUND('',#577,.T.);
#356=FACE_OUTER_BOUND('',#578,.T.);
#357=FACE_OUTER_BOUND('',#579,.T.);
#358=FACE_OUTER_BOUND('',#580,.T.);
#359=FACE_OUTER_BOUND('',#585,.T.);
#360=FACE_OUTER_BOUND('',#586,.T.);
#361=FACE_OUTER_BOUND('',#587,.T.);
#362=FACE_OUTER_BOUND('',#588,.T.);
#363=FACE_OUTER_BOUND('',#589,.T.);
#364=FACE_OUTER_BOUND('',#590,.T.);
#365=FACE_OUTER_BOUND('',#591,.T.);
#366=FACE_OUTER_BOUND('',#592,.T.);
#367=FACE_OUTER_BOUND('',#593,.T.);
#368=FACE_OUTER_BOUND('',#594,.T.);
#369=FACE_OUTER_BOUND('',#595,.T.);
#370=FACE_OUTER_BOUND('',#596,.T.);
#371=FACE_OUTER_BOUND('',#597,.T.);
#372=FACE_OUTER_BOUND('',#598,.T.);
#373=FACE_OUTER_BOUND('',#599,.T.);
#374=FACE_OUTER_BOUND('',#600,.T.);
#375=FACE_OUTER_BOUND('',#601,.T.);
#376=FACE_OUTER_BOUND('',#602,.T.);
#377=FACE_OUTER_BOUND('',#603,.T.);
#378=FACE_OUTER_BOUND('',#604,.T.);
#379=FACE_OUTER_BOUND('',#605,.T.);
#380=FACE_OUTER_BOUND('',#606,.T.);
#381=FACE_OUTER_BOUND('',#607,.T.);
#382=FACE_OUTER_BOUND('',#608,.T.);
#383=FACE_OUTER_BOUND('',#609,.T.);
#384=FACE_OUTER_BOUND('',#610,.T.);
#385=FACE_OUTER_BOUND('',#611,.T.);
#386=FACE_OUTER_BOUND('',#612,.T.);
#387=FACE_OUTER_BOUND('',#613,.T.);
#388=FACE_OUTER_BOUND('',#614,.T.);
#389=FACE_OUTER_BOUND('',#615,.T.);
#390=FACE_OUTER_BOUND('',#616,.T.);
#391=FACE_OUTER_BOUND('',#617,.T.);
#392=FACE_OUTER_BOUND('',#618,.T.);
#393=FACE_OUTER_BOUND('',#619,.T.);
#394=FACE_OUTER_BOUND('',#620,.T.);
#395=FACE_OUTER_BOUND('',#621,.T.);
#396=FACE_OUTER_BOUND('',#622,.T.);
#397=FACE_OUTER_BOUND('',#623,.T.);
#398=FACE_OUTER_BOUND('',#624,.T.);
#399=FACE_OUTER_BOUND('',#625,.T.);
#400=FACE_OUTER_BOUND('',#626,.T.);
#401=FACE_OUTER_BOUND('',#627,.T.);
#402=FACE_OUTER_BOUND('',#628,.T.);
#403=FACE_OUTER_BOUND('',#629,.T.);
#404=FACE_OUTER_BOUND('',#630,.T.);
#405=FACE_OUTER_BOUND('',#631,.T.);
#406=FACE_OUTER_BOUND('',#632,.T.);
#407=FACE_OUTER_BOUND('',#633,.T.);
#408=FACE_OUTER_BOUND('',#634,.T.);
#409=FACE_OUTER_BOUND('',#635,.T.);
#410=FACE_OUTER_BOUND('',#636,.T.);
#411=FACE_OUTER_BOUND('',#637,.T.);
#412=FACE_OUTER_BOUND('',#638,.T.);
#413=FACE_OUTER_BOUND('',#640,.T.);
#414=FACE_OUTER_BOUND('',#641,.T.);
#415=FACE_OUTER_BOUND('',#642,.T.);
#416=FACE_OUTER_BOUND('',#643,.T.);
#417=FACE_OUTER_BOUND('',#644,.T.);
#418=FACE_OUTER_BOUND('',#647,.T.);
#419=FACE_OUTER_BOUND('',#648,.T.);
#420=FACE_OUTER_BOUND('',#649,.T.);
#421=FACE_OUTER_BOUND('',#650,.T.);
#422=FACE_OUTER_BOUND('',#651,.T.);
#423=FACE_OUTER_BOUND('',#652,.T.);
#424=FACE_OUTER_BOUND('',#653,.T.);
#425=FACE_OUTER_BOUND('',#654,.T.);
#426=FACE_OUTER_BOUND('',#655,.T.);
#427=FACE_OUTER_BOUND('',#656,.T.);
#428=FACE_OUTER_BOUND('',#657,.T.);
#429=FACE_OUTER_BOUND('',#658,.T.);
#430=FACE_OUTER_BOUND('',#659,.T.);
#431=FACE_OUTER_BOUND('',#660,.T.);
#432=FACE_OUTER_BOUND('',#661,.T.);
#433=FACE_OUTER_BOUND('',#662,.T.);
#434=FACE_OUTER_BOUND('',#663,.T.);
#435=FACE_OUTER_BOUND('',#664,.T.);
#436=FACE_OUTER_BOUND('',#665,.T.);
#437=FACE_OUTER_BOUND('',#666,.T.);
#438=FACE_OUTER_BOUND('',#667,.T.);
#439=FACE_OUTER_BOUND('',#668,.T.);
#440=FACE_OUTER_BOUND('',#669,.T.);
#441=FACE_OUTER_BOUND('',#670,.T.);
#442=FACE_OUTER_BOUND('',#671,.T.);
#443=FACE_OUTER_BOUND('',#672,.T.);
#444=FACE_OUTER_BOUND('',#673,.T.);
#445=FACE_OUTER_BOUND('',#674,.T.);
#446=FACE_OUTER_BOUND('',#675,.T.);
#447=FACE_OUTER_BOUND('',#676,.T.);
#448=FACE_OUTER_BOUND('',#677,.T.);
#449=FACE_OUTER_BOUND('',#678,.T.);
#450=FACE_OUTER_BOUND('',#679,.T.);
#451=FACE_OUTER_BOUND('',#680,.T.);
#452=FACE_OUTER_BOUND('',#681,.T.);
#453=FACE_OUTER_BOUND('',#682,.T.);
#454=FACE_OUTER_BOUND('',#683,.T.);
#455=FACE_OUTER_BOUND('',#684,.T.);
#456=FACE_OUTER_BOUND('',#685,.T.);
#457=FACE_OUTER_BOUND('',#686,.T.);
#458=FACE_OUTER_BOUND('',#687,.T.);
#459=FACE_OUTER_BOUND('',#689,.T.);
#460=FACE_OUTER_BOUND('',#690,.T.);
#461=FACE_OUTER_BOUND('',#692,.T.);
#462=FACE_OUTER_BOUND('',#693,.T.);
#463=FACE_OUTER_BOUND('',#694,.T.);
#464=FACE_OUTER_BOUND('',#695,.T.);
#465=EDGE_LOOP('',(#2102,#2103,#2104,#2105));
#466=EDGE_LOOP('',(#2106,#2107,#2108,#2109));
#467=EDGE_LOOP('',(#2110));
#468=EDGE_LOOP('',(#2111));
#469=EDGE_LOOP('',(#2112));
#470=EDGE_LOOP('',(#2113));
#471=EDGE_LOOP('',(#2114));
#472=EDGE_LOOP('',(#2115));
#473=EDGE_LOOP('',(#2116,#2117,#2118,#2119));
#474=EDGE_LOOP('',(#2120,#2121,#2122,#2123));
#475=EDGE_LOOP('',(#2124,#2125,#2126,#2127));
#476=EDGE_LOOP('',(#2128,#2129,#2130,#2131));
#477=EDGE_LOOP('',(#2132));
#478=EDGE_LOOP('',(#2133));
#479=EDGE_LOOP('',(#2134));
#480=EDGE_LOOP('',(#2135));
#481=EDGE_LOOP('',(#2136));
#482=EDGE_LOOP('',(#2137));
#483=EDGE_LOOP('',(#2138,#2139,#2140,#2141));
#484=EDGE_LOOP('',(#2142,#2143,#2144,#2145));
#485=EDGE_LOOP('',(#2146));
#486=EDGE_LOOP('',(#2147));
#487=EDGE_LOOP('',(#2148));
#488=EDGE_LOOP('',(#2149,#2150,#2151,#2152,#2153,#2154));
#489=EDGE_LOOP('',(#2155,#2156,#2157,#2158,#2159,#2160));
#490=EDGE_LOOP('',(#2161,#2162,#2163,#2164,#2165,#2166));
#491=EDGE_LOOP('',(#2167,#2168,#2169,#2170,#2171,#2172));
#492=EDGE_LOOP('',(#2173,#2174,#2175,#2176));
#493=EDGE_LOOP('',(#2177,#2178,#2179,#2180));
#494=EDGE_LOOP('',(#2181,#2182,#2183,#2184));
#495=EDGE_LOOP('',(#2185,#2186,#2187,#2188));
#496=EDGE_LOOP('',(#2189,#2190,#2191,#2192));
#497=EDGE_LOOP('',(#2193,#2194,#2195,#2196));
#498=EDGE_LOOP('',(#2197,#2198,#2199,#2200));
#499=EDGE_LOOP('',(#2201,#2202,#2203,#2204));
#500=EDGE_LOOP('',(#2205,#2206,#2207,#2208));
#501=EDGE_LOOP('',(#2209,#2210,#2211,#2212));
#502=EDGE_LOOP('',(#2213,#2214,#2215,#2216));
#503=EDGE_LOOP('',(#2217,#2218,#2219,#2220));
#504=EDGE_LOOP('',(#2221,#2222,#2223,#2224));
#505=EDGE_LOOP('',(#2225,#2226,#2227));
#506=EDGE_LOOP('',(#2228,#2229,#2230));
#507=EDGE_LOOP('',(#2231,#2232,#2233));
#508=EDGE_LOOP('',(#2234,#2235));
#509=EDGE_LOOP('',(#2236,#2237,#2238));
#510=EDGE_LOOP('',(#2239,#2240,#2241));
#511=EDGE_LOOP('',(#2242,#2243));
#512=EDGE_LOOP('',(#2244,#2245,#2246));
#513=EDGE_LOOP('',(#2247,#2248,#2249,#2250));
#514=EDGE_LOOP('',(#2251,#2252,#2253,#2254,#2255,#2256,#2257,#2258,#2259,
#2260));
#515=EDGE_LOOP('',(#2261,#2262,#2263,#2264,#2265,#2266,#2267,#2268,#2269,
#2270));
#516=EDGE_LOOP('',(#2271,#2272,#2273,#2274));
#517=EDGE_LOOP('',(#2275));
#518=EDGE_LOOP('',(#2276));
#519=EDGE_LOOP('',(#2277));
#520=EDGE_LOOP('',(#2278));
#521=EDGE_LOOP('',(#2279));
#522=EDGE_LOOP('',(#2280,#2281));
#523=EDGE_LOOP('',(#2282));
#524=EDGE_LOOP('',(#2283));
#525=EDGE_LOOP('',(#2284,#2285,#2286,#2287));
#526=EDGE_LOOP('',(#2288,#2289,#2290,#2291));
#527=EDGE_LOOP('',(#2292,#2293,#2294,#2295));
#528=EDGE_LOOP('',(#2296,#2297,#2298,#2299));
#529=EDGE_LOOP('',(#2300,#2301,#2302,#2303));
#530=EDGE_LOOP('',(#2304));
#531=EDGE_LOOP('',(#2305));
#532=EDGE_LOOP('',(#2306));
#533=EDGE_LOOP('',(#2307));
#534=EDGE_LOOP('',(#2308));
#535=EDGE_LOOP('',(#2309));
#536=EDGE_LOOP('',(#2310,#2311,#2312,#2313));
#537=EDGE_LOOP('',(#2314));
#538=EDGE_LOOP('',(#2315,#2316,#2317));
#539=EDGE_LOOP('',(#2318,#2319,#2320));
#540=EDGE_LOOP('',(#2321,#2322,#2323));
#541=EDGE_LOOP('',(#2324,#2325,#2326,#2327));
#542=EDGE_LOOP('',(#2328,#2329,#2330,#2331,#2332,#2333));
#543=EDGE_LOOP('',(#2334,#2335,#2336,#2337,#2338,#2339,#2340));
#544=EDGE_LOOP('',(#2341,#2342,#2343,#2344));
#545=EDGE_LOOP('',(#2345,#2346,#2347,#2348));
#546=EDGE_LOOP('',(#2349,#2350,#2351,#2352));
#547=EDGE_LOOP('',(#2353,#2354,#2355,#2356));
#548=EDGE_LOOP('',(#2357,#2358,#2359,#2360));
#549=EDGE_LOOP('',(#2361,#2362,#2363,#2364,#2365,#2366,#2367,#2368));
#550=EDGE_LOOP('',(#2369,#2370,#2371,#2372));
#551=EDGE_LOOP('',(#2373,#2374,#2375,#2376));
#552=EDGE_LOOP('',(#2377,#2378,#2379,#2380));
#553=EDGE_LOOP('',(#2381,#2382,#2383,#2384));
#554=EDGE_LOOP('',(#2385,#2386,#2387,#2388));
#555=EDGE_LOOP('',(#2389,#2390,#2391,#2392));
#556=EDGE_LOOP('',(#2393,#2394,#2395,#2396,#2397,#2398));
#557=EDGE_LOOP('',(#2399));
#558=EDGE_LOOP('',(#2400,#2401,#2402,#2403,#2404,#2405,#2406,#2407,#2408,
#2409,#2410,#2411,#2412,#2413,#2414,#2415));
#559=EDGE_LOOP('',(#2416));
#560=EDGE_LOOP('',(#2417));
#561=EDGE_LOOP('',(#2418));
#562=EDGE_LOOP('',(#2419));
#563=EDGE_LOOP('',(#2420));
#564=EDGE_LOOP('',(#2421));
#565=EDGE_LOOP('',(#2422));
#566=EDGE_LOOP('',(#2423,#2424,#2425,#2426,#2427,#2428,#2429,#2430));
#567=EDGE_LOOP('',(#2431,#2432,#2433,#2434,#2435,#2436,#2437,#2438));
#568=EDGE_LOOP('',(#2439,#2440,#2441,#2442));
#569=EDGE_LOOP('',(#2443,#2444));
#570=EDGE_LOOP('',(#2445,#2446));
#571=EDGE_LOOP('',(#2447,#2448,#2449,#2450,#2451,#2452,#2453,#2454,#2455,
#2456,#2457,#2458));
#572=EDGE_LOOP('',(#2459));
#573=EDGE_LOOP('',(#2460));
#574=EDGE_LOOP('',(#2461,#2462,#2463,#2464));
#575=EDGE_LOOP('',(#2465));
#576=EDGE_LOOP('',(#2466,#2467,#2468,#2469));
#577=EDGE_LOOP('',(#2470));
#578=EDGE_LOOP('',(#2471,#2472,#2473,#2474));
#579=EDGE_LOOP('',(#2475,#2476,#2477,#2478,#2479,#2480));
#580=EDGE_LOOP('',(#2481,#2482,#2483,#2484,#2485,#2486,#2487,#2488,#2489,
#2490,#2491,#2492,#2493,#2494,#2495,#2496,#2497,#2498,#2499,#2500,#2501,
#2502,#2503,#2504));
#581=EDGE_LOOP('',(#2505));
#582=EDGE_LOOP('',(#2506));
#583=EDGE_LOOP('',(#2507));
#584=EDGE_LOOP('',(#2508));
#585=EDGE_LOOP('',(#2509,#2510,#2511,#2512));
#586=EDGE_LOOP('',(#2513,#2514,#2515,#2516));
#587=EDGE_LOOP('',(#2517));
#588=EDGE_LOOP('',(#2518,#2519,#2520,#2521));
#589=EDGE_LOOP('',(#2522));
#590=EDGE_LOOP('',(#2523,#2524,#2525,#2526));
#591=EDGE_LOOP('',(#2527,#2528,#2529,#2530,#2531,#2532,#2533));
#592=EDGE_LOOP('',(#2534,#2535,#2536,#2537));
#593=EDGE_LOOP('',(#2538,#2539,#2540,#2541,#2542,#2543));
#594=EDGE_LOOP('',(#2544,#2545,#2546,#2547));
#595=EDGE_LOOP('',(#2548,#2549,#2550,#2551));
#596=EDGE_LOOP('',(#2552,#2553,#2554,#2555));
#597=EDGE_LOOP('',(#2556));
#598=EDGE_LOOP('',(#2557,#2558,#2559,#2560));
#599=EDGE_LOOP('',(#2561));
#600=EDGE_LOOP('',(#2562,#2563,#2564,#2565));
#601=EDGE_LOOP('',(#2566));
#602=EDGE_LOOP('',(#2567,#2568,#2569,#2570));
#603=EDGE_LOOP('',(#2571,#2572,#2573,#2574,#2575,#2576,#2577,#2578,#2579,
#2580,#2581,#2582,#2583,#2584,#2585,#2586,#2587,#2588,#2589,#2590));
#604=EDGE_LOOP('',(#2591,#2592,#2593));
#605=EDGE_LOOP('',(#2594,#2595,#2596,#2597));
#606=EDGE_LOOP('',(#2598,#2599,#2600,#2601));
#607=EDGE_LOOP('',(#2602,#2603,#2604,#2605,#2606));
#608=EDGE_LOOP('',(#2607,#2608,#2609,#2610));
#609=EDGE_LOOP('',(#2611,#2612,#2613,#2614,#2615,#2616));
#610=EDGE_LOOP('',(#2617,#2618,#2619,#2620,#2621,#2622));
#611=EDGE_LOOP('',(#2623,#2624,#2625,#2626,#2627,#2628));
#612=EDGE_LOOP('',(#2629,#2630,#2631,#2632,#2633,#2634));
#613=EDGE_LOOP('',(#2635,#2636,#2637,#2638,#2639,#2640));
#614=EDGE_LOOP('',(#2641,#2642,#2643,#2644,#2645,#2646));
#615=EDGE_LOOP('',(#2647,#2648,#2649,#2650,#2651,#2652));
#616=EDGE_LOOP('',(#2653,#2654,#2655,#2656,#2657,#2658));
#617=EDGE_LOOP('',(#2659,#2660,#2661,#2662,#2663,#2664,#2665,#2666,#2667,
#2668,#2669,#2670));
#618=EDGE_LOOP('',(#2671,#2672,#2673,#2674));
#619=EDGE_LOOP('',(#2675,#2676,#2677,#2678));
#620=EDGE_LOOP('',(#2679,#2680,#2681,#2682));
#621=EDGE_LOOP('',(#2683,#2684,#2685,#2686));
#622=EDGE_LOOP('',(#2687,#2688,#2689,#2690));
#623=EDGE_LOOP('',(#2691,#2692));
#624=EDGE_LOOP('',(#2693,#2694,#2695));
#625=EDGE_LOOP('',(#2696,#2697,#2698));
#626=EDGE_LOOP('',(#2699,#2700,#2701));
#627=EDGE_LOOP('',(#2702,#2703,#2704,#2705));
#628=EDGE_LOOP('',(#2706,#2707,#2708,#2709,#2710,#2711,#2712));
#629=EDGE_LOOP('',(#2713,#2714,#2715,#2716));
#630=EDGE_LOOP('',(#2717,#2718,#2719,#2720));
#631=EDGE_LOOP('',(#2721,#2722,#2723,#2724));
#632=EDGE_LOOP('',(#2725,#2726,#2727,#2728));
#633=EDGE_LOOP('',(#2729,#2730,#2731,#2732));
#634=EDGE_LOOP('',(#2733,#2734,#2735,#2736));
#635=EDGE_LOOP('',(#2737,#2738,#2739,#2740));
#636=EDGE_LOOP('',(#2741,#2742,#2743,#2744));
#637=EDGE_LOOP('',(#2745,#2746,#2747,#2748));
#638=EDGE_LOOP('',(#2749,#2750,#2751,#2752,#2753,#2754));
#639=EDGE_LOOP('',(#2755));
#640=EDGE_LOOP('',(#2756,#2757,#2758,#2759,#2760,#2761,#2762,#2763));
#641=EDGE_LOOP('',(#2764,#2765,#2766,#2767));
#642=EDGE_LOOP('',(#2768,#2769));
#643=EDGE_LOOP('',(#2770,#2771));
#644=EDGE_LOOP('',(#2772,#2773,#2774,#2775,#2776,#2777,#2778,#2779,#2780,
#2781,#2782,#2783));
#645=EDGE_LOOP('',(#2784));
#646=EDGE_LOOP('',(#2785));
#647=EDGE_LOOP('',(#2786,#2787,#2788,#2789));
#648=EDGE_LOOP('',(#2790));
#649=EDGE_LOOP('',(#2791,#2792,#2793,#2794));
#650=EDGE_LOOP('',(#2795));
#651=EDGE_LOOP('',(#2796,#2797,#2798,#2799));
#652=EDGE_LOOP('',(#2800,#2801,#2802,#2803));
#653=EDGE_LOOP('',(#2804));
#654=EDGE_LOOP('',(#2805,#2806,#2807,#2808));
#655=EDGE_LOOP('',(#2809));
#656=EDGE_LOOP('',(#2810,#2811,#2812,#2813));
#657=EDGE_LOOP('',(#2814,#2815,#2816,#2817,#2818,#2819,#2820));
#658=EDGE_LOOP('',(#2821,#2822,#2823,#2824));
#659=EDGE_LOOP('',(#2825,#2826,#2827,#2828));
#660=EDGE_LOOP('',(#2829));
#661=EDGE_LOOP('',(#2830,#2831,#2832,#2833));
#662=EDGE_LOOP('',(#2834));
#663=EDGE_LOOP('',(#2835,#2836,#2837,#2838));
#664=EDGE_LOOP('',(#2839));
#665=EDGE_LOOP('',(#2840,#2841,#2842,#2843));
#666=EDGE_LOOP('',(#2844,#2845,#2846,#2847,#2848,#2849,#2850,#2851,#2852,
#2853,#2854,#2855,#2856,#2857,#2858,#2859,#2860,#2861,#2862,#2863));
#667=EDGE_LOOP('',(#2864,#2865,#2866));
#668=EDGE_LOOP('',(#2867,#2868,#2869,#2870));
#669=EDGE_LOOP('',(#2871,#2872,#2873,#2874));
#670=EDGE_LOOP('',(#2875,#2876,#2877,#2878,#2879));
#671=EDGE_LOOP('',(#2880,#2881,#2882,#2883));
#672=EDGE_LOOP('',(#2884,#2885,#2886,#2887,#2888,#2889));
#673=EDGE_LOOP('',(#2890,#2891,#2892,#2893,#2894,#2895));
#674=EDGE_LOOP('',(#2896,#2897,#2898,#2899,#2900,#2901));
#675=EDGE_LOOP('',(#2902,#2903,#2904,#2905,#2906,#2907));
#676=EDGE_LOOP('',(#2908,#2909,#2910,#2911,#2912,#2913));
#677=EDGE_LOOP('',(#2914,#2915,#2916,#2917,#2918,#2919));
#678=EDGE_LOOP('',(#2920,#2921,#2922,#2923,#2924,#2925));
#679=EDGE_LOOP('',(#2926,#2927,#2928,#2929,#2930,#2931));
#680=EDGE_LOOP('',(#2932,#2933,#2934,#2935,#2936,#2937,#2938,#2939,#2940,
#2941,#2942,#2943));
#681=EDGE_LOOP('',(#2944,#2945,#2946,#2947));
#682=EDGE_LOOP('',(#2948,#2949,#2950,#2951));
#683=EDGE_LOOP('',(#2952,#2953,#2954,#2955));
#684=EDGE_LOOP('',(#2956,#2957,#2958,#2959));
#685=EDGE_LOOP('',(#2960,#2961,#2962,#2963));
#686=EDGE_LOOP('',(#2964,#2965));
#687=EDGE_LOOP('',(#2966));
#688=EDGE_LOOP('',(#2967));
#689=EDGE_LOOP('',(#2968,#2969,#2970,#2971));
#690=EDGE_LOOP('',(#2972));
#691=EDGE_LOOP('',(#2973));
#692=EDGE_LOOP('',(#2974));
#693=EDGE_LOOP('',(#2975,#2976,#2977,#2978));
#694=EDGE_LOOP('',(#2979,#2980,#2981,#2982));
#695=EDGE_LOOP('',(#2983,#2984,#2985,#2986,#2987,#2988,#2989,#2990));
#696=EDGE_LOOP('',(#2991));
#697=LINE('',#4559,#977);
#698=LINE('',#4565,#978);
#699=LINE('',#4578,#979);
#700=LINE('',#4582,#980);
#701=LINE('',#4586,#981);
#702=LINE('',#4590,#982);
#703=LINE('',#4598,#983);
#704=LINE('',#4602,#984);
#705=LINE('',#4611,#985);
#706=LINE('',#4613,#986);
#707=LINE('',#4615,#987);
#708=LINE('',#4617,#988);
#709=LINE('',#4619,#989);
#710=LINE('',#4620,#990);
#711=LINE('',#4624,#991);
#712=LINE('',#4625,#992);
#713=LINE('',#4627,#993);
#714=LINE('',#4629,#994);
#715=LINE('',#4630,#995);
#716=LINE('',#4634,#996);
#717=LINE('',#4635,#997);
#718=LINE('',#4637,#998);
#719=LINE('',#4639,#999);
#720=LINE('',#4640,#1000);
#721=LINE('',#4644,#1001);
#722=LINE('',#4645,#1002);
#723=LINE('',#4646,#1003);
#724=LINE('',#4647,#1004);
#725=LINE('',#4651,#1005);
#726=LINE('',#4653,#1006);
#727=LINE('',#4654,#1007);
#728=LINE('',#4657,#1008);
#729=LINE('',#4658,#1009);
#730=LINE('',#4661,#1010);
#731=LINE('',#4662,#1011);
#732=LINE('',#4665,#1012);
#733=LINE('',#4666,#1013);
#734=LINE('',#4669,#1014);
#735=LINE('',#4670,#1015);
#736=LINE('',#4673,#1016);
#737=LINE('',#4674,#1017);
#738=LINE('',#4677,#1018);
#739=LINE('',#4678,#1019);
#740=LINE('',#4681,#1020);
#741=LINE('',#4682,#1021);
#742=LINE('',#4685,#1022);
#743=LINE('',#4686,#1023);
#744=LINE('',#4689,#1024);
#745=LINE('',#4690,#1025);
#746=LINE('',#4693,#1026);
#747=LINE('',#4694,#1027);
#748=LINE('',#4696,#1028);
#749=LINE('',#4719,#1029);
#750=LINE('',#4819,#1030);
#751=LINE('',#4835,#1031);
#752=LINE('',#4839,#1032);
#753=LINE('',#4843,#1033);
#754=LINE('',#4847,#1034);
#755=LINE('',#4852,#1035);
#756=LINE('',#4859,#1036);
#757=LINE('',#4865,#1037);
#758=LINE('',#4867,#1038);
#759=LINE('',#4872,#1039);
#760=LINE('',#4874,#1040);
#761=LINE('',#4879,#1041);
#762=LINE('',#4882,#1042);
#763=LINE('',#4900,#1043);
#764=LINE('',#4902,#1044);
#765=LINE('',#4904,#1045);
#766=LINE('',#4906,#1046);
#767=LINE('',#4908,#1047);
#768=LINE('',#4909,#1048);
#769=LINE('',#4913,#1049);
#770=LINE('',#4915,#1050);
#771=LINE('',#4917,#1051);
#772=LINE('',#4919,#1052);
#773=LINE('',#4921,#1053);
#774=LINE('',#4923,#1054);
#775=LINE('',#4924,#1055);
#776=LINE('',#4929,#1056);
#777=LINE('',#4931,#1057);
#778=LINE('',#4932,#1058);
#779=LINE('',#4936,#1059);
#780=LINE('',#4938,#1060);
#781=LINE('',#4940,#1061);
#782=LINE('',#4941,#1062);
#783=LINE('',#4945,#1063);
#784=LINE('',#4946,#1064);
#785=LINE('',#4947,#1065);
#786=LINE('',#4949,#1066);
#787=LINE('',#4950,#1067);
#788=LINE('',#4979,#1068);
#789=LINE('',#4981,#1069);
#790=LINE('',#4983,#1070);
#791=LINE('',#4984,#1071);
#792=LINE('',#4986,#1072);
#793=LINE('',#4987,#1073);
#794=LINE('',#4991,#1074);
#795=LINE('',#4992,#1075);
#796=LINE('',#4993,#1076);
#797=LINE('',#4996,#1077);
#798=LINE('',#4998,#1078);
#799=LINE('',#5000,#1079);
#800=LINE('',#5001,#1080);
#801=LINE('',#5005,#1081);
#802=LINE('',#5007,#1082);
#803=LINE('',#5008,#1083);
#804=LINE('',#5009,#1084);
#805=LINE('',#5018,#1085);
#806=LINE('',#5020,#1086);
#807=LINE('',#5022,#1087);
#808=LINE('',#5024,#1088);
#809=LINE('',#5028,#1089);
#810=LINE('',#5030,#1090);
#811=LINE('',#5031,#1091);
#812=LINE('',#5048,#1092);
#813=LINE('',#5050,#1093);
#814=LINE('',#5052,#1094);
#815=LINE('',#5053,#1095);
#816=LINE('',#5054,#1096);
#817=LINE('',#5057,#1097);
#818=LINE('',#5059,#1098);
#819=LINE('',#5061,#1099);
#820=LINE('',#5065,#1100);
#821=LINE('',#5068,#1101);
#822=LINE('',#5069,#1102);
#823=LINE('',#5075,#1103);
#824=LINE('',#5085,#1104);
#825=LINE('',#5090,#1105);
#826=LINE('',#5094,#1106);
#827=LINE('',#5096,#1107);
#828=LINE('',#5097,#1108);
#829=LINE('',#5098,#1109);
#830=LINE('',#5101,#1110);
#831=LINE('',#5105,#1111);
#832=LINE('',#5109,#1112);
#833=LINE('',#5113,#1113);
#834=LINE('',#5117,#1114);
#835=LINE('',#5119,#1115);
#836=LINE('',#5123,#1116);
#837=LINE('',#5125,#1117);
#838=LINE('',#5126,#1118);
#839=LINE('',#5128,#1119);
#840=LINE('',#5130,#1120);
#841=LINE('',#5131,#1121);
#842=LINE('',#5143,#1122);
#843=LINE('',#5144,#1123);
#844=LINE('',#5145,#1124);
#845=LINE('',#5148,#1125);
#846=LINE('',#5149,#1126);
#847=LINE('',#5154,#1127);
#848=LINE('',#5159,#1128);
#849=LINE('',#5163,#1129);
#850=LINE('',#5177,#1130);
#851=LINE('',#5181,#1131);
#852=LINE('',#5185,#1132);
#853=LINE('',#5186,#1133);
#854=LINE('',#5188,#1134);
#855=LINE('',#5191,#1135);
#856=LINE('',#5196,#1136);
#857=LINE('',#5201,#1137);
#858=LINE('',#5206,#1138);
#859=LINE('',#5261,#1139);
#860=LINE('',#5262,#1140);
#861=LINE('',#5265,#1141);
#862=LINE('',#5267,#1142);
#863=LINE('',#5268,#1143);
#864=LINE('',#5271,#1144);
#865=LINE('',#5273,#1145);
#866=LINE('',#5274,#1146);
#867=LINE('',#5277,#1147);
#868=LINE('',#5279,#1148);
#869=LINE('',#5280,#1149);
#870=LINE('',#5283,#1150);
#871=LINE('',#5285,#1151);
#872=LINE('',#5286,#1152);
#873=LINE('',#5289,#1153);
#874=LINE('',#5291,#1154);
#875=LINE('',#5292,#1155);
#876=LINE('',#5296,#1156);
#877=LINE('',#5297,#1157);
#878=LINE('',#5298,#1158);
#879=LINE('',#5302,#1159);
#880=LINE('',#5303,#1160);
#881=LINE('',#5304,#1161);
#882=LINE('',#5307,#1162);
#883=LINE('',#5309,#1163);
#884=LINE('',#5310,#1164);
#885=LINE('',#5313,#1165);
#886=LINE('',#5314,#1166);
#887=LINE('',#5317,#1167);
#888=LINE('',#5318,#1168);
#889=LINE('',#5321,#1169);
#890=LINE('',#5322,#1170);
#891=LINE('',#5325,#1171);
#892=LINE('',#5326,#1172);
#893=LINE('',#5328,#1173);
#894=LINE('',#5329,#1174);
#895=LINE('',#5330,#1175);
#896=LINE('',#5331,#1176);
#897=LINE('',#5341,#1177);
#898=LINE('',#5344,#1178);
#899=LINE('',#5348,#1179);
#900=LINE('',#5351,#1180);
#901=LINE('',#5355,#1181);
#902=LINE('',#5357,#1182);
#903=LINE('',#5370,#1183);
#904=LINE('',#5372,#1184);
#905=LINE('',#5374,#1185);
#906=LINE('',#5376,#1186);
#907=LINE('',#5377,#1187);
#908=LINE('',#5378,#1188);
#909=LINE('',#5383,#1189);
#910=LINE('',#5385,#1190);
#911=LINE('',#5387,#1191);
#912=LINE('',#5390,#1192);
#913=LINE('',#5393,#1193);
#914=LINE('',#5395,#1194);
#915=LINE('',#5397,#1195);
#916=LINE('',#5398,#1196);
#917=LINE('',#5402,#1197);
#918=LINE('',#5403,#1198);
#919=LINE('',#5404,#1199);
#920=LINE('',#5413,#1200);
#921=LINE('',#5417,#1201);
#922=LINE('',#5421,#1202);
#923=LINE('',#5422,#1203);
#924=LINE('',#5424,#1204);
#925=LINE('',#5425,#1205);
#926=LINE('',#5431,#1206);
#927=LINE('',#5441,#1207);
#928=LINE('',#5446,#1208);
#929=LINE('',#5452,#1209);
#930=LINE('',#5457,#1210);
#931=LINE('',#5462,#1211);
#932=LINE('',#5476,#1212);
#933=LINE('',#5481,#1213);
#934=LINE('',#5486,#1214);
#935=LINE('',#5491,#1215);
#936=LINE('',#5546,#1216);
#937=LINE('',#5547,#1217);
#938=LINE('',#5550,#1218);
#939=LINE('',#5552,#1219);
#940=LINE('',#5553,#1220);
#941=LINE('',#5556,#1221);
#942=LINE('',#5558,#1222);
#943=LINE('',#5559,#1223);
#944=LINE('',#5562,#1224);
#945=LINE('',#5564,#1225);
#946=LINE('',#5565,#1226);
#947=LINE('',#5568,#1227);
#948=LINE('',#5570,#1228);
#949=LINE('',#5571,#1229);
#950=LINE('',#5574,#1230);
#951=LINE('',#5576,#1231);
#952=LINE('',#5577,#1232);
#953=LINE('',#5581,#1233);
#954=LINE('',#5582,#1234);
#955=LINE('',#5583,#1235);
#956=LINE('',#5587,#1236);
#957=LINE('',#5588,#1237);
#958=LINE('',#5589,#1238);
#959=LINE('',#5592,#1239);
#960=LINE('',#5594,#1240);
#961=LINE('',#5595,#1241);
#962=LINE('',#5598,#1242);
#963=LINE('',#5599,#1243);
#964=LINE('',#5602,#1244);
#965=LINE('',#5603,#1245);
#966=LINE('',#5606,#1246);
#967=LINE('',#5607,#1247);
#968=LINE('',#5610,#1248);
#969=LINE('',#5611,#1249);
#970=LINE('',#5613,#1250);
#971=LINE('',#5614,#1251);
#972=LINE('',#5615,#1252);
#973=LINE('',#5616,#1253);
#974=LINE('',#5629,#1254);
#975=LINE('',#5637,#1255);
#976=LINE('',#5641,#1256);
#977=VECTOR('',#3609,3.);
#978=VECTOR('',#3616,10.);
#979=VECTOR('',#3631,1.25);
#980=VECTOR('',#3636,1.25);
#981=VECTOR('',#3641,1.25);
#982=VECTOR('',#3646,1.25);
#983=VECTOR('',#3657,1.4135);
#984=VECTOR('',#3662,1.5);
#985=VECTOR('',#3673,1.68200852080616);
#986=VECTOR('',#3674,0.900000000000011);
#987=VECTOR('',#3675,1.68200852080614);
#988=VECTOR('',#3676,0.0184296595884284);
#989=VECTOR('',#3677,0.878719262151001);
#990=VECTOR('',#3678,0.0184296595884058);
#991=VECTOR('',#3681,0.0184296595885068);
#992=VECTOR('',#3682,0.878719262151173);
#993=VECTOR('',#3683,1.68200852080613);
#994=VECTOR('',#3684,0.900000000000358);
#995=VECTOR('',#3685,1.68200852080605);
#996=VECTOR('',#3688,0.900000000000831);
#997=VECTOR('',#3689,1.68200852080605);
#998=VECTOR('',#3690,0.878719262151173);
#999=VECTOR('',#3691,0.0184296595884921);
#1000=VECTOR('',#3692,1.68200852080605);
#1001=VECTOR('',#3695,0.9);
#1002=VECTOR('',#3696,1.68200852080609);
#1003=VECTOR('',#3697,0.878719262151);
#1004=VECTOR('',#3698,1.68200852080609);
#1005=VECTOR('',#3703,0.399999999999994);
#1006=VECTOR('',#3704,1.58935963107555);
#1007=VECTOR('',#3705,1.18935963107556);
#1008=VECTOR('',#3708,0.399999999999994);
#1009=VECTOR('',#3709,0.9);
#1010=VECTOR('',#3712,1.58935963107551);
#1011=VECTOR('',#3713,1.18935963107556);
#1012=VECTOR('',#3716,0.399999999999994);
#1013=VECTOR('',#3717,1.1893596310755);
#1014=VECTOR('',#3720,0.399999999999994);
#1015=VECTOR('',#3721,0.900000000000831);
#1016=VECTOR('',#3724,1.58935963107551);
#1017=VECTOR('',#3725,1.1893596310755);
#1018=VECTOR('',#3728,0.400000000000009);
#1019=VECTOR('',#3729,1.18935963107567);
#1020=VECTOR('',#3732,0.400000000000009);
#1021=VECTOR('',#3733,0.900000000000011);
#1022=VECTOR('',#3736,1.58935963107549);
#1023=VECTOR('',#3737,1.18935963107567);
#1024=VECTOR('',#3740,0.399999999999994);
#1025=VECTOR('',#3741,1.18935963107563);
#1026=VECTOR('',#3744,0.399999999999994);
#1027=VECTOR('',#3745,0.900000000000358);
#1028=VECTOR('',#3748,1.1893596310755);
#1029=VECTOR('',#3787,2.4);
#1030=VECTOR('',#3798,4.5);
#1031=VECTOR('',#3817,1.25);
#1032=VECTOR('',#3822,1.25);
#1033=VECTOR('',#3827,1.25);
#1034=VECTOR('',#3832,1.25);
#1035=VECTOR('',#3839,10.);
#1036=VECTOR('',#3848,1.5);
#1037=VECTOR('',#3855,0.872497216032182);
#1038=VECTOR('',#3856,0.872497216032182);
#1039=VECTOR('',#3861,0.87249721603218);
#1040=VECTOR('',#3862,0.872497216032182);
#1041=VECTOR('',#3867,0.872497216032182);
#1042=VECTOR('',#3870,0.872497216032182);
#1043=VECTOR('',#3879,16.8);
#1044=VECTOR('',#3880,2.);
#1045=VECTOR('',#3881,28.8);
#1046=VECTOR('',#3882,20.8);
#1047=VECTOR('',#3883,28.8);
#1048=VECTOR('',#3884,2.);
#1049=VECTOR('',#3887,28.8);
#1050=VECTOR('',#3888,27.9);
#1051=VECTOR('',#3889,12.5);
#1052=VECTOR('',#3890,28.8);
#1053=VECTOR('',#3891,12.5);
#1054=VECTOR('',#3892,25.9);
#1055=VECTOR('',#3893,2.);
#1056=VECTOR('',#3902,3.21628334408746);
#1057=VECTOR('',#3903,1.55291427061512);
#1058=VECTOR('',#3904,2.35309527992949);
#1059=VECTOR('',#3907,1.5);
#1060=VECTOR('',#3908,5.);
#1061=VECTOR('',#3909,1.5);
#1062=VECTOR('',#3910,5.);
#1063=VECTOR('',#3913,1.5);
#1064=VECTOR('',#3914,3.6);
#1065=VECTOR('',#3915,3.6);
#1066=VECTOR('',#3918,2.66936617309727);
#1067=VECTOR('',#3919,3.17261069210192);
#1068=VECTOR('',#3932,18.8);
#1069=VECTOR('',#3933,28.8);
#1070=VECTOR('',#3934,18.8);
#1071=VECTOR('',#3935,28.8);
#1072=VECTOR('',#3938,4.24264068711928);
#1073=VECTOR('',#3939,4.24264068711928);
#1074=VECTOR('',#3942,14.);
#1075=VECTOR('',#3943,25.632593686221);
#1076=VECTOR('',#3944,25.632593686221);
#1077=VECTOR('',#3947,1.55291427061513);
#1078=VECTOR('',#3948,1.59807621135331);
#1079=VECTOR('',#3949,1.5);
#1080=VECTOR('',#3950,2.);
#1081=VECTOR('',#3953,1.5);
#1082=VECTOR('',#3954,1.59807621135331);
#1083=VECTOR('',#3955,1.55291427061513);
#1084=VECTOR('',#3956,2.);
#1085=VECTOR('',#3969,20.2);
#1086=VECTOR('',#3970,5.);
#1087=VECTOR('',#3971,3.6);
#1088=VECTOR('',#3972,3.17261069210192);
#1089=VECTOR('',#3975,3.21628334408746);
#1090=VECTOR('',#3976,12.5);
#1091=VECTOR('',#3977,4.24264068711928);
#1092=VECTOR('',#3994,1.13880379845109);
#1093=VECTOR('',#3995,1.13880379845109);
#1094=VECTOR('',#3996,1.39999999999999);
#1095=VECTOR('',#3997,1.55291427061513);
#1096=VECTOR('',#3998,1.39999999999999);
#1097=VECTOR('',#4001,1.03628630698926);
#1098=VECTOR('',#4002,1.60408399523224);
#1099=VECTOR('',#4003,1.43436251834257);
#1100=VECTOR('',#4006,18.3725726139785);
#1101=VECTOR('',#4011,2.58512118777043);
#1102=VECTOR('',#4012,3.21628334408746);
#1103=VECTOR('',#4023,26.3059824078482);
#1104=VECTOR('',#4036,0.75);
#1105=VECTOR('',#4043,0.750000000000002);
#1106=VECTOR('',#4046,18.4);
#1107=VECTOR('',#4047,0.899999999999999);
#1108=VECTOR('',#4048,1.5);
#1109=VECTOR('',#4049,0.9);
#1110=VECTOR('',#4052,1.83628630698927);
#1111=VECTOR('',#4055,22.1725726139785);
#1112=VECTOR('',#4058,19.2074189331048);
#1113=VECTOR('',#4061,22.1725726139785);
#1114=VECTOR('',#4064,1.83628630698927);
#1115=VECTOR('',#4065,2.35309527992949);
#1116=VECTOR('',#4068,2.66936617309727);
#1117=VECTOR('',#4069,3.6);
#1118=VECTOR('',#4070,5.);
#1119=VECTOR('',#4071,13.35);
#1120=VECTOR('',#4072,18.4);
#1121=VECTOR('',#4073,13.35);
#1122=VECTOR('',#4084,10.);
#1123=VECTOR('',#4085,3.80295937396128);
#1124=VECTOR('',#4086,1.8);
#1125=VECTOR('',#4089,1.8);
#1126=VECTOR('',#4090,18.4);
#1127=VECTOR('',#4097,0.75);
#1128=VECTOR('',#4104,0.750000000000002);
#1129=VECTOR('',#4109,0.341733689482271);
#1130=VECTOR('',#4114,1.1798358707092);
#1131=VECTOR('',#4119,1.1798358707092);
#1132=VECTOR('',#4124,18.4);
#1133=VECTOR('',#4125,10.);
#1134=VECTOR('',#4128,3.80295937396128);
#1135=VECTOR('',#4131,1.);
#1136=VECTOR('',#4138,1.);
#1137=VECTOR('',#4145,1.);
#1138=VECTOR('',#4152,1.75);
#1139=VECTOR('',#4179,0.872497216032182);
#1140=VECTOR('',#4180,0.87249721603218);
#1141=VECTOR('',#4183,0.595197156068408);
#1142=VECTOR('',#4184,0.500000000000003);
#1143=VECTOR('',#4185,0.595197156068408);
#1144=VECTOR('',#4188,0.595197156066936);
#1145=VECTOR('',#4189,0.500000000000003);
#1146=VECTOR('',#4190,0.595197156066936);
#1147=VECTOR('',#4193,0.595197156066936);
#1148=VECTOR('',#4194,0.499999999999999);
#1149=VECTOR('',#4195,0.595197156066936);
#1150=VECTOR('',#4198,0.595197156068394);
#1151=VECTOR('',#4199,0.499999999999999);
#1152=VECTOR('',#4200,0.595197156066942);
#1153=VECTOR('',#4203,1.27279220613579);
#1154=VECTOR('',#4204,0.0499999999999901);
#1155=VECTOR('',#4205,1.5);
#1156=VECTOR('',#4208,0.0499999999999901);
#1157=VECTOR('',#4209,1.27279220613579);
#1158=VECTOR('',#4210,1.5);
#1159=VECTOR('',#4213,0.0499999999999945);
#1160=VECTOR('',#4214,1.2727922061358);
#1161=VECTOR('',#4215,1.5);
#1162=VECTOR('',#4218,1.2727922061358);
#1163=VECTOR('',#4219,0.0499999999999945);
#1164=VECTOR('',#4220,1.5);
#1165=VECTOR('',#4223,0.0499999999999945);
#1166=VECTOR('',#4224,1.2727922061358);
#1167=VECTOR('',#4227,1.27279220613581);
#1168=VECTOR('',#4228,0.0499999999999767);
#1169=VECTOR('',#4231,0.0499999999999767);
#1170=VECTOR('',#4232,1.2727922061358);
#1171=VECTOR('',#4235,1.2727922061358);
#1172=VECTOR('',#4236,0.0499999999999945);
#1173=VECTOR('',#4239,0.499999999999999);
#1174=VECTOR('',#4240,0.500000000000003);
#1175=VECTOR('',#4241,0.499999999999999);
#1176=VECTOR('',#4242,0.500000000000003);
#1177=VECTOR('',#4257,0.872497216032182);
#1178=VECTOR('',#4260,0.872497216032182);
#1179=VECTOR('',#4263,0.872497216032184);
#1180=VECTOR('',#4266,0.872497216032182);
#1181=VECTOR('',#4269,0.872497216032182);
#1182=VECTOR('',#4270,0.872497216032182);
#1183=VECTOR('',#4277,28.8);
#1184=VECTOR('',#4278,2.);
#1185=VECTOR('',#4279,25.9);
#1186=VECTOR('',#4280,12.5);
#1187=VECTOR('',#4281,28.8);
#1188=VECTOR('',#4282,27.9);
#1189=VECTOR('',#4291,1.55291427061512);
#1190=VECTOR('',#4294,1.5);
#1191=VECTOR('',#4297,1.5);
#1192=VECTOR('',#4302,4.24264068711928);
#1193=VECTOR('',#4305,1.55291427061513);
#1194=VECTOR('',#4306,2.);
#1195=VECTOR('',#4307,1.5);
#1196=VECTOR('',#4308,1.59807621135331);
#1197=VECTOR('',#4311,1.5);
#1198=VECTOR('',#4312,2.);
#1199=VECTOR('',#4313,1.59807621135331);
#1200=VECTOR('',#4326,1.03628630698926);
#1201=VECTOR('',#4329,18.3725726139785);
#1202=VECTOR('',#4332,1.43436251834257);
#1203=VECTOR('',#4333,1.60408399523224);
#1204=VECTOR('',#4336,2.58512118777043);
#1205=VECTOR('',#4337,3.21628334408746);
#1206=VECTOR('',#4348,26.3059824078482);
#1207=VECTOR('',#4361,0.75);
#1208=VECTOR('',#4368,0.750000000000002);
#1209=VECTOR('',#4377,0.75);
#1210=VECTOR('',#4384,0.750000000000002);
#1211=VECTOR('',#4391,0.341733689482271);
#1212=VECTOR('',#4396,1.);
#1213=VECTOR('',#4403,1.);
#1214=VECTOR('',#4410,1.);
#1215=VECTOR('',#4417,1.75);
#1216=VECTOR('',#4444,0.872497216032184);
#1217=VECTOR('',#4445,0.872497216032182);
#1218=VECTOR('',#4448,0.595197156068408);
#1219=VECTOR('',#4449,0.595197156068408);
#1220=VECTOR('',#4450,0.499999999999998);
#1221=VECTOR('',#4453,0.595197156066936);
#1222=VECTOR('',#4454,0.595197156066936);
#1223=VECTOR('',#4455,0.499999999999998);
#1224=VECTOR('',#4458,0.595197156066936);
#1225=VECTOR('',#4459,0.595197156066936);
#1226=VECTOR('',#4460,0.5);
#1227=VECTOR('',#4463,0.595197156068394);
#1228=VECTOR('',#4464,0.595197156066942);
#1229=VECTOR('',#4465,0.5);
#1230=VECTOR('',#4468,1.5);
#1231=VECTOR('',#4469,0.0499999999999901);
#1232=VECTOR('',#4470,1.27279220613579);
#1233=VECTOR('',#4473,0.0499999999999901);
#1234=VECTOR('',#4474,1.5);
#1235=VECTOR('',#4475,1.27279220613579);
#1236=VECTOR('',#4478,0.0499999999999945);
#1237=VECTOR('',#4479,1.5);
#1238=VECTOR('',#4480,1.2727922061358);
#1239=VECTOR('',#4483,1.5);
#1240=VECTOR('',#4484,0.0499999999999945);
#1241=VECTOR('',#4485,1.2727922061358);
#1242=VECTOR('',#4488,0.0499999999999945);
#1243=VECTOR('',#4489,1.2727922061358);
#1244=VECTOR('',#4492,0.0499999999999812);
#1245=VECTOR('',#4493,1.27279220613581);
#1246=VECTOR('',#4496,0.0499999999999812);
#1247=VECTOR('',#4497,1.27279220613581);
#1248=VECTOR('',#4500,0.0499999999999945);
#1249=VECTOR('',#4501,1.2727922061358);
#1250=VECTOR('',#4504,0.499999999999998);
#1251=VECTOR('',#4505,0.5);
#1252=VECTOR('',#4506,0.499999999999998);
#1253=VECTOR('',#4507,0.5);
#1254=VECTOR('',#4528,3.);
#1255=VECTOR('',#4539,1.25);
#1256=VECTOR('',#4544,2.4);
#1257=CIRCLE('',#3268,3.);
#1258=CIRCLE('',#3269,3.);
#1259=CIRCLE('',#3271,10.);
#1260=CIRCLE('',#3272,10.);
#1261=CIRCLE('',#3274,1.25);
#1262=CIRCLE('',#3275,1.25);
#1263=CIRCLE('',#3276,1.25);
#1264=CIRCLE('',#3277,1.25);
#1265=CIRCLE('',#3279,1.25);
#1266=CIRCLE('',#3281,1.25);
#1267=CIRCLE('',#3283,1.25);
#1268=CIRCLE('',#3285,1.25);
#1269=CIRCLE('',#3289,1.3635);
#1270=CIRCLE('',#3290,1.4635);
#1271=CIRCLE('',#3292,1.4635);
#1272=CIRCLE('',#3295,2.4);
#1273=CIRCLE('',#3314,1.70000000000011);
#1274=CIRCLE('',#3315,1.70000000000011);
#1275=CIRCLE('',#3317,1.70000000000011);
#1276=CIRCLE('',#3318,1.70000000000011);
#1277=CIRCLE('',#3320,1.70000000000011);
#1278=CIRCLE('',#3322,1.70000000000011);
#1279=CIRCLE('',#3324,1.70000000000011);
#1280=CIRCLE('',#3326,1.70000000000011);
#1281=CIRCLE('',#3328,1.70000000000011);
#1282=CIRCLE('',#3330,1.70000000000011);
#1283=CIRCLE('',#3332,2.4);
#1284=CIRCLE('',#3333,2.70000000000011);
#1285=CIRCLE('',#3334,2.70000000000011);
#1286=CIRCLE('',#3336,4.5);
#1287=CIRCLE('',#3337,4.5);
#1288=CIRCLE('',#3340,10.);
#1289=CIRCLE('',#3341,1.25);
#1290=CIRCLE('',#3342,1.25);
#1291=CIRCLE('',#3343,1.25);
#1292=CIRCLE('',#3344,1.25);
#1293=CIRCLE('',#3346,1.25);
#1294=CIRCLE('',#3348,1.25);
#1295=CIRCLE('',#3350,1.25);
#1296=CIRCLE('',#3352,1.25);
#1297=CIRCLE('',#3354,10.);
#1298=CIRCLE('',#3358,1.5);
#1299=CIRCLE('',#3359,1.5);
#1300=CIRCLE('',#3362,1.15);
#1301=CIRCLE('',#3364,1.15);
#1302=CIRCLE('',#3366,1.15);
#1303=CIRCLE('',#3368,11.0052558883258);
#1304=CIRCLE('',#3369,10.6033320996791);
#1305=CIRCLE('',#3373,2.);
#1306=CIRCLE('',#3374,2.);
#1307=CIRCLE('',#3380,11.0052558883258);
#1308=CIRCLE('',#3381,10.6033320996791);
#1309=CIRCLE('',#3382,11.0052558883258);
#1310=CIRCLE('',#3383,11.3);
#1311=CIRCLE('',#3390,2.);
#1312=CIRCLE('',#3391,2.);
#1313=CIRCLE('',#3393,1.75);
#1314=CIRCLE('',#3395,10.6033320996791);
#1315=CIRCLE('',#3396,1.);
#1316=CIRCLE('',#3397,1.);
#1317=CIRCLE('',#3398,1.);
#1318=CIRCLE('',#3399,3.);
#1319=CIRCLE('',#3400,1.);
#1320=CIRCLE('',#3401,1.);
#1321=CIRCLE('',#3402,1.);
#1322=CIRCLE('',#3409,2.1);
#1323=CIRCLE('',#3411,2.1);
#1324=CIRCLE('',#3413,0.750000000000002);
#1325=CIRCLE('',#3414,0.75);
#1326=CIRCLE('',#3417,0.75);
#1327=CIRCLE('',#3420,0.750000000000002);
#1328=CIRCLE('',#3424,2.1);
#1329=CIRCLE('',#3425,2.1);
#1330=CIRCLE('',#3426,2.1);
#1331=CIRCLE('',#3427,2.1);
#1332=CIRCLE('',#3428,11.0052558883258);
#1333=CIRCLE('',#3429,0.750000000000002);
#1334=CIRCLE('',#3430,0.75);
#1335=CIRCLE('',#3431,0.750000000000002);
#1336=CIRCLE('',#3432,0.75);
#1337=CIRCLE('',#3436,0.75);
#1338=CIRCLE('',#3439,0.750000000000002);
#1339=CIRCLE('',#3451,1.);
#1340=CIRCLE('',#3454,1.);
#1341=CIRCLE('',#3457,1.);
#1342=CIRCLE('',#3460,1.75);
#1343=CIRCLE('',#3462,0.599999999999997);
#1344=CIRCLE('',#3466,1.15);
#1345=CIRCLE('',#3493,1.15);
#1346=CIRCLE('',#3495,1.15);
#1347=CIRCLE('',#3497,1.15);
#1348=CIRCLE('',#3501,2.);
#1349=CIRCLE('',#3502,2.);
#1350=CIRCLE('',#3511,2.);
#1351=CIRCLE('',#3512,2.);
#1352=CIRCLE('',#3514,1.75);
#1353=CIRCLE('',#3520,2.1);
#1354=CIRCLE('',#3522,2.1);
#1355=CIRCLE('',#3524,0.750000000000002);
#1356=CIRCLE('',#3525,0.75);
#1357=CIRCLE('',#3528,0.75);
#1358=CIRCLE('',#3531,0.750000000000002);
#1359=CIRCLE('',#3535,0.75);
#1360=CIRCLE('',#3538,0.750000000000002);
#1361=CIRCLE('',#3545,1.);
#1362=CIRCLE('',#3548,1.);
#1363=CIRCLE('',#3551,1.);
#1364=CIRCLE('',#3554,1.75);
#1365=CIRCLE('',#3556,0.599999999999997);
#1366=CIRCLE('',#3562,1.15);
#1367=CIRCLE('',#3587,3.);
#1368=CIRCLE('',#3588,1.25);
#1369=CIRCLE('',#3591,2.4);
#1370=CIRCLE('',#3593,1.25);
#1371=CIRCLE('',#3596,2.4);
#1372=VERTEX_POINT('',#4556);
#1373=VERTEX_POINT('',#4558);
#1374=VERTEX_POINT('',#4562);
#1375=VERTEX_POINT('',#4564);
#1376=VERTEX_POINT('',#4568);
#1377=VERTEX_POINT('',#4570);
#1378=VERTEX_POINT('',#4572);
#1379=VERTEX_POINT('',#4574);
#1380=VERTEX_POINT('',#4577);
#1381=VERTEX_POINT('',#4581);
#1382=VERTEX_POINT('',#4585);
#1383=VERTEX_POINT('',#4589);
#1384=VERTEX_POINT('',#4595);
#1385=VERTEX_POINT('',#4597);
#1386=VERTEX_POINT('',#4601);
#1387=VERTEX_POINT('',#4606);
#1388=VERTEX_POINT('',#4609);
#1389=VERTEX_POINT('',#4610);
#1390=VERTEX_POINT('',#4612);
#1391=VERTEX_POINT('',#4614);
#1392=VERTEX_POINT('',#4616);
#1393=VERTEX_POINT('',#4618);
#1394=VERTEX_POINT('',#4622);
#1395=VERTEX_POINT('',#4623);
#1396=VERTEX_POINT('',#4626);
#1397=VERTEX_POINT('',#4628);
#1398=VERTEX_POINT('',#4632);
#1399=VERTEX_POINT('',#4633);
#1400=VERTEX_POINT('',#4636);
#1401=VERTEX_POINT('',#4638);
#1402=VERTEX_POINT('',#4642);
#1403=VERTEX_POINT('',#4643);
#1404=VERTEX_POINT('',#4650);
#1405=VERTEX_POINT('',#4652);
#1406=VERTEX_POINT('',#4656);
#1407=VERTEX_POINT('',#4660);
#1408=VERTEX_POINT('',#4664);
#1409=VERTEX_POINT('',#4668);
#1410=VERTEX_POINT('',#4672);
#1411=VERTEX_POINT('',#4676);
#1412=VERTEX_POINT('',#4680);
#1413=VERTEX_POINT('',#4684);
#1414=VERTEX_POINT('',#4688);
#1415=VERTEX_POINT('',#4692);
#1416=VERTEX_POINT('',#4698);
#1417=VERTEX_POINT('',#4702);
#1418=VERTEX_POINT('',#4718);
#1419=VERTEX_POINT('',#4757);
#1420=VERTEX_POINT('',#4758);
#1421=VERTEX_POINT('',#4763);
#1422=VERTEX_POINT('',#4765);
#1423=VERTEX_POINT('',#4816);
#1424=VERTEX_POINT('',#4818);
#1425=VERTEX_POINT('',#4823);
#1426=VERTEX_POINT('',#4825);
#1427=VERTEX_POINT('',#4827);
#1428=VERTEX_POINT('',#4829);
#1429=VERTEX_POINT('',#4831);
#1430=VERTEX_POINT('',#4834);
#1431=VERTEX_POINT('',#4838);
#1432=VERTEX_POINT('',#4842);
#1433=VERTEX_POINT('',#4846);
#1434=VERTEX_POINT('',#4850);
#1435=VERTEX_POINT('',#4856);
#1436=VERTEX_POINT('',#4858);
#1437=VERTEX_POINT('',#4863);
#1438=VERTEX_POINT('',#4864);
#1439=VERTEX_POINT('',#4866);
#1440=VERTEX_POINT('',#4870);
#1441=VERTEX_POINT('',#4871);
#1442=VERTEX_POINT('',#4873);
#1443=VERTEX_POINT('',#4877);
#1444=VERTEX_POINT('',#4878);
#1445=VERTEX_POINT('',#4880);
#1446=VERTEX_POINT('',#4884);
#1447=VERTEX_POINT('',#4885);
#1448=VERTEX_POINT('',#4889);
#1449=VERTEX_POINT('',#4891);
#1450=VERTEX_POINT('',#4898);
#1451=VERTEX_POINT('',#4899);
#1452=VERTEX_POINT('',#4901);
#1453=VERTEX_POINT('',#4903);
#1454=VERTEX_POINT('',#4905);
#1455=VERTEX_POINT('',#4907);
#1456=VERTEX_POINT('',#4911);
#1457=VERTEX_POINT('',#4912);
#1458=VERTEX_POINT('',#4914);
#1459=VERTEX_POINT('',#4916);
#1460=VERTEX_POINT('',#4918);
#1461=VERTEX_POINT('',#4920);
#1462=VERTEX_POINT('',#4922);
#1463=VERTEX_POINT('',#4930);
#1464=VERTEX_POINT('',#4934);
#1465=VERTEX_POINT('',#4935);
#1466=VERTEX_POINT('',#4937);
#1467=VERTEX_POINT('',#4939);
#1468=VERTEX_POINT('',#4943);
#1469=VERTEX_POINT('',#4944);
#1470=VERTEX_POINT('',#4952);
#1471=VERTEX_POINT('',#4953);
#1472=VERTEX_POINT('',#4957);
#1473=VERTEX_POINT('',#4959);
#1474=VERTEX_POINT('',#4963);
#1475=VERTEX_POINT('',#4965);
#1476=VERTEX_POINT('',#4969);
#1477=VERTEX_POINT('',#4971);
#1478=VERTEX_POINT('',#4977);
#1479=VERTEX_POINT('',#4978);
#1480=VERTEX_POINT('',#4980);
#1481=VERTEX_POINT('',#4982);
#1482=VERTEX_POINT('',#4989);
#1483=VERTEX_POINT('',#4990);
#1484=VERTEX_POINT('',#4995);
#1485=VERTEX_POINT('',#4997);
#1486=VERTEX_POINT('',#4999);
#1487=VERTEX_POINT('',#5003);
#1488=VERTEX_POINT('',#5004);
#1489=VERTEX_POINT('',#5006);
#1490=VERTEX_POINT('',#5014);
#1491=VERTEX_POINT('',#5017);
#1492=VERTEX_POINT('',#5019);
#1493=VERTEX_POINT('',#5021);
#1494=VERTEX_POINT('',#5023);
#1495=VERTEX_POINT('',#5025);
#1496=VERTEX_POINT('',#5027);
#1497=VERTEX_POINT('',#5029);
#1498=VERTEX_POINT('',#5032);
#1499=VERTEX_POINT('',#5034);
#1500=VERTEX_POINT('',#5036);
#1501=VERTEX_POINT('',#5038);
#1502=VERTEX_POINT('',#5040);
#1503=VERTEX_POINT('',#5042);
#1504=VERTEX_POINT('',#5044);
#1505=VERTEX_POINT('',#5047);
#1506=VERTEX_POINT('',#5049);
#1507=VERTEX_POINT('',#5051);
#1508=VERTEX_POINT('',#5056);
#1509=VERTEX_POINT('',#5058);
#1510=VERTEX_POINT('',#5060);
#1511=VERTEX_POINT('',#5062);
#1512=VERTEX_POINT('',#5064);
#1513=VERTEX_POINT('',#5076);
#1514=VERTEX_POINT('',#5078);
#1515=VERTEX_POINT('',#5082);
#1516=VERTEX_POINT('',#5087);
#1517=VERTEX_POINT('',#5092);
#1518=VERTEX_POINT('',#5093);
#1519=VERTEX_POINT('',#5095);
#1520=VERTEX_POINT('',#5100);
#1521=VERTEX_POINT('',#5102);
#1522=VERTEX_POINT('',#5104);
#1523=VERTEX_POINT('',#5106);
#1524=VERTEX_POINT('',#5108);
#1525=VERTEX_POINT('',#5110);
#1526=VERTEX_POINT('',#5112);
#1527=VERTEX_POINT('',#5114);
#1528=VERTEX_POINT('',#5116);
#1529=VERTEX_POINT('',#5118);
#1530=VERTEX_POINT('',#5120);
#1531=VERTEX_POINT('',#5122);
#1532=VERTEX_POINT('',#5124);
#1533=VERTEX_POINT('',#5127);
#1534=VERTEX_POINT('',#5129);
#1535=VERTEX_POINT('',#5132);
#1536=VERTEX_POINT('',#5134);
#1537=VERTEX_POINT('',#5136);
#1538=VERTEX_POINT('',#5138);
#1539=VERTEX_POINT('',#5141);
#1540=VERTEX_POINT('',#5142);
#1541=VERTEX_POINT('',#5147);
#1542=VERTEX_POINT('',#5151);
#1543=VERTEX_POINT('',#5156);
#1544=VERTEX_POINT('',#5162);
#1545=VERTEX_POINT('',#5166);
#1546=VERTEX_POINT('',#5180);
#1547=VERTEX_POINT('',#5184);
#1548=VERTEX_POINT('',#5190);
#1549=VERTEX_POINT('',#5195);
#1550=VERTEX_POINT('',#5200);
#1551=VERTEX_POINT('',#5205);
#1552=VERTEX_POINT('',#5209);
#1553=VERTEX_POINT('',#5211);
#1554=VERTEX_POINT('',#5217);
#1555=VERTEX_POINT('',#5219);
#1556=VERTEX_POINT('',#5227);
#1557=VERTEX_POINT('',#5229);
#1558=VERTEX_POINT('',#5231);
#1559=VERTEX_POINT('',#5233);
#1560=VERTEX_POINT('',#5242);
#1561=VERTEX_POINT('',#5244);
#1562=VERTEX_POINT('',#5253);
#1563=VERTEX_POINT('',#5260);
#1564=VERTEX_POINT('',#5264);
#1565=VERTEX_POINT('',#5266);
#1566=VERTEX_POINT('',#5270);
#1567=VERTEX_POINT('',#5272);
#1568=VERTEX_POINT('',#5276);
#1569=VERTEX_POINT('',#5278);
#1570=VERTEX_POINT('',#5282);
#1571=VERTEX_POINT('',#5284);
#1572=VERTEX_POINT('',#5288);
#1573=VERTEX_POINT('',#5290);
#1574=VERTEX_POINT('',#5294);
#1575=VERTEX_POINT('',#5295);
#1576=VERTEX_POINT('',#5300);
#1577=VERTEX_POINT('',#5301);
#1578=VERTEX_POINT('',#5306);
#1579=VERTEX_POINT('',#5308);
#1580=VERTEX_POINT('',#5312);
#1581=VERTEX_POINT('',#5316);
#1582=VERTEX_POINT('',#5320);
#1583=VERTEX_POINT('',#5324);
#1584=VERTEX_POINT('',#5339);
#1585=VERTEX_POINT('',#5340);
#1586=VERTEX_POINT('',#5342);
#1587=VERTEX_POINT('',#5346);
#1588=VERTEX_POINT('',#5347);
#1589=VERTEX_POINT('',#5349);
#1590=VERTEX_POINT('',#5353);
#1591=VERTEX_POINT('',#5354);
#1592=VERTEX_POINT('',#5356);
#1593=VERTEX_POINT('',#5368);
#1594=VERTEX_POINT('',#5369);
#1595=VERTEX_POINT('',#5371);
#1596=VERTEX_POINT('',#5373);
#1597=VERTEX_POINT('',#5375);
#1598=VERTEX_POINT('',#5392);
#1599=VERTEX_POINT('',#5394);
#1600=VERTEX_POINT('',#5396);
#1601=VERTEX_POINT('',#5400);
#1602=VERTEX_POINT('',#5401);
#1603=VERTEX_POINT('',#5409);
#1604=VERTEX_POINT('',#5412);
#1605=VERTEX_POINT('',#5414);
#1606=VERTEX_POINT('',#5416);
#1607=VERTEX_POINT('',#5418);
#1608=VERTEX_POINT('',#5420);
#1609=VERTEX_POINT('',#5432);
#1610=VERTEX_POINT('',#5434);
#1611=VERTEX_POINT('',#5438);
#1612=VERTEX_POINT('',#5443);
#1613=VERTEX_POINT('',#5449);
#1614=VERTEX_POINT('',#5454);
#1615=VERTEX_POINT('',#5460);
#1616=VERTEX_POINT('',#5475);
#1617=VERTEX_POINT('',#5480);
#1618=VERTEX_POINT('',#5485);
#1619=VERTEX_POINT('',#5490);
#1620=VERTEX_POINT('',#5494);
#1621=VERTEX_POINT('',#5496);
#1622=VERTEX_POINT('',#5502);
#1623=VERTEX_POINT('',#5504);
#1624=VERTEX_POINT('',#5513);
#1625=VERTEX_POINT('',#5515);
#1626=VERTEX_POINT('',#5523);
#1627=VERTEX_POINT('',#5525);
#1628=VERTEX_POINT('',#5527);
#1629=VERTEX_POINT('',#5529);
#1630=VERTEX_POINT('',#5538);
#1631=VERTEX_POINT('',#5545);
#1632=VERTEX_POINT('',#5549);
#1633=VERTEX_POINT('',#5551);
#1634=VERTEX_POINT('',#5555);
#1635=VERTEX_POINT('',#5557);
#1636=VERTEX_POINT('',#5561);
#1637=VERTEX_POINT('',#5563);
#1638=VERTEX_POINT('',#5567);
#1639=VERTEX_POINT('',#5569);
#1640=VERTEX_POINT('',#5573);
#1641=VERTEX_POINT('',#5575);
#1642=VERTEX_POINT('',#5579);
#1643=VERTEX_POINT('',#5580);
#1644=VERTEX_POINT('',#5585);
#1645=VERTEX_POINT('',#5586);
#1646=VERTEX_POINT('',#5591);
#1647=VERTEX_POINT('',#5593);
#1648=VERTEX_POINT('',#5597);
#1649=VERTEX_POINT('',#5601);
#1650=VERTEX_POINT('',#5605);
#1651=VERTEX_POINT('',#5609);
#1652=VERTEX_POINT('',#5624);
#1653=VERTEX_POINT('',#5626);
#1654=VERTEX_POINT('',#5631);
#1655=VERTEX_POINT('',#5634);
#1656=VERTEX_POINT('',#5639);
#1657=EDGE_CURVE('',#1372,#1372,#1257,.T.);
#1658=EDGE_CURVE('',#1372,#1373,#697,.T.);
#1659=EDGE_CURVE('',#1373,#1373,#1258,.T.);
#1660=EDGE_CURVE('',#1374,#1374,#1259,.T.);
#1661=EDGE_CURVE('',#1374,#1375,#698,.T.);
#1662=EDGE_CURVE('',#1375,#1375,#1260,.T.);
#1663=EDGE_CURVE('',#1376,#1376,#1261,.T.);
#1664=EDGE_CURVE('',#1377,#1377,#1262,.T.);
#1665=EDGE_CURVE('',#1378,#1378,#1263,.T.);
#1666=EDGE_CURVE('',#1379,#1379,#1264,.T.);
#1667=EDGE_CURVE('',#1379,#1380,#699,.T.);
#1668=EDGE_CURVE('',#1380,#1380,#1265,.T.);
#1669=EDGE_CURVE('',#1378,#1381,#700,.T.);
#1670=EDGE_CURVE('',#1381,#1381,#1266,.T.);
#1671=EDGE_CURVE('',#1377,#1382,#701,.T.);
#1672=EDGE_CURVE('',#1382,#1382,#1267,.T.);
#1673=EDGE_CURVE('',#1376,#1383,#702,.T.);
#1674=EDGE_CURVE('',#1383,#1383,#1268,.T.);
#1675=EDGE_CURVE('',#1384,#1384,#1269,.T.);
#1676=EDGE_CURVE('',#1384,#1385,#703,.T.);
#1677=EDGE_CURVE('',#1385,#1385,#1270,.T.);
#1678=EDGE_CURVE('',#1385,#1386,#704,.T.);
#1679=EDGE_CURVE('',#1386,#1386,#1271,.F.);
#1680=EDGE_CURVE('',#1387,#1387,#1272,.T.);
#1681=EDGE_CURVE('',#1388,#1389,#705,.T.);
#1682=EDGE_CURVE('',#1390,#1388,#706,.T.);
#1683=EDGE_CURVE('',#1391,#1390,#707,.T.);
#1684=EDGE_CURVE('',#1391,#1392,#708,.F.);
#1685=EDGE_CURVE('',#1393,#1392,#709,.T.);
#1686=EDGE_CURVE('',#1393,#1389,#710,.F.);
#1687=EDGE_CURVE('',#1394,#1395,#711,.T.);
#1688=EDGE_CURVE('',#1392,#1395,#712,.T.);
#1689=EDGE_CURVE('',#1396,#1391,#713,.T.);
#1690=EDGE_CURVE('',#1397,#1396,#714,.T.);
#1691=EDGE_CURVE('',#1394,#1397,#715,.T.);
#1692=EDGE_CURVE('',#1398,#1399,#716,.T.);
#1693=EDGE_CURVE('',#1389,#1398,#717,.F.);
#1694=EDGE_CURVE('',#1400,#1393,#718,.T.);
#1695=EDGE_CURVE('',#1400,#1401,#719,.T.);
#1696=EDGE_CURVE('',#1399,#1401,#720,.F.);
#1697=EDGE_CURVE('',#1402,#1403,#721,.T.);
#1698=EDGE_CURVE('',#1401,#1402,#722,.F.);
#1699=EDGE_CURVE('',#1395,#1400,#723,.T.);
#1700=EDGE_CURVE('',#1403,#1394,#724,.F.);
#1701=EDGE_CURVE('',#1403,#1404,#725,.T.);
#1702=EDGE_CURVE('',#1394,#1405,#726,.T.);
#1703=EDGE_CURVE('',#1405,#1404,#727,.T.);
#1704=EDGE_CURVE('',#1402,#1406,#728,.T.);
#1705=EDGE_CURVE('',#1406,#1404,#729,.T.);
#1706=EDGE_CURVE('',#1401,#1407,#730,.T.);
#1707=EDGE_CURVE('',#1407,#1406,#731,.T.);
#1708=EDGE_CURVE('',#1399,#1408,#732,.T.);
#1709=EDGE_CURVE('',#1408,#1407,#733,.T.);
#1710=EDGE_CURVE('',#1398,#1409,#734,.T.);
#1711=EDGE_CURVE('',#1409,#1408,#735,.T.);
#1712=EDGE_CURVE('',#1389,#1410,#736,.T.);
#1713=EDGE_CURVE('',#1409,#1410,#737,.T.);
#1714=EDGE_CURVE('',#1388,#1411,#738,.T.);
#1715=EDGE_CURVE('',#1411,#1410,#739,.T.);
#1716=EDGE_CURVE('',#1390,#1412,#740,.T.);
#1717=EDGE_CURVE('',#1411,#1412,#741,.T.);
#1718=EDGE_CURVE('',#1391,#1413,#742,.T.);
#1719=EDGE_CURVE('',#1412,#1413,#743,.T.);
#1720=EDGE_CURVE('',#1396,#1414,#744,.T.);
#1721=EDGE_CURVE('',#1413,#1414,#745,.T.);
#1722=EDGE_CURVE('',#1397,#1415,#746,.T.);
#1723=EDGE_CURVE('',#1414,#1415,#747,.T.);
#1724=EDGE_CURVE('',#1405,#1415,#748,.T.);
#1725=EDGE_CURVE('',#1412,#1416,#1273,.T.);
#1726=EDGE_CURVE('',#1416,#1411,#1274,.T.);
#1727=EDGE_CURVE('',#1417,#1404,#1275,.T.);
#1728=EDGE_CURVE('',#1406,#1417,#1276,.T.);
#1729=EDGE_CURVE('',#1408,#1406,#1277,.T.);
#1730=EDGE_CURVE('',#1409,#1408,#1278,.T.);
#1731=EDGE_CURVE('',#1411,#1409,#1279,.T.);
#1732=EDGE_CURVE('',#1414,#1412,#1280,.T.);
#1733=EDGE_CURVE('',#1415,#1414,#1281,.T.);
#1734=EDGE_CURVE('',#1404,#1415,#1282,.T.);
#1735=EDGE_CURVE('',#1387,#1418,#749,.T.);
#1736=EDGE_CURVE('',#1418,#1418,#1283,.T.);
#1737=EDGE_CURVE('',#1419,#1420,#57,.T.);
#1738=EDGE_CURVE('',#1421,#1420,#1284,.T.);
#1739=EDGE_CURVE('',#1422,#1421,#58,.T.);
#1740=EDGE_CURVE('',#1416,#1422,#59,.T.);
#1741=EDGE_CURVE('',#1417,#1419,#60,.T.);
#1742=EDGE_CURVE('',#1420,#1421,#1285,.T.);
#1743=EDGE_CURVE('',#1423,#1423,#1286,.F.);
#1744=EDGE_CURVE('',#1423,#1424,#750,.T.);
#1745=EDGE_CURVE('',#1424,#1424,#1287,.T.);
#1746=EDGE_CURVE('',#1425,#1425,#1288,.T.);
#1747=EDGE_CURVE('',#1426,#1426,#1289,.T.);
#1748=EDGE_CURVE('',#1427,#1427,#1290,.T.);
#1749=EDGE_CURVE('',#1428,#1428,#1291,.T.);
#1750=EDGE_CURVE('',#1429,#1429,#1292,.T.);
#1751=EDGE_CURVE('',#1427,#1430,#751,.T.);
#1752=EDGE_CURVE('',#1430,#1430,#1293,.T.);
#1753=EDGE_CURVE('',#1428,#1431,#752,.T.);
#1754=EDGE_CURVE('',#1431,#1431,#1294,.T.);
#1755=EDGE_CURVE('',#1426,#1432,#753,.T.);
#1756=EDGE_CURVE('',#1432,#1432,#1295,.T.);
#1757=EDGE_CURVE('',#1429,#1433,#754,.T.);
#1758=EDGE_CURVE('',#1433,#1433,#1296,.T.);
#1759=EDGE_CURVE('',#1434,#1434,#1297,.T.);
#1760=EDGE_CURVE('',#1434,#1425,#755,.T.);
#1761=EDGE_CURVE('',#1435,#1435,#1298,.T.);
#1762=EDGE_CURVE('',#1435,#1436,#756,.T.);
#1763=EDGE_CURVE('',#1436,#1436,#1299,.T.);
#1764=EDGE_CURVE('',#1437,#1438,#757,.T.);
#1765=EDGE_CURVE('',#1437,#1439,#758,.T.);
#1766=EDGE_CURVE('',#1438,#1439,#1300,.T.);
#1767=EDGE_CURVE('',#1440,#1441,#759,.T.);
#1768=EDGE_CURVE('',#1440,#1442,#760,.T.);
#1769=EDGE_CURVE('',#1441,#1442,#1301,.T.);
#1770=EDGE_CURVE('',#1443,#1444,#761,.T.);
#1771=EDGE_CURVE('',#1445,#1444,#1302,.T.);
#1772=EDGE_CURVE('',#1443,#1445,#762,.T.);
#1773=EDGE_CURVE('',#1446,#1447,#51,.T.);
#1774=EDGE_CURVE('',#1446,#1448,#1303,.T.);
#1775=EDGE_CURVE('',#1448,#1449,#61,.T.);
#1776=EDGE_CURVE('',#1447,#1449,#1304,.F.);
#1777=EDGE_CURVE('',#1450,#1451,#763,.T.);
#1778=EDGE_CURVE('',#1451,#1452,#764,.T.);
#1779=EDGE_CURVE('',#1453,#1452,#765,.F.);
#1780=EDGE_CURVE('',#1453,#1454,#766,.T.);
#1781=EDGE_CURVE('',#1454,#1455,#767,.F.);
#1782=EDGE_CURVE('',#1450,#1455,#768,.T.);
#1783=EDGE_CURVE('',#1456,#1457,#769,.T.);
#1784=EDGE_CURVE('',#1457,#1458,#770,.T.);
#1785=EDGE_CURVE('',#1458,#1459,#771,.T.);
#1786=EDGE_CURVE('',#1459,#1460,#772,.T.);
#1787=EDGE_CURVE('',#1461,#1460,#773,.T.);
#1788=EDGE_CURVE('',#1461,#1462,#774,.T.);
#1789=EDGE_CURVE('',#1456,#1462,#775,.T.);
#1790=EDGE_CURVE('',#1454,#1457,#1305,.F.);
#1791=EDGE_CURVE('',#1455,#1456,#1306,.F.);
#1792=EDGE_CURVE('',#1447,#1458,#776,.T.);
#1793=EDGE_CURVE('',#1458,#1463,#777,.T.);
#1794=EDGE_CURVE('',#1446,#1463,#778,.T.);
#1795=EDGE_CURVE('',#1464,#1465,#779,.T.);
#1796=EDGE_CURVE('',#1464,#1466,#780,.T.);
#1797=EDGE_CURVE('',#1466,#1467,#781,.T.);
#1798=EDGE_CURVE('',#1465,#1467,#782,.T.);
#1799=EDGE_CURVE('',#1468,#1469,#783,.T.);
#1800=EDGE_CURVE('',#1468,#1464,#784,.T.);
#1801=EDGE_CURVE('',#1469,#1465,#785,.T.);
#1802=EDGE_CURVE('',#1448,#1468,#786,.T.);
#1803=EDGE_CURVE('',#1449,#1469,#787,.T.);
#1804=EDGE_CURVE('',#1470,#1471,#52,.T.);
#1805=EDGE_CURVE('',#1472,#1470,#1307,.T.);
#1806=EDGE_CURVE('',#1472,#1473,#53,.T.);
#1807=EDGE_CURVE('',#1473,#1474,#1308,.F.);
#1808=EDGE_CURVE('',#1475,#1474,#54,.T.);
#1809=EDGE_CURVE('',#1475,#1476,#1309,.T.);
#1810=EDGE_CURVE('',#1476,#1477,#55,.T.);
#1811=EDGE_CURVE('',#1477,#1471,#1310,.T.);
#1812=EDGE_CURVE('',#1478,#1479,#788,.T.);
#1813=EDGE_CURVE('',#1478,#1480,#789,.T.);
#1814=EDGE_CURVE('',#1480,#1481,#790,.T.);
#1815=EDGE_CURVE('',#1479,#1481,#791,.T.);
#1816=EDGE_CURVE('',#1478,#1460,#792,.F.);
#1817=EDGE_CURVE('',#1480,#1459,#793,.F.);
#1818=EDGE_CURVE('',#1482,#1483,#794,.T.);
#1819=EDGE_CURVE('',#1483,#1471,#795,.T.);
#1820=EDGE_CURVE('',#1482,#1477,#796,.T.);
#1821=EDGE_CURVE('',#1462,#1484,#797,.F.);
#1822=EDGE_CURVE('',#1484,#1485,#798,.T.);
#1823=EDGE_CURVE('',#1486,#1485,#799,.T.);
#1824=EDGE_CURVE('',#1462,#1486,#800,.T.);
#1825=EDGE_CURVE('',#1487,#1488,#801,.T.);
#1826=EDGE_CURVE('',#1488,#1489,#802,.T.);
#1827=EDGE_CURVE('',#1489,#1450,#803,.F.);
#1828=EDGE_CURVE('',#1487,#1450,#804,.T.);
#1829=EDGE_CURVE('',#1485,#1488,#1311,.F.);
#1830=EDGE_CURVE('',#1486,#1487,#1312,.T.);
#1831=EDGE_CURVE('',#1490,#1490,#1313,.F.);
#1832=EDGE_CURVE('',#1467,#1491,#805,.T.);
#1833=EDGE_CURVE('',#1492,#1491,#806,.T.);
#1834=EDGE_CURVE('',#1493,#1492,#807,.T.);
#1835=EDGE_CURVE('',#1494,#1493,#808,.T.);
#1836=EDGE_CURVE('',#1495,#1494,#1314,.F.);
#1837=EDGE_CURVE('',#1495,#1496,#809,.T.);
#1838=EDGE_CURVE('',#1496,#1497,#810,.T.);
#1839=EDGE_CURVE('',#1481,#1497,#811,.F.);
#1840=EDGE_CURVE('',#1498,#1498,#1315,.T.);
#1841=EDGE_CURVE('',#1499,#1499,#1316,.T.);
#1842=EDGE_CURVE('',#1500,#1500,#1317,.T.);
#1843=EDGE_CURVE('',#1501,#1501,#1318,.T.);
#1844=EDGE_CURVE('',#1502,#1502,#1319,.T.);
#1845=EDGE_CURVE('',#1503,#1503,#1320,.T.);
#1846=EDGE_CURVE('',#1504,#1504,#1321,.T.);
#1847=EDGE_CURVE('',#1483,#1505,#812,.F.);
#1848=EDGE_CURVE('',#1482,#1506,#813,.F.);
#1849=EDGE_CURVE('',#1506,#1507,#814,.F.);
#1850=EDGE_CURVE('',#1507,#1451,#815,.F.);
#1851=EDGE_CURVE('',#1505,#1489,#816,.F.);
#1852=EDGE_CURVE('',#1484,#1508,#817,.F.);
#1853=EDGE_CURVE('',#1509,#1461,#818,.F.);
#1854=EDGE_CURVE('',#1510,#1509,#819,.F.);
#1855=EDGE_CURVE('',#1510,#1511,#25,.T.);
#1856=EDGE_CURVE('',#1512,#1511,#820,.F.);
#1857=EDGE_CURVE('',#1512,#1508,#26,.T.);
#1858=EDGE_CURVE('',#1509,#1472,#821,.F.);
#1859=EDGE_CURVE('',#1473,#1461,#822,.T.);
#1860=EDGE_CURVE('',#1508,#1512,#1322,.F.);
#1861=EDGE_CURVE('',#1511,#1510,#1323,.F.);
#1862=EDGE_CURVE('',#1505,#1470,#823,.T.);
#1863=EDGE_CURVE('',#1513,#1513,#1324,.F.);
#1864=EDGE_CURVE('',#1514,#1514,#1325,.F.);
#1865=EDGE_CURVE('',#1515,#1515,#1326,.T.);
#1866=EDGE_CURVE('',#1515,#1514,#824,.T.);
#1867=EDGE_CURVE('',#1516,#1516,#1327,.T.);
#1868=EDGE_CURVE('',#1516,#1513,#825,.T.);
#1869=EDGE_CURVE('',#1517,#1518,#826,.T.);
#1870=EDGE_CURVE('',#1519,#1517,#827,.T.);
#1871=EDGE_CURVE('',#1519,#1491,#828,.T.);
#1872=EDGE_CURVE('',#1466,#1518,#829,.T.);
#1873=EDGE_CURVE('',#1463,#1520,#830,.T.);
#1874=EDGE_CURVE('',#1520,#1521,#1328,.T.);
#1875=EDGE_CURVE('',#1521,#1522,#831,.T.);
#1876=EDGE_CURVE('',#1522,#1523,#1329,.T.);
#1877=EDGE_CURVE('',#1523,#1524,#832,.T.);
#1878=EDGE_CURVE('',#1525,#1524,#1330,.T.);
#1879=EDGE_CURVE('',#1526,#1525,#833,.T.);
#1880=EDGE_CURVE('',#1527,#1526,#1331,.T.);
#1881=EDGE_CURVE('',#1528,#1527,#834,.T.);
#1882=EDGE_CURVE('',#1529,#1528,#835,.T.);
#1883=EDGE_CURVE('',#1529,#1530,#1332,.T.);
#1884=EDGE_CURVE('',#1530,#1531,#836,.T.);
#1885=EDGE_CURVE('',#1531,#1532,#837,.T.);
#1886=EDGE_CURVE('',#1532,#1519,#838,.T.);
#1887=EDGE_CURVE('',#1517,#1533,#839,.T.);
#1888=EDGE_CURVE('',#1534,#1533,#840,.T.);
#1889=EDGE_CURVE('',#1518,#1534,#841,.T.);
#1890=EDGE_CURVE('',#1535,#1535,#1333,.T.);
#1891=EDGE_CURVE('',#1536,#1536,#1334,.F.);
#1892=EDGE_CURVE('',#1537,#1537,#1335,.T.);
#1893=EDGE_CURVE('',#1538,#1538,#1336,.F.);
#1894=EDGE_CURVE('',#1539,#1540,#842,.T.);
#1895=EDGE_CURVE('',#1518,#1539,#843,.T.);
#1896=EDGE_CURVE('',#1534,#1540,#844,.T.);
#1897=EDGE_CURVE('',#1533,#1541,#845,.T.);
#1898=EDGE_CURVE('',#1540,#1541,#846,.T.);
#1899=EDGE_CURVE('',#1542,#1542,#1337,.T.);
#1900=EDGE_CURVE('',#1542,#1536,#847,.T.);
#1901=EDGE_CURVE('',#1543,#1543,#1338,.T.);
#1902=EDGE_CURVE('',#1535,#1543,#848,.T.);
#1903=EDGE_CURVE('',#1520,#1521,#27,.T.);
#1904=EDGE_CURVE('',#1544,#1457,#849,.T.);
#1905=EDGE_CURVE('',#1522,#1544,#28,.T.);
#1906=EDGE_CURVE('',#1544,#1545,#62,.T.);
#1907=EDGE_CURVE('',#1545,#1454,#850,.T.);
#1908=EDGE_CURVE('',#1545,#1523,#29,.T.);
#1909=EDGE_CURVE('',#1546,#1453,#851,.T.);
#1910=EDGE_CURVE('',#1546,#1524,#30,.T.);
#1911=EDGE_CURVE('',#1547,#1539,#852,.T.);
#1912=EDGE_CURVE('',#1547,#1541,#853,.T.);
#1913=EDGE_CURVE('',#1517,#1547,#854,.T.);
#1914=EDGE_CURVE('',#1504,#1548,#855,.T.);
#1915=EDGE_CURVE('',#1548,#1548,#1339,.T.);
#1916=EDGE_CURVE('',#1503,#1549,#856,.T.);
#1917=EDGE_CURVE('',#1549,#1549,#1340,.T.);
#1918=EDGE_CURVE('',#1502,#1550,#857,.T.);
#1919=EDGE_CURVE('',#1550,#1550,#1341,.T.);
#1920=EDGE_CURVE('',#1490,#1551,#858,.T.);
#1921=EDGE_CURVE('',#1551,#1551,#1342,.T.);
#1922=EDGE_CURVE('',#1551,#1552,#1343,.T.);
#1923=EDGE_CURVE('',#1553,#1552,#63,.T.);
#1924=EDGE_CURVE('',#1445,#1553,#31,.T.);
#1925=EDGE_CURVE('',#1554,#1444,#32,.T.);
#1926=EDGE_CURVE('',#1554,#1555,#64,.T.);
#1927=EDGE_CURVE('',#1555,#1556,#33,.T.);
#1928=EDGE_CURVE('',#1556,#1557,#1344,.T.);
#1929=EDGE_CURVE('',#1558,#1557,#34,.T.);
#1930=EDGE_CURVE('',#1558,#1559,#65,.T.);
#1931=EDGE_CURVE('',#1559,#1441,#35,.T.);
#1932=EDGE_CURVE('',#1442,#1560,#36,.T.);
#1933=EDGE_CURVE('',#1561,#1560,#66,.T.);
#1934=EDGE_CURVE('',#1438,#1561,#37,.T.);
#1935=EDGE_CURVE('',#1439,#1562,#38,.T.);
#1936=EDGE_CURVE('',#1552,#1562,#67,.T.);
#1937=EDGE_CURVE('',#1563,#1556,#859,.T.);
#1938=EDGE_CURVE('',#1563,#1557,#860,.T.);
#1939=EDGE_CURVE('',#1564,#1554,#861,.T.);
#1940=EDGE_CURVE('',#1564,#1565,#862,.T.);
#1941=EDGE_CURVE('',#1565,#1555,#863,.T.);
#1942=EDGE_CURVE('',#1566,#1560,#864,.T.);
#1943=EDGE_CURVE('',#1566,#1567,#865,.T.);
#1944=EDGE_CURVE('',#1567,#1561,#866,.T.);
#1945=EDGE_CURVE('',#1568,#1562,#867,.T.);
#1946=EDGE_CURVE('',#1568,#1569,#868,.T.);
#1947=EDGE_CURVE('',#1569,#1553,#869,.T.);
#1948=EDGE_CURVE('',#1570,#1558,#870,.T.);
#1949=EDGE_CURVE('',#1570,#1571,#871,.T.);
#1950=EDGE_CURVE('',#1571,#1559,#872,.T.);
#1951=EDGE_CURVE('',#1565,#1572,#873,.T.);
#1952=EDGE_CURVE('',#1573,#1572,#874,.T.);
#1953=EDGE_CURVE('',#1573,#1563,#875,.T.);
#1954=EDGE_CURVE('',#1574,#1575,#876,.T.);
#1955=EDGE_CURVE('',#1575,#1564,#877,.T.);
#1956=EDGE_CURVE('',#1574,#1443,#878,.T.);
#1957=EDGE_CURVE('',#1576,#1577,#879,.T.);
#1958=EDGE_CURVE('',#1576,#1566,#880,.F.);
#1959=EDGE_CURVE('',#1577,#1440,#881,.T.);
#1960=EDGE_CURVE('',#1567,#1578,#882,.F.);
#1961=EDGE_CURVE('',#1578,#1579,#883,.T.);
#1962=EDGE_CURVE('',#1579,#1437,#884,.T.);
#1963=EDGE_CURVE('',#1580,#1579,#885,.T.);
#1964=EDGE_CURVE('',#1580,#1568,#886,.F.);
#1965=EDGE_CURVE('',#1571,#1581,#887,.T.);
#1966=EDGE_CURVE('',#1577,#1581,#888,.T.);
#1967=EDGE_CURVE('',#1573,#1582,#889,.T.);
#1968=EDGE_CURVE('',#1582,#1570,#890,.T.);
#1969=EDGE_CURVE('',#1569,#1583,#891,.F.);
#1970=EDGE_CURVE('',#1583,#1574,#892,.T.);
#1971=EDGE_CURVE('',#1581,#1582,#893,.T.);
#1972=EDGE_CURVE('',#1572,#1575,#894,.T.);
#1973=EDGE_CURVE('',#1583,#1580,#895,.T.);
#1974=EDGE_CURVE('',#1578,#1576,#896,.T.);
#1975=EDGE_CURVE('',#1584,#1585,#897,.T.);
#1976=EDGE_CURVE('',#1585,#1586,#1345,.T.);
#1977=EDGE_CURVE('',#1584,#1586,#898,.T.);
#1978=EDGE_CURVE('',#1587,#1588,#899,.T.);
#1979=EDGE_CURVE('',#1588,#1589,#1346,.T.);
#1980=EDGE_CURVE('',#1587,#1589,#900,.T.);
#1981=EDGE_CURVE('',#1590,#1591,#901,.T.);
#1982=EDGE_CURVE('',#1590,#1592,#902,.T.);
#1983=EDGE_CURVE('',#1592,#1591,#1347,.T.);
#1984=EDGE_CURVE('',#1529,#1495,#56,.T.);
#1985=EDGE_CURVE('',#1530,#1494,#68,.T.);
#1986=EDGE_CURVE('',#1593,#1594,#903,.T.);
#1987=EDGE_CURVE('',#1593,#1595,#904,.T.);
#1988=EDGE_CURVE('',#1596,#1595,#905,.T.);
#1989=EDGE_CURVE('',#1596,#1597,#906,.T.);
#1990=EDGE_CURVE('',#1497,#1597,#907,.T.);
#1991=EDGE_CURVE('',#1594,#1496,#908,.T.);
#1992=EDGE_CURVE('',#1452,#1593,#1348,.F.);
#1993=EDGE_CURVE('',#1453,#1594,#1349,.F.);
#1994=EDGE_CURVE('',#1496,#1528,#909,.T.);
#1995=EDGE_CURVE('',#1532,#1492,#910,.T.);
#1996=EDGE_CURVE('',#1531,#1493,#911,.T.);
#1997=EDGE_CURVE('',#1479,#1597,#912,.F.);
#1998=EDGE_CURVE('',#1595,#1598,#913,.F.);
#1999=EDGE_CURVE('',#1595,#1599,#914,.T.);
#2000=EDGE_CURVE('',#1599,#1600,#915,.T.);
#2001=EDGE_CURVE('',#1598,#1600,#916,.T.);
#2002=EDGE_CURVE('',#1601,#1602,#917,.T.);
#2003=EDGE_CURVE('',#1601,#1451,#918,.T.);
#2004=EDGE_CURVE('',#1602,#1507,#919,.T.);
#2005=EDGE_CURVE('',#1599,#1601,#1350,.T.);
#2006=EDGE_CURVE('',#1600,#1602,#1351,.F.);
#2007=EDGE_CURVE('',#1603,#1603,#1352,.F.);
#2008=EDGE_CURVE('',#1598,#1604,#920,.F.);
#2009=EDGE_CURVE('',#1605,#1604,#39,.T.);
#2010=EDGE_CURVE('',#1605,#1606,#921,.F.);
#2011=EDGE_CURVE('',#1607,#1606,#40,.T.);
#2012=EDGE_CURVE('',#1607,#1608,#922,.F.);
#2013=EDGE_CURVE('',#1608,#1596,#923,.F.);
#2014=EDGE_CURVE('',#1608,#1475,#924,.F.);
#2015=EDGE_CURVE('',#1474,#1596,#925,.T.);
#2016=EDGE_CURVE('',#1604,#1605,#1353,.F.);
#2017=EDGE_CURVE('',#1606,#1607,#1354,.F.);
#2018=EDGE_CURVE('',#1506,#1476,#926,.T.);
#2019=EDGE_CURVE('',#1609,#1609,#1355,.F.);
#2020=EDGE_CURVE('',#1610,#1610,#1356,.F.);
#2021=EDGE_CURVE('',#1611,#1611,#1357,.T.);
#2022=EDGE_CURVE('',#1611,#1610,#927,.T.);
#2023=EDGE_CURVE('',#1612,#1612,#1358,.T.);
#2024=EDGE_CURVE('',#1612,#1609,#928,.T.);
#2025=EDGE_CURVE('',#1613,#1613,#1359,.T.);
#2026=EDGE_CURVE('',#1613,#1538,#929,.T.);
#2027=EDGE_CURVE('',#1614,#1614,#1360,.T.);
#2028=EDGE_CURVE('',#1537,#1614,#930,.T.);
#2029=EDGE_CURVE('',#1527,#1526,#41,.T.);
#2030=EDGE_CURVE('',#1525,#1615,#42,.T.);
#2031=EDGE_CURVE('',#1615,#1594,#931,.T.);
#2032=EDGE_CURVE('',#1615,#1546,#69,.T.);
#2033=EDGE_CURVE('',#1500,#1616,#932,.T.);
#2034=EDGE_CURVE('',#1616,#1616,#1361,.T.);
#2035=EDGE_CURVE('',#1499,#1617,#933,.T.);
#2036=EDGE_CURVE('',#1617,#1617,#1362,.T.);
#2037=EDGE_CURVE('',#1498,#1618,#934,.T.);
#2038=EDGE_CURVE('',#1618,#1618,#1363,.T.);
#2039=EDGE_CURVE('',#1603,#1619,#935,.T.);
#2040=EDGE_CURVE('',#1619,#1619,#1364,.T.);
#2041=EDGE_CURVE('',#1619,#1620,#1365,.T.);
#2042=EDGE_CURVE('',#1620,#1621,#70,.F.);
#2043=EDGE_CURVE('',#1586,#1621,#43,.T.);
#2044=EDGE_CURVE('',#1585,#1622,#44,.T.);
#2045=EDGE_CURVE('',#1622,#1623,#71,.T.);
#2046=EDGE_CURVE('',#1589,#1623,#45,.T.);
#2047=EDGE_CURVE('',#1624,#1588,#46,.T.);
#2048=EDGE_CURVE('',#1625,#1624,#72,.T.);
#2049=EDGE_CURVE('',#1625,#1626,#47,.T.);
#2050=EDGE_CURVE('',#1627,#1626,#1366,.T.);
#2051=EDGE_CURVE('',#1628,#1627,#48,.T.);
#2052=EDGE_CURVE('',#1629,#1628,#73,.T.);
#2053=EDGE_CURVE('',#1629,#1591,#49,.T.);
#2054=EDGE_CURVE('',#1592,#1630,#50,.T.);
#2055=EDGE_CURVE('',#1630,#1620,#74,.F.);
#2056=EDGE_CURVE('',#1631,#1626,#936,.T.);
#2057=EDGE_CURVE('',#1631,#1627,#937,.T.);
#2058=EDGE_CURVE('',#1632,#1629,#938,.T.);
#2059=EDGE_CURVE('',#1633,#1628,#939,.T.);
#2060=EDGE_CURVE('',#1632,#1633,#940,.T.);
#2061=EDGE_CURVE('',#1634,#1623,#941,.T.);
#2062=EDGE_CURVE('',#1635,#1622,#942,.T.);
#2063=EDGE_CURVE('',#1634,#1635,#943,.T.);
#2064=EDGE_CURVE('',#1636,#1621,#944,.T.);
#2065=EDGE_CURVE('',#1637,#1630,#945,.T.);
#2066=EDGE_CURVE('',#1636,#1637,#946,.T.);
#2067=EDGE_CURVE('',#1638,#1625,#947,.T.);
#2068=EDGE_CURVE('',#1639,#1624,#948,.T.);
#2069=EDGE_CURVE('',#1638,#1639,#949,.T.);
#2070=EDGE_CURVE('',#1640,#1631,#950,.T.);
#2071=EDGE_CURVE('',#1640,#1641,#951,.T.);
#2072=EDGE_CURVE('',#1633,#1641,#952,.T.);
#2073=EDGE_CURVE('',#1642,#1643,#953,.T.);
#2074=EDGE_CURVE('',#1642,#1590,#954,.T.);
#2075=EDGE_CURVE('',#1643,#1632,#955,.T.);
#2076=EDGE_CURVE('',#1644,#1645,#956,.T.);
#2077=EDGE_CURVE('',#1645,#1587,#957,.T.);
#2078=EDGE_CURVE('',#1644,#1634,#958,.F.);
#2079=EDGE_CURVE('',#1646,#1584,#959,.T.);
#2080=EDGE_CURVE('',#1647,#1646,#960,.T.);
#2081=EDGE_CURVE('',#1635,#1647,#961,.F.);
#2082=EDGE_CURVE('',#1648,#1646,#962,.T.);
#2083=EDGE_CURVE('',#1648,#1636,#963,.F.);
#2084=EDGE_CURVE('',#1645,#1649,#964,.T.);
#2085=EDGE_CURVE('',#1639,#1649,#965,.T.);
#2086=EDGE_CURVE('',#1640,#1650,#966,.T.);
#2087=EDGE_CURVE('',#1650,#1638,#967,.T.);
#2088=EDGE_CURVE('',#1651,#1642,#968,.T.);
#2089=EDGE_CURVE('',#1637,#1651,#969,.F.);
#2090=EDGE_CURVE('',#1647,#1644,#970,.T.);
#2091=EDGE_CURVE('',#1651,#1648,#971,.T.);
#2092=EDGE_CURVE('',#1641,#1643,#972,.T.);
#2093=EDGE_CURVE('',#1649,#1650,#973,.T.);
#2094=EDGE_CURVE('',#1652,#1652,#1367,.T.);
#2095=EDGE_CURVE('',#1653,#1653,#1368,.T.);
#2096=EDGE_CURVE('',#1501,#1652,#974,.T.);
#2097=EDGE_CURVE('',#1654,#1654,#1369,.T.);
#2098=EDGE_CURVE('',#1655,#1655,#1370,.F.);
#2099=EDGE_CURVE('',#1655,#1653,#975,.T.);
#2100=EDGE_CURVE('',#1656,#1656,#1371,.T.);
#2101=EDGE_CURVE('',#1656,#1654,#976,.T.);
#2102=ORIENTED_EDGE('',*,*,#1657,.T.);
#2103=ORIENTED_EDGE('',*,*,#1658,.T.);
#2104=ORIENTED_EDGE('',*,*,#1659,.F.);
#2105=ORIENTED_EDGE('',*,*,#1658,.F.);
#2106=ORIENTED_EDGE('',*,*,#1660,.F.);
#2107=ORIENTED_EDGE('',*,*,#1661,.T.);
#2108=ORIENTED_EDGE('',*,*,#1662,.T.);
#2109=ORIENTED_EDGE('',*,*,#1661,.F.);
#2110=ORIENTED_EDGE('',*,*,#1662,.F.);
#2111=ORIENTED_EDGE('',*,*,#1659,.T.);
#2112=ORIENTED_EDGE('',*,*,#1663,.T.);
#2113=ORIENTED_EDGE('',*,*,#1664,.T.);
#2114=ORIENTED_EDGE('',*,*,#1665,.T.);
#2115=ORIENTED_EDGE('',*,*,#1666,.T.);
#2116=ORIENTED_EDGE('',*,*,#1666,.F.);
#2117=ORIENTED_EDGE('',*,*,#1667,.T.);
#2118=ORIENTED_EDGE('',*,*,#1668,.T.);
#2119=ORIENTED_EDGE('',*,*,#1667,.F.);
#2120=ORIENTED_EDGE('',*,*,#1665,.F.);
#2121=ORIENTED_EDGE('',*,*,#1669,.T.);
#2122=ORIENTED_EDGE('',*,*,#1670,.T.);
#2123=ORIENTED_EDGE('',*,*,#1669,.F.);
#2124=ORIENTED_EDGE('',*,*,#1664,.F.);
#2125=ORIENTED_EDGE('',*,*,#1671,.T.);
#2126=ORIENTED_EDGE('',*,*,#1672,.T.);
#2127=ORIENTED_EDGE('',*,*,#1671,.F.);
#2128=ORIENTED_EDGE('',*,*,#1663,.F.);
#2129=ORIENTED_EDGE('',*,*,#1673,.T.);
#2130=ORIENTED_EDGE('',*,*,#1674,.T.);
#2131=ORIENTED_EDGE('',*,*,#1673,.F.);
#2132=ORIENTED_EDGE('',*,*,#1660,.T.);
#2133=ORIENTED_EDGE('',*,*,#1657,.F.);
#2134=ORIENTED_EDGE('',*,*,#1674,.F.);
#2135=ORIENTED_EDGE('',*,*,#1672,.F.);
#2136=ORIENTED_EDGE('',*,*,#1670,.F.);
#2137=ORIENTED_EDGE('',*,*,#1668,.F.);
#2138=ORIENTED_EDGE('',*,*,#1675,.T.);
#2139=ORIENTED_EDGE('',*,*,#1676,.T.);
#2140=ORIENTED_EDGE('',*,*,#1677,.T.);
#2141=ORIENTED_EDGE('',*,*,#1676,.F.);
#2142=ORIENTED_EDGE('',*,*,#1677,.F.);
#2143=ORIENTED_EDGE('',*,*,#1678,.T.);
#2144=ORIENTED_EDGE('',*,*,#1679,.F.);
#2145=ORIENTED_EDGE('',*,*,#1678,.F.);
#2146=ORIENTED_EDGE('',*,*,#1675,.F.);
#2147=ORIENTED_EDGE('',*,*,#1680,.F.);
#2148=ORIENTED_EDGE('',*,*,#1679,.T.);
#2149=ORIENTED_EDGE('',*,*,#1681,.F.);
#2150=ORIENTED_EDGE('',*,*,#1682,.F.);
#2151=ORIENTED_EDGE('',*,*,#1683,.F.);
#2152=ORIENTED_EDGE('',*,*,#1684,.T.);
#2153=ORIENTED_EDGE('',*,*,#1685,.F.);
#2154=ORIENTED_EDGE('',*,*,#1686,.T.);
#2155=ORIENTED_EDGE('',*,*,#1687,.T.);
#2156=ORIENTED_EDGE('',*,*,#1688,.F.);
#2157=ORIENTED_EDGE('',*,*,#1684,.F.);
#2158=ORIENTED_EDGE('',*,*,#1689,.F.);
#2159=ORIENTED_EDGE('',*,*,#1690,.F.);
#2160=ORIENTED_EDGE('',*,*,#1691,.F.);
#2161=ORIENTED_EDGE('',*,*,#1692,.F.);
#2162=ORIENTED_EDGE('',*,*,#1693,.F.);
#2163=ORIENTED_EDGE('',*,*,#1686,.F.);
#2164=ORIENTED_EDGE('',*,*,#1694,.F.);
#2165=ORIENTED_EDGE('',*,*,#1695,.T.);
#2166=ORIENTED_EDGE('',*,*,#1696,.F.);
#2167=ORIENTED_EDGE('',*,*,#1697,.F.);
#2168=ORIENTED_EDGE('',*,*,#1698,.F.);
#2169=ORIENTED_EDGE('',*,*,#1695,.F.);
#2170=ORIENTED_EDGE('',*,*,#1699,.F.);
#2171=ORIENTED_EDGE('',*,*,#1687,.F.);
#2172=ORIENTED_EDGE('',*,*,#1700,.F.);
#2173=ORIENTED_EDGE('',*,*,#1694,.T.);
#2174=ORIENTED_EDGE('',*,*,#1685,.T.);
#2175=ORIENTED_EDGE('',*,*,#1688,.T.);
#2176=ORIENTED_EDGE('',*,*,#1699,.T.);
#2177=ORIENTED_EDGE('',*,*,#1701,.F.);
#2178=ORIENTED_EDGE('',*,*,#1700,.T.);
#2179=ORIENTED_EDGE('',*,*,#1702,.T.);
#2180=ORIENTED_EDGE('',*,*,#1703,.T.);
#2181=ORIENTED_EDGE('',*,*,#1704,.F.);
#2182=ORIENTED_EDGE('',*,*,#1697,.T.);
#2183=ORIENTED_EDGE('',*,*,#1701,.T.);
#2184=ORIENTED_EDGE('',*,*,#1705,.F.);
#2185=ORIENTED_EDGE('',*,*,#1706,.F.);
#2186=ORIENTED_EDGE('',*,*,#1698,.T.);
#2187=ORIENTED_EDGE('',*,*,#1704,.T.);
#2188=ORIENTED_EDGE('',*,*,#1707,.F.);
#2189=ORIENTED_EDGE('',*,*,#1708,.F.);
#2190=ORIENTED_EDGE('',*,*,#1696,.T.);
#2191=ORIENTED_EDGE('',*,*,#1706,.T.);
#2192=ORIENTED_EDGE('',*,*,#1709,.F.);
#2193=ORIENTED_EDGE('',*,*,#1710,.F.);
#2194=ORIENTED_EDGE('',*,*,#1692,.T.);
#2195=ORIENTED_EDGE('',*,*,#1708,.T.);
#2196=ORIENTED_EDGE('',*,*,#1711,.F.);
#2197=ORIENTED_EDGE('',*,*,#1712,.F.);
#2198=ORIENTED_EDGE('',*,*,#1693,.T.);
#2199=ORIENTED_EDGE('',*,*,#1710,.T.);
#2200=ORIENTED_EDGE('',*,*,#1713,.T.);
#2201=ORIENTED_EDGE('',*,*,#1714,.F.);
#2202=ORIENTED_EDGE('',*,*,#1681,.T.);
#2203=ORIENTED_EDGE('',*,*,#1712,.T.);
#2204=ORIENTED_EDGE('',*,*,#1715,.F.);
#2205=ORIENTED_EDGE('',*,*,#1716,.F.);
#2206=ORIENTED_EDGE('',*,*,#1682,.T.);
#2207=ORIENTED_EDGE('',*,*,#1714,.T.);
#2208=ORIENTED_EDGE('',*,*,#1717,.T.);
#2209=ORIENTED_EDGE('',*,*,#1718,.F.);
#2210=ORIENTED_EDGE('',*,*,#1683,.T.);
#2211=ORIENTED_EDGE('',*,*,#1716,.T.);
#2212=ORIENTED_EDGE('',*,*,#1719,.T.);
#2213=ORIENTED_EDGE('',*,*,#1720,.F.);
#2214=ORIENTED_EDGE('',*,*,#1689,.T.);
#2215=ORIENTED_EDGE('',*,*,#1718,.T.);
#2216=ORIENTED_EDGE('',*,*,#1721,.T.);
#2217=ORIENTED_EDGE('',*,*,#1722,.F.);
#2218=ORIENTED_EDGE('',*,*,#1690,.T.);
#2219=ORIENTED_EDGE('',*,*,#1720,.T.);
#2220=ORIENTED_EDGE('',*,*,#1723,.T.);
#2221=ORIENTED_EDGE('',*,*,#1702,.F.);
#2222=ORIENTED_EDGE('',*,*,#1691,.T.);
#2223=ORIENTED_EDGE('',*,*,#1722,.T.);
#2224=ORIENTED_EDGE('',*,*,#1724,.F.);
#2225=ORIENTED_EDGE('',*,*,#1725,.F.);
#2226=ORIENTED_EDGE('',*,*,#1717,.F.);
#2227=ORIENTED_EDGE('',*,*,#1726,.F.);
#2228=ORIENTED_EDGE('',*,*,#1705,.T.);
#2229=ORIENTED_EDGE('',*,*,#1727,.F.);
#2230=ORIENTED_EDGE('',*,*,#1728,.F.);
#2231=ORIENTED_EDGE('',*,*,#1709,.T.);
#2232=ORIENTED_EDGE('',*,*,#1707,.T.);
#2233=ORIENTED_EDGE('',*,*,#1729,.F.);
#2234=ORIENTED_EDGE('',*,*,#1711,.T.);
#2235=ORIENTED_EDGE('',*,*,#1730,.F.);
#2236=ORIENTED_EDGE('',*,*,#1715,.T.);
#2237=ORIENTED_EDGE('',*,*,#1713,.F.);
#2238=ORIENTED_EDGE('',*,*,#1731,.F.);
#2239=ORIENTED_EDGE('',*,*,#1732,.F.);
#2240=ORIENTED_EDGE('',*,*,#1721,.F.);
#2241=ORIENTED_EDGE('',*,*,#1719,.F.);
#2242=ORIENTED_EDGE('',*,*,#1733,.F.);
#2243=ORIENTED_EDGE('',*,*,#1723,.F.);
#2244=ORIENTED_EDGE('',*,*,#1724,.T.);
#2245=ORIENTED_EDGE('',*,*,#1734,.F.);
#2246=ORIENTED_EDGE('',*,*,#1703,.F.);
#2247=ORIENTED_EDGE('',*,*,#1680,.T.);
#2248=ORIENTED_EDGE('',*,*,#1735,.T.);
#2249=ORIENTED_EDGE('',*,*,#1736,.T.);
#2250=ORIENTED_EDGE('',*,*,#1735,.F.);
#2251=ORIENTED_EDGE('',*,*,#1737,.T.);
#2252=ORIENTED_EDGE('',*,*,#1738,.F.);
#2253=ORIENTED_EDGE('',*,*,#1739,.F.);
#2254=ORIENTED_EDGE('',*,*,#1740,.F.);
#2255=ORIENTED_EDGE('',*,*,#1726,.T.);
#2256=ORIENTED_EDGE('',*,*,#1731,.T.);
#2257=ORIENTED_EDGE('',*,*,#1730,.T.);
#2258=ORIENTED_EDGE('',*,*,#1729,.T.);
#2259=ORIENTED_EDGE('',*,*,#1728,.T.);
#2260=ORIENTED_EDGE('',*,*,#1741,.T.);
#2261=ORIENTED_EDGE('',*,*,#1739,.T.);
#2262=ORIENTED_EDGE('',*,*,#1742,.F.);
#2263=ORIENTED_EDGE('',*,*,#1737,.F.);
#2264=ORIENTED_EDGE('',*,*,#1741,.F.);
#2265=ORIENTED_EDGE('',*,*,#1727,.T.);
#2266=ORIENTED_EDGE('',*,*,#1734,.T.);
#2267=ORIENTED_EDGE('',*,*,#1733,.T.);
#2268=ORIENTED_EDGE('',*,*,#1732,.T.);
#2269=ORIENTED_EDGE('',*,*,#1725,.T.);
#2270=ORIENTED_EDGE('',*,*,#1740,.T.);
#2271=ORIENTED_EDGE('',*,*,#1743,.T.);
#2272=ORIENTED_EDGE('',*,*,#1744,.T.);
#2273=ORIENTED_EDGE('',*,*,#1745,.F.);
#2274=ORIENTED_EDGE('',*,*,#1744,.F.);
#2275=ORIENTED_EDGE('',*,*,#1745,.T.);
#2276=ORIENTED_EDGE('',*,*,#1736,.F.);
#2277=ORIENTED_EDGE('',*,*,#1746,.T.);
#2278=ORIENTED_EDGE('',*,*,#1747,.F.);
#2279=ORIENTED_EDGE('',*,*,#1748,.F.);
#2280=ORIENTED_EDGE('',*,*,#1738,.T.);
#2281=ORIENTED_EDGE('',*,*,#1742,.T.);
#2282=ORIENTED_EDGE('',*,*,#1749,.F.);
#2283=ORIENTED_EDGE('',*,*,#1750,.F.);
#2284=ORIENTED_EDGE('',*,*,#1748,.T.);
#2285=ORIENTED_EDGE('',*,*,#1751,.T.);
#2286=ORIENTED_EDGE('',*,*,#1752,.F.);
#2287=ORIENTED_EDGE('',*,*,#1751,.F.);
#2288=ORIENTED_EDGE('',*,*,#1749,.T.);
#2289=ORIENTED_EDGE('',*,*,#1753,.T.);
#2290=ORIENTED_EDGE('',*,*,#1754,.F.);
#2291=ORIENTED_EDGE('',*,*,#1753,.F.);
#2292=ORIENTED_EDGE('',*,*,#1747,.T.);
#2293=ORIENTED_EDGE('',*,*,#1755,.T.);
#2294=ORIENTED_EDGE('',*,*,#1756,.F.);
#2295=ORIENTED_EDGE('',*,*,#1755,.F.);
#2296=ORIENTED_EDGE('',*,*,#1750,.T.);
#2297=ORIENTED_EDGE('',*,*,#1757,.T.);
#2298=ORIENTED_EDGE('',*,*,#1758,.F.);
#2299=ORIENTED_EDGE('',*,*,#1757,.F.);
#2300=ORIENTED_EDGE('',*,*,#1759,.T.);
#2301=ORIENTED_EDGE('',*,*,#1760,.T.);
#2302=ORIENTED_EDGE('',*,*,#1746,.F.);
#2303=ORIENTED_EDGE('',*,*,#1760,.F.);
#2304=ORIENTED_EDGE('',*,*,#1759,.F.);
#2305=ORIENTED_EDGE('',*,*,#1758,.T.);
#2306=ORIENTED_EDGE('',*,*,#1756,.T.);
#2307=ORIENTED_EDGE('',*,*,#1754,.T.);
#2308=ORIENTED_EDGE('',*,*,#1752,.T.);
#2309=ORIENTED_EDGE('',*,*,#1743,.F.);
#2310=ORIENTED_EDGE('',*,*,#1761,.F.);
#2311=ORIENTED_EDGE('',*,*,#1762,.T.);
#2312=ORIENTED_EDGE('',*,*,#1763,.T.);
#2313=ORIENTED_EDGE('',*,*,#1762,.F.);
#2314=ORIENTED_EDGE('',*,*,#1763,.F.);
#2315=ORIENTED_EDGE('',*,*,#1764,.F.);
#2316=ORIENTED_EDGE('',*,*,#1765,.T.);
#2317=ORIENTED_EDGE('',*,*,#1766,.F.);
#2318=ORIENTED_EDGE('',*,*,#1767,.F.);
#2319=ORIENTED_EDGE('',*,*,#1768,.T.);
#2320=ORIENTED_EDGE('',*,*,#1769,.F.);
#2321=ORIENTED_EDGE('',*,*,#1770,.T.);
#2322=ORIENTED_EDGE('',*,*,#1771,.F.);
#2323=ORIENTED_EDGE('',*,*,#1772,.F.);
#2324=ORIENTED_EDGE('',*,*,#1773,.F.);
#2325=ORIENTED_EDGE('',*,*,#1774,.T.);
#2326=ORIENTED_EDGE('',*,*,#1775,.T.);
#2327=ORIENTED_EDGE('',*,*,#1776,.F.);
#2328=ORIENTED_EDGE('',*,*,#1777,.T.);
#2329=ORIENTED_EDGE('',*,*,#1778,.T.);
#2330=ORIENTED_EDGE('',*,*,#1779,.F.);
#2331=ORIENTED_EDGE('',*,*,#1780,.T.);
#2332=ORIENTED_EDGE('',*,*,#1781,.T.);
#2333=ORIENTED_EDGE('',*,*,#1782,.F.);
#2334=ORIENTED_EDGE('',*,*,#1783,.T.);
#2335=ORIENTED_EDGE('',*,*,#1784,.T.);
#2336=ORIENTED_EDGE('',*,*,#1785,.T.);
#2337=ORIENTED_EDGE('',*,*,#1786,.T.);
#2338=ORIENTED_EDGE('',*,*,#1787,.F.);
#2339=ORIENTED_EDGE('',*,*,#1788,.T.);
#2340=ORIENTED_EDGE('',*,*,#1789,.F.);
#2341=ORIENTED_EDGE('',*,*,#1781,.F.);
#2342=ORIENTED_EDGE('',*,*,#1790,.T.);
#2343=ORIENTED_EDGE('',*,*,#1783,.F.);
#2344=ORIENTED_EDGE('',*,*,#1791,.F.);
#2345=ORIENTED_EDGE('',*,*,#1792,.T.);
#2346=ORIENTED_EDGE('',*,*,#1793,.T.);
#2347=ORIENTED_EDGE('',*,*,#1794,.F.);
#2348=ORIENTED_EDGE('',*,*,#1773,.T.);
#2349=ORIENTED_EDGE('',*,*,#1795,.F.);
#2350=ORIENTED_EDGE('',*,*,#1796,.T.);
#2351=ORIENTED_EDGE('',*,*,#1797,.T.);
#2352=ORIENTED_EDGE('',*,*,#1798,.F.);
#2353=ORIENTED_EDGE('',*,*,#1799,.F.);
#2354=ORIENTED_EDGE('',*,*,#1800,.T.);
#2355=ORIENTED_EDGE('',*,*,#1795,.T.);
#2356=ORIENTED_EDGE('',*,*,#1801,.F.);
#2357=ORIENTED_EDGE('',*,*,#1775,.F.);
#2358=ORIENTED_EDGE('',*,*,#1802,.T.);
#2359=ORIENTED_EDGE('',*,*,#1799,.T.);
#2360=ORIENTED_EDGE('',*,*,#1803,.F.);
#2361=ORIENTED_EDGE('',*,*,#1804,.F.);
#2362=ORIENTED_EDGE('',*,*,#1805,.F.);
#2363=ORIENTED_EDGE('',*,*,#1806,.T.);
#2364=ORIENTED_EDGE('',*,*,#1807,.T.);
#2365=ORIENTED_EDGE('',*,*,#1808,.F.);
#2366=ORIENTED_EDGE('',*,*,#1809,.T.);
#2367=ORIENTED_EDGE('',*,*,#1810,.T.);
#2368=ORIENTED_EDGE('',*,*,#1811,.T.);
#2369=ORIENTED_EDGE('',*,*,#1812,.F.);
#2370=ORIENTED_EDGE('',*,*,#1813,.T.);
#2371=ORIENTED_EDGE('',*,*,#1814,.T.);
#2372=ORIENTED_EDGE('',*,*,#1815,.F.);
#2373=ORIENTED_EDGE('',*,*,#1813,.F.);
#2374=ORIENTED_EDGE('',*,*,#1816,.T.);
#2375=ORIENTED_EDGE('',*,*,#1786,.F.);
#2376=ORIENTED_EDGE('',*,*,#1817,.F.);
#2377=ORIENTED_EDGE('',*,*,#1818,.T.);
#2378=ORIENTED_EDGE('',*,*,#1819,.T.);
#2379=ORIENTED_EDGE('',*,*,#1811,.F.);
#2380=ORIENTED_EDGE('',*,*,#1820,.F.);
#2381=ORIENTED_EDGE('',*,*,#1821,.T.);
#2382=ORIENTED_EDGE('',*,*,#1822,.T.);
#2383=ORIENTED_EDGE('',*,*,#1823,.F.);
#2384=ORIENTED_EDGE('',*,*,#1824,.F.);
#2385=ORIENTED_EDGE('',*,*,#1825,.T.);
#2386=ORIENTED_EDGE('',*,*,#1826,.T.);
#2387=ORIENTED_EDGE('',*,*,#1827,.T.);
#2388=ORIENTED_EDGE('',*,*,#1828,.F.);
#2389=ORIENTED_EDGE('',*,*,#1823,.T.);
#2390=ORIENTED_EDGE('',*,*,#1829,.T.);
#2391=ORIENTED_EDGE('',*,*,#1825,.F.);
#2392=ORIENTED_EDGE('',*,*,#1830,.F.);
#2393=ORIENTED_EDGE('',*,*,#1791,.T.);
#2394=ORIENTED_EDGE('',*,*,#1789,.T.);
#2395=ORIENTED_EDGE('',*,*,#1824,.T.);
#2396=ORIENTED_EDGE('',*,*,#1830,.T.);
#2397=ORIENTED_EDGE('',*,*,#1828,.T.);
#2398=ORIENTED_EDGE('',*,*,#1782,.T.);
#2399=ORIENTED_EDGE('',*,*,#1831,.F.);
#2400=ORIENTED_EDGE('',*,*,#1776,.T.);
#2401=ORIENTED_EDGE('',*,*,#1803,.T.);
#2402=ORIENTED_EDGE('',*,*,#1801,.T.);
#2403=ORIENTED_EDGE('',*,*,#1798,.T.);
#2404=ORIENTED_EDGE('',*,*,#1832,.T.);
#2405=ORIENTED_EDGE('',*,*,#1833,.F.);
#2406=ORIENTED_EDGE('',*,*,#1834,.F.);
#2407=ORIENTED_EDGE('',*,*,#1835,.F.);
#2408=ORIENTED_EDGE('',*,*,#1836,.F.);
#2409=ORIENTED_EDGE('',*,*,#1837,.T.);
#2410=ORIENTED_EDGE('',*,*,#1838,.T.);
#2411=ORIENTED_EDGE('',*,*,#1839,.F.);
#2412=ORIENTED_EDGE('',*,*,#1814,.F.);
#2413=ORIENTED_EDGE('',*,*,#1817,.T.);
#2414=ORIENTED_EDGE('',*,*,#1785,.F.);
#2415=ORIENTED_EDGE('',*,*,#1792,.F.);
#2416=ORIENTED_EDGE('',*,*,#1840,.T.);
#2417=ORIENTED_EDGE('',*,*,#1841,.T.);
#2418=ORIENTED_EDGE('',*,*,#1842,.T.);
#2419=ORIENTED_EDGE('',*,*,#1843,.F.);
#2420=ORIENTED_EDGE('',*,*,#1844,.F.);
#2421=ORIENTED_EDGE('',*,*,#1845,.F.);
#2422=ORIENTED_EDGE('',*,*,#1846,.F.);
#2423=ORIENTED_EDGE('',*,*,#1847,.F.);
#2424=ORIENTED_EDGE('',*,*,#1818,.F.);
#2425=ORIENTED_EDGE('',*,*,#1848,.T.);
#2426=ORIENTED_EDGE('',*,*,#1849,.T.);
#2427=ORIENTED_EDGE('',*,*,#1850,.T.);
#2428=ORIENTED_EDGE('',*,*,#1777,.F.);
#2429=ORIENTED_EDGE('',*,*,#1827,.F.);
#2430=ORIENTED_EDGE('',*,*,#1851,.F.);
#2431=ORIENTED_EDGE('',*,*,#1852,.F.);
#2432=ORIENTED_EDGE('',*,*,#1821,.F.);
#2433=ORIENTED_EDGE('',*,*,#1788,.F.);
#2434=ORIENTED_EDGE('',*,*,#1853,.F.);
#2435=ORIENTED_EDGE('',*,*,#1854,.F.);
#2436=ORIENTED_EDGE('',*,*,#1855,.T.);
#2437=ORIENTED_EDGE('',*,*,#1856,.F.);
#2438=ORIENTED_EDGE('',*,*,#1857,.T.);
#2439=ORIENTED_EDGE('',*,*,#1858,.F.);
#2440=ORIENTED_EDGE('',*,*,#1853,.T.);
#2441=ORIENTED_EDGE('',*,*,#1859,.F.);
#2442=ORIENTED_EDGE('',*,*,#1806,.F.);
#2443=ORIENTED_EDGE('',*,*,#1860,.F.);
#2444=ORIENTED_EDGE('',*,*,#1857,.F.);
#2445=ORIENTED_EDGE('',*,*,#1861,.F.);
#2446=ORIENTED_EDGE('',*,*,#1855,.F.);
#2447=ORIENTED_EDGE('',*,*,#1851,.T.);
#2448=ORIENTED_EDGE('',*,*,#1826,.F.);
#2449=ORIENTED_EDGE('',*,*,#1829,.F.);
#2450=ORIENTED_EDGE('',*,*,#1822,.F.);
#2451=ORIENTED_EDGE('',*,*,#1852,.T.);
#2452=ORIENTED_EDGE('',*,*,#1860,.T.);
#2453=ORIENTED_EDGE('',*,*,#1856,.T.);
#2454=ORIENTED_EDGE('',*,*,#1861,.T.);
#2455=ORIENTED_EDGE('',*,*,#1854,.T.);
#2456=ORIENTED_EDGE('',*,*,#1858,.T.);
#2457=ORIENTED_EDGE('',*,*,#1805,.T.);
#2458=ORIENTED_EDGE('',*,*,#1862,.F.);
#2459=ORIENTED_EDGE('',*,*,#1863,.F.);
#2460=ORIENTED_EDGE('',*,*,#1864,.F.);
#2461=ORIENTED_EDGE('',*,*,#1804,.T.);
#2462=ORIENTED_EDGE('',*,*,#1819,.F.);
#2463=ORIENTED_EDGE('',*,*,#1847,.T.);
#2464=ORIENTED_EDGE('',*,*,#1862,.T.);
#2465=ORIENTED_EDGE('',*,*,#1865,.T.);
#2466=ORIENTED_EDGE('',*,*,#1865,.F.);
#2467=ORIENTED_EDGE('',*,*,#1866,.T.);
#2468=ORIENTED_EDGE('',*,*,#1864,.T.);
#2469=ORIENTED_EDGE('',*,*,#1866,.F.);
#2470=ORIENTED_EDGE('',*,*,#1867,.T.);
#2471=ORIENTED_EDGE('',*,*,#1867,.F.);
#2472=ORIENTED_EDGE('',*,*,#1868,.T.);
#2473=ORIENTED_EDGE('',*,*,#1863,.T.);
#2474=ORIENTED_EDGE('',*,*,#1868,.F.);
#2475=ORIENTED_EDGE('',*,*,#1869,.F.);
#2476=ORIENTED_EDGE('',*,*,#1870,.F.);
#2477=ORIENTED_EDGE('',*,*,#1871,.T.);
#2478=ORIENTED_EDGE('',*,*,#1832,.F.);
#2479=ORIENTED_EDGE('',*,*,#1797,.F.);
#2480=ORIENTED_EDGE('',*,*,#1872,.T.);
#2481=ORIENTED_EDGE('',*,*,#1873,.T.);
#2482=ORIENTED_EDGE('',*,*,#1874,.T.);
#2483=ORIENTED_EDGE('',*,*,#1875,.T.);
#2484=ORIENTED_EDGE('',*,*,#1876,.T.);
#2485=ORIENTED_EDGE('',*,*,#1877,.T.);
#2486=ORIENTED_EDGE('',*,*,#1878,.F.);
#2487=ORIENTED_EDGE('',*,*,#1879,.F.);
#2488=ORIENTED_EDGE('',*,*,#1880,.F.);
#2489=ORIENTED_EDGE('',*,*,#1881,.F.);
#2490=ORIENTED_EDGE('',*,*,#1882,.F.);
#2491=ORIENTED_EDGE('',*,*,#1883,.T.);
#2492=ORIENTED_EDGE('',*,*,#1884,.T.);
#2493=ORIENTED_EDGE('',*,*,#1885,.T.);
#2494=ORIENTED_EDGE('',*,*,#1886,.T.);
#2495=ORIENTED_EDGE('',*,*,#1870,.T.);
#2496=ORIENTED_EDGE('',*,*,#1887,.T.);
#2497=ORIENTED_EDGE('',*,*,#1888,.F.);
#2498=ORIENTED_EDGE('',*,*,#1889,.F.);
#2499=ORIENTED_EDGE('',*,*,#1872,.F.);
#2500=ORIENTED_EDGE('',*,*,#1796,.F.);
#2501=ORIENTED_EDGE('',*,*,#1800,.F.);
#2502=ORIENTED_EDGE('',*,*,#1802,.F.);
#2503=ORIENTED_EDGE('',*,*,#1774,.F.);
#2504=ORIENTED_EDGE('',*,*,#1794,.T.);
#2505=ORIENTED_EDGE('',*,*,#1890,.F.);
#2506=ORIENTED_EDGE('',*,*,#1891,.T.);
#2507=ORIENTED_EDGE('',*,*,#1892,.T.);
#2508=ORIENTED_EDGE('',*,*,#1893,.F.);
#2509=ORIENTED_EDGE('',*,*,#1894,.F.);
#2510=ORIENTED_EDGE('',*,*,#1895,.F.);
#2511=ORIENTED_EDGE('',*,*,#1889,.T.);
#2512=ORIENTED_EDGE('',*,*,#1896,.T.);
#2513=ORIENTED_EDGE('',*,*,#1888,.T.);
#2514=ORIENTED_EDGE('',*,*,#1897,.T.);
#2515=ORIENTED_EDGE('',*,*,#1898,.F.);
#2516=ORIENTED_EDGE('',*,*,#1896,.F.);
#2517=ORIENTED_EDGE('',*,*,#1899,.F.);
#2518=ORIENTED_EDGE('',*,*,#1899,.T.);
#2519=ORIENTED_EDGE('',*,*,#1900,.T.);
#2520=ORIENTED_EDGE('',*,*,#1891,.F.);
#2521=ORIENTED_EDGE('',*,*,#1900,.F.);
#2522=ORIENTED_EDGE('',*,*,#1901,.T.);
#2523=ORIENTED_EDGE('',*,*,#1890,.T.);
#2524=ORIENTED_EDGE('',*,*,#1902,.T.);
#2525=ORIENTED_EDGE('',*,*,#1901,.F.);
#2526=ORIENTED_EDGE('',*,*,#1902,.F.);
#2527=ORIENTED_EDGE('',*,*,#1903,.F.);
#2528=ORIENTED_EDGE('',*,*,#1873,.F.);
#2529=ORIENTED_EDGE('',*,*,#1793,.F.);
#2530=ORIENTED_EDGE('',*,*,#1784,.F.);
#2531=ORIENTED_EDGE('',*,*,#1904,.F.);
#2532=ORIENTED_EDGE('',*,*,#1905,.F.);
#2533=ORIENTED_EDGE('',*,*,#1875,.F.);
#2534=ORIENTED_EDGE('',*,*,#1906,.F.);
#2535=ORIENTED_EDGE('',*,*,#1904,.T.);
#2536=ORIENTED_EDGE('',*,*,#1790,.F.);
#2537=ORIENTED_EDGE('',*,*,#1907,.F.);
#2538=ORIENTED_EDGE('',*,*,#1908,.F.);
#2539=ORIENTED_EDGE('',*,*,#1907,.T.);
#2540=ORIENTED_EDGE('',*,*,#1780,.F.);
#2541=ORIENTED_EDGE('',*,*,#1909,.F.);
#2542=ORIENTED_EDGE('',*,*,#1910,.T.);
#2543=ORIENTED_EDGE('',*,*,#1877,.F.);
#2544=ORIENTED_EDGE('',*,*,#1911,.T.);
#2545=ORIENTED_EDGE('',*,*,#1894,.T.);
#2546=ORIENTED_EDGE('',*,*,#1898,.T.);
#2547=ORIENTED_EDGE('',*,*,#1912,.F.);
#2548=ORIENTED_EDGE('',*,*,#1911,.F.);
#2549=ORIENTED_EDGE('',*,*,#1913,.F.);
#2550=ORIENTED_EDGE('',*,*,#1869,.T.);
#2551=ORIENTED_EDGE('',*,*,#1895,.T.);
#2552=ORIENTED_EDGE('',*,*,#1846,.T.);
#2553=ORIENTED_EDGE('',*,*,#1914,.T.);
#2554=ORIENTED_EDGE('',*,*,#1915,.F.);
#2555=ORIENTED_EDGE('',*,*,#1914,.F.);
#2556=ORIENTED_EDGE('',*,*,#1915,.T.);
#2557=ORIENTED_EDGE('',*,*,#1845,.T.);
#2558=ORIENTED_EDGE('',*,*,#1916,.T.);
#2559=ORIENTED_EDGE('',*,*,#1917,.F.);
#2560=ORIENTED_EDGE('',*,*,#1916,.F.);
#2561=ORIENTED_EDGE('',*,*,#1917,.T.);
#2562=ORIENTED_EDGE('',*,*,#1844,.T.);
#2563=ORIENTED_EDGE('',*,*,#1918,.T.);
#2564=ORIENTED_EDGE('',*,*,#1919,.F.);
#2565=ORIENTED_EDGE('',*,*,#1918,.F.);
#2566=ORIENTED_EDGE('',*,*,#1919,.T.);
#2567=ORIENTED_EDGE('',*,*,#1831,.T.);
#2568=ORIENTED_EDGE('',*,*,#1920,.T.);
#2569=ORIENTED_EDGE('',*,*,#1921,.T.);
#2570=ORIENTED_EDGE('',*,*,#1920,.F.);
#2571=ORIENTED_EDGE('',*,*,#1921,.F.);
#2572=ORIENTED_EDGE('',*,*,#1922,.T.);
#2573=ORIENTED_EDGE('',*,*,#1923,.F.);
#2574=ORIENTED_EDGE('',*,*,#1924,.F.);
#2575=ORIENTED_EDGE('',*,*,#1771,.T.);
#2576=ORIENTED_EDGE('',*,*,#1925,.F.);
#2577=ORIENTED_EDGE('',*,*,#1926,.T.);
#2578=ORIENTED_EDGE('',*,*,#1927,.T.);
#2579=ORIENTED_EDGE('',*,*,#1928,.T.);
#2580=ORIENTED_EDGE('',*,*,#1929,.F.);
#2581=ORIENTED_EDGE('',*,*,#1930,.T.);
#2582=ORIENTED_EDGE('',*,*,#1931,.T.);
#2583=ORIENTED_EDGE('',*,*,#1769,.T.);
#2584=ORIENTED_EDGE('',*,*,#1932,.T.);
#2585=ORIENTED_EDGE('',*,*,#1933,.F.);
#2586=ORIENTED_EDGE('',*,*,#1934,.F.);
#2587=ORIENTED_EDGE('',*,*,#1766,.T.);
#2588=ORIENTED_EDGE('',*,*,#1935,.T.);
#2589=ORIENTED_EDGE('',*,*,#1936,.F.);
#2590=ORIENTED_EDGE('',*,*,#1922,.F.);
#2591=ORIENTED_EDGE('',*,*,#1928,.F.);
#2592=ORIENTED_EDGE('',*,*,#1937,.F.);
#2593=ORIENTED_EDGE('',*,*,#1938,.T.);
#2594=ORIENTED_EDGE('',*,*,#1939,.F.);
#2595=ORIENTED_EDGE('',*,*,#1940,.T.);
#2596=ORIENTED_EDGE('',*,*,#1941,.T.);
#2597=ORIENTED_EDGE('',*,*,#1926,.F.);
#2598=ORIENTED_EDGE('',*,*,#1942,.F.);
#2599=ORIENTED_EDGE('',*,*,#1943,.T.);
#2600=ORIENTED_EDGE('',*,*,#1944,.T.);
#2601=ORIENTED_EDGE('',*,*,#1933,.T.);
#2602=ORIENTED_EDGE('',*,*,#1945,.F.);
#2603=ORIENTED_EDGE('',*,*,#1946,.T.);
#2604=ORIENTED_EDGE('',*,*,#1947,.T.);
#2605=ORIENTED_EDGE('',*,*,#1923,.T.);
#2606=ORIENTED_EDGE('',*,*,#1936,.T.);
#2607=ORIENTED_EDGE('',*,*,#1948,.F.);
#2608=ORIENTED_EDGE('',*,*,#1949,.T.);
#2609=ORIENTED_EDGE('',*,*,#1950,.T.);
#2610=ORIENTED_EDGE('',*,*,#1930,.F.);
#2611=ORIENTED_EDGE('',*,*,#1941,.F.);
#2612=ORIENTED_EDGE('',*,*,#1951,.T.);
#2613=ORIENTED_EDGE('',*,*,#1952,.F.);
#2614=ORIENTED_EDGE('',*,*,#1953,.T.);
#2615=ORIENTED_EDGE('',*,*,#1937,.T.);
#2616=ORIENTED_EDGE('',*,*,#1927,.F.);
#2617=ORIENTED_EDGE('',*,*,#1954,.T.);
#2618=ORIENTED_EDGE('',*,*,#1955,.T.);
#2619=ORIENTED_EDGE('',*,*,#1939,.T.);
#2620=ORIENTED_EDGE('',*,*,#1925,.T.);
#2621=ORIENTED_EDGE('',*,*,#1770,.F.);
#2622=ORIENTED_EDGE('',*,*,#1956,.F.);
#2623=ORIENTED_EDGE('',*,*,#1957,.F.);
#2624=ORIENTED_EDGE('',*,*,#1958,.T.);
#2625=ORIENTED_EDGE('',*,*,#1942,.T.);
#2626=ORIENTED_EDGE('',*,*,#1932,.F.);
#2627=ORIENTED_EDGE('',*,*,#1768,.F.);
#2628=ORIENTED_EDGE('',*,*,#1959,.F.);
#2629=ORIENTED_EDGE('',*,*,#1944,.F.);
#2630=ORIENTED_EDGE('',*,*,#1960,.T.);
#2631=ORIENTED_EDGE('',*,*,#1961,.T.);
#2632=ORIENTED_EDGE('',*,*,#1962,.T.);
#2633=ORIENTED_EDGE('',*,*,#1764,.T.);
#2634=ORIENTED_EDGE('',*,*,#1934,.T.);
#2635=ORIENTED_EDGE('',*,*,#1963,.F.);
#2636=ORIENTED_EDGE('',*,*,#1964,.T.);
#2637=ORIENTED_EDGE('',*,*,#1945,.T.);
#2638=ORIENTED_EDGE('',*,*,#1935,.F.);
#2639=ORIENTED_EDGE('',*,*,#1765,.F.);
#2640=ORIENTED_EDGE('',*,*,#1962,.F.);
#2641=ORIENTED_EDGE('',*,*,#1950,.F.);
#2642=ORIENTED_EDGE('',*,*,#1965,.T.);
#2643=ORIENTED_EDGE('',*,*,#1966,.F.);
#2644=ORIENTED_EDGE('',*,*,#1959,.T.);
#2645=ORIENTED_EDGE('',*,*,#1767,.T.);
#2646=ORIENTED_EDGE('',*,*,#1931,.F.);
#2647=ORIENTED_EDGE('',*,*,#1967,.T.);
#2648=ORIENTED_EDGE('',*,*,#1968,.T.);
#2649=ORIENTED_EDGE('',*,*,#1948,.T.);
#2650=ORIENTED_EDGE('',*,*,#1929,.T.);
#2651=ORIENTED_EDGE('',*,*,#1938,.F.);
#2652=ORIENTED_EDGE('',*,*,#1953,.F.);
#2653=ORIENTED_EDGE('',*,*,#1947,.F.);
#2654=ORIENTED_EDGE('',*,*,#1969,.T.);
#2655=ORIENTED_EDGE('',*,*,#1970,.T.);
#2656=ORIENTED_EDGE('',*,*,#1956,.T.);
#2657=ORIENTED_EDGE('',*,*,#1772,.T.);
#2658=ORIENTED_EDGE('',*,*,#1924,.T.);
#2659=ORIENTED_EDGE('',*,*,#1966,.T.);
#2660=ORIENTED_EDGE('',*,*,#1971,.T.);
#2661=ORIENTED_EDGE('',*,*,#1967,.F.);
#2662=ORIENTED_EDGE('',*,*,#1952,.T.);
#2663=ORIENTED_EDGE('',*,*,#1972,.T.);
#2664=ORIENTED_EDGE('',*,*,#1954,.F.);
#2665=ORIENTED_EDGE('',*,*,#1970,.F.);
#2666=ORIENTED_EDGE('',*,*,#1973,.T.);
#2667=ORIENTED_EDGE('',*,*,#1963,.T.);
#2668=ORIENTED_EDGE('',*,*,#1961,.F.);
#2669=ORIENTED_EDGE('',*,*,#1974,.T.);
#2670=ORIENTED_EDGE('',*,*,#1957,.T.);
#2671=ORIENTED_EDGE('',*,*,#1965,.F.);
#2672=ORIENTED_EDGE('',*,*,#1949,.F.);
#2673=ORIENTED_EDGE('',*,*,#1968,.F.);
#2674=ORIENTED_EDGE('',*,*,#1971,.F.);
#2675=ORIENTED_EDGE('',*,*,#1951,.F.);
#2676=ORIENTED_EDGE('',*,*,#1940,.F.);
#2677=ORIENTED_EDGE('',*,*,#1955,.F.);
#2678=ORIENTED_EDGE('',*,*,#1972,.F.);
#2679=ORIENTED_EDGE('',*,*,#1958,.F.);
#2680=ORIENTED_EDGE('',*,*,#1974,.F.);
#2681=ORIENTED_EDGE('',*,*,#1960,.F.);
#2682=ORIENTED_EDGE('',*,*,#1943,.F.);
#2683=ORIENTED_EDGE('',*,*,#1964,.F.);
#2684=ORIENTED_EDGE('',*,*,#1973,.F.);
#2685=ORIENTED_EDGE('',*,*,#1969,.F.);
#2686=ORIENTED_EDGE('',*,*,#1946,.F.);
#2687=ORIENTED_EDGE('',*,*,#1876,.F.);
#2688=ORIENTED_EDGE('',*,*,#1905,.T.);
#2689=ORIENTED_EDGE('',*,*,#1906,.T.);
#2690=ORIENTED_EDGE('',*,*,#1908,.T.);
#2691=ORIENTED_EDGE('',*,*,#1874,.F.);
#2692=ORIENTED_EDGE('',*,*,#1903,.T.);
#2693=ORIENTED_EDGE('',*,*,#1975,.T.);
#2694=ORIENTED_EDGE('',*,*,#1976,.T.);
#2695=ORIENTED_EDGE('',*,*,#1977,.F.);
#2696=ORIENTED_EDGE('',*,*,#1978,.T.);
#2697=ORIENTED_EDGE('',*,*,#1979,.T.);
#2698=ORIENTED_EDGE('',*,*,#1980,.F.);
#2699=ORIENTED_EDGE('',*,*,#1981,.F.);
#2700=ORIENTED_EDGE('',*,*,#1982,.T.);
#2701=ORIENTED_EDGE('',*,*,#1983,.T.);
#2702=ORIENTED_EDGE('',*,*,#1984,.T.);
#2703=ORIENTED_EDGE('',*,*,#1836,.T.);
#2704=ORIENTED_EDGE('',*,*,#1985,.F.);
#2705=ORIENTED_EDGE('',*,*,#1883,.F.);
#2706=ORIENTED_EDGE('',*,*,#1986,.F.);
#2707=ORIENTED_EDGE('',*,*,#1987,.T.);
#2708=ORIENTED_EDGE('',*,*,#1988,.F.);
#2709=ORIENTED_EDGE('',*,*,#1989,.T.);
#2710=ORIENTED_EDGE('',*,*,#1990,.F.);
#2711=ORIENTED_EDGE('',*,*,#1838,.F.);
#2712=ORIENTED_EDGE('',*,*,#1991,.F.);
#2713=ORIENTED_EDGE('',*,*,#1779,.T.);
#2714=ORIENTED_EDGE('',*,*,#1992,.T.);
#2715=ORIENTED_EDGE('',*,*,#1986,.T.);
#2716=ORIENTED_EDGE('',*,*,#1993,.F.);
#2717=ORIENTED_EDGE('',*,*,#1837,.F.);
#2718=ORIENTED_EDGE('',*,*,#1984,.F.);
#2719=ORIENTED_EDGE('',*,*,#1882,.T.);
#2720=ORIENTED_EDGE('',*,*,#1994,.F.);
#2721=ORIENTED_EDGE('',*,*,#1995,.T.);
#2722=ORIENTED_EDGE('',*,*,#1833,.T.);
#2723=ORIENTED_EDGE('',*,*,#1871,.F.);
#2724=ORIENTED_EDGE('',*,*,#1886,.F.);
#2725=ORIENTED_EDGE('',*,*,#1996,.T.);
#2726=ORIENTED_EDGE('',*,*,#1834,.T.);
#2727=ORIENTED_EDGE('',*,*,#1995,.F.);
#2728=ORIENTED_EDGE('',*,*,#1885,.F.);
#2729=ORIENTED_EDGE('',*,*,#1985,.T.);
#2730=ORIENTED_EDGE('',*,*,#1835,.T.);
#2731=ORIENTED_EDGE('',*,*,#1996,.F.);
#2732=ORIENTED_EDGE('',*,*,#1884,.F.);
#2733=ORIENTED_EDGE('',*,*,#1815,.T.);
#2734=ORIENTED_EDGE('',*,*,#1839,.T.);
#2735=ORIENTED_EDGE('',*,*,#1990,.T.);
#2736=ORIENTED_EDGE('',*,*,#1997,.F.);
#2737=ORIENTED_EDGE('',*,*,#1998,.F.);
#2738=ORIENTED_EDGE('',*,*,#1999,.T.);
#2739=ORIENTED_EDGE('',*,*,#2000,.T.);
#2740=ORIENTED_EDGE('',*,*,#2001,.F.);
#2741=ORIENTED_EDGE('',*,*,#2002,.F.);
#2742=ORIENTED_EDGE('',*,*,#2003,.T.);
#2743=ORIENTED_EDGE('',*,*,#1850,.F.);
#2744=ORIENTED_EDGE('',*,*,#2004,.F.);
#2745=ORIENTED_EDGE('',*,*,#2000,.F.);
#2746=ORIENTED_EDGE('',*,*,#2005,.T.);
#2747=ORIENTED_EDGE('',*,*,#2002,.T.);
#2748=ORIENTED_EDGE('',*,*,#2006,.F.);
#2749=ORIENTED_EDGE('',*,*,#1992,.F.);
#2750=ORIENTED_EDGE('',*,*,#1778,.F.);
#2751=ORIENTED_EDGE('',*,*,#2003,.F.);
#2752=ORIENTED_EDGE('',*,*,#2005,.F.);
#2753=ORIENTED_EDGE('',*,*,#1999,.F.);
#2754=ORIENTED_EDGE('',*,*,#1987,.F.);
#2755=ORIENTED_EDGE('',*,*,#2007,.T.);
#2756=ORIENTED_EDGE('',*,*,#2008,.T.);
#2757=ORIENTED_EDGE('',*,*,#2009,.F.);
#2758=ORIENTED_EDGE('',*,*,#2010,.T.);
#2759=ORIENTED_EDGE('',*,*,#2011,.F.);
#2760=ORIENTED_EDGE('',*,*,#2012,.T.);
#2761=ORIENTED_EDGE('',*,*,#2013,.T.);
#2762=ORIENTED_EDGE('',*,*,#1988,.T.);
#2763=ORIENTED_EDGE('',*,*,#1998,.T.);
#2764=ORIENTED_EDGE('',*,*,#2014,.T.);
#2765=ORIENTED_EDGE('',*,*,#1808,.T.);
#2766=ORIENTED_EDGE('',*,*,#2015,.T.);
#2767=ORIENTED_EDGE('',*,*,#2013,.F.);
#2768=ORIENTED_EDGE('',*,*,#2016,.T.);
#2769=ORIENTED_EDGE('',*,*,#2009,.T.);
#2770=ORIENTED_EDGE('',*,*,#2017,.T.);
#2771=ORIENTED_EDGE('',*,*,#2011,.T.);
#2772=ORIENTED_EDGE('',*,*,#1849,.F.);
#2773=ORIENTED_EDGE('',*,*,#2018,.T.);
#2774=ORIENTED_EDGE('',*,*,#1809,.F.);
#2775=ORIENTED_EDGE('',*,*,#2014,.F.);
#2776=ORIENTED_EDGE('',*,*,#2012,.F.);
#2777=ORIENTED_EDGE('',*,*,#2017,.F.);
#2778=ORIENTED_EDGE('',*,*,#2010,.F.);
#2779=ORIENTED_EDGE('',*,*,#2016,.F.);
#2780=ORIENTED_EDGE('',*,*,#2008,.F.);
#2781=ORIENTED_EDGE('',*,*,#2001,.T.);
#2782=ORIENTED_EDGE('',*,*,#2006,.T.);
#2783=ORIENTED_EDGE('',*,*,#2004,.T.);
#2784=ORIENTED_EDGE('',*,*,#2019,.T.);
#2785=ORIENTED_EDGE('',*,*,#2020,.T.);
#2786=ORIENTED_EDGE('',*,*,#1810,.F.);
#2787=ORIENTED_EDGE('',*,*,#2018,.F.);
#2788=ORIENTED_EDGE('',*,*,#1848,.F.);
#2789=ORIENTED_EDGE('',*,*,#1820,.T.);
#2790=ORIENTED_EDGE('',*,*,#2021,.F.);
#2791=ORIENTED_EDGE('',*,*,#2021,.T.);
#2792=ORIENTED_EDGE('',*,*,#2022,.T.);
#2793=ORIENTED_EDGE('',*,*,#2020,.F.);
#2794=ORIENTED_EDGE('',*,*,#2022,.F.);
#2795=ORIENTED_EDGE('',*,*,#2023,.F.);
#2796=ORIENTED_EDGE('',*,*,#2023,.T.);
#2797=ORIENTED_EDGE('',*,*,#2024,.T.);
#2798=ORIENTED_EDGE('',*,*,#2019,.F.);
#2799=ORIENTED_EDGE('',*,*,#2024,.F.);
#2800=ORIENTED_EDGE('',*,*,#1912,.T.);
#2801=ORIENTED_EDGE('',*,*,#1897,.F.);
#2802=ORIENTED_EDGE('',*,*,#1887,.F.);
#2803=ORIENTED_EDGE('',*,*,#1913,.T.);
#2804=ORIENTED_EDGE('',*,*,#2025,.T.);
#2805=ORIENTED_EDGE('',*,*,#2025,.F.);
#2806=ORIENTED_EDGE('',*,*,#2026,.T.);
#2807=ORIENTED_EDGE('',*,*,#1893,.T.);
#2808=ORIENTED_EDGE('',*,*,#2026,.F.);
#2809=ORIENTED_EDGE('',*,*,#2027,.F.);
#2810=ORIENTED_EDGE('',*,*,#1892,.F.);
#2811=ORIENTED_EDGE('',*,*,#2028,.T.);
#2812=ORIENTED_EDGE('',*,*,#2027,.T.);
#2813=ORIENTED_EDGE('',*,*,#2028,.F.);
#2814=ORIENTED_EDGE('',*,*,#2029,.T.);
#2815=ORIENTED_EDGE('',*,*,#1879,.T.);
#2816=ORIENTED_EDGE('',*,*,#2030,.T.);
#2817=ORIENTED_EDGE('',*,*,#2031,.T.);
#2818=ORIENTED_EDGE('',*,*,#1991,.T.);
#2819=ORIENTED_EDGE('',*,*,#1994,.T.);
#2820=ORIENTED_EDGE('',*,*,#1881,.T.);
#2821=ORIENTED_EDGE('',*,*,#2032,.T.);
#2822=ORIENTED_EDGE('',*,*,#1909,.T.);
#2823=ORIENTED_EDGE('',*,*,#1993,.T.);
#2824=ORIENTED_EDGE('',*,*,#2031,.F.);
#2825=ORIENTED_EDGE('',*,*,#1842,.F.);
#2826=ORIENTED_EDGE('',*,*,#2033,.T.);
#2827=ORIENTED_EDGE('',*,*,#2034,.T.);
#2828=ORIENTED_EDGE('',*,*,#2033,.F.);
#2829=ORIENTED_EDGE('',*,*,#2034,.F.);
#2830=ORIENTED_EDGE('',*,*,#1841,.F.);
#2831=ORIENTED_EDGE('',*,*,#2035,.T.);
#2832=ORIENTED_EDGE('',*,*,#2036,.T.);
#2833=ORIENTED_EDGE('',*,*,#2035,.F.);
#2834=ORIENTED_EDGE('',*,*,#2036,.F.);
#2835=ORIENTED_EDGE('',*,*,#1840,.F.);
#2836=ORIENTED_EDGE('',*,*,#2037,.T.);
#2837=ORIENTED_EDGE('',*,*,#2038,.T.);
#2838=ORIENTED_EDGE('',*,*,#2037,.F.);
#2839=ORIENTED_EDGE('',*,*,#2038,.F.);
#2840=ORIENTED_EDGE('',*,*,#2007,.F.);
#2841=ORIENTED_EDGE('',*,*,#2039,.T.);
#2842=ORIENTED_EDGE('',*,*,#2040,.F.);
#2843=ORIENTED_EDGE('',*,*,#2039,.F.);
#2844=ORIENTED_EDGE('',*,*,#2040,.T.);
#2845=ORIENTED_EDGE('',*,*,#2041,.T.);
#2846=ORIENTED_EDGE('',*,*,#2042,.T.);
#2847=ORIENTED_EDGE('',*,*,#2043,.F.);
#2848=ORIENTED_EDGE('',*,*,#1976,.F.);
#2849=ORIENTED_EDGE('',*,*,#2044,.T.);
#2850=ORIENTED_EDGE('',*,*,#2045,.T.);
#2851=ORIENTED_EDGE('',*,*,#2046,.F.);
#2852=ORIENTED_EDGE('',*,*,#1979,.F.);
#2853=ORIENTED_EDGE('',*,*,#2047,.F.);
#2854=ORIENTED_EDGE('',*,*,#2048,.F.);
#2855=ORIENTED_EDGE('',*,*,#2049,.T.);
#2856=ORIENTED_EDGE('',*,*,#2050,.F.);
#2857=ORIENTED_EDGE('',*,*,#2051,.F.);
#2858=ORIENTED_EDGE('',*,*,#2052,.F.);
#2859=ORIENTED_EDGE('',*,*,#2053,.T.);
#2860=ORIENTED_EDGE('',*,*,#1983,.F.);
#2861=ORIENTED_EDGE('',*,*,#2054,.T.);
#2862=ORIENTED_EDGE('',*,*,#2055,.T.);
#2863=ORIENTED_EDGE('',*,*,#2041,.F.);
#2864=ORIENTED_EDGE('',*,*,#2050,.T.);
#2865=ORIENTED_EDGE('',*,*,#2056,.F.);
#2866=ORIENTED_EDGE('',*,*,#2057,.T.);
#2867=ORIENTED_EDGE('',*,*,#2058,.T.);
#2868=ORIENTED_EDGE('',*,*,#2052,.T.);
#2869=ORIENTED_EDGE('',*,*,#2059,.F.);
#2870=ORIENTED_EDGE('',*,*,#2060,.F.);
#2871=ORIENTED_EDGE('',*,*,#2061,.T.);
#2872=ORIENTED_EDGE('',*,*,#2045,.F.);
#2873=ORIENTED_EDGE('',*,*,#2062,.F.);
#2874=ORIENTED_EDGE('',*,*,#2063,.F.);
#2875=ORIENTED_EDGE('',*,*,#2064,.T.);
#2876=ORIENTED_EDGE('',*,*,#2042,.F.);
#2877=ORIENTED_EDGE('',*,*,#2055,.F.);
#2878=ORIENTED_EDGE('',*,*,#2065,.F.);
#2879=ORIENTED_EDGE('',*,*,#2066,.F.);
#2880=ORIENTED_EDGE('',*,*,#2067,.T.);
#2881=ORIENTED_EDGE('',*,*,#2048,.T.);
#2882=ORIENTED_EDGE('',*,*,#2068,.F.);
#2883=ORIENTED_EDGE('',*,*,#2069,.F.);
#2884=ORIENTED_EDGE('',*,*,#2059,.T.);
#2885=ORIENTED_EDGE('',*,*,#2051,.T.);
#2886=ORIENTED_EDGE('',*,*,#2057,.F.);
#2887=ORIENTED_EDGE('',*,*,#2070,.F.);
#2888=ORIENTED_EDGE('',*,*,#2071,.T.);
#2889=ORIENTED_EDGE('',*,*,#2072,.F.);
#2890=ORIENTED_EDGE('',*,*,#2073,.F.);
#2891=ORIENTED_EDGE('',*,*,#2074,.T.);
#2892=ORIENTED_EDGE('',*,*,#1981,.T.);
#2893=ORIENTED_EDGE('',*,*,#2053,.F.);
#2894=ORIENTED_EDGE('',*,*,#2058,.F.);
#2895=ORIENTED_EDGE('',*,*,#2075,.F.);
#2896=ORIENTED_EDGE('',*,*,#2076,.T.);
#2897=ORIENTED_EDGE('',*,*,#2077,.T.);
#2898=ORIENTED_EDGE('',*,*,#1980,.T.);
#2899=ORIENTED_EDGE('',*,*,#2046,.T.);
#2900=ORIENTED_EDGE('',*,*,#2061,.F.);
#2901=ORIENTED_EDGE('',*,*,#2078,.F.);
#2902=ORIENTED_EDGE('',*,*,#2062,.T.);
#2903=ORIENTED_EDGE('',*,*,#2044,.F.);
#2904=ORIENTED_EDGE('',*,*,#1975,.F.);
#2905=ORIENTED_EDGE('',*,*,#2079,.F.);
#2906=ORIENTED_EDGE('',*,*,#2080,.F.);
#2907=ORIENTED_EDGE('',*,*,#2081,.F.);
#2908=ORIENTED_EDGE('',*,*,#2082,.T.);
#2909=ORIENTED_EDGE('',*,*,#2079,.T.);
#2910=ORIENTED_EDGE('',*,*,#1977,.T.);
#2911=ORIENTED_EDGE('',*,*,#2043,.T.);
#2912=ORIENTED_EDGE('',*,*,#2064,.F.);
#2913=ORIENTED_EDGE('',*,*,#2083,.F.);
#2914=ORIENTED_EDGE('',*,*,#2068,.T.);
#2915=ORIENTED_EDGE('',*,*,#2047,.T.);
#2916=ORIENTED_EDGE('',*,*,#1978,.F.);
#2917=ORIENTED_EDGE('',*,*,#2077,.F.);
#2918=ORIENTED_EDGE('',*,*,#2084,.T.);
#2919=ORIENTED_EDGE('',*,*,#2085,.F.);
#2920=ORIENTED_EDGE('',*,*,#2086,.F.);
#2921=ORIENTED_EDGE('',*,*,#2070,.T.);
#2922=ORIENTED_EDGE('',*,*,#2056,.T.);
#2923=ORIENTED_EDGE('',*,*,#2049,.F.);
#2924=ORIENTED_EDGE('',*,*,#2067,.F.);
#2925=ORIENTED_EDGE('',*,*,#2087,.F.);
#2926=ORIENTED_EDGE('',*,*,#2065,.T.);
#2927=ORIENTED_EDGE('',*,*,#2054,.F.);
#2928=ORIENTED_EDGE('',*,*,#1982,.F.);
#2929=ORIENTED_EDGE('',*,*,#2074,.F.);
#2930=ORIENTED_EDGE('',*,*,#2088,.F.);
#2931=ORIENTED_EDGE('',*,*,#2089,.F.);
#2932=ORIENTED_EDGE('',*,*,#2084,.F.);
#2933=ORIENTED_EDGE('',*,*,#2076,.F.);
#2934=ORIENTED_EDGE('',*,*,#2090,.F.);
#2935=ORIENTED_EDGE('',*,*,#2080,.T.);
#2936=ORIENTED_EDGE('',*,*,#2082,.F.);
#2937=ORIENTED_EDGE('',*,*,#2091,.F.);
#2938=ORIENTED_EDGE('',*,*,#2088,.T.);
#2939=ORIENTED_EDGE('',*,*,#2073,.T.);
#2940=ORIENTED_EDGE('',*,*,#2092,.F.);
#2941=ORIENTED_EDGE('',*,*,#2071,.F.);
#2942=ORIENTED_EDGE('',*,*,#2086,.T.);
#2943=ORIENTED_EDGE('',*,*,#2093,.F.);
#2944=ORIENTED_EDGE('',*,*,#2085,.T.);
#2945=ORIENTED_EDGE('',*,*,#2093,.T.);
#2946=ORIENTED_EDGE('',*,*,#2087,.T.);
#2947=ORIENTED_EDGE('',*,*,#2069,.T.);
#2948=ORIENTED_EDGE('',*,*,#2072,.T.);
#2949=ORIENTED_EDGE('',*,*,#2092,.T.);
#2950=ORIENTED_EDGE('',*,*,#2075,.T.);
#2951=ORIENTED_EDGE('',*,*,#2060,.T.);
#2952=ORIENTED_EDGE('',*,*,#2078,.T.);
#2953=ORIENTED_EDGE('',*,*,#2063,.T.);
#2954=ORIENTED_EDGE('',*,*,#2081,.T.);
#2955=ORIENTED_EDGE('',*,*,#2090,.T.);
#2956=ORIENTED_EDGE('',*,*,#2083,.T.);
#2957=ORIENTED_EDGE('',*,*,#2066,.T.);
#2958=ORIENTED_EDGE('',*,*,#2089,.T.);
#2959=ORIENTED_EDGE('',*,*,#2091,.T.);
#2960=ORIENTED_EDGE('',*,*,#1878,.T.);
#2961=ORIENTED_EDGE('',*,*,#1910,.F.);
#2962=ORIENTED_EDGE('',*,*,#2032,.F.);
#2963=ORIENTED_EDGE('',*,*,#2030,.F.);
#2964=ORIENTED_EDGE('',*,*,#1880,.T.);
#2965=ORIENTED_EDGE('',*,*,#2029,.F.);
#2966=ORIENTED_EDGE('',*,*,#2094,.T.);
#2967=ORIENTED_EDGE('',*,*,#2095,.F.);
#2968=ORIENTED_EDGE('',*,*,#1843,.T.);
#2969=ORIENTED_EDGE('',*,*,#2096,.T.);
#2970=ORIENTED_EDGE('',*,*,#2094,.F.);
#2971=ORIENTED_EDGE('',*,*,#2096,.F.);
#2972=ORIENTED_EDGE('',*,*,#2097,.T.);
#2973=ORIENTED_EDGE('',*,*,#1761,.T.);
#2974=ORIENTED_EDGE('',*,*,#2098,.F.);
#2975=ORIENTED_EDGE('',*,*,#2098,.T.);
#2976=ORIENTED_EDGE('',*,*,#2099,.T.);
#2977=ORIENTED_EDGE('',*,*,#2095,.T.);
#2978=ORIENTED_EDGE('',*,*,#2099,.F.);
#2979=ORIENTED_EDGE('',*,*,#2100,.T.);
#2980=ORIENTED_EDGE('',*,*,#2101,.T.);
#2981=ORIENTED_EDGE('',*,*,#2097,.F.);
#2982=ORIENTED_EDGE('',*,*,#2101,.F.);
#2983=ORIENTED_EDGE('',*,*,#1812,.T.);
#2984=ORIENTED_EDGE('',*,*,#1997,.T.);
#2985=ORIENTED_EDGE('',*,*,#1989,.F.);
#2986=ORIENTED_EDGE('',*,*,#2015,.F.);
#2987=ORIENTED_EDGE('',*,*,#1807,.F.);
#2988=ORIENTED_EDGE('',*,*,#1859,.T.);
#2989=ORIENTED_EDGE('',*,*,#1787,.T.);
#2990=ORIENTED_EDGE('',*,*,#1816,.F.);
#2991=ORIENTED_EDGE('',*,*,#2100,.F.);
#2992=CYLINDRICAL_SURFACE('',#3267,3.);
#2993=CYLINDRICAL_SURFACE('',#3270,10.);
#2994=CYLINDRICAL_SURFACE('',#3278,1.25);
#2995=CYLINDRICAL_SURFACE('',#3280,1.25);
#2996=CYLINDRICAL_SURFACE('',#3282,1.25);
#2997=CYLINDRICAL_SURFACE('',#3284,1.25);
#2998=CYLINDRICAL_SURFACE('',#3291,1.4635);
#2999=CYLINDRICAL_SURFACE('',#3331,2.4);
#3000=CYLINDRICAL_SURFACE('',#3335,4.5);
#3001=CYLINDRICAL_SURFACE('',#3345,1.25);
#3002=CYLINDRICAL_SURFACE('',#3347,1.25);
#3003=CYLINDRICAL_SURFACE('',#3349,1.25);
#3004=CYLINDRICAL_SURFACE('',#3351,1.25);
#3005=CYLINDRICAL_SURFACE('',#3353,10.);
#3006=CYLINDRICAL_SURFACE('',#3357,1.5);
#3007=CYLINDRICAL_SURFACE('',#3372,2.);
#3008=CYLINDRICAL_SURFACE('',#3389,2.);
#3009=CYLINDRICAL_SURFACE('',#3408,2.1);
#3010=CYLINDRICAL_SURFACE('',#3410,2.1);
#3011=CYLINDRICAL_SURFACE('',#3418,0.75);
#3012=CYLINDRICAL_SURFACE('',#3421,0.750000000000002);
#3013=CYLINDRICAL_SURFACE('',#3437,0.75);
#3014=CYLINDRICAL_SURFACE('',#3440,0.750000000000002);
#3015=CYLINDRICAL_SURFACE('',#3450,1.);
#3016=CYLINDRICAL_SURFACE('',#3453,1.);
#3017=CYLINDRICAL_SURFACE('',#3456,1.);
#3018=CYLINDRICAL_SURFACE('',#3459,1.75);
#3019=CYLINDRICAL_SURFACE('',#3490,2.1);
#3020=CYLINDRICAL_SURFACE('',#3491,2.1);
#3021=CYLINDRICAL_SURFACE('',#3500,2.);
#3022=CYLINDRICAL_SURFACE('',#3510,2.);
#3023=CYLINDRICAL_SURFACE('',#3519,2.1);
#3024=CYLINDRICAL_SURFACE('',#3521,2.1);
#3025=CYLINDRICAL_SURFACE('',#3529,0.75);
#3026=CYLINDRICAL_SURFACE('',#3532,0.750000000000002);
#3027=CYLINDRICAL_SURFACE('',#3536,0.75);
#3028=CYLINDRICAL_SURFACE('',#3539,0.750000000000002);
#3029=CYLINDRICAL_SURFACE('',#3544,1.);
#3030=CYLINDRICAL_SURFACE('',#3547,1.);
#3031=CYLINDRICAL_SURFACE('',#3550,1.);
#3032=CYLINDRICAL_SURFACE('',#3553,1.75);
#3033=CYLINDRICAL_SURFACE('',#3584,2.1);
#3034=CYLINDRICAL_SURFACE('',#3585,2.1);
#3035=CYLINDRICAL_SURFACE('',#3589,3.);
#3036=CYLINDRICAL_SURFACE('',#3594,1.25);
#3037=CYLINDRICAL_SURFACE('',#3595,2.4);
#3038=ADVANCED_FACE('',(#275),#2992,.F.);
#3039=ADVANCED_FACE('',(#276),#2993,.T.);
#3040=ADVANCED_FACE('',(#277,#99,#100,#101,#102,#103),#141,.F.);
#3041=ADVANCED_FACE('',(#278),#2994,.F.);
#3042=ADVANCED_FACE('',(#279),#2995,.F.);
#3043=ADVANCED_FACE('',(#280),#2996,.F.);
#3044=ADVANCED_FACE('',(#281),#2997,.F.);
#3045=ADVANCED_FACE('',(#282,#104,#105,#106,#107,#108),#142,.T.);
#3046=ADVANCED_FACE('',(#283),#77,.T.);
#3047=ADVANCED_FACE('',(#284),#2998,.T.);
#3048=ADVANCED_FACE('',(#285),#143,.F.);
#3049=ADVANCED_FACE('',(#286,#109),#144,.F.);
#3050=ADVANCED_FACE('',(#287),#145,.F.);
#3051=ADVANCED_FACE('',(#288),#146,.F.);
#3052=ADVANCED_FACE('',(#289),#147,.T.);
#3053=ADVANCED_FACE('',(#290),#148,.T.);
#3054=ADVANCED_FACE('',(#291),#149,.T.);
#3055=ADVANCED_FACE('',(#292),#150,.F.);
#3056=ADVANCED_FACE('',(#293),#151,.T.);
#3057=ADVANCED_FACE('',(#294),#152,.T.);
#3058=ADVANCED_FACE('',(#295),#153,.T.);
#3059=ADVANCED_FACE('',(#296),#154,.T.);
#3060=ADVANCED_FACE('',(#297),#155,.F.);
#3061=ADVANCED_FACE('',(#298),#156,.T.);
#3062=ADVANCED_FACE('',(#299),#157,.F.);
#3063=ADVANCED_FACE('',(#300),#158,.F.);
#3064=ADVANCED_FACE('',(#301),#159,.F.);
#3065=ADVANCED_FACE('',(#302),#160,.F.);
#3066=ADVANCED_FACE('',(#303),#161,.T.);
#3067=ADVANCED_FACE('',(#304),#162,.F.);
#3068=ADVANCED_FACE('',(#305),#163,.F.);
#3069=ADVANCED_FACE('',(#306),#164,.F.);
#3070=ADVANCED_FACE('',(#307),#165,.F.);
#3071=ADVANCED_FACE('',(#308),#166,.F.);
#3072=ADVANCED_FACE('',(#309),#167,.F.);
#3073=ADVANCED_FACE('',(#310),#168,.F.);
#3074=ADVANCED_FACE('',(#311),#169,.F.);
#3075=ADVANCED_FACE('',(#312),#2999,.F.);
#3076=ADVANCED_FACE('',(#313),#75,.F.);
#3077=ADVANCED_FACE('',(#314),#76,.F.);
#3078=ADVANCED_FACE('',(#315),#3000,.T.);
#3079=ADVANCED_FACE('',(#316,#110),#170,.T.);
#3080=ADVANCED_FACE('',(#317,#111,#112,#113,#114,#115),#171,.T.);
#3081=ADVANCED_FACE('',(#318),#3001,.F.);
#3082=ADVANCED_FACE('',(#319),#3002,.F.);
#3083=ADVANCED_FACE('',(#320),#3003,.F.);
#3084=ADVANCED_FACE('',(#321),#3004,.F.);
#3085=ADVANCED_FACE('',(#322),#3005,.T.);
#3086=ADVANCED_FACE('',(#323,#116,#117,#118,#119,#120),#172,.F.);
#3087=ADVANCED_FACE('',(#324),#3006,.F.);
#3088=ADVANCED_FACE('',(#325),#173,.T.);
#3089=ADVANCED_FACE('',(#326),#174,.F.);
#3090=ADVANCED_FACE('',(#327),#175,.F.);
#3091=ADVANCED_FACE('',(#328),#176,.F.);
#3092=ADVANCED_FACE('',(#329),#78,.F.);
#3093=ADVANCED_FACE('',(#330),#177,.F.);
#3094=ADVANCED_FACE('',(#331),#178,.F.);
#3095=ADVANCED_FACE('',(#332),#3007,.T.);
#3096=ADVANCED_FACE('',(#333),#179,.F.);
#3097=ADVANCED_FACE('',(#334),#180,.T.);
#3098=ADVANCED_FACE('',(#335),#181,.T.);
#3099=ADVANCED_FACE('',(#336),#182,.T.);
#3100=ADVANCED_FACE('',(#337),#79,.F.);
#3101=ADVANCED_FACE('',(#338),#183,.F.);
#3102=ADVANCED_FACE('',(#339),#184,.F.);
#3103=ADVANCED_FACE('',(#340),#185,.F.);
#3104=ADVANCED_FACE('',(#341),#186,.F.);
#3105=ADVANCED_FACE('',(#342),#187,.F.);
#3106=ADVANCED_FACE('',(#343),#3008,.F.);
#3107=ADVANCED_FACE('',(#344,#121),#188,.F.);
#3108=ADVANCED_FACE('',(#345,#122,#123,#124,#125,#126,#127,#128),#189,.T.);
#3109=ADVANCED_FACE('',(#346),#190,.F.);
#3110=ADVANCED_FACE('',(#347),#191,.F.);
#3111=ADVANCED_FACE('',(#348),#192,.F.);
#3112=ADVANCED_FACE('',(#349),#3009,.T.);
#3113=ADVANCED_FACE('',(#350),#3010,.T.);
#3114=ADVANCED_FACE('',(#351,#129,#130),#193,.F.);
#3115=ADVANCED_FACE('',(#352),#194,.F.);
#3116=ADVANCED_FACE('',(#353),#195,.T.);
#3117=ADVANCED_FACE('',(#354),#3011,.F.);
#3118=ADVANCED_FACE('',(#355),#196,.T.);
#3119=ADVANCED_FACE('',(#356),#3012,.F.);
#3120=ADVANCED_FACE('',(#357),#197,.T.);
#3121=ADVANCED_FACE('',(#358,#131,#132,#133,#134),#198,.T.);
#3122=ADVANCED_FACE('',(#359),#199,.F.);
#3123=ADVANCED_FACE('',(#360),#200,.F.);
#3124=ADVANCED_FACE('',(#361),#201,.T.);
#3125=ADVANCED_FACE('',(#362),#3013,.F.);
#3126=ADVANCED_FACE('',(#363),#202,.T.);
#3127=ADVANCED_FACE('',(#364),#3014,.F.);
#3128=ADVANCED_FACE('',(#365),#203,.T.);
#3129=ADVANCED_FACE('',(#366),#80,.T.);
#3130=ADVANCED_FACE('',(#367),#204,.T.);
#3131=ADVANCED_FACE('',(#368),#205,.T.);
#3132=ADVANCED_FACE('',(#369),#206,.F.);
#3133=ADVANCED_FACE('',(#370),#3015,.T.);
#3134=ADVANCED_FACE('',(#371),#207,.T.);
#3135=ADVANCED_FACE('',(#372),#3016,.T.);
#3136=ADVANCED_FACE('',(#373),#208,.T.);
#3137=ADVANCED_FACE('',(#374),#3017,.T.);
#3138=ADVANCED_FACE('',(#375),#209,.T.);
#3139=ADVANCED_FACE('',(#376),#3018,.T.);
#3140=ADVANCED_FACE('',(#377),#23,.T.);
#3141=ADVANCED_FACE('',(#378),#210,.F.);
#3142=ADVANCED_FACE('',(#379),#211,.F.);
#3143=ADVANCED_FACE('',(#380),#212,.T.);
#3144=ADVANCED_FACE('',(#381),#213,.T.);
#3145=ADVANCED_FACE('',(#382),#214,.F.);
#3146=ADVANCED_FACE('',(#383),#215,.F.);
#3147=ADVANCED_FACE('',(#384),#216,.T.);
#3148=ADVANCED_FACE('',(#385),#217,.F.);
#3149=ADVANCED_FACE('',(#386),#218,.T.);
#3150=ADVANCED_FACE('',(#387),#219,.F.);
#3151=ADVANCED_FACE('',(#388),#220,.F.);
#3152=ADVANCED_FACE('',(#389),#221,.T.);
#3153=ADVANCED_FACE('',(#390),#222,.T.);
#3154=ADVANCED_FACE('',(#391),#223,.T.);
#3155=ADVANCED_FACE('',(#392),#224,.F.);
#3156=ADVANCED_FACE('',(#393),#225,.F.);
#3157=ADVANCED_FACE('',(#394),#226,.T.);
#3158=ADVANCED_FACE('',(#395),#227,.T.);
#3159=ADVANCED_FACE('',(#396),#3019,.T.);
#3160=ADVANCED_FACE('',(#397),#3020,.T.);
#3161=ADVANCED_FACE('',(#398),#228,.F.);
#3162=ADVANCED_FACE('',(#399),#229,.F.);
#3163=ADVANCED_FACE('',(#400),#230,.F.);
#3164=ADVANCED_FACE('',(#401),#81,.F.);
#3165=ADVANCED_FACE('',(#402),#231,.F.);
#3166=ADVANCED_FACE('',(#403),#3021,.T.);
#3167=ADVANCED_FACE('',(#404),#232,.F.);
#3168=ADVANCED_FACE('',(#405),#233,.T.);
#3169=ADVANCED_FACE('',(#406),#234,.T.);
#3170=ADVANCED_FACE('',(#407),#235,.T.);
#3171=ADVANCED_FACE('',(#408),#236,.F.);
#3172=ADVANCED_FACE('',(#409),#237,.F.);
#3173=ADVANCED_FACE('',(#410),#238,.F.);
#3174=ADVANCED_FACE('',(#411),#3022,.F.);
#3175=ADVANCED_FACE('',(#412,#135),#239,.F.);
#3176=ADVANCED_FACE('',(#413),#240,.F.);
#3177=ADVANCED_FACE('',(#414),#241,.F.);
#3178=ADVANCED_FACE('',(#415),#3023,.T.);
#3179=ADVANCED_FACE('',(#416),#3024,.T.);
#3180=ADVANCED_FACE('',(#417,#136,#137),#242,.F.);
#3181=ADVANCED_FACE('',(#418),#243,.F.);
#3182=ADVANCED_FACE('',(#419),#244,.T.);
#3183=ADVANCED_FACE('',(#420),#3025,.F.);
#3184=ADVANCED_FACE('',(#421),#245,.T.);
#3185=ADVANCED_FACE('',(#422),#3026,.F.);
#3186=ADVANCED_FACE('',(#423),#246,.F.);
#3187=ADVANCED_FACE('',(#424),#247,.T.);
#3188=ADVANCED_FACE('',(#425),#3027,.F.);
#3189=ADVANCED_FACE('',(#426),#248,.T.);
#3190=ADVANCED_FACE('',(#427),#3028,.F.);
#3191=ADVANCED_FACE('',(#428),#249,.T.);
#3192=ADVANCED_FACE('',(#429),#82,.T.);
#3193=ADVANCED_FACE('',(#430),#3029,.T.);
#3194=ADVANCED_FACE('',(#431),#250,.T.);
#3195=ADVANCED_FACE('',(#432),#3030,.T.);
#3196=ADVANCED_FACE('',(#433),#251,.T.);
#3197=ADVANCED_FACE('',(#434),#3031,.T.);
#3198=ADVANCED_FACE('',(#435),#252,.T.);
#3199=ADVANCED_FACE('',(#436),#3032,.T.);
#3200=ADVANCED_FACE('',(#437),#24,.T.);
#3201=ADVANCED_FACE('',(#438),#253,.F.);
#3202=ADVANCED_FACE('',(#439),#254,.F.);
#3203=ADVANCED_FACE('',(#440),#255,.T.);
#3204=ADVANCED_FACE('',(#441),#256,.T.);
#3205=ADVANCED_FACE('',(#442),#257,.F.);
#3206=ADVANCED_FACE('',(#443),#258,.F.);
#3207=ADVANCED_FACE('',(#444),#259,.T.);
#3208=ADVANCED_FACE('',(#445),#260,.F.);
#3209=ADVANCED_FACE('',(#446),#261,.T.);
#3210=ADVANCED_FACE('',(#447),#262,.F.);
#3211=ADVANCED_FACE('',(#448),#263,.F.);
#3212=ADVANCED_FACE('',(#449),#264,.T.);
#3213=ADVANCED_FACE('',(#450),#265,.T.);
#3214=ADVANCED_FACE('',(#451),#266,.T.);
#3215=ADVANCED_FACE('',(#452),#267,.F.);
#3216=ADVANCED_FACE('',(#453),#268,.F.);
#3217=ADVANCED_FACE('',(#454),#269,.T.);
#3218=ADVANCED_FACE('',(#455),#270,.T.);
#3219=ADVANCED_FACE('',(#456),#3033,.T.);
#3220=ADVANCED_FACE('',(#457),#3034,.T.);
#3221=ADVANCED_FACE('',(#458,#138),#271,.F.);
#3222=ADVANCED_FACE('',(#459),#3035,.T.);
#3223=ADVANCED_FACE('',(#460,#139),#272,.T.);
#3224=ADVANCED_FACE('',(#461),#273,.T.);
#3225=ADVANCED_FACE('',(#462),#3036,.F.);
#3226=ADVANCED_FACE('',(#463),#3037,.T.);
#3227=ADVANCED_FACE('',(#464,#140),#274,.T.);
#3228=CLOSED_SHELL('',(#3038,#3039,#3040,#3041,#3042,#3043,#3044,#3045));
#3229=CLOSED_SHELL('',(#3046,#3047,#3048,#3049,#3050,#3051,#3052,#3053,
#3054,#3055,#3056,#3057,#3058,#3059,#3060,#3061,#3062,#3063,#3064,#3065,
#3066,#3067,#3068,#3069,#3070,#3071,#3072,#3073,#3074,#3075,#3076,#3077,
#3078,#3079,#3080,#3081,#3082,#3083,#3084,#3085,#3086));
#3230=CLOSED_SHELL('',(#3087,#3088,#3089,#3090,#3091,#3092,#3093,#3094,
#3095,#3096,#3097,#3098,#3099,#3100,#3101,#3102,#3103,#3104,#3105,#3106,
#3107,#3108,#3109,#3110,#3111,#3112,#3113,#3114,#3115,#3116,#3117,#3118,
#3119,#3120,#3121,#3122,#3123,#3124,#3125,#3126,#3127,#3128,#3129,#3130,
#3131,#3132,#3133,#3134,#3135,#3136,#3137,#3138,#3139,#3140,#3141,#3142,
#3143,#3144,#3145,#3146,#3147,#3148,#3149,#3150,#3151,#3152,#3153,#3154,
#3155,#3156,#3157,#3158,#3159,#3160,#3161,#3162,#3163,#3164,#3165,#3166,
#3167,#3168,#3169,#3170,#3171,#3172,#3173,#3174,#3175,#3176,#3177,#3178,
#3179,#3180,#3181,#3182,#3183,#3184,#3185,#3186,#3187,#3188,#3189,#3190,
#3191,#3192,#3193,#3194,#3195,#3196,#3197,#3198,#3199,#3200,#3201,#3202,
#3203,#3204,#3205,#3206,#3207,#3208,#3209,#3210,#3211,#3212,#3213,#3214,
#3215,#3216,#3217,#3218,#3219,#3220,#3221,#3222,#3223,#3224,#3225,#3226,
#3227));
#3231=DERIVED_UNIT_ELEMENT(#3237,1.);
#3232=DERIVED_UNIT_ELEMENT(#5657,-3.);
#3233=DERIVED_UNIT_ELEMENT(#3237,1.);
#3234=DERIVED_UNIT_ELEMENT(#5657,-3.);
#3235=DERIVED_UNIT_ELEMENT(#3237,1.);
#3236=DERIVED_UNIT_ELEMENT(#5657,-3.);
#3237=(
MASS_UNIT()
NAMED_UNIT(*)
SI_UNIT(.KILO.,.GRAM.)
);
#3238=DERIVED_UNIT((#3231,#3232));
#3239=DERIVED_UNIT((#3233,#3234));
#3240=DERIVED_UNIT((#3235,#3236));
#3241=MEASURE_REPRESENTATION_ITEM('density measure',
POSITIVE_RATIO_MEASURE(7850.),#3238);
#3242=MEASURE_REPRESENTATION_ITEM('density measure',
POSITIVE_RATIO_MEASURE(7850.),#3239);
#3243=MEASURE_REPRESENTATION_ITEM('density measure',
POSITIVE_RATIO_MEASURE(7850.),#3240);
#3244=PROPERTY_DEFINITION_REPRESENTATION(#3259,#3250);
#3245=PROPERTY_DEFINITION_REPRESENTATION(#3260,#3251);
#3246=PROPERTY_DEFINITION_REPRESENTATION(#3261,#3252);
#3247=PROPERTY_DEFINITION_REPRESENTATION(#3262,#3253);
#3248=PROPERTY_DEFINITION_REPRESENTATION(#3263,#3254);
#3249=PROPERTY_DEFINITION_REPRESENTATION(#3264,#3255);
#3250=REPRESENTATION('material name',(#3256),#5652);
#3251=REPRESENTATION('density',(#3241),#5652);
#3252=REPRESENTATION('material name',(#3257),#5653);
#3253=REPRESENTATION('density',(#3242),#5653);
#3254=REPRESENTATION('material name',(#3258),#5654);
#3255=REPRESENTATION('density',(#3243),#5654);
#3256=DESCRIPTIVE_REPRESENTATION_ITEM('\X2\AC15CCA0\X0\','\X2\AC15CCA0\X0\');
#3257=DESCRIPTIVE_REPRESENTATION_ITEM('\X2\AC15CCA0\X0\','\X2\AC15CCA0\X0\');
#3258=DESCRIPTIVE_REPRESENTATION_ITEM('\X2\AC15CCA0\X0\','\X2\AC15CCA0\X0\');
#3259=PROPERTY_DEFINITION('material property','material name',#5677);
#3260=PROPERTY_DEFINITION('material property','density of part',#5677);
#3261=PROPERTY_DEFINITION('material property','material name',#5678);
#3262=PROPERTY_DEFINITION('material property','density of part',#5678);
#3263=PROPERTY_DEFINITION('material property','material name',#5679);
#3264=PROPERTY_DEFINITION('material property','density of part',#5679);
#3265=AXIS2_PLACEMENT_3D('',#4553,#3601,#3602);
#3266=AXIS2_PLACEMENT_3D('',#4554,#3603,#3604);
#3267=AXIS2_PLACEMENT_3D('',#4555,#3605,#3606);
#3268=AXIS2_PLACEMENT_3D('',#4557,#3607,#3608);
#3269=AXIS2_PLACEMENT_3D('',#4560,#3610,#3611);
#3270=AXIS2_PLACEMENT_3D('',#4561,#3612,#3613);
#3271=AXIS2_PLACEMENT_3D('',#4563,#3614,#3615);
#3272=AXIS2_PLACEMENT_3D('',#4566,#3617,#3618);
#3273=AXIS2_PLACEMENT_3D('',#4567,#3619,#3620);
#3274=AXIS2_PLACEMENT_3D('',#4569,#3621,#3622);
#3275=AXIS2_PLACEMENT_3D('',#4571,#3623,#3624);
#3276=AXIS2_PLACEMENT_3D('',#4573,#3625,#3626);
#3277=AXIS2_PLACEMENT_3D('',#4575,#3627,#3628);
#3278=AXIS2_PLACEMENT_3D('',#4576,#3629,#3630);
#3279=AXIS2_PLACEMENT_3D('',#4579,#3632,#3633);
#3280=AXIS2_PLACEMENT_3D('',#4580,#3634,#3635);
#3281=AXIS2_PLACEMENT_3D('',#4583,#3637,#3638);
#3282=AXIS2_PLACEMENT_3D('',#4584,#3639,#3640);
#3283=AXIS2_PLACEMENT_3D('',#4587,#3642,#3643);
#3284=AXIS2_PLACEMENT_3D('',#4588,#3644,#3645);
#3285=AXIS2_PLACEMENT_3D('',#4591,#3647,#3648);
#3286=AXIS2_PLACEMENT_3D('',#4592,#3649,#3650);
#3287=AXIS2_PLACEMENT_3D('',#4593,#3651,#3652);
#3288=AXIS2_PLACEMENT_3D('',#4594,#3653,#3654);
#3289=AXIS2_PLACEMENT_3D('',#4596,#3655,#3656);
#3290=AXIS2_PLACEMENT_3D('',#4599,#3658,#3659);
#3291=AXIS2_PLACEMENT_3D('',#4600,#3660,#3661);
#3292=AXIS2_PLACEMENT_3D('',#4603,#3663,#3664);
#3293=AXIS2_PLACEMENT_3D('',#4604,#3665,#3666);
#3294=AXIS2_PLACEMENT_3D('',#4605,#3667,#3668);
#3295=AXIS2_PLACEMENT_3D('',#4607,#3669,#3670);
#3296=AXIS2_PLACEMENT_3D('',#4608,#3671,#3672);
#3297=AXIS2_PLACEMENT_3D('',#4621,#3679,#3680);
#3298=AXIS2_PLACEMENT_3D('',#4631,#3686,#3687);
#3299=AXIS2_PLACEMENT_3D('',#4641,#3693,#3694);
#3300=AXIS2_PLACEMENT_3D('',#4648,#3699,#3700);
#3301=AXIS2_PLACEMENT_3D('',#4649,#3701,#3702);
#3302=AXIS2_PLACEMENT_3D('',#4655,#3706,#3707);
#3303=AXIS2_PLACEMENT_3D('',#4659,#3710,#3711);
#3304=AXIS2_PLACEMENT_3D('',#4663,#3714,#3715);
#3305=AXIS2_PLACEMENT_3D('',#4667,#3718,#3719);
#3306=AXIS2_PLACEMENT_3D('',#4671,#3722,#3723);
#3307=AXIS2_PLACEMENT_3D('',#4675,#3726,#3727);
#3308=AXIS2_PLACEMENT_3D('',#4679,#3730,#3731);
#3309=AXIS2_PLACEMENT_3D('',#4683,#3734,#3735);
#3310=AXIS2_PLACEMENT_3D('',#4687,#3738,#3739);
#3311=AXIS2_PLACEMENT_3D('',#4691,#3742,#3743);
#3312=AXIS2_PLACEMENT_3D('',#4695,#3746,#3747);
#3313=AXIS2_PLACEMENT_3D('',#4697,#3749,#3750);
#3314=AXIS2_PLACEMENT_3D('',#4699,#3751,#3752);
#3315=AXIS2_PLACEMENT_3D('',#4700,#3753,#3754);
#3316=AXIS2_PLACEMENT_3D('',#4701,#3755,#3756);
#3317=AXIS2_PLACEMENT_3D('',#4703,#3757,#3758);
#3318=AXIS2_PLACEMENT_3D('',#4704,#3759,#3760);
#3319=AXIS2_PLACEMENT_3D('',#4705,#3761,#3762);
#3320=AXIS2_PLACEMENT_3D('',#4706,#3763,#3764);
#3321=AXIS2_PLACEMENT_3D('',#4707,#3765,#3766);
#3322=AXIS2_PLACEMENT_3D('',#4708,#3767,#3768);
#3323=AXIS2_PLACEMENT_3D('',#4709,#3769,#3770);
#3324=AXIS2_PLACEMENT_3D('',#4710,#3771,#3772);
#3325=AXIS2_PLACEMENT_3D('',#4711,#3773,#3774);
#3326=AXIS2_PLACEMENT_3D('',#4712,#3775,#3776);
#3327=AXIS2_PLACEMENT_3D('',#4713,#3777,#3778);
#3328=AXIS2_PLACEMENT_3D('',#4714,#3779,#3780);
#3329=AXIS2_PLACEMENT_3D('',#4715,#3781,#3782);
#3330=AXIS2_PLACEMENT_3D('',#4716,#3783,#3784);
#3331=AXIS2_PLACEMENT_3D('',#4717,#3785,#3786);
#3332=AXIS2_PLACEMENT_3D('',#4720,#3788,#3789);
#3333=AXIS2_PLACEMENT_3D('',#4764,#3790,#3791);
#3334=AXIS2_PLACEMENT_3D('',#4814,#3792,#3793);
#3335=AXIS2_PLACEMENT_3D('',#4815,#3794,#3795);
#3336=AXIS2_PLACEMENT_3D('',#4817,#3796,#3797);
#3337=AXIS2_PLACEMENT_3D('',#4820,#3799,#3800);
#3338=AXIS2_PLACEMENT_3D('',#4821,#3801,#3802);
#3339=AXIS2_PLACEMENT_3D('',#4822,#3803,#3804);
#3340=AXIS2_PLACEMENT_3D('',#4824,#3805,#3806);
#3341=AXIS2_PLACEMENT_3D('',#4826,#3807,#3808);
#3342=AXIS2_PLACEMENT_3D('',#4828,#3809,#3810);
#3343=AXIS2_PLACEMENT_3D('',#4830,#3811,#3812);
#3344=AXIS2_PLACEMENT_3D('',#4832,#3813,#3814);
#3345=AXIS2_PLACEMENT_3D('',#4833,#3815,#3816);
#3346=AXIS2_PLACEMENT_3D('',#4836,#3818,#3819);
#3347=AXIS2_PLACEMENT_3D('',#4837,#3820,#3821);
#3348=AXIS2_PLACEMENT_3D('',#4840,#3823,#3824);
#3349=AXIS2_PLACEMENT_3D('',#4841,#3825,#3826);
#3350=AXIS2_PLACEMENT_3D('',#4844,#3828,#3829);
#3351=AXIS2_PLACEMENT_3D('',#4845,#3830,#3831);
#3352=AXIS2_PLACEMENT_3D('',#4848,#3833,#3834);
#3353=AXIS2_PLACEMENT_3D('',#4849,#3835,#3836);
#3354=AXIS2_PLACEMENT_3D('',#4851,#3837,#3838);
#3355=AXIS2_PLACEMENT_3D('',#4853,#3840,#3841);
#3356=AXIS2_PLACEMENT_3D('',#4854,#3842,#3843);
#3357=AXIS2_PLACEMENT_3D('',#4855,#3844,#3845);
#3358=AXIS2_PLACEMENT_3D('',#4857,#3846,#3847);
#3359=AXIS2_PLACEMENT_3D('',#4860,#3849,#3850);
#3360=AXIS2_PLACEMENT_3D('',#4861,#3851,#3852);
#3361=AXIS2_PLACEMENT_3D('',#4862,#3853,#3854);
#3362=AXIS2_PLACEMENT_3D('',#4868,#3857,#3858);
#3363=AXIS2_PLACEMENT_3D('',#4869,#3859,#3860);
#3364=AXIS2_PLACEMENT_3D('',#4875,#3863,#3864);
#3365=AXIS2_PLACEMENT_3D('',#4876,#3865,#3866);
#3366=AXIS2_PLACEMENT_3D('',#4881,#3868,#3869);
#3367=AXIS2_PLACEMENT_3D('',#4883,#3871,#3872);
#3368=AXIS2_PLACEMENT_3D('',#4890,#3873,#3874);
#3369=AXIS2_PLACEMENT_3D('',#4896,#3875,#3876);
#3370=AXIS2_PLACEMENT_3D('',#4897,#3877,#3878);
#3371=AXIS2_PLACEMENT_3D('',#4910,#3885,#3886);
#3372=AXIS2_PLACEMENT_3D('',#4925,#3894,#3895);
#3373=AXIS2_PLACEMENT_3D('',#4926,#3896,#3897);
#3374=AXIS2_PLACEMENT_3D('',#4927,#3898,#3899);
#3375=AXIS2_PLACEMENT_3D('',#4928,#3900,#3901);
#3376=AXIS2_PLACEMENT_3D('',#4933,#3905,#3906);
#3377=AXIS2_PLACEMENT_3D('',#4942,#3911,#3912);
#3378=AXIS2_PLACEMENT_3D('',#4948,#3916,#3917);
#3379=AXIS2_PLACEMENT_3D('',#4951,#3920,#3921);
#3380=AXIS2_PLACEMENT_3D('',#4958,#3922,#3923);
#3381=AXIS2_PLACEMENT_3D('',#4964,#3924,#3925);
#3382=AXIS2_PLACEMENT_3D('',#4970,#3926,#3927);
#3383=AXIS2_PLACEMENT_3D('',#4975,#3928,#3929);
#3384=AXIS2_PLACEMENT_3D('',#4976,#3930,#3931);
#3385=AXIS2_PLACEMENT_3D('',#4985,#3936,#3937);
#3386=AXIS2_PLACEMENT_3D('',#4988,#3940,#3941);
#3387=AXIS2_PLACEMENT_3D('',#4994,#3945,#3946);
#3388=AXIS2_PLACEMENT_3D('',#5002,#3951,#3952);
#3389=AXIS2_PLACEMENT_3D('',#5010,#3957,#3958);
#3390=AXIS2_PLACEMENT_3D('',#5011,#3959,#3960);
#3391=AXIS2_PLACEMENT_3D('',#5012,#3961,#3962);
#3392=AXIS2_PLACEMENT_3D('',#5013,#3963,#3964);
#3393=AXIS2_PLACEMENT_3D('',#5015,#3965,#3966);
#3394=AXIS2_PLACEMENT_3D('',#5016,#3967,#3968);
#3395=AXIS2_PLACEMENT_3D('',#5026,#3973,#3974);
#3396=AXIS2_PLACEMENT_3D('',#5033,#3978,#3979);
#3397=AXIS2_PLACEMENT_3D('',#5035,#3980,#3981);
#3398=AXIS2_PLACEMENT_3D('',#5037,#3982,#3983);
#3399=AXIS2_PLACEMENT_3D('',#5039,#3984,#3985);
#3400=AXIS2_PLACEMENT_3D('',#5041,#3986,#3987);
#3401=AXIS2_PLACEMENT_3D('',#5043,#3988,#3989);
#3402=AXIS2_PLACEMENT_3D('',#5045,#3990,#3991);
#3403=AXIS2_PLACEMENT_3D('',#5046,#3992,#3993);
#3404=AXIS2_PLACEMENT_3D('',#5055,#3999,#4000);
#3405=AXIS2_PLACEMENT_3D('',#5063,#4004,#4005);
#3406=AXIS2_PLACEMENT_3D('',#5066,#4007,#4008);
#3407=AXIS2_PLACEMENT_3D('',#5067,#4009,#4010);
#3408=AXIS2_PLACEMENT_3D('',#5070,#4013,#4014);
#3409=AXIS2_PLACEMENT_3D('',#5071,#4015,#4016);
#3410=AXIS2_PLACEMENT_3D('',#5072,#4017,#4018);
#3411=AXIS2_PLACEMENT_3D('',#5073,#4019,#4020);
#3412=AXIS2_PLACEMENT_3D('',#5074,#4021,#4022);
#3413=AXIS2_PLACEMENT_3D('',#5077,#4024,#4025);
#3414=AXIS2_PLACEMENT_3D('',#5079,#4026,#4027);
#3415=AXIS2_PLACEMENT_3D('',#5080,#4028,#4029);
#3416=AXIS2_PLACEMENT_3D('',#5081,#4030,#4031);
#3417=AXIS2_PLACEMENT_3D('',#5083,#4032,#4033);
#3418=AXIS2_PLACEMENT_3D('',#5084,#4034,#4035);
#3419=AXIS2_PLACEMENT_3D('',#5086,#4037,#4038);
#3420=AXIS2_PLACEMENT_3D('',#5088,#4039,#4040);
#3421=AXIS2_PLACEMENT_3D('',#5089,#4041,#4042);
#3422=AXIS2_PLACEMENT_3D('',#5091,#4044,#4045);
#3423=AXIS2_PLACEMENT_3D('',#5099,#4050,#4051);
#3424=AXIS2_PLACEMENT_3D('',#5103,#4053,#4054);
#3425=AXIS2_PLACEMENT_3D('',#5107,#4056,#4057);
#3426=AXIS2_PLACEMENT_3D('',#5111,#4059,#4060);
#3427=AXIS2_PLACEMENT_3D('',#5115,#4062,#4063);
#3428=AXIS2_PLACEMENT_3D('',#5121,#4066,#4067);
#3429=AXIS2_PLACEMENT_3D('',#5133,#4074,#4075);
#3430=AXIS2_PLACEMENT_3D('',#5135,#4076,#4077);
#3431=AXIS2_PLACEMENT_3D('',#5137,#4078,#4079);
#3432=AXIS2_PLACEMENT_3D('',#5139,#4080,#4081);
#3433=AXIS2_PLACEMENT_3D('',#5140,#4082,#4083);
#3434=AXIS2_PLACEMENT_3D('',#5146,#4087,#4088);
#3435=AXIS2_PLACEMENT_3D('',#5150,#4091,#4092);
#3436=AXIS2_PLACEMENT_3D('',#5152,#4093,#4094);
#3437=AXIS2_PLACEMENT_3D('',#5153,#4095,#4096);
#3438=AXIS2_PLACEMENT_3D('',#5155,#4098,#4099);
#3439=AXIS2_PLACEMENT_3D('',#5157,#4100,#4101);
#3440=AXIS2_PLACEMENT_3D('',#5158,#4102,#4103);
#3441=AXIS2_PLACEMENT_3D('',#5160,#4105,#4106);
#3442=AXIS2_PLACEMENT_3D('',#5161,#4107,#4108);
#3443=AXIS2_PLACEMENT_3D('',#5164,#4110,#4111);
#3444=AXIS2_PLACEMENT_3D('',#5165,#4112,#4113);
#3445=AXIS2_PLACEMENT_3D('',#5178,#4115,#4116);
#3446=AXIS2_PLACEMENT_3D('',#5179,#4117,#4118);
#3447=AXIS2_PLACEMENT_3D('',#5182,#4120,#4121);
#3448=AXIS2_PLACEMENT_3D('',#5183,#4122,#4123);
#3449=AXIS2_PLACEMENT_3D('',#5187,#4126,#4127);
#3450=AXIS2_PLACEMENT_3D('',#5189,#4129,#4130);
#3451=AXIS2_PLACEMENT_3D('',#5192,#4132,#4133);
#3452=AXIS2_PLACEMENT_3D('',#5193,#4134,#4135);
#3453=AXIS2_PLACEMENT_3D('',#5194,#4136,#4137);
#3454=AXIS2_PLACEMENT_3D('',#5197,#4139,#4140);
#3455=AXIS2_PLACEMENT_3D('',#5198,#4141,#4142);
#3456=AXIS2_PLACEMENT_3D('',#5199,#4143,#4144);
#3457=AXIS2_PLACEMENT_3D('',#5202,#4146,#4147);
#3458=AXIS2_PLACEMENT_3D('',#5203,#4148,#4149);
#3459=AXIS2_PLACEMENT_3D('',#5204,#4150,#4151);
#3460=AXIS2_PLACEMENT_3D('',#5207,#4153,#4154);
#3461=AXIS2_PLACEMENT_3D('',#5208,#4155,#4156);
#3462=AXIS2_PLACEMENT_3D('',#5210,#4157,#4158);
#3463=AXIS2_PLACEMENT_3D('',#5216,#4159,#4160);
#3464=AXIS2_PLACEMENT_3D('',#5218,#4161,#4162);
#3465=AXIS2_PLACEMENT_3D('',#5228,#4163,#4164);
#3466=AXIS2_PLACEMENT_3D('',#5230,#4165,#4166);
#3467=AXIS2_PLACEMENT_3D('',#5232,#4167,#4168);
#3468=AXIS2_PLACEMENT_3D('',#5241,#4169,#4170);
#3469=AXIS2_PLACEMENT_3D('',#5243,#4171,#4172);
#3470=AXIS2_PLACEMENT_3D('',#5252,#4173,#4174);
#3471=AXIS2_PLACEMENT_3D('',#5254,#4175,#4176);
#3472=AXIS2_PLACEMENT_3D('',#5259,#4177,#4178);
#3473=AXIS2_PLACEMENT_3D('',#5263,#4181,#4182);
#3474=AXIS2_PLACEMENT_3D('',#5269,#4186,#4187);
#3475=AXIS2_PLACEMENT_3D('',#5275,#4191,#4192);
#3476=AXIS2_PLACEMENT_3D('',#5281,#4196,#4197);
#3477=AXIS2_PLACEMENT_3D('',#5287,#4201,#4202);
#3478=AXIS2_PLACEMENT_3D('',#5293,#4206,#4207);
#3479=AXIS2_PLACEMENT_3D('',#5299,#4211,#4212);
#3480=AXIS2_PLACEMENT_3D('',#5305,#4216,#4217);
#3481=AXIS2_PLACEMENT_3D('',#5311,#4221,#4222);
#3482=AXIS2_PLACEMENT_3D('',#5315,#4225,#4226);
#3483=AXIS2_PLACEMENT_3D('',#5319,#4229,#4230);
#3484=AXIS2_PLACEMENT_3D('',#5323,#4233,#4234);
#3485=AXIS2_PLACEMENT_3D('',#5327,#4237,#4238);
#3486=AXIS2_PLACEMENT_3D('',#5332,#4243,#4244);
#3487=AXIS2_PLACEMENT_3D('',#5333,#4245,#4246);
#3488=AXIS2_PLACEMENT_3D('',#5334,#4247,#4248);
#3489=AXIS2_PLACEMENT_3D('',#5335,#4249,#4250);
#3490=AXIS2_PLACEMENT_3D('',#5336,#4251,#4252);
#3491=AXIS2_PLACEMENT_3D('',#5337,#4253,#4254);
#3492=AXIS2_PLACEMENT_3D('',#5338,#4255,#4256);
#3493=AXIS2_PLACEMENT_3D('',#5343,#4258,#4259);
#3494=AXIS2_PLACEMENT_3D('',#5345,#4261,#4262);
#3495=AXIS2_PLACEMENT_3D('',#5350,#4264,#4265);
#3496=AXIS2_PLACEMENT_3D('',#5352,#4267,#4268);
#3497=AXIS2_PLACEMENT_3D('',#5358,#4271,#4272);
#3498=AXIS2_PLACEMENT_3D('',#5359,#4273,#4274);
#3499=AXIS2_PLACEMENT_3D('',#5367,#4275,#4276);
#3500=AXIS2_PLACEMENT_3D('',#5379,#4283,#4284);
#3501=AXIS2_PLACEMENT_3D('',#5380,#4285,#4286);
#3502=AXIS2_PLACEMENT_3D('',#5381,#4287,#4288);
#3503=AXIS2_PLACEMENT_3D('',#5382,#4289,#4290);
#3504=AXIS2_PLACEMENT_3D('',#5384,#4292,#4293);
#3505=AXIS2_PLACEMENT_3D('',#5386,#4295,#4296);
#3506=AXIS2_PLACEMENT_3D('',#5388,#4298,#4299);
#3507=AXIS2_PLACEMENT_3D('',#5389,#4300,#4301);
#3508=AXIS2_PLACEMENT_3D('',#5391,#4303,#4304);
#3509=AXIS2_PLACEMENT_3D('',#5399,#4309,#4310);
#3510=AXIS2_PLACEMENT_3D('',#5405,#4314,#4315);
#3511=AXIS2_PLACEMENT_3D('',#5406,#4316,#4317);
#3512=AXIS2_PLACEMENT_3D('',#5407,#4318,#4319);
#3513=AXIS2_PLACEMENT_3D('',#5408,#4320,#4321);
#3514=AXIS2_PLACEMENT_3D('',#5410,#4322,#4323);
#3515=AXIS2_PLACEMENT_3D('',#5411,#4324,#4325);
#3516=AXIS2_PLACEMENT_3D('',#5415,#4327,#4328);
#3517=AXIS2_PLACEMENT_3D('',#5419,#4330,#4331);
#3518=AXIS2_PLACEMENT_3D('',#5423,#4334,#4335);
#3519=AXIS2_PLACEMENT_3D('',#5426,#4338,#4339);
#3520=AXIS2_PLACEMENT_3D('',#5427,#4340,#4341);
#3521=AXIS2_PLACEMENT_3D('',#5428,#4342,#4343);
#3522=AXIS2_PLACEMENT_3D('',#5429,#4344,#4345);
#3523=AXIS2_PLACEMENT_3D('',#5430,#4346,#4347);
#3524=AXIS2_PLACEMENT_3D('',#5433,#4349,#4350);
#3525=AXIS2_PLACEMENT_3D('',#5435,#4351,#4352);
#3526=AXIS2_PLACEMENT_3D('',#5436,#4353,#4354);
#3527=AXIS2_PLACEMENT_3D('',#5437,#4355,#4356);
#3528=AXIS2_PLACEMENT_3D('',#5439,#4357,#4358);
#3529=AXIS2_PLACEMENT_3D('',#5440,#4359,#4360);
#3530=AXIS2_PLACEMENT_3D('',#5442,#4362,#4363);
#3531=AXIS2_PLACEMENT_3D('',#5444,#4364,#4365);
#3532=AXIS2_PLACEMENT_3D('',#5445,#4366,#4367);
#3533=AXIS2_PLACEMENT_3D('',#5447,#4369,#4370);
#3534=AXIS2_PLACEMENT_3D('',#5448,#4371,#4372);
#3535=AXIS2_PLACEMENT_3D('',#5450,#4373,#4374);
#3536=AXIS2_PLACEMENT_3D('',#5451,#4375,#4376);
#3537=AXIS2_PLACEMENT_3D('',#5453,#4378,#4379);
#3538=AXIS2_PLACEMENT_3D('',#5455,#4380,#4381);
#3539=AXIS2_PLACEMENT_3D('',#5456,#4382,#4383);
#3540=AXIS2_PLACEMENT_3D('',#5458,#4385,#4386);
#3541=AXIS2_PLACEMENT_3D('',#5459,#4387,#4388);
#3542=AXIS2_PLACEMENT_3D('',#5461,#4389,#4390);
#3543=AXIS2_PLACEMENT_3D('',#5463,#4392,#4393);
#3544=AXIS2_PLACEMENT_3D('',#5474,#4394,#4395);
#3545=AXIS2_PLACEMENT_3D('',#5477,#4397,#4398);
#3546=AXIS2_PLACEMENT_3D('',#5478,#4399,#4400);
#3547=AXIS2_PLACEMENT_3D('',#5479,#4401,#4402);
#3548=AXIS2_PLACEMENT_3D('',#5482,#4404,#4405);
#3549=AXIS2_PLACEMENT_3D('',#5483,#4406,#4407);
#3550=AXIS2_PLACEMENT_3D('',#5484,#4408,#4409);
#3551=AXIS2_PLACEMENT_3D('',#5487,#4411,#4412);
#3552=AXIS2_PLACEMENT_3D('',#5488,#4413,#4414);
#3553=AXIS2_PLACEMENT_3D('',#5489,#4415,#4416);
#3554=AXIS2_PLACEMENT_3D('',#5492,#4418,#4419);
#3555=AXIS2_PLACEMENT_3D('',#5493,#4420,#4421);
#3556=AXIS2_PLACEMENT_3D('',#5495,#4422,#4423);
#3557=AXIS2_PLACEMENT_3D('',#5501,#4424,#4425);
#3558=AXIS2_PLACEMENT_3D('',#5503,#4426,#4427);
#3559=AXIS2_PLACEMENT_3D('',#5512,#4428,#4429);
#3560=AXIS2_PLACEMENT_3D('',#5514,#4430,#4431);
#3561=AXIS2_PLACEMENT_3D('',#5524,#4432,#4433);
#3562=AXIS2_PLACEMENT_3D('',#5526,#4434,#4435);
#3563=AXIS2_PLACEMENT_3D('',#5528,#4436,#4437);
#3564=AXIS2_PLACEMENT_3D('',#5537,#4438,#4439);
#3565=AXIS2_PLACEMENT_3D('',#5539,#4440,#4441);
#3566=AXIS2_PLACEMENT_3D('',#5544,#4442,#4443);
#3567=AXIS2_PLACEMENT_3D('',#5548,#4446,#4447);
#3568=AXIS2_PLACEMENT_3D('',#5554,#4451,#4452);
#3569=AXIS2_PLACEMENT_3D('',#5560,#4456,#4457);
#3570=AXIS2_PLACEMENT_3D('',#5566,#4461,#4462);
#3571=AXIS2_PLACEMENT_3D('',#5572,#4466,#4467);
#3572=AXIS2_PLACEMENT_3D('',#5578,#4471,#4472);
#3573=AXIS2_PLACEMENT_3D('',#5584,#4476,#4477);
#3574=AXIS2_PLACEMENT_3D('',#5590,#4481,#4482);
#3575=AXIS2_PLACEMENT_3D('',#5596,#4486,#4487);
#3576=AXIS2_PLACEMENT_3D('',#5600,#4490,#4491);
#3577=AXIS2_PLACEMENT_3D('',#5604,#4494,#4495);
#3578=AXIS2_PLACEMENT_3D('',#5608,#4498,#4499);
#3579=AXIS2_PLACEMENT_3D('',#5612,#4502,#4503);
#3580=AXIS2_PLACEMENT_3D('',#5617,#4508,#4509);
#3581=AXIS2_PLACEMENT_3D('',#5618,#4510,#4511);
#3582=AXIS2_PLACEMENT_3D('',#5619,#4512,#4513);
#3583=AXIS2_PLACEMENT_3D('',#5620,#4514,#4515);
#3584=AXIS2_PLACEMENT_3D('',#5621,#4516,#4517);
#3585=AXIS2_PLACEMENT_3D('',#5622,#4518,#4519);
#3586=AXIS2_PLACEMENT_3D('',#5623,#4520,#4521);
#3587=AXIS2_PLACEMENT_3D('',#5625,#4522,#4523);
#3588=AXIS2_PLACEMENT_3D('',#5627,#4524,#4525);
#3589=AXIS2_PLACEMENT_3D('',#5628,#4526,#4527);
#3590=AXIS2_PLACEMENT_3D('',#5630,#4529,#4530);
#3591=AXIS2_PLACEMENT_3D('',#5632,#4531,#4532);
#3592=AXIS2_PLACEMENT_3D('',#5633,#4533,#4534);
#3593=AXIS2_PLACEMENT_3D('',#5635,#4535,#4536);
#3594=AXIS2_PLACEMENT_3D('',#5636,#4537,#4538);
#3595=AXIS2_PLACEMENT_3D('',#5638,#4540,#4541);
#3596=AXIS2_PLACEMENT_3D('',#5640,#4542,#4543);
#3597=AXIS2_PLACEMENT_3D('',#5642,#4545,#4546);
#3598=AXIS2_PLACEMENT_3D('',#5643,#4547,#4548);
#3599=AXIS2_PLACEMENT_3D('',#5644,#4549,#4550);
#3600=AXIS2_PLACEMENT_3D('',#5645,#4551,#4552);
#3601=DIRECTION('axis',(0.,0.,1.));
#3602=DIRECTION('refdir',(1.,0.,0.));
#3603=DIRECTION('axis',(0.,0.,1.));
#3604=DIRECTION('refdir',(1.,0.,0.));
#3605=DIRECTION('center_axis',(0.,0.,1.));
#3606=DIRECTION('ref_axis',(1.,0.,0.));
#3607=DIRECTION('center_axis',(2.89120579329466E-15,0.,-1.));
#3608=DIRECTION('ref_axis',(-1.,0.,-2.89120579329466E-15));
#3609=DIRECTION('',(0.,0.,1.));
#3610=DIRECTION('center_axis',(0.,0.,-1.));
#3611=DIRECTION('ref_axis',(-1.,0.,0.));
#3612=DIRECTION('center_axis',(0.,0.,-1.));
#3613=DIRECTION('ref_axis',(-1.,0.,0.));
#3614=DIRECTION('center_axis',(0.,0.,-1.));
#3615=DIRECTION('ref_axis',(-1.,0.,0.));
#3616=DIRECTION('',(0.,0.,1.));
#3617=DIRECTION('center_axis',(0.,0.,-1.));
#3618=DIRECTION('ref_axis',(-1.,0.,0.));
#3619=DIRECTION('center_axis',(0.,0.,-1.));
#3620=DIRECTION('ref_axis',(-1.,0.,0.));
#3621=DIRECTION('center_axis',(0.,0.,-1.));
#3622=DIRECTION('ref_axis',(-1.,0.,0.));
#3623=DIRECTION('center_axis',(0.,0.,-1.));
#3624=DIRECTION('ref_axis',(-1.,0.,0.));
#3625=DIRECTION('center_axis',(0.,0.,-1.));
#3626=DIRECTION('ref_axis',(-1.,0.,0.));
#3627=DIRECTION('center_axis',(0.,0.,-1.));
#3628=DIRECTION('ref_axis',(-1.,0.,0.));
#3629=DIRECTION('center_axis',(0.,0.,-1.));
#3630=DIRECTION('ref_axis',(-1.,0.,0.));
#3631=DIRECTION('',(0.,0.,-1.));
#3632=DIRECTION('center_axis',(0.,0.,-1.));
#3633=DIRECTION('ref_axis',(-1.,0.,0.));
#3634=DIRECTION('center_axis',(0.,0.,-1.));
#3635=DIRECTION('ref_axis',(-1.,0.,0.));
#3636=DIRECTION('',(0.,0.,-1.));
#3637=DIRECTION('center_axis',(0.,0.,-1.));
#3638=DIRECTION('ref_axis',(-1.,0.,0.));
#3639=DIRECTION('center_axis',(0.,0.,-1.));
#3640=DIRECTION('ref_axis',(-1.,0.,0.));
#3641=DIRECTION('',(0.,0.,-1.));
#3642=DIRECTION('center_axis',(0.,0.,-1.));
#3643=DIRECTION('ref_axis',(-1.,0.,0.));
#3644=DIRECTION('center_axis',(0.,0.,-1.));
#3645=DIRECTION('ref_axis',(-1.,0.,0.));
#3646=DIRECTION('',(0.,0.,-1.));
#3647=DIRECTION('center_axis',(0.,0.,-1.));
#3648=DIRECTION('ref_axis',(-1.,0.,0.));
#3649=DIRECTION('center_axis',(0.,0.,-1.));
#3650=DIRECTION('ref_axis',(-1.,0.,0.));
#3651=DIRECTION('axis',(0.,0.,1.));
#3652=DIRECTION('refdir',(1.,0.,0.));
#3653=DIRECTION('center_axis',(0.,0.,1.));
#3654=DIRECTION('ref_axis',(-1.,0.,0.));
#3655=DIRECTION('center_axis',(0.,0.,1.));
#3656=DIRECTION('ref_axis',(-1.,0.,0.));
#3657=DIRECTION('',(0.707106781186548,-8.65956056235493E-17,0.707106781186548));
#3658=DIRECTION('center_axis',(0.,0.,-1.));
#3659=DIRECTION('ref_axis',(-1.,0.,0.));
#3660=DIRECTION('center_axis',(0.,0.,-1.));
#3661=DIRECTION('ref_axis',(-1.,0.,0.));
#3662=DIRECTION('',(0.,0.,1.));
#3663=DIRECTION('center_axis',(0.,0.,-1.));
#3664=DIRECTION('ref_axis',(-1.,0.,0.));
#3665=DIRECTION('center_axis',(0.,0.,1.));
#3666=DIRECTION('ref_axis',(-1.,0.,0.));
#3667=DIRECTION('center_axis',(0.,0.,1.));
#3668=DIRECTION('ref_axis',(1.,0.,0.));
#3669=DIRECTION('center_axis',(0.,0.,1.));
#3670=DIRECTION('ref_axis',(-1.,0.,0.));
#3671=DIRECTION('center_axis',(-0.707106781186543,-1.36292748149632E-15,
-0.707106781186552));
#3672=DIRECTION('ref_axis',(-0.707106781186552,0.,0.707106781186543));
#3673=DIRECTION('',(0.707106781186551,-1.23760857654542E-16,-0.707106781186544));
#3674=DIRECTION('',(-2.46716227694476E-15,1.,0.));
#3675=DIRECTION('',(-0.707106781186552,8.25072384363618E-17,0.707106781186543));
#3676=DIRECTION('',(-0.57735026918965,-0.577350269189578,0.57735026918965));
#3677=DIRECTION('',(0.,-1.,0.));
#3678=DIRECTION('',(0.577350269189636,-0.577350269189606,-0.577350269189636));
#3679=DIRECTION('center_axis',(0.,-0.707106781186545,-0.70710678118655));
#3680=DIRECTION('ref_axis',(-1.,0.,0.));
#3681=DIRECTION('',(-0.577350269189604,0.577350269189548,-0.577350269189725));
#3682=DIRECTION('',(1.,0.,0.));
#3683=DIRECTION('',(0.,0.707106781186549,-0.707106781186546));
#3684=DIRECTION('',(-1.,0.,0.));
#3685=DIRECTION('',(0.,-0.707106781186549,0.707106781186546));
#3686=DIRECTION('center_axis',(0.,-0.707106781186552,0.707106781186543));
#3687=DIRECTION('ref_axis',(1.,0.,0.));
#3688=DIRECTION('',(1.,0.,0.));
#3689=DIRECTION('',(0.,-0.707106781186543,-0.707106781186552));
#3690=DIRECTION('',(-1.,0.,0.));
#3691=DIRECTION('',(0.577350269189702,0.577350269189593,0.577350269189582));
#3692=DIRECTION('',(0.,0.707106781186543,0.707106781186552));
#3693=DIRECTION('center_axis',(-0.707106781186552,0.,0.707106781186543));
#3694=DIRECTION('ref_axis',(0.707106781186543,0.,0.707106781186552));
#3695=DIRECTION('',(0.,-1.,0.));
#3696=DIRECTION('',(-0.707106781186543,8.25072384363642E-17,-0.707106781186552));
#3697=DIRECTION('',(0.,1.,0.));
#3698=DIRECTION('',(0.707106781186544,-8.25072384363643E-17,0.707106781186551));
#3699=DIRECTION('center_axis',(0.,0.,1.));
#3700=DIRECTION('ref_axis',(1.,0.,0.));
#3701=DIRECTION('center_axis',(-1.48805353129981E-16,-1.,0.));
#3702=DIRECTION('ref_axis',(0.,0.,-1.));
#3703=DIRECTION('',(0.,0.,1.));
#3704=DIRECTION('',(0.,0.,1.));
#3705=DIRECTION('',(1.,-1.16682855590655E-16,0.));
#3706=DIRECTION('center_axis',(-1.,0.,0.));
#3707=DIRECTION('ref_axis',(0.,0.,1.));
#3708=DIRECTION('',(0.,0.,1.));
#3709=DIRECTION('',(0.,-1.,0.));
#3710=DIRECTION('center_axis',(-1.48805353129981E-16,-1.,0.));
#3711=DIRECTION('ref_axis',(0.,0.,-1.));
#3712=DIRECTION('',(0.,0.,1.));
#3713=DIRECTION('',(1.,-1.16682855590655E-16,0.));
#3714=DIRECTION('center_axis',(-1.,0.,0.));
#3715=DIRECTION('ref_axis',(0.,0.,1.));
#3716=DIRECTION('',(0.,0.,1.));
#3717=DIRECTION('',(0.,-1.,0.));
#3718=DIRECTION('center_axis',(0.,-1.,0.));
#3719=DIRECTION('ref_axis',(0.,0.,-1.));
#3720=DIRECTION('',(0.,0.,1.));
#3721=DIRECTION('',(1.,0.,0.));
#3722=DIRECTION('center_axis',(-1.,0.,0.));
#3723=DIRECTION('ref_axis',(0.,0.,1.));
#3724=DIRECTION('',(0.,0.,1.));
#3725=DIRECTION('',(0.,-1.,0.));
#3726=DIRECTION('center_axis',(-1.48805353129981E-16,-1.,0.));
#3727=DIRECTION('ref_axis',(0.,0.,-1.));
#3728=DIRECTION('',(0.,0.,1.));
#3729=DIRECTION('',(1.,-1.16682855590644E-16,0.));
#3730=DIRECTION('center_axis',(-1.,-1.92747052886312E-15,0.));
#3731=DIRECTION('ref_axis',(0.,0.,1.));
#3732=DIRECTION('',(0.,0.,1.));
#3733=DIRECTION('',(2.46716227694476E-15,-1.,0.));
#3734=DIRECTION('center_axis',(-1.48805353129981E-16,-1.,0.));
#3735=DIRECTION('ref_axis',(0.,0.,-1.));
#3736=DIRECTION('',(0.,0.,1.));
#3737=DIRECTION('',(1.,-1.16682855590645E-16,0.));
#3738=DIRECTION('center_axis',(-1.,0.,0.));
#3739=DIRECTION('ref_axis',(0.,0.,1.));
#3740=DIRECTION('',(0.,0.,1.));
#3741=DIRECTION('',(0.,-1.,0.));
#3742=DIRECTION('center_axis',(0.,-1.,0.));
#3743=DIRECTION('ref_axis',(0.,0.,-1.));
#3744=DIRECTION('',(0.,0.,1.));
#3745=DIRECTION('',(1.,0.,0.));
#3746=DIRECTION('center_axis',(-1.,0.,0.));
#3747=DIRECTION('ref_axis',(0.,0.,1.));
#3748=DIRECTION('',(0.,-1.,0.));
#3749=DIRECTION('center_axis',(2.89120579329466E-15,0.,-1.));
#3750=DIRECTION('ref_axis',(-1.,0.,-2.89120579329466E-15));
#3751=DIRECTION('center_axis',(2.89120579329466E-15,0.,-1.));
#3752=DIRECTION('ref_axis',(-1.,0.,-2.89120579329466E-15));
#3753=DIRECTION('center_axis',(2.89120579329466E-15,0.,-1.));
#3754=DIRECTION('ref_axis',(-1.,0.,-2.89120579329466E-15));
#3755=DIRECTION('center_axis',(2.89120579329466E-15,0.,-1.));
#3756=DIRECTION('ref_axis',(-1.,0.,-2.89120579329466E-15));
#3757=DIRECTION('center_axis',(2.89120579329466E-15,0.,-1.));
#3758=DIRECTION('ref_axis',(-1.,0.,-2.89120579329466E-15));
#3759=DIRECTION('center_axis',(2.89120579329466E-15,0.,-1.));
#3760=DIRECTION('ref_axis',(-1.,0.,-2.89120579329466E-15));
#3761=DIRECTION('center_axis',(2.89120579329466E-15,0.,-1.));
#3762=DIRECTION('ref_axis',(-1.,0.,-2.89120579329466E-15));
#3763=DIRECTION('center_axis',(2.89120579329466E-15,0.,-1.));
#3764=DIRECTION('ref_axis',(-1.,0.,-2.89120579329466E-15));
#3765=DIRECTION('center_axis',(2.89120579329466E-15,0.,-1.));
#3766=DIRECTION('ref_axis',(-1.,0.,-2.89120579329466E-15));
#3767=DIRECTION('center_axis',(2.89120579329466E-15,0.,-1.));
#3768=DIRECTION('ref_axis',(-1.,0.,-2.89120579329466E-15));
#3769=DIRECTION('center_axis',(2.89120579329466E-15,0.,-1.));
#3770=DIRECTION('ref_axis',(-1.,0.,-2.89120579329466E-15));
#3771=DIRECTION('center_axis',(2.89120579329466E-15,0.,-1.));
#3772=DIRECTION('ref_axis',(-1.,0.,-2.89120579329466E-15));
#3773=DIRECTION('center_axis',(2.89120579329466E-15,0.,-1.));
#3774=DIRECTION('ref_axis',(-1.,0.,-2.89120579329466E-15));
#3775=DIRECTION('center_axis',(2.89120579329466E-15,0.,-1.));
#3776=DIRECTION('ref_axis',(-1.,0.,-2.89120579329466E-15));
#3777=DIRECTION('center_axis',(2.89120579329466E-15,0.,-1.));
#3778=DIRECTION('ref_axis',(-1.,0.,-2.89120579329466E-15));
#3779=DIRECTION('center_axis',(2.89120579329466E-15,0.,-1.));
#3780=DIRECTION('ref_axis',(-1.,0.,-2.89120579329466E-15));
#3781=DIRECTION('center_axis',(2.89120579329466E-15,0.,-1.));
#3782=DIRECTION('ref_axis',(-1.,0.,-2.89120579329466E-15));
#3783=DIRECTION('center_axis',(2.89120579329466E-15,0.,-1.));
#3784=DIRECTION('ref_axis',(-1.,0.,-2.89120579329466E-15));
#3785=DIRECTION('center_axis',(0.,0.,-1.));
#3786=DIRECTION('ref_axis',(-1.,0.,0.));
#3787=DIRECTION('',(0.,0.,-1.));
#3788=DIRECTION('center_axis',(0.,0.,-1.));
#3789=DIRECTION('ref_axis',(-1.,0.,0.));
#3790=DIRECTION('center_axis',(2.89120579329466E-15,0.,-1.));
#3791=DIRECTION('ref_axis',(-1.,0.,-2.89120579329466E-15));
#3792=DIRECTION('center_axis',(2.89120579329466E-15,0.,-1.));
#3793=DIRECTION('ref_axis',(-1.,0.,-2.89120579329466E-15));
#3794=DIRECTION('center_axis',(0.,0.,1.));
#3795=DIRECTION('ref_axis',(1.,0.,0.));
#3796=DIRECTION('center_axis',(0.,0.,1.));
#3797=DIRECTION('ref_axis',(1.,0.,0.));
#3798=DIRECTION('',(0.,0.,-1.));
#3799=DIRECTION('center_axis',(0.,0.,-1.));
#3800=DIRECTION('ref_axis',(-1.,0.,0.));
#3801=DIRECTION('center_axis',(0.,0.,-1.));
#3802=DIRECTION('ref_axis',(-1.,0.,0.));
#3803=DIRECTION('center_axis',(0.,0.,1.));
#3804=DIRECTION('ref_axis',(1.,0.,0.));
#3805=DIRECTION('center_axis',(0.,0.,1.));
#3806=DIRECTION('ref_axis',(1.,0.,0.));
#3807=DIRECTION('center_axis',(0.,0.,1.));
#3808=DIRECTION('ref_axis',(1.,0.,0.));
#3809=DIRECTION('center_axis',(0.,0.,1.));
#3810=DIRECTION('ref_axis',(1.,0.,0.));
#3811=DIRECTION('center_axis',(0.,0.,1.));
#3812=DIRECTION('ref_axis',(1.,0.,0.));
#3813=DIRECTION('center_axis',(0.,0.,1.));
#3814=DIRECTION('ref_axis',(1.,0.,0.));
#3815=DIRECTION('center_axis',(0.,0.,-1.));
#3816=DIRECTION('ref_axis',(-1.,0.,0.));
#3817=DIRECTION('',(0.,0.,-1.));
#3818=DIRECTION('center_axis',(0.,0.,1.));
#3819=DIRECTION('ref_axis',(1.,0.,0.));
#3820=DIRECTION('center_axis',(0.,0.,-1.));
#3821=DIRECTION('ref_axis',(-1.,0.,0.));
#3822=DIRECTION('',(0.,0.,-1.));
#3823=DIRECTION('center_axis',(0.,0.,1.));
#3824=DIRECTION('ref_axis',(1.,0.,0.));
#3825=DIRECTION('center_axis',(0.,0.,-1.));
#3826=DIRECTION('ref_axis',(-1.,0.,0.));
#3827=DIRECTION('',(0.,0.,-1.));
#3828=DIRECTION('center_axis',(0.,0.,1.));
#3829=DIRECTION('ref_axis',(1.,0.,0.));
#3830=DIRECTION('center_axis',(0.,0.,-1.));
#3831=DIRECTION('ref_axis',(-1.,0.,0.));
#3832=DIRECTION('',(0.,0.,-1.));
#3833=DIRECTION('center_axis',(0.,0.,1.));
#3834=DIRECTION('ref_axis',(1.,0.,0.));
#3835=DIRECTION('center_axis',(0.,0.,-1.));
#3836=DIRECTION('ref_axis',(-1.,0.,0.));
#3837=DIRECTION('center_axis',(0.,0.,1.));
#3838=DIRECTION('ref_axis',(1.,0.,0.));
#3839=DIRECTION('',(0.,0.,1.));
#3840=DIRECTION('center_axis',(0.,0.,1.));
#3841=DIRECTION('ref_axis',(1.,0.,0.));
#3842=DIRECTION('axis',(0.,0.,1.));
#3843=DIRECTION('refdir',(1.,0.,0.));
#3844=DIRECTION('center_axis',(0.,0.,-1.));
#3845=DIRECTION('ref_axis',(-1.,0.,0.));
#3846=DIRECTION('center_axis',(0.,0.,-1.));
#3847=DIRECTION('ref_axis',(-1.,0.,0.));
#3848=DIRECTION('',(0.,0.,-1.));
#3849=DIRECTION('center_axis',(0.,0.,-1.));
#3850=DIRECTION('ref_axis',(-1.,0.,0.));
#3851=DIRECTION('center_axis',(0.,0.,1.));
#3852=DIRECTION('ref_axis',(-1.,0.,0.));
#3853=DIRECTION('center_axis',(0.,0.,-1.));
#3854=DIRECTION('ref_axis',(-1.,0.,0.));
#3855=DIRECTION('',(0.,1.,0.));
#3856=DIRECTION('',(1.,0.,0.));
#3857=DIRECTION('center_axis',(0.,0.,-1.));
#3858=DIRECTION('ref_axis',(-1.,0.,0.));
#3859=DIRECTION('center_axis',(0.,0.,-1.));
#3860=DIRECTION('ref_axis',(-1.,0.,0.));
#3861=DIRECTION('',(-1.,0.,0.));
#3862=DIRECTION('',(0.,1.,0.));
#3863=DIRECTION('center_axis',(0.,0.,-1.));
#3864=DIRECTION('ref_axis',(-1.,0.,0.));
#3865=DIRECTION('center_axis',(0.,0.,-1.));
#3866=DIRECTION('ref_axis',(-1.,0.,0.));
#3867=DIRECTION('',(0.,-1.,0.));
#3868=DIRECTION('center_axis',(0.,0.,-1.));
#3869=DIRECTION('ref_axis',(-1.,0.,0.));
#3870=DIRECTION('',(1.,0.,0.));
#3871=DIRECTION('center_axis',(3.85374536996358E-15,4.68599463513579E-31,
-1.));
#3872=DIRECTION('ref_axis',(1.,0.,3.85374536996358E-15));
#3873=DIRECTION('center_axis',(0.,0.,-1.));
#3874=DIRECTION('ref_axis',(-1.,0.,0.));
#3875=DIRECTION('center_axis',(0.,0.,1.));
#3876=DIRECTION('ref_axis',(1.,0.,0.));
#3877=DIRECTION('center_axis',(1.,0.,0.));
#3878=DIRECTION('ref_axis',(0.,0.,-1.));
#3879=DIRECTION('',(0.,1.,0.));
#3880=DIRECTION('',(0.,1.,0.));
#3881=DIRECTION('',(0.,0.,-1.));
#3882=DIRECTION('',(0.,-1.,0.));
#3883=DIRECTION('',(0.,0.,-1.));
#3884=DIRECTION('',(0.,-1.,0.));
#3885=DIRECTION('center_axis',(-1.14629304579965E-16,1.,0.));
#3886=DIRECTION('ref_axis',(0.,0.,1.));
#3887=DIRECTION('',(0.,0.,-1.));
#3888=DIRECTION('',(1.,1.5917175980289E-16,0.));
#3889=DIRECTION('',(1.,1.77635683940025E-16,0.));
#3890=DIRECTION('',(0.,0.,1.));
#3891=DIRECTION('',(1.,1.77635683940025E-16,0.));
#3892=DIRECTION('',(-1.,-1.71463015386125E-16,0.));
#3893=DIRECTION('',(1.,0.,0.));
#3894=DIRECTION('center_axis',(0.,0.,-1.));
#3895=DIRECTION('ref_axis',(-1.,0.,0.));
#3896=DIRECTION('center_axis',(0.,0.,-1.));
#3897=DIRECTION('ref_axis',(-1.,0.,0.));
#3898=DIRECTION('center_axis',(0.,0.,-1.));
#3899=DIRECTION('ref_axis',(-1.,0.,0.));
#3900=DIRECTION('center_axis',(-1.,0.,0.));
#3901=DIRECTION('ref_axis',(0.,0.,1.));
#3902=DIRECTION('',(0.,-1.,0.));
#3903=DIRECTION('',(0.,0.258819045102519,-0.965925826289069));
#3904=DIRECTION('',(0.,-1.,0.));
#3905=DIRECTION('center_axis',(0.,1.,0.));
#3906=DIRECTION('ref_axis',(0.,0.,1.));
#3907=DIRECTION('',(0.,0.,1.));
#3908=DIRECTION('',(-1.,0.,0.));
#3909=DIRECTION('',(0.,0.,1.));
#3910=DIRECTION('',(-1.,0.,0.));
#3911=DIRECTION('center_axis',(-1.,1.20466908053945E-16,0.));
#3912=DIRECTION('ref_axis',(0.,0.,1.));
#3913=DIRECTION('',(0.,0.,1.));
#3914=DIRECTION('',(0.,-1.,0.));
#3915=DIRECTION('',(-1.15648231731787E-16,-1.,0.));
#3916=DIRECTION('center_axis',(0.,1.,0.));
#3917=DIRECTION('ref_axis',(0.,0.,1.));
#3918=DIRECTION('',(-1.,0.,0.));
#3919=DIRECTION('',(-1.,0.,0.));
#3920=DIRECTION('center_axis',(3.85374536996358E-15,4.68599463513579E-31,
1.));
#3921=DIRECTION('ref_axis',(-1.,-1.22464679914735E-16,3.85374536996358E-15));
#3922=DIRECTION('center_axis',(0.,0.,-1.));
#3923=DIRECTION('ref_axis',(-1.,0.,0.));
#3924=DIRECTION('center_axis',(0.,0.,1.));
#3925=DIRECTION('ref_axis',(1.,0.,0.));
#3926=DIRECTION('center_axis',(0.,0.,1.));
#3927=DIRECTION('ref_axis',(-1.,-2.44929359829471E-16,0.));
#3928=DIRECTION('center_axis',(0.,0.,1.));
#3929=DIRECTION('ref_axis',(1.,0.,0.));
#3930=DIRECTION('center_axis',(-1.,0.,0.));
#3931=DIRECTION('ref_axis',(0.,0.,1.));
#3932=DIRECTION('',(0.,1.,0.));
#3933=DIRECTION('',(0.,0.,-1.));
#3934=DIRECTION('',(0.,1.,0.));
#3935=DIRECTION('',(0.,0.,-1.));
#3936=DIRECTION('center_axis',(-0.707106781186547,0.707106781186548,0.));
#3937=DIRECTION('ref_axis',(0.,0.,1.));
#3938=DIRECTION('',(0.707106781186548,0.707106781186547,0.));
#3939=DIRECTION('',(0.707106781186548,0.707106781186547,0.));
#3940=DIRECTION('center_axis',(0.,0.,-1.));
#3941=DIRECTION('ref_axis',(-1.,0.,0.));
#3942=DIRECTION('',(0.,-1.,0.));
#3943=DIRECTION('',(1.,0.,0.));
#3944=DIRECTION('',(1.,2.16564706290718E-16,0.));
#3945=DIRECTION('center_axis',(1.,0.,0.));
#3946=DIRECTION('ref_axis',(0.,0.,-1.));
#3947=DIRECTION('',(0.,-0.258819045102519,-0.965925826289069));
#3948=DIRECTION('',(0.,1.,0.));
#3949=DIRECTION('',(0.,0.,1.));
#3950=DIRECTION('',(0.,1.,0.));
#3951=DIRECTION('center_axis',(8.67361737988403E-16,1.,0.));
#3952=DIRECTION('ref_axis',(0.,0.,1.));
#3953=DIRECTION('',(0.,0.,1.));
#3954=DIRECTION('',(-1.,6.94724705078349E-16,0.));
#3955=DIRECTION('',(0.25881904510252,0.,0.965925826289069));
#3956=DIRECTION('',(-1.,5.55111512312578E-16,0.));
#3957=DIRECTION('center_axis',(0.,0.,1.));
#3958=DIRECTION('ref_axis',(1.,0.,0.));
#3959=DIRECTION('center_axis',(0.,0.,-1.));
#3960=DIRECTION('ref_axis',(-1.,0.,0.));
#3961=DIRECTION('center_axis',(0.,0.,1.));
#3962=DIRECTION('ref_axis',(-1.,0.,0.));
#3963=DIRECTION('center_axis',(0.,0.,-1.));
#3964=DIRECTION('ref_axis',(-1.,0.,0.));
#3965=DIRECTION('center_axis',(0.,0.,-1.));
#3966=DIRECTION('ref_axis',(-1.,0.,0.));
#3967=DIRECTION('center_axis',(0.,0.,-1.));
#3968=DIRECTION('ref_axis',(-1.,0.,0.));
#3969=DIRECTION('',(0.,1.,0.));
#3970=DIRECTION('',(-1.,-4.44089209850063E-16,0.));
#3971=DIRECTION('',(-3.46944695195361E-16,1.,0.));
#3972=DIRECTION('',(-1.,-3.49939886223359E-16,0.));
#3973=DIRECTION('center_axis',(0.,0.,-1.));
#3974=DIRECTION('ref_axis',(1.,2.44929359829471E-16,0.));
#3975=DIRECTION('',(-3.45188189549933E-16,1.,0.));
#3976=DIRECTION('',(1.,1.77635683940025E-16,0.));
#3977=DIRECTION('',(0.707106781186549,-0.707106781186546,0.));
#3978=DIRECTION('center_axis',(0.,0.,1.));
#3979=DIRECTION('ref_axis',(-1.,-2.44929359829471E-16,0.));
#3980=DIRECTION('center_axis',(0.,0.,1.));
#3981=DIRECTION('ref_axis',(-1.,-2.44929359829471E-16,0.));
#3982=DIRECTION('center_axis',(0.,0.,1.));
#3983=DIRECTION('ref_axis',(-1.,-2.44929359829471E-16,0.));
#3984=DIRECTION('center_axis',(0.,0.,-1.));
#3985=DIRECTION('ref_axis',(1.,0.,0.));
#3986=DIRECTION('center_axis',(0.,0.,-1.));
#3987=DIRECTION('ref_axis',(-1.,0.,0.));
#3988=DIRECTION('center_axis',(0.,0.,-1.));
#3989=DIRECTION('ref_axis',(-1.,0.,0.));
#3990=DIRECTION('center_axis',(0.,0.,-1.));
#3991=DIRECTION('ref_axis',(-1.,0.,0.));
#3992=DIRECTION('center_axis',(0.965925826289069,0.,-0.258819045102518));
#3993=DIRECTION('ref_axis',(-0.258819045102518,0.,-0.965925826289069));
#3994=DIRECTION('',(0.258819045102518,0.,0.965925826289069));
#3995=DIRECTION('',(0.258819045102518,0.,0.965925826289069));
#3996=DIRECTION('',(3.17206578464333E-15,-1.,0.));
#3997=DIRECTION('',(0.25881904510252,0.,0.965925826289069));
#3998=DIRECTION('',(0.,1.,0.));
#3999=DIRECTION('center_axis',(-1.10723405743344E-16,0.965925826289069,
-0.258819045102518));
#4000=DIRECTION('ref_axis',(-3.08148791101958E-33,0.258819045102518,0.965925826289069));
#4001=DIRECTION('',(-1.,0.,0.));
#4002=DIRECTION('',(-0.25056280708573,0.25056280708573,0.93511312653103));
#4003=DIRECTION('',(-1.,0.,0.));
#4004=DIRECTION('center_axis',(-1.10723405743344E-16,0.965925826289069,
-0.258819045102518));
#4005=DIRECTION('ref_axis',(-2.96682471521523E-17,0.258819045102518,0.965925826289069));
#4006=DIRECTION('',(-1.,-1.20856566791355E-16,0.));
#4007=DIRECTION('center_axis',(-1.10723405743344E-16,0.965925826289069,
-0.258819045102518));
#4008=DIRECTION('ref_axis',(-2.96682471521523E-17,0.258819045102518,0.965925826289069));
#4009=DIRECTION('center_axis',(-0.965925826289069,0.,-0.258819045102519));
#4010=DIRECTION('ref_axis',(-0.258819045102519,0.,0.965925826289069));
#4011=DIRECTION('',(0.,-1.,0.));
#4012=DIRECTION('',(0.,-1.,0.));
#4013=DIRECTION('center_axis',(0.,0.,1.));
#4014=DIRECTION('ref_axis',(1.,0.,0.));
#4015=DIRECTION('center_axis',(0.,0.,-1.));
#4016=DIRECTION('ref_axis',(-1.,0.,0.));
#4017=DIRECTION('center_axis',(0.,0.,1.));
#4018=DIRECTION('ref_axis',(1.,0.,0.));
#4019=DIRECTION('center_axis',(0.,0.,-1.));
#4020=DIRECTION('ref_axis',(-1.,0.,0.));
#4021=DIRECTION('center_axis',(0.,0.,-1.));
#4022=DIRECTION('ref_axis',(-1.,0.,0.));
#4023=DIRECTION('',(1.,0.,0.));
#4024=DIRECTION('center_axis',(0.,0.,-1.));
#4025=DIRECTION('ref_axis',(-1.,0.,0.));
#4026=DIRECTION('center_axis',(0.,0.,-1.));
#4027=DIRECTION('ref_axis',(-1.,0.,0.));
#4028=DIRECTION('center_axis',(0.,1.,0.));
#4029=DIRECTION('ref_axis',(0.,0.,1.));
#4030=DIRECTION('center_axis',(0.,0.,1.));
#4031=DIRECTION('ref_axis',(1.,0.,0.));
#4032=DIRECTION('center_axis',(0.,0.,1.));
#4033=DIRECTION('ref_axis',(1.,0.,0.));
#4034=DIRECTION('center_axis',(0.,0.,1.));
#4035=DIRECTION('ref_axis',(1.,0.,0.));
#4036=DIRECTION('',(0.,0.,1.));
#4037=DIRECTION('center_axis',(0.,0.,1.));
#4038=DIRECTION('ref_axis',(1.,0.,0.));
#4039=DIRECTION('center_axis',(0.,0.,1.));
#4040=DIRECTION('ref_axis',(1.,0.,0.));
#4041=DIRECTION('center_axis',(0.,0.,1.));
#4042=DIRECTION('ref_axis',(1.,0.,0.));
#4043=DIRECTION('',(0.,0.,1.));
#4044=DIRECTION('center_axis',(1.,0.,0.));
#4045=DIRECTION('ref_axis',(0.,0.,-1.));
#4046=DIRECTION('',(9.05073117900943E-17,-1.,0.));
#4047=DIRECTION('',(0.,-1.,0.));
#4048=DIRECTION('',(0.,0.,1.));
#4049=DIRECTION('',(0.,1.,0.));
#4050=DIRECTION('center_axis',(0.,0.,-1.));
#4051=DIRECTION('ref_axis',(-1.,0.,0.));
#4052=DIRECTION('',(-1.,0.,0.));
#4053=DIRECTION('center_axis',(0.,0.,-1.));
#4054=DIRECTION('ref_axis',(-1.,0.,0.));
#4055=DIRECTION('',(-1.,-1.00143816773451E-16,0.));
#4056=DIRECTION('center_axis',(0.,0.,-1.));
#4057=DIRECTION('ref_axis',(-1.,0.,0.));
#4058=DIRECTION('',(0.,1.,0.));
#4059=DIRECTION('center_axis',(0.,0.,1.));
#4060=DIRECTION('ref_axis',(-1.,-2.44929359829471E-16,0.));
#4061=DIRECTION('',(-1.,-1.00143816773451E-16,0.));
#4062=DIRECTION('center_axis',(0.,0.,1.));
#4063=DIRECTION('ref_axis',(-1.,-2.44929359829471E-16,0.));
#4064=DIRECTION('',(-1.,0.,0.));
#4065=DIRECTION('',(-4.7181388450128E-16,1.,0.));
#4066=DIRECTION('center_axis',(0.,0.,1.));
#4067=DIRECTION('ref_axis',(-1.,-2.44929359829471E-16,0.));
#4068=DIRECTION('',(-1.,-4.15912599707879E-16,0.));
#4069=DIRECTION('',(-2.31296463463574E-16,1.,0.));
#4070=DIRECTION('',(-1.,-4.44089209850063E-16,0.));
#4071=DIRECTION('',(-1.,-8.31627733801616E-17,0.));
#4072=DIRECTION('',(0.,1.,0.));
#4073=DIRECTION('',(-1.,-1.66325546760323E-16,0.));
#4074=DIRECTION('center_axis',(0.,0.,-1.));
#4075=DIRECTION('ref_axis',(-1.,0.,0.));
#4076=DIRECTION('center_axis',(0.,0.,-1.));
#4077=DIRECTION('ref_axis',(-1.,0.,0.));
#4078=DIRECTION('center_axis',(0.,0.,1.));
#4079=DIRECTION('ref_axis',(-1.,-2.44929359829471E-16,0.));
#4080=DIRECTION('center_axis',(0.,0.,1.));
#4081=DIRECTION('ref_axis',(-1.,-2.44929359829471E-16,0.));
#4082=DIRECTION('center_axis',(-9.45353392902892E-17,1.,0.));
#4083=DIRECTION('ref_axis',(0.,0.,1.));
#4084=DIRECTION('',(-1.,-2.22044604925031E-16,0.));
#4085=DIRECTION('',(-0.880892923268473,0.,-0.473315600562166));
#4086=DIRECTION('',(0.,0.,-1.));
#4087=DIRECTION('center_axis',(1.,0.,0.));
#4088=DIRECTION('ref_axis',(0.,0.,-1.));
#4089=DIRECTION('',(0.,0.,-1.));
#4090=DIRECTION('',(0.,1.,0.));
#4091=DIRECTION('center_axis',(0.,0.,-1.));
#4092=DIRECTION('ref_axis',(-1.,0.,0.));
#4093=DIRECTION('center_axis',(0.,0.,1.));
#4094=DIRECTION('ref_axis',(1.,0.,0.));
#4095=DIRECTION('center_axis',(0.,0.,-1.));
#4096=DIRECTION('ref_axis',(1.,0.,0.));
#4097=DIRECTION('',(0.,0.,-1.));
#4098=DIRECTION('center_axis',(0.,0.,-1.));
#4099=DIRECTION('ref_axis',(-1.,0.,0.));
#4100=DIRECTION('center_axis',(0.,0.,-1.));
#4101=DIRECTION('ref_axis',(-1.,0.,0.));
#4102=DIRECTION('center_axis',(0.,0.,1.));
#4103=DIRECTION('ref_axis',(1.,0.,0.));
#4104=DIRECTION('',(0.,0.,1.));
#4105=DIRECTION('center_axis',(1.10723405743344E-16,-0.965925826289069,
-0.25881904510252));
#4106=DIRECTION('ref_axis',(2.77333911991762E-32,0.25881904510252,-0.965925826289069));
#4107=DIRECTION('center_axis',(1.10723405743344E-16,-0.965925826289069,
-0.25881904510252));
#4108=DIRECTION('ref_axis',(-2.96682471521525E-17,0.25881904510252,-0.965925826289068));
#4109=DIRECTION('',(0.,-0.258819045102521,0.965925826289068));
#4110=DIRECTION('center_axis',(1.10723405743344E-16,-0.965925826289069,
-0.25881904510252));
#4111=DIRECTION('ref_axis',(-2.96682471521525E-17,0.25881904510252,-0.965925826289068));
#4112=DIRECTION('center_axis',(0.,0.,1.));
#4113=DIRECTION('ref_axis',(1.,0.,0.));
#4114=DIRECTION('',(-0.258819045102519,0.,0.965925826289069));
#4115=DIRECTION('center_axis',(-0.965925826289069,0.,-0.25881904510252));
#4116=DIRECTION('ref_axis',(-0.25881904510252,0.,0.965925826289069));
#4117=DIRECTION('center_axis',(-0.965925826289069,0.,-0.25881904510252));
#4118=DIRECTION('ref_axis',(0.25881904510252,0.,-0.965925826289068));
#4119=DIRECTION('',(-0.258819045102519,0.,0.965925826289069));
#4120=DIRECTION('center_axis',(0.965925826289069,2.36583594275734E-16,0.25881904510252));
#4121=DIRECTION('ref_axis',(0.25881904510252,6.33923830286352E-17,-0.965925826289068));
#4122=DIRECTION('center_axis',(0.,0.,-1.));
#4123=DIRECTION('ref_axis',(-1.,0.,0.));
#4124=DIRECTION('',(1.20676415720126E-16,-1.,0.));
#4125=DIRECTION('',(-1.,-2.22044604925031E-16,0.));
#4126=DIRECTION('center_axis',(-0.473315600562166,-4.47450508905314E-17,
0.880892923268473));
#4127=DIRECTION('ref_axis',(0.880892923268473,0.,0.473315600562166));
#4128=DIRECTION('',(-0.880892923268473,0.,-0.473315600562166));
#4129=DIRECTION('center_axis',(0.,0.,1.));
#4130=DIRECTION('ref_axis',(1.,0.,0.));
#4131=DIRECTION('',(0.,0.,-1.));
#4132=DIRECTION('center_axis',(0.,0.,-1.));
#4133=DIRECTION('ref_axis',(-1.,0.,0.));
#4134=DIRECTION('center_axis',(0.,0.,-1.));
#4135=DIRECTION('ref_axis',(-1.,0.,0.));
#4136=DIRECTION('center_axis',(0.,0.,1.));
#4137=DIRECTION('ref_axis',(1.,0.,0.));
#4138=DIRECTION('',(0.,0.,-1.));
#4139=DIRECTION('center_axis',(0.,0.,-1.));
#4140=DIRECTION('ref_axis',(-1.,0.,0.));
#4141=DIRECTION('center_axis',(0.,0.,-1.));
#4142=DIRECTION('ref_axis',(-1.,0.,0.));
#4143=DIRECTION('center_axis',(0.,0.,1.));
#4144=DIRECTION('ref_axis',(1.,0.,0.));
#4145=DIRECTION('',(0.,0.,-1.));
#4146=DIRECTION('center_axis',(0.,0.,-1.));
#4147=DIRECTION('ref_axis',(-1.,0.,0.));
#4148=DIRECTION('center_axis',(0.,0.,-1.));
#4149=DIRECTION('ref_axis',(-1.,0.,0.));
#4150=DIRECTION('center_axis',(0.,0.,-1.));
#4151=DIRECTION('ref_axis',(-1.,0.,0.));
#4152=DIRECTION('',(0.,0.,1.));
#4153=DIRECTION('center_axis',(0.,0.,-1.));
#4154=DIRECTION('ref_axis',(-1.,0.,0.));
#4155=DIRECTION('center_axis',(0.,0.,-1.));
#4156=DIRECTION('ref_axis',(-1.,0.,0.));
#4157=DIRECTION('center_axis',(0.,-1.,0.));
#4158=DIRECTION('ref_axis',(1.,0.,0.));
#4159=DIRECTION('center_axis',(-1.86770297795932E-5,0.999999954408077,-0.000301388474068114));
#4160=DIRECTION('ref_axis',(0.631878139167303,0.000245398092803562,0.775067711249954));
#4161=DIRECTION('center_axis',(-0.999999967073416,-1.58722025115928E-5,
0.000256127390251337));
#4162=DIRECTION('ref_axis',(0.000197371864530459,-0.685446159168089,0.728123288960092));
#4163=DIRECTION('center_axis',(-0.999999967073416,1.5872202511591E-5,-0.000256127390251308));
#4164=DIRECTION('ref_axis',(0.000197371866252145,0.685446151524307,-0.728123296155852));
#4165=DIRECTION('center_axis',(0.,0.,-1.));
#4166=DIRECTION('ref_axis',(-1.,0.,0.));
#4167=DIRECTION('center_axis',(-1.58722023975065E-5,0.999999967073417,0.000256127388410336));
#4168=DIRECTION('ref_axis',(-0.685446177707295,-0.000197371858935959,0.728123271507517));
#4169=DIRECTION('center_axis',(1.5872202397437E-5,0.999999967073417,-0.000256127388407886));
#4170=DIRECTION('ref_axis',(-0.685446162366028,0.000197371862389639,0.728123285949593));
#4171=DIRECTION('center_axis',(-0.999999954408078,1.86770296655091E-5,0.000301388472227134));
#4172=DIRECTION('ref_axis',(0.000245398088670208,0.631878150770901,0.77506770179006));
#4173=DIRECTION('center_axis',(-0.999999954408078,-1.86770296655091E-5,
-0.000301388472227134));
#4174=DIRECTION('ref_axis',(0.000245398096564928,-0.631878115997226,-0.775067730139483));
#4175=DIRECTION('center_axis',(1.86770297082284E-5,0.999999954408078,0.000301388472685351));
#4176=DIRECTION('ref_axis',(0.631878142416832,-0.000245398090948987,0.775067708600758));
#4177=DIRECTION('center_axis',(0.,0.,-1.));
#4178=DIRECTION('ref_axis',(-1.,0.,0.));
#4179=DIRECTION('',(0.,-1.,0.));
#4180=DIRECTION('',(-1.,0.,0.));
#4181=DIRECTION('center_axis',(0.,-1.,0.));
#4182=DIRECTION('ref_axis',(0.,0.,-1.));
#4183=DIRECTION('',(0.,0.,1.));
#4184=DIRECTION('',(-1.,0.,0.));
#4185=DIRECTION('',(0.,0.,1.));
#4186=DIRECTION('center_axis',(0.,-1.,0.));
#4187=DIRECTION('ref_axis',(0.,0.,-1.));
#4188=DIRECTION('',(0.,0.,1.));
#4189=DIRECTION('',(1.,0.,0.));
#4190=DIRECTION('',(0.,0.,1.));
#4191=DIRECTION('center_axis',(-1.,0.,0.));
#4192=DIRECTION('ref_axis',(0.,0.,1.));
#4193=DIRECTION('',(0.,0.,1.));
#4194=DIRECTION('',(0.,-1.,0.));
#4195=DIRECTION('',(0.,0.,1.));
#4196=DIRECTION('center_axis',(-1.,0.,0.));
#4197=DIRECTION('ref_axis',(0.,0.,1.));
#4198=DIRECTION('',(0.,0.,1.));
#4199=DIRECTION('',(0.,1.,0.));
#4200=DIRECTION('',(0.,0.,1.));
#4201=DIRECTION('center_axis',(-1.,0.,0.));
#4202=DIRECTION('ref_axis',(0.,0.,1.));
#4203=DIRECTION('',(0.,0.707106781186553,-0.707106781186542));
#4204=DIRECTION('',(0.,-1.,0.));
#4205=DIRECTION('',(0.,0.,1.));
#4206=DIRECTION('center_axis',(-1.,0.,0.));
#4207=DIRECTION('ref_axis',(0.,0.,1.));
#4208=DIRECTION('',(0.,-1.,0.));
#4209=DIRECTION('',(0.,-0.707106781186553,0.707106781186542));
#4210=DIRECTION('',(0.,0.,1.));
#4211=DIRECTION('center_axis',(-1.,0.,0.));
#4212=DIRECTION('ref_axis',(0.,0.,1.));
#4213=DIRECTION('',(0.,-1.,0.));
#4214=DIRECTION('',(0.,-0.707106781186542,-0.707106781186553));
#4215=DIRECTION('',(0.,0.,1.));
#4216=DIRECTION('center_axis',(-1.,0.,0.));
#4217=DIRECTION('ref_axis',(0.,0.,1.));
#4218=DIRECTION('',(0.,0.707106781186542,0.707106781186553));
#4219=DIRECTION('',(0.,-1.,0.));
#4220=DIRECTION('',(0.,0.,1.));
#4221=DIRECTION('center_axis',(0.,1.,0.));
#4222=DIRECTION('ref_axis',(0.,0.,1.));
#4223=DIRECTION('',(-1.,0.,0.));
#4224=DIRECTION('',(-0.707106781186542,0.,-0.707106781186553));
#4225=DIRECTION('center_axis',(0.,1.,0.));
#4226=DIRECTION('ref_axis',(0.,0.,1.));
#4227=DIRECTION('',(0.707106781186551,0.,-0.707106781186544));
#4228=DIRECTION('',(-1.,0.,0.));
#4229=DIRECTION('center_axis',(0.,1.,0.));
#4230=DIRECTION('ref_axis',(0.,0.,1.));
#4231=DIRECTION('',(-1.,0.,0.));
#4232=DIRECTION('',(-0.70710678118655,0.,0.707106781186545));
#4233=DIRECTION('center_axis',(0.,1.,0.));
#4234=DIRECTION('ref_axis',(0.,0.,1.));
#4235=DIRECTION('',(0.707106781186542,0.,0.707106781186553));
#4236=DIRECTION('',(-1.,0.,0.));
#4237=DIRECTION('center_axis',(0.,0.,1.));
#4238=DIRECTION('ref_axis',(1.,0.,0.));
#4239=DIRECTION('',(0.,-1.,0.));
#4240=DIRECTION('',(1.,0.,0.));
#4241=DIRECTION('',(0.,1.,0.));
#4242=DIRECTION('',(-1.,0.,0.));
#4243=DIRECTION('center_axis',(-0.707106781186545,0.,-0.70710678118655));
#4244=DIRECTION('ref_axis',(-0.70710678118655,0.,0.707106781186545));
#4245=DIRECTION('center_axis',(0.,-0.707106781186542,-0.707106781186553));
#4246=DIRECTION('ref_axis',(-1.,0.,0.));
#4247=DIRECTION('center_axis',(0.,-0.707106781186553,0.707106781186542));
#4248=DIRECTION('ref_axis',(1.,0.,0.));
#4249=DIRECTION('center_axis',(-0.707106781186553,0.,0.707106781186542));
#4250=DIRECTION('ref_axis',(0.707106781186542,0.,0.707106781186553));
#4251=DIRECTION('center_axis',(0.,0.,-1.));
#4252=DIRECTION('ref_axis',(-1.,0.,0.));
#4253=DIRECTION('center_axis',(0.,0.,-1.));
#4254=DIRECTION('ref_axis',(-1.,0.,0.));
#4255=DIRECTION('center_axis',(0.,0.,-1.));
#4256=DIRECTION('ref_axis',(-1.,0.,0.));
#4257=DIRECTION('',(0.,-1.,0.));
#4258=DIRECTION('center_axis',(0.,0.,1.));
#4259=DIRECTION('ref_axis',(-1.,-2.44929359829471E-16,0.));
#4260=DIRECTION('',(1.,0.,0.));
#4261=DIRECTION('center_axis',(0.,0.,-1.));
#4262=DIRECTION('ref_axis',(-1.,0.,0.));
#4263=DIRECTION('',(-1.,0.,0.));
#4264=DIRECTION('center_axis',(0.,0.,1.));
#4265=DIRECTION('ref_axis',(-1.,-2.44929359829471E-16,0.));
#4266=DIRECTION('',(0.,-1.,0.));
#4267=DIRECTION('center_axis',(0.,0.,-1.));
#4268=DIRECTION('ref_axis',(-1.,0.,0.));
#4269=DIRECTION('',(0.,1.,0.));
#4270=DIRECTION('',(1.,0.,0.));
#4271=DIRECTION('center_axis',(0.,0.,1.));
#4272=DIRECTION('ref_axis',(-1.,-2.44929359829471E-16,0.));
#4273=DIRECTION('center_axis',(3.85374536996358E-15,4.75295922897387E-31,
-1.));
#4274=DIRECTION('ref_axis',(1.,2.44929359829471E-16,3.85374536996358E-15));
#4275=DIRECTION('center_axis',(1.30300055249506E-16,-1.,0.));
#4276=DIRECTION('ref_axis',(0.,0.,-1.));
#4277=DIRECTION('',(0.,0.,-1.));
#4278=DIRECTION('',(1.,1.11022302462516E-15,0.));
#4279=DIRECTION('',(-1.,-1.71463015386125E-16,0.));
#4280=DIRECTION('',(1.,1.77635683940025E-16,0.));
#4281=DIRECTION('',(0.,0.,1.));
#4282=DIRECTION('',(1.,1.5917175980289E-16,0.));
#4283=DIRECTION('center_axis',(0.,0.,-1.));
#4284=DIRECTION('ref_axis',(-1.,-2.44929359829471E-16,0.));
#4285=DIRECTION('center_axis',(0.,0.,1.));
#4286=DIRECTION('ref_axis',(-1.,-2.44929359829471E-16,0.));
#4287=DIRECTION('center_axis',(0.,0.,1.));
#4288=DIRECTION('ref_axis',(-1.,-2.44929359829471E-16,0.));
#4289=DIRECTION('center_axis',(-1.,-2.44929359829471E-16,0.));
#4290=DIRECTION('ref_axis',(0.,0.,1.));
#4291=DIRECTION('',(0.,-0.25881904510252,-0.965925826289069));
#4292=DIRECTION('center_axis',(2.44929359829471E-16,-1.,0.));
#4293=DIRECTION('ref_axis',(0.,0.,-1.));
#4294=DIRECTION('',(0.,0.,1.));
#4295=DIRECTION('center_axis',(-1.,-3.65396267883416E-16,0.));
#4296=DIRECTION('ref_axis',(0.,0.,1.));
#4297=DIRECTION('',(0.,0.,1.));
#4298=DIRECTION('center_axis',(2.44929359829471E-16,-1.,0.));
#4299=DIRECTION('ref_axis',(0.,0.,-1.));
#4300=DIRECTION('center_axis',(-0.707106781186547,-0.707106781186549,0.));
#4301=DIRECTION('ref_axis',(0.,0.,1.));
#4302=DIRECTION('',(0.707106781186549,-0.707106781186546,0.));
#4303=DIRECTION('center_axis',(1.,2.44929359829471E-16,0.));
#4304=DIRECTION('ref_axis',(0.,0.,-1.));
#4305=DIRECTION('',(0.,0.258819045102519,-0.965925826289069));
#4306=DIRECTION('',(0.,-1.,0.));
#4307=DIRECTION('',(0.,0.,1.));
#4308=DIRECTION('',(0.,-1.,0.));
#4309=DIRECTION('center_axis',(1.11229109781787E-15,-1.,0.));
#4310=DIRECTION('ref_axis',(0.,0.,-1.));
#4311=DIRECTION('',(0.,0.,1.));
#4312=DIRECTION('',(-1.,-1.11022302462516E-15,0.));
#4313=DIRECTION('',(-1.,-1.3894494101567E-15,0.));
#4314=DIRECTION('center_axis',(0.,0.,1.));
#4315=DIRECTION('ref_axis',(1.,2.44929359829471E-16,0.));
#4316=DIRECTION('center_axis',(0.,0.,-1.));
#4317=DIRECTION('ref_axis',(-1.,-2.44929359829471E-16,0.));
#4318=DIRECTION('center_axis',(0.,0.,1.));
#4319=DIRECTION('ref_axis',(-1.,-2.44929359829471E-16,0.));
#4320=DIRECTION('center_axis',(0.,0.,-1.));
#4321=DIRECTION('ref_axis',(-1.,0.,0.));
#4322=DIRECTION('center_axis',(0.,0.,1.));
#4323=DIRECTION('ref_axis',(-1.,-2.44929359829471E-16,0.));
#4324=DIRECTION('center_axis',(1.2586018853239E-16,-0.965925826289069,-0.258819045102518));
#4325=DIRECTION('ref_axis',(-6.16297582203915E-33,0.258819045102518,-0.965925826289069));
#4326=DIRECTION('',(-1.,0.,0.));
#4327=DIRECTION('center_axis',(-1.2586018853239E-16,0.965925826289069,0.258819045102518));
#4328=DIRECTION('ref_axis',(3.37241358764824E-17,-0.258819045102518,0.965925826289069));
#4329=DIRECTION('',(-1.,-1.20856566791355E-16,0.));
#4330=DIRECTION('center_axis',(-1.2586018853239E-16,0.965925826289069,0.258819045102518));
#4331=DIRECTION('ref_axis',(3.37241358764824E-17,-0.258819045102518,0.965925826289069));
#4332=DIRECTION('',(-1.,-1.5480368601768E-15,0.));
#4333=DIRECTION('',(-0.250562807085729,-0.250562807085729,0.935113126531031));
#4334=DIRECTION('center_axis',(-0.965925826289069,-2.36583594275734E-16,
-0.258819045102519));
#4335=DIRECTION('ref_axis',(-0.258819045102519,0.,0.965925826289069));
#4336=DIRECTION('',(-4.29466529413533E-16,1.,0.));
#4337=DIRECTION('',(-3.45188189549933E-16,1.,0.));
#4338=DIRECTION('center_axis',(0.,0.,1.));
#4339=DIRECTION('ref_axis',(1.,2.44929359829471E-16,0.));
#4340=DIRECTION('center_axis',(0.,0.,1.));
#4341=DIRECTION('ref_axis',(-1.,-2.44929359829471E-16,0.));
#4342=DIRECTION('center_axis',(0.,0.,1.));
#4343=DIRECTION('ref_axis',(1.,2.44929359829471E-16,0.));
#4344=DIRECTION('center_axis',(0.,0.,1.));
#4345=DIRECTION('ref_axis',(-1.,-2.44929359829471E-16,0.));
#4346=DIRECTION('center_axis',(0.,0.,-1.));
#4347=DIRECTION('ref_axis',(-1.,0.,0.));
#4348=DIRECTION('',(1.,2.5322521867739E-16,0.));
#4349=DIRECTION('center_axis',(0.,0.,1.));
#4350=DIRECTION('ref_axis',(-1.,-2.44929359829471E-16,0.));
#4351=DIRECTION('center_axis',(0.,0.,1.));
#4352=DIRECTION('ref_axis',(-1.,-2.44929359829471E-16,0.));
#4353=DIRECTION('center_axis',(2.44929359829471E-16,-1.,0.));
#4354=DIRECTION('ref_axis',(0.,0.,-1.));
#4355=DIRECTION('center_axis',(0.,0.,1.));
#4356=DIRECTION('ref_axis',(1.,0.,0.));
#4357=DIRECTION('center_axis',(0.,0.,-1.));
#4358=DIRECTION('ref_axis',(1.,2.44929359829471E-16,0.));
#4359=DIRECTION('center_axis',(0.,0.,1.));
#4360=DIRECTION('ref_axis',(1.,2.44929359829471E-16,0.));
#4361=DIRECTION('',(0.,0.,1.));
#4362=DIRECTION('center_axis',(0.,0.,1.));
#4363=DIRECTION('ref_axis',(1.,0.,0.));
#4364=DIRECTION('center_axis',(0.,0.,-1.));
#4365=DIRECTION('ref_axis',(1.,2.44929359829471E-16,0.));
#4366=DIRECTION('center_axis',(0.,0.,1.));
#4367=DIRECTION('ref_axis',(1.,2.44929359829471E-16,0.));
#4368=DIRECTION('',(0.,0.,1.));
#4369=DIRECTION('center_axis',(1.50394020539182E-16,-1.,0.));
#4370=DIRECTION('ref_axis',(0.,0.,-1.));
#4371=DIRECTION('center_axis',(0.,0.,-1.));
#4372=DIRECTION('ref_axis',(-1.,0.,0.));
#4373=DIRECTION('center_axis',(0.,0.,-1.));
#4374=DIRECTION('ref_axis',(1.,2.44929359829471E-16,0.));
#4375=DIRECTION('center_axis',(0.,0.,-1.));
#4376=DIRECTION('ref_axis',(1.,2.44929359829471E-16,0.));
#4377=DIRECTION('',(0.,0.,-1.));
#4378=DIRECTION('center_axis',(0.,0.,-1.));
#4379=DIRECTION('ref_axis',(-1.,0.,0.));
#4380=DIRECTION('center_axis',(0.,0.,1.));
#4381=DIRECTION('ref_axis',(-1.,-2.44929359829471E-16,0.));
#4382=DIRECTION('center_axis',(0.,0.,1.));
#4383=DIRECTION('ref_axis',(1.,2.44929359829471E-16,0.));
#4384=DIRECTION('',(0.,0.,1.));
#4385=DIRECTION('center_axis',(-1.2586018853239E-16,0.965925826289069,-0.25881904510252));
#4386=DIRECTION('ref_axis',(3.6977854932235E-32,0.25881904510252,0.965925826289069));
#4387=DIRECTION('center_axis',(1.2586018853239E-16,-0.965925826289069,0.25881904510252));
#4388=DIRECTION('ref_axis',(3.37241358764826E-17,-0.25881904510252,-0.965925826289068));
#4389=DIRECTION('center_axis',(1.2586018853239E-16,-0.965925826289069,0.25881904510252));
#4390=DIRECTION('ref_axis',(3.37241358764826E-17,-0.25881904510252,-0.965925826289068));
#4391=DIRECTION('',(0.,0.258819045102515,0.96592582628907));
#4392=DIRECTION('center_axis',(0.,0.,1.));
#4393=DIRECTION('ref_axis',(1.,2.44929359829471E-16,0.));
#4394=DIRECTION('center_axis',(0.,0.,1.));
#4395=DIRECTION('ref_axis',(1.,2.44929359829471E-16,0.));
#4396=DIRECTION('',(0.,0.,-1.));
#4397=DIRECTION('center_axis',(0.,0.,1.));
#4398=DIRECTION('ref_axis',(-1.,-2.44929359829471E-16,0.));
#4399=DIRECTION('center_axis',(0.,0.,-1.));
#4400=DIRECTION('ref_axis',(-1.,0.,0.));
#4401=DIRECTION('center_axis',(0.,0.,1.));
#4402=DIRECTION('ref_axis',(1.,2.44929359829471E-16,0.));
#4403=DIRECTION('',(0.,0.,-1.));
#4404=DIRECTION('center_axis',(0.,0.,1.));
#4405=DIRECTION('ref_axis',(-1.,-2.44929359829471E-16,0.));
#4406=DIRECTION('center_axis',(0.,0.,-1.));
#4407=DIRECTION('ref_axis',(-1.,0.,0.));
#4408=DIRECTION('center_axis',(0.,0.,1.));
#4409=DIRECTION('ref_axis',(1.,2.44929359829471E-16,0.));
#4410=DIRECTION('',(0.,0.,-1.));
#4411=DIRECTION('center_axis',(0.,0.,1.));
#4412=DIRECTION('ref_axis',(-1.,-2.44929359829471E-16,0.));
#4413=DIRECTION('center_axis',(0.,0.,-1.));
#4414=DIRECTION('ref_axis',(-1.,0.,0.));
#4415=DIRECTION('center_axis',(0.,0.,-1.));
#4416=DIRECTION('ref_axis',(-1.,-2.44929359829471E-16,0.));
#4417=DIRECTION('',(0.,0.,1.));
#4418=DIRECTION('center_axis',(0.,0.,1.));
#4419=DIRECTION('ref_axis',(-1.,-2.44929359829471E-16,0.));
#4420=DIRECTION('center_axis',(0.,0.,-1.));
#4421=DIRECTION('ref_axis',(-1.,0.,0.));
#4422=DIRECTION('center_axis',(0.,-1.,0.));
#4423=DIRECTION('ref_axis',(1.,0.,0.));
#4424=DIRECTION('center_axis',(-1.86770297795948E-5,0.999999954408077,-0.000301388474068131));
#4425=DIRECTION('ref_axis',(0.631878105981725,0.000245398100337749,0.775067738304672));
#4426=DIRECTION('center_axis',(0.999999954408078,-1.8677029608214E-5,0.00030138847037793));
#4427=DIRECTION('ref_axis',(0.000245398090956641,0.631878134227408,-0.775067715277231));
#4428=DIRECTION('center_axis',(0.999999954408078,1.8677029608214E-5,-0.00030138847037793));
#4429=DIRECTION('ref_axis',(0.000245398090956641,-0.631878134227408,0.775067715277231));
#4430=DIRECTION('center_axis',(-1.58722024402371E-5,0.999999967073416,0.000256127388867385));
#4431=DIRECTION('ref_axis',(-0.685446206116873,-0.00019737185289898,0.728123244763095));
#4432=DIRECTION('center_axis',(1.58722023975029E-5,0.999999967073417,-0.000256127388410278));
#4433=DIRECTION('ref_axis',(-0.685446094818812,0.000197371877605956,0.728123349537688));
#4434=DIRECTION('center_axis',(0.,0.,1.));
#4435=DIRECTION('ref_axis',(-1.,-2.44929359829471E-16,0.));
#4436=DIRECTION('center_axis',(0.999999967073417,1.58722022834157E-5,0.000256127386569276));
#4437=DIRECTION('ref_axis',(0.000197371880930422,-0.685446073760903,-0.728123369361335));
#4438=DIRECTION('center_axis',(0.999999967073416,-1.58722025115928E-5,-0.000256127390251337));
#4439=DIRECTION('ref_axis',(0.000197371872180837,0.685446125203077,0.728123320934326));
#4440=DIRECTION('center_axis',(1.86770296655078E-5,0.999999954408078,0.000301388472227126));
#4441=DIRECTION('ref_axis',(0.631878109247573,-0.000245398098097305,0.775067735642173));
#4442=DIRECTION('center_axis',(0.,0.,-1.));
#4443=DIRECTION('ref_axis',(-1.,0.,0.));
#4444=DIRECTION('',(-1.,0.,0.));
#4445=DIRECTION('',(0.,1.,0.));
#4446=DIRECTION('center_axis',(-2.44929359829471E-16,1.,0.));
#4447=DIRECTION('ref_axis',(0.,0.,1.));
#4448=DIRECTION('',(0.,0.,1.));
#4449=DIRECTION('',(0.,0.,1.));
#4450=DIRECTION('',(-1.,0.,0.));
#4451=DIRECTION('center_axis',(-2.44929359829471E-16,1.,0.));
#4452=DIRECTION('ref_axis',(0.,0.,1.));
#4453=DIRECTION('',(0.,0.,1.));
#4454=DIRECTION('',(0.,0.,1.));
#4455=DIRECTION('',(1.,0.,0.));
#4456=DIRECTION('center_axis',(-1.,-2.44929359829471E-16,0.));
#4457=DIRECTION('ref_axis',(0.,0.,1.));
#4458=DIRECTION('',(0.,0.,1.));
#4459=DIRECTION('',(0.,0.,1.));
#4460=DIRECTION('',(0.,1.,0.));
#4461=DIRECTION('center_axis',(-1.,-2.44929359829471E-16,0.));
#4462=DIRECTION('ref_axis',(0.,0.,1.));
#4463=DIRECTION('',(0.,0.,1.));
#4464=DIRECTION('',(0.,0.,1.));
#4465=DIRECTION('',(0.,-1.,0.));
#4466=DIRECTION('center_axis',(-1.,-2.44929359829471E-16,0.));
#4467=DIRECTION('ref_axis',(0.,0.,1.));
#4468=DIRECTION('',(0.,0.,1.));
#4469=DIRECTION('',(0.,1.,0.));
#4470=DIRECTION('',(0.,-0.707106781186553,-0.707106781186542));
#4471=DIRECTION('center_axis',(-1.,-2.44929359829471E-16,0.));
#4472=DIRECTION('ref_axis',(0.,0.,1.));
#4473=DIRECTION('',(0.,1.,0.));
#4474=DIRECTION('',(0.,0.,1.));
#4475=DIRECTION('',(0.,0.707106781186553,0.707106781186542));
#4476=DIRECTION('center_axis',(-1.,-2.44929359829471E-16,0.));
#4477=DIRECTION('ref_axis',(0.,0.,1.));
#4478=DIRECTION('',(0.,1.,0.));
#4479=DIRECTION('',(0.,0.,1.));
#4480=DIRECTION('',(0.,0.707106781186542,-0.707106781186553));
#4481=DIRECTION('center_axis',(-1.,-2.44929359829471E-16,0.));
#4482=DIRECTION('ref_axis',(0.,0.,1.));
#4483=DIRECTION('',(0.,0.,1.));
#4484=DIRECTION('',(0.,1.,0.));
#4485=DIRECTION('',(0.,-0.707106781186543,0.707106781186552));
#4486=DIRECTION('center_axis',(2.44929359829471E-16,-1.,0.));
#4487=DIRECTION('ref_axis',(0.,0.,-1.));
#4488=DIRECTION('',(-1.,0.,0.));
#4489=DIRECTION('',(-0.707106781186542,0.,-0.707106781186553));
#4490=DIRECTION('center_axis',(2.44929359829471E-16,-1.,0.));
#4491=DIRECTION('ref_axis',(0.,0.,-1.));
#4492=DIRECTION('',(-1.,0.,0.));
#4493=DIRECTION('',(0.707106781186551,0.,-0.707106781186544));
#4494=DIRECTION('center_axis',(2.44929359829471E-16,-1.,0.));
#4495=DIRECTION('ref_axis',(0.,0.,-1.));
#4496=DIRECTION('',(-1.,0.,0.));
#4497=DIRECTION('',(-0.70710678118655,-1.74454717631527E-15,0.707106781186545));
#4498=DIRECTION('center_axis',(2.44929359829471E-16,-1.,0.));
#4499=DIRECTION('ref_axis',(0.,0.,-1.));
#4500=DIRECTION('',(-1.,0.,0.));
#4501=DIRECTION('',(0.707106781186542,0.,0.707106781186553));
#4502=DIRECTION('center_axis',(0.,0.,1.));
#4503=DIRECTION('ref_axis',(1.,0.,0.));
#4504=DIRECTION('',(-1.,0.,0.));
#4505=DIRECTION('',(0.,-1.,0.));
#4506=DIRECTION('',(1.,0.,0.));
#4507=DIRECTION('',(0.,1.,0.));
#4508=DIRECTION('center_axis',(-0.707106781186545,-1.73191211247098E-16,
-0.70710678118655));
#4509=DIRECTION('ref_axis',(-0.70710678118655,-1.23259516440783E-32,0.707106781186545));
#4510=DIRECTION('center_axis',(-1.73191211247097E-16,0.707106781186542,
-0.707106781186553));
#4511=DIRECTION('ref_axis',(-1.,2.95822839457879E-31,2.44929359829467E-16));
#4512=DIRECTION('center_axis',(-1.731912112471E-16,0.707106781186553,0.707106781186542));
#4513=DIRECTION('ref_axis',(1.,-2.71170936169723E-31,2.44929359829475E-16));
#4514=DIRECTION('center_axis',(-0.707106781186553,-1.731912112471E-16,0.707106781186542));
#4515=DIRECTION('ref_axis',(0.707106781186542,1.23259516440783E-32,0.707106781186553));
#4516=DIRECTION('center_axis',(0.,0.,-1.));
#4517=DIRECTION('ref_axis',(-1.,-2.44929359829471E-16,0.));
#4518=DIRECTION('center_axis',(0.,0.,-1.));
#4519=DIRECTION('ref_axis',(-1.,-2.44929359829471E-16,0.));
#4520=DIRECTION('center_axis',(-2.89120579329466E-15,0.,1.));
#4521=DIRECTION('ref_axis',(1.,0.,2.89120579329466E-15));
#4522=DIRECTION('center_axis',(2.89120579329466E-15,0.,-1.));
#4523=DIRECTION('ref_axis',(-1.,0.,-2.89120579329466E-15));
#4524=DIRECTION('center_axis',(0.,0.,-1.));
#4525=DIRECTION('ref_axis',(-1.,0.,0.));
#4526=DIRECTION('center_axis',(0.,0.,1.));
#4527=DIRECTION('ref_axis',(1.,0.,0.));
#4528=DIRECTION('',(0.,0.,-1.));
#4529=DIRECTION('center_axis',(0.,0.,1.));
#4530=DIRECTION('ref_axis',(1.,0.,0.));
#4531=DIRECTION('center_axis',(0.,0.,1.));
#4532=DIRECTION('ref_axis',(-1.,0.,0.));
#4533=DIRECTION('center_axis',(0.,0.,-1.));
#4534=DIRECTION('ref_axis',(-1.,0.,0.));
#4535=DIRECTION('center_axis',(0.,0.,-1.));
#4536=DIRECTION('ref_axis',(-1.,0.,0.));
#4537=DIRECTION('center_axis',(0.,0.,-1.));
#4538=DIRECTION('ref_axis',(-1.,0.,0.));
#4539=DIRECTION('',(0.,0.,-1.));
#4540=DIRECTION('center_axis',(0.,0.,-1.));
#4541=DIRECTION('ref_axis',(-1.,0.,0.));
#4542=DIRECTION('center_axis',(0.,0.,1.));
#4543=DIRECTION('ref_axis',(1.,0.,0.));
#4544=DIRECTION('',(0.,0.,1.));
#4545=DIRECTION('center_axis',(0.,0.,1.));
#4546=DIRECTION('ref_axis',(1.,0.,0.));
#4547=DIRECTION('',(0.,0.,1.));
#4548=DIRECTION('',(-0.452155256504362,-0.891939249060985,0.));
#4549=DIRECTION('',(0.,0.,1.));
#4550=DIRECTION('',(0.416842382813497,-0.908978782970407,0.));
#4551=DIRECTION('',(0.,0.,1.));
#4552=DIRECTION('',(1.,0.,0.));
#4553=CARTESIAN_POINT('',(0.,0.,0.));
#4554=CARTESIAN_POINT('',(0.,0.,0.));
#4555=CARTESIAN_POINT('Origin',(12.5,-3.21508079986924E-16,-16.9));
#4556=CARTESIAN_POINT('',(9.5,-6.8890211973113E-16,-17.7));
#4557=CARTESIAN_POINT('Origin',(12.5,0.,-17.7));
#4558=CARTESIAN_POINT('',(9.5,-3.21508079986924E-16,-15.6));
#4559=CARTESIAN_POINT('',(9.5,-6.8890211973113E-16,-16.9));
#4560=CARTESIAN_POINT('Origin',(12.5,-3.21508079986924E-16,-15.6));
#4561=CARTESIAN_POINT('Origin',(12.5,-3.21508079986924E-16,-15.6));
#4562=CARTESIAN_POINT('',(22.5,-1.54615487913428E-15,-17.7));
#4563=CARTESIAN_POINT('Origin',(12.5,-3.21508079986924E-16,-17.7));
#4564=CARTESIAN_POINT('',(22.5,-1.54615487913428E-15,-15.6));
#4565=CARTESIAN_POINT('',(22.5,-1.54615487913428E-15,-15.6));
#4566=CARTESIAN_POINT('Origin',(12.5,-3.21508079986924E-16,-15.6));
#4567=CARTESIAN_POINT('Origin',(12.5,-3.21508079986924E-16,-15.6));
#4568=CARTESIAN_POINT('',(8.80025253169417,4.94974746830583,-15.6));
#4569=CARTESIAN_POINT('Origin',(7.55025253169417,4.94974746830583,-15.6));
#4570=CARTESIAN_POINT('',(8.80025253169417,-4.94974746830583,-15.6));
#4571=CARTESIAN_POINT('Origin',(7.55025253169417,-4.94974746830583,-15.6));
#4572=CARTESIAN_POINT('',(18.6997474683058,-4.94974746830583,-15.6));
#4573=CARTESIAN_POINT('Origin',(17.4497474683058,-4.94974746830583,-15.6));
#4574=CARTESIAN_POINT('',(18.6997474683058,4.94974746830583,-15.6));
#4575=CARTESIAN_POINT('Origin',(17.4497474683058,4.94974746830583,-15.6));
#4576=CARTESIAN_POINT('Origin',(17.4497474683058,4.94974746830583,-15.6));
#4577=CARTESIAN_POINT('',(18.6997474683058,4.94974746830583,-17.7));
#4578=CARTESIAN_POINT('',(18.6997474683058,4.94974746830583,-15.6));
#4579=CARTESIAN_POINT('Origin',(17.4497474683058,4.94974746830583,-17.7));
#4580=CARTESIAN_POINT('Origin',(17.4497474683058,-4.94974746830583,-15.6));
#4581=CARTESIAN_POINT('',(18.6997474683058,-4.94974746830583,-17.7));
#4582=CARTESIAN_POINT('',(18.6997474683058,-4.94974746830583,-15.6));
#4583=CARTESIAN_POINT('Origin',(17.4497474683058,-4.94974746830583,-17.7));
#4584=CARTESIAN_POINT('Origin',(7.55025253169417,-4.94974746830583,-15.6));
#4585=CARTESIAN_POINT('',(8.80025253169417,-4.94974746830583,-17.7));
#4586=CARTESIAN_POINT('',(8.80025253169417,-4.94974746830583,-15.6));
#4587=CARTESIAN_POINT('Origin',(7.55025253169417,-4.94974746830583,-17.7));
#4588=CARTESIAN_POINT('Origin',(7.55025253169417,4.94974746830583,-15.6));
#4589=CARTESIAN_POINT('',(8.80025253169417,4.94974746830583,-17.7));
#4590=CARTESIAN_POINT('',(8.80025253169417,4.94974746830583,-15.6));
#4591=CARTESIAN_POINT('Origin',(7.55025253169417,4.94974746830583,-17.7));
#4592=CARTESIAN_POINT('Origin',(12.5,-3.21508079986924E-16,-17.7));
#4593=CARTESIAN_POINT('',(0.,0.,0.));
#4594=CARTESIAN_POINT('Origin',(12.5,0.,11.45));
#4595=CARTESIAN_POINT('',(13.8635,1.66980591063742E-16,11.4));
#4596=CARTESIAN_POINT('Origin',(12.5,0.,11.4));
#4597=CARTESIAN_POINT('',(13.9635,-1.79227059055215E-16,11.5));
#4598=CARTESIAN_POINT('',(13.9135,-1.73103825059478E-16,11.45));
#4599=CARTESIAN_POINT('Origin',(12.5,0.,11.5));
#4600=CARTESIAN_POINT('Origin',(12.5,0.,17.4));
#4601=CARTESIAN_POINT('',(13.9635,-1.79227059055215E-16,17.4));
#4602=CARTESIAN_POINT('',(13.9635,-1.79227059055215E-16,17.4));
#4603=CARTESIAN_POINT('Origin',(12.5,0.,17.4));
#4604=CARTESIAN_POINT('Origin',(12.5,0.,11.4));
#4605=CARTESIAN_POINT('Origin',(12.5,-1.38777878078145E-16,17.4));
#4606=CARTESIAN_POINT('',(14.9,2.93915231795365E-16,17.4));
#4607=CARTESIAN_POINT('Origin',(12.5,0.,17.4));
#4608=CARTESIAN_POINT('Origin',(12.0606403689243,2.32465288703184E-14,18.6));
#4609=CARTESIAN_POINT('',(10.8606403689243,0.45,19.8));
#4610=CARTESIAN_POINT('',(12.0499999999999,0.45,18.6106403689245));
#4611=CARTESIAN_POINT('',(10.8606403689243,0.45,19.8));
#4612=CARTESIAN_POINT('',(10.8606403689243,-0.450000000000011,19.8));
#4613=CARTESIAN_POINT('',(10.8606403689243,-0.450000000000011,19.8));
#4614=CARTESIAN_POINT('',(12.0499999999999,-0.45,18.6106403689245));
#4615=CARTESIAN_POINT('',(12.0499999999999,-0.45,18.6106403689244));
#4616=CARTESIAN_POINT('',(12.0606403689243,-0.43935963107549,18.6));
#4617=CARTESIAN_POINT('',(12.0606403689243,-0.43935963107549,18.6));
#4618=CARTESIAN_POINT('',(12.0606403689243,0.43935963107551,18.6));
#4619=CARTESIAN_POINT('',(12.0606403689243,0.43935963107551,18.6));
#4620=CARTESIAN_POINT('',(12.0499999999998,0.44999999999995,18.6106403689244));
#4621=CARTESIAN_POINT('Origin',(0.,-0.43935963107549,18.6));
#4622=CARTESIAN_POINT('',(12.9499999999999,-0.45,18.6106403689245));
#4623=CARTESIAN_POINT('',(12.9393596310755,-0.43935963107549,18.6));
#4624=CARTESIAN_POINT('',(12.9499999999999,-0.449999999999985,18.6106403689245));
#4625=CARTESIAN_POINT('',(12.0606403689243,-0.43935963107549,18.6));
#4626=CARTESIAN_POINT('',(12.0499999999999,-1.63935963107563,19.8));
#4627=CARTESIAN_POINT('',(12.0499999999999,-1.63935963107557,19.8));
#4628=CARTESIAN_POINT('',(12.9500000000003,-1.6393596310755,19.8));
#4629=CARTESIAN_POINT('',(12.9500000000003,-1.6393596310755,19.8));
#4630=CARTESIAN_POINT('',(12.9499999999999,-0.449999999999989,18.6106403689245));
#4631=CARTESIAN_POINT('Origin',(0.,1.6393596310755,19.8));
#4632=CARTESIAN_POINT('',(12.0499999999995,1.6393596310755,19.8));
#4633=CARTESIAN_POINT('',(12.9500000000003,1.6393596310755,19.8));
#4634=CARTESIAN_POINT('',(12.0499999999995,1.6393596310755,19.8));
#4635=CARTESIAN_POINT('',(12.0499999999999,1.6393596310755,19.8));
#4636=CARTESIAN_POINT('',(12.9393596310755,0.43935963107551,18.6));
#4637=CARTESIAN_POINT('',(12.9393596310755,0.43935963107551,18.6));
#4638=CARTESIAN_POINT('',(12.9499999999999,0.45,18.6106403689245));
#4639=CARTESIAN_POINT('',(12.9393596310755,0.439359631075511,18.6));
#4640=CARTESIAN_POINT('',(12.9499999999999,0.449999999999999,18.6106403689245));
#4641=CARTESIAN_POINT('Origin',(14.1393596310754,0.,19.8));
#4642=CARTESIAN_POINT('',(14.1393596310755,0.45,19.8));
#4643=CARTESIAN_POINT('',(14.1393596310755,-0.45,19.8));
#4644=CARTESIAN_POINT('',(14.1393596310754,0.45,19.8));
#4645=CARTESIAN_POINT('',(14.1393596310755,0.45,19.8));
#4646=CARTESIAN_POINT('',(12.9393596310755,-0.43935963107549,18.6));
#4647=CARTESIAN_POINT('',(12.9499999999999,-0.45,18.6106403689245));
#4648=CARTESIAN_POINT('Origin',(0.,0.,18.6));
#4649=CARTESIAN_POINT('Origin',(-6.69624089084913E-17,-0.449999999999998,
18.6));
#4650=CARTESIAN_POINT('',(14.1393596310755,-0.45,20.2));
#4651=CARTESIAN_POINT('',(14.1393596310755,-0.45,19.8));
#4652=CARTESIAN_POINT('',(12.9499999999999,-0.45,20.2));
#4653=CARTESIAN_POINT('',(12.9499999999999,-0.45,18.6106403689245));
#4654=CARTESIAN_POINT('',(12.9499999999999,-0.45,20.2));
#4655=CARTESIAN_POINT('Origin',(14.1393596310754,0.,18.6));
#4656=CARTESIAN_POINT('',(14.1393596310755,0.45,20.2));
#4657=CARTESIAN_POINT('',(14.1393596310755,0.45,19.8));
#4658=CARTESIAN_POINT('',(14.1393596310754,0.45,20.2));
#4659=CARTESIAN_POINT('Origin',(6.69624089084918E-17,0.450000000000002,
18.6));
#4660=CARTESIAN_POINT('',(12.9499999999999,0.45,20.2));
#4661=CARTESIAN_POINT('',(12.9499999999999,0.45,18.6106403689245));
#4662=CARTESIAN_POINT('',(12.9499999999999,0.45,20.2));
#4663=CARTESIAN_POINT('Origin',(12.9499999999999,0.,18.6));
#4664=CARTESIAN_POINT('',(12.9500000000003,1.6393596310755,20.2));
#4665=CARTESIAN_POINT('',(12.9500000000003,1.6393596310755,19.8));
#4666=CARTESIAN_POINT('',(12.9499999999999,1.6393596310755,20.2));
#4667=CARTESIAN_POINT('Origin',(0.,1.6393596310755,18.6));
#4668=CARTESIAN_POINT('',(12.0499999999995,1.6393596310755,20.2));
#4669=CARTESIAN_POINT('',(12.0499999999995,1.6393596310755,19.8));
#4670=CARTESIAN_POINT('',(12.0499999999995,1.6393596310755,20.2));
#4671=CARTESIAN_POINT('Origin',(12.0499999999999,0.,18.6));
#4672=CARTESIAN_POINT('',(12.0499999999999,0.45,20.2));
#4673=CARTESIAN_POINT('',(12.0499999999999,0.45,18.6106403689245));
#4674=CARTESIAN_POINT('',(12.0499999999999,1.6393596310755,20.2));
#4675=CARTESIAN_POINT('Origin',(6.69624089084918E-17,0.450000000000002,
18.6));
#4676=CARTESIAN_POINT('',(10.8606403689243,0.45,20.2));
#4677=CARTESIAN_POINT('',(10.8606403689243,0.45,19.8));
#4678=CARTESIAN_POINT('',(10.8606403689243,0.45,20.2));
#4679=CARTESIAN_POINT('Origin',(10.8606403689243,2.09335642356826E-14,18.6));
#4680=CARTESIAN_POINT('',(10.8606403689243,-0.450000000000011,20.2));
#4681=CARTESIAN_POINT('',(10.8606403689243,-0.450000000000011,19.8));
#4682=CARTESIAN_POINT('',(10.8606403689243,0.45,20.2));
#4683=CARTESIAN_POINT('Origin',(-6.69624089084913E-17,-0.449999999999998,
18.6));
#4684=CARTESIAN_POINT('',(12.0499999999999,-0.45,20.2));
#4685=CARTESIAN_POINT('',(12.0499999999999,-0.45,18.6106403689245));
#4686=CARTESIAN_POINT('',(10.8606403689243,-0.45,20.2));
#4687=CARTESIAN_POINT('Origin',(12.0499999999999,0.,18.6));
#4688=CARTESIAN_POINT('',(12.0499999999999,-1.63935963107563,20.2));
#4689=CARTESIAN_POINT('',(12.0499999999999,-1.63935963107563,19.8));
#4690=CARTESIAN_POINT('',(12.0499999999999,-0.45,20.2));
#4691=CARTESIAN_POINT('Origin',(0.,-1.6393596310755,18.6));
#4692=CARTESIAN_POINT('',(12.9500000000003,-1.6393596310755,20.2));
#4693=CARTESIAN_POINT('',(12.9500000000003,-1.6393596310755,19.8));
#4694=CARTESIAN_POINT('',(12.0499999999999,-1.6393596310755,20.2));
#4695=CARTESIAN_POINT('Origin',(12.9499999999999,0.,18.6));
#4696=CARTESIAN_POINT('',(12.9499999999999,-0.45,20.2));
#4697=CARTESIAN_POINT('Origin',(14.2,0.,20.2));
#4698=CARTESIAN_POINT('',(10.7999999999998,-2.08189955855064E-16,20.2));
#4699=CARTESIAN_POINT('Origin',(12.4999999999999,0.,20.2));
#4700=CARTESIAN_POINT('Origin',(12.4999999999999,0.,20.2));
#4701=CARTESIAN_POINT('Origin',(14.2,0.,20.2));
#4702=CARTESIAN_POINT('',(14.2,0.,20.2));
#4703=CARTESIAN_POINT('Origin',(12.4999999999999,0.,20.2));
#4704=CARTESIAN_POINT('Origin',(12.4999999999999,0.,20.2));
#4705=CARTESIAN_POINT('Origin',(14.2,0.,20.2));
#4706=CARTESIAN_POINT('Origin',(12.4999999999999,0.,20.2));
#4707=CARTESIAN_POINT('Origin',(14.2,0.,20.2));
#4708=CARTESIAN_POINT('Origin',(12.4999999999999,0.,20.2));
#4709=CARTESIAN_POINT('Origin',(14.2,0.,20.2));
#4710=CARTESIAN_POINT('Origin',(12.4999999999999,0.,20.2));
#4711=CARTESIAN_POINT('Origin',(14.2,0.,20.2));
#4712=CARTESIAN_POINT('Origin',(12.4999999999999,0.,20.2));
#4713=CARTESIAN_POINT('Origin',(14.2,0.,20.2));
#4714=CARTESIAN_POINT('Origin',(12.4999999999999,0.,20.2));
#4715=CARTESIAN_POINT('Origin',(14.2,0.,20.2));
#4716=CARTESIAN_POINT('Origin',(12.4999999999999,0.,20.2));
#4717=CARTESIAN_POINT('Origin',(12.5,0.,16.2));
#4718=CARTESIAN_POINT('',(14.9,-2.93915231795365E-16,14.7));
#4719=CARTESIAN_POINT('',(14.9,-2.93915231795365E-16,16.2));
#4720=CARTESIAN_POINT('Origin',(12.5,0.,14.7));
#4721=CARTESIAN_POINT('Ctrl Pts',(14.2,0.,20.2));
#4722=CARTESIAN_POINT('Ctrl Pts',(14.2,-1.70000000000011,20.2));
#4723=CARTESIAN_POINT('Ctrl Pts',(12.4999999999999,-1.70000000000011,20.2));
#4724=CARTESIAN_POINT('Ctrl Pts',(10.7999999999998,-1.70000000000011,20.2));
#4725=CARTESIAN_POINT('Ctrl Pts',(10.7999999999998,0.,20.2));
#4726=CARTESIAN_POINT('Ctrl Pts',(10.7999999999998,1.70000000000011,20.2));
#4727=CARTESIAN_POINT('Ctrl Pts',(12.4999999999999,1.70000000000011,20.2));
#4728=CARTESIAN_POINT('Ctrl Pts',(14.2,1.70000000000011,20.2));
#4729=CARTESIAN_POINT('Ctrl Pts',(14.2,0.,20.2));
#4730=CARTESIAN_POINT('Ctrl Pts',(15.1636561930883,0.,20.2));
#4731=CARTESIAN_POINT('Ctrl Pts',(15.1636561930883,-2.66365619308846,20.2));
#4732=CARTESIAN_POINT('Ctrl Pts',(12.4999999999999,-2.66365619308846,20.2));
#4733=CARTESIAN_POINT('Ctrl Pts',(9.83634380691143,-2.66365619308846,20.2));
#4734=CARTESIAN_POINT('Ctrl Pts',(9.83634380691143,0.,20.2));
#4735=CARTESIAN_POINT('Ctrl Pts',(9.83634380691143,2.66365619308846,20.2));
#4736=CARTESIAN_POINT('Ctrl Pts',(12.4999999999999,2.66365619308846,20.2));
#4737=CARTESIAN_POINT('Ctrl Pts',(15.1636561930883,2.66365619308846,20.2));
#4738=CARTESIAN_POINT('Ctrl Pts',(15.1636561930883,0.,20.2));
#4739=CARTESIAN_POINT('Ctrl Pts',(15.2,0.,19.6398721910567));
#4740=CARTESIAN_POINT('Ctrl Pts',(15.2,-2.70000000000011,19.6398721910567));
#4741=CARTESIAN_POINT('Ctrl Pts',(12.4999999999999,-2.70000000000011,19.6398721910567));
#4742=CARTESIAN_POINT('Ctrl Pts',(9.79999999999978,-2.70000000000011,19.6398721910567));
#4743=CARTESIAN_POINT('Ctrl Pts',(9.79999999999978,0.,19.6398721910567));
#4744=CARTESIAN_POINT('Ctrl Pts',(9.79999999999978,2.70000000000011,19.6398721910567));
#4745=CARTESIAN_POINT('Ctrl Pts',(12.4999999999999,2.70000000000011,19.6398721910567));
#4746=CARTESIAN_POINT('Ctrl Pts',(15.2,2.70000000000011,19.6398721910567));
#4747=CARTESIAN_POINT('Ctrl Pts',(15.2,0.,19.6398721910567));
#4748=CARTESIAN_POINT('Ctrl Pts',(15.2,0.,18.7));
#4749=CARTESIAN_POINT('Ctrl Pts',(15.2,-2.70000000000011,18.7));
#4750=CARTESIAN_POINT('Ctrl Pts',(12.4999999999999,-2.70000000000011,18.7));
#4751=CARTESIAN_POINT('Ctrl Pts',(9.79999999999978,-2.70000000000011,18.7));
#4752=CARTESIAN_POINT('Ctrl Pts',(9.79999999999978,0.,18.7));
#4753=CARTESIAN_POINT('Ctrl Pts',(9.79999999999978,2.70000000000011,18.7));
#4754=CARTESIAN_POINT('Ctrl Pts',(12.4999999999999,2.70000000000011,18.7));
#4755=CARTESIAN_POINT('Ctrl Pts',(15.2,2.70000000000011,18.7));
#4756=CARTESIAN_POINT('Ctrl Pts',(15.2,0.,18.7));
#4757=CARTESIAN_POINT('',(14.9,0.,20.0098051501879));
#4758=CARTESIAN_POINT('',(15.2,0.,18.7));
#4759=CARTESIAN_POINT('Ctrl Pts',(14.9,0.,20.0098051501879));
#4760=CARTESIAN_POINT('Ctrl Pts',(15.1843025169951,0.,19.7713566091936));
#4761=CARTESIAN_POINT('Ctrl Pts',(15.2,0.,19.3176872008982));
#4762=CARTESIAN_POINT('Ctrl Pts',(15.2,0.,18.7));
#4763=CARTESIAN_POINT('',(9.79999999999978,0.,18.7));
#4764=CARTESIAN_POINT('Origin',(12.4999999999999,0.,18.7));
#4765=CARTESIAN_POINT('',(10.1,-2.93915231795351E-16,20.0098051501881));
#4766=CARTESIAN_POINT('Ctrl Pts',(10.1,-2.93915231795355E-16,20.0098051501881));
#4767=CARTESIAN_POINT('Ctrl Pts',(9.81569748300469,-3.28732248538135E-16,
19.7713566091938));
#4768=CARTESIAN_POINT('Ctrl Pts',(9.79999999999977,-3.30654635769799E-16,
19.3176872008984));
#4769=CARTESIAN_POINT('Ctrl Pts',(9.79999999999978,-3.30654635769799E-16,
18.7));
#4770=CARTESIAN_POINT('Ctrl Pts',(10.7999999999998,-2.08189955855064E-16,
20.2));
#4771=CARTESIAN_POINT('Ctrl Pts',(10.4696619348453,-2.48644701267859E-16,
20.2));
#4772=CARTESIAN_POINT('Ctrl Pts',(10.2482918919267,-2.757547127166E-16,
20.1341796567697));
#4773=CARTESIAN_POINT('Ctrl Pts',(10.1,-2.93915231795352E-16,20.0098051501881));
#4774=CARTESIAN_POINT('Ctrl Pts',(14.2,0.,20.2));
#4775=CARTESIAN_POINT('Ctrl Pts',(14.5303380651546,0.,20.2));
#4776=CARTESIAN_POINT('Ctrl Pts',(14.7517081080733,0.,20.1341796567696));
#4777=CARTESIAN_POINT('Ctrl Pts',(14.9,0.,20.0098051501879));
#4778=CARTESIAN_POINT('Ctrl Pts',(14.2,0.,20.2));
#4779=CARTESIAN_POINT('Ctrl Pts',(14.2,-1.70000000000011,20.2));
#4780=CARTESIAN_POINT('Ctrl Pts',(12.4999999999999,-1.70000000000011,20.2));
#4781=CARTESIAN_POINT('Ctrl Pts',(10.7999999999998,-1.70000000000011,20.2));
#4782=CARTESIAN_POINT('Ctrl Pts',(10.7999999999998,0.,20.2));
#4783=CARTESIAN_POINT('Ctrl Pts',(10.7999999999998,1.70000000000011,20.2));
#4784=CARTESIAN_POINT('Ctrl Pts',(12.4999999999999,1.70000000000011,20.2));
#4785=CARTESIAN_POINT('Ctrl Pts',(14.2,1.70000000000011,20.2));
#4786=CARTESIAN_POINT('Ctrl Pts',(14.2,0.,20.2));
#4787=CARTESIAN_POINT('Ctrl Pts',(15.1636561930883,0.,20.2));
#4788=CARTESIAN_POINT('Ctrl Pts',(15.1636561930883,-2.66365619308846,20.2));
#4789=CARTESIAN_POINT('Ctrl Pts',(12.4999999999999,-2.66365619308846,20.2));
#4790=CARTESIAN_POINT('Ctrl Pts',(9.83634380691143,-2.66365619308846,20.2));
#4791=CARTESIAN_POINT('Ctrl Pts',(9.83634380691143,0.,20.2));
#4792=CARTESIAN_POINT('Ctrl Pts',(9.83634380691143,2.66365619308846,20.2));
#4793=CARTESIAN_POINT('Ctrl Pts',(12.4999999999999,2.66365619308846,20.2));
#4794=CARTESIAN_POINT('Ctrl Pts',(15.1636561930883,2.66365619308846,20.2));
#4795=CARTESIAN_POINT('Ctrl Pts',(15.1636561930883,0.,20.2));
#4796=CARTESIAN_POINT('Ctrl Pts',(15.2,0.,19.6398721910567));
#4797=CARTESIAN_POINT('Ctrl Pts',(15.2,-2.70000000000011,19.6398721910567));
#4798=CARTESIAN_POINT('Ctrl Pts',(12.4999999999999,-2.70000000000011,19.6398721910567));
#4799=CARTESIAN_POINT('Ctrl Pts',(9.79999999999978,-2.70000000000011,19.6398721910567));
#4800=CARTESIAN_POINT('Ctrl Pts',(9.79999999999978,0.,19.6398721910567));
#4801=CARTESIAN_POINT('Ctrl Pts',(9.79999999999978,2.70000000000011,19.6398721910567));
#4802=CARTESIAN_POINT('Ctrl Pts',(12.4999999999999,2.70000000000011,19.6398721910567));
#4803=CARTESIAN_POINT('Ctrl Pts',(15.2,2.70000000000011,19.6398721910567));
#4804=CARTESIAN_POINT('Ctrl Pts',(15.2,0.,19.6398721910567));
#4805=CARTESIAN_POINT('Ctrl Pts',(15.2,0.,18.7));
#4806=CARTESIAN_POINT('Ctrl Pts',(15.2,-2.70000000000011,18.7));
#4807=CARTESIAN_POINT('Ctrl Pts',(12.4999999999999,-2.70000000000011,18.7));
#4808=CARTESIAN_POINT('Ctrl Pts',(9.79999999999978,-2.70000000000011,18.7));
#4809=CARTESIAN_POINT('Ctrl Pts',(9.79999999999978,0.,18.7));
#4810=CARTESIAN_POINT('Ctrl Pts',(9.79999999999978,2.70000000000011,18.7));
#4811=CARTESIAN_POINT('Ctrl Pts',(12.4999999999999,2.70000000000011,18.7));
#4812=CARTESIAN_POINT('Ctrl Pts',(15.2,2.70000000000011,18.7));
#4813=CARTESIAN_POINT('Ctrl Pts',(15.2,0.,18.7));
#4814=CARTESIAN_POINT('Origin',(12.4999999999999,0.,18.7));
#4815=CARTESIAN_POINT('Origin',(12.5,0.,14.7));
#4816=CARTESIAN_POINT('',(8.,-5.51091059616309E-16,16.2));
#4817=CARTESIAN_POINT('Origin',(12.5,0.,16.2));
#4818=CARTESIAN_POINT('',(8.,0.,14.7));
#4819=CARTESIAN_POINT('',(8.,-5.51091059616309E-16,14.7));
#4820=CARTESIAN_POINT('Origin',(12.5,0.,14.7));
#4821=CARTESIAN_POINT('Origin',(12.5,0.,14.7));
#4822=CARTESIAN_POINT('Origin',(12.5,-3.21508079986924E-16,18.7));
#4823=CARTESIAN_POINT('',(22.5,-3.21508079986924E-16,18.7));
#4824=CARTESIAN_POINT('Origin',(12.5,-3.21508079986924E-16,18.7));
#4825=CARTESIAN_POINT('',(8.80025253169417,4.94974746830583,18.7));
#4826=CARTESIAN_POINT('Origin',(7.55025253169417,4.94974746830583,18.7));
#4827=CARTESIAN_POINT('',(18.6997474683058,-4.94974746830583,18.7));
#4828=CARTESIAN_POINT('Origin',(17.4497474683058,-4.94974746830583,18.7));
#4829=CARTESIAN_POINT('',(8.80025253169417,-4.94974746830583,18.7));
#4830=CARTESIAN_POINT('Origin',(7.55025253169417,-4.94974746830583,18.7));
#4831=CARTESIAN_POINT('',(18.6997474683058,4.94974746830583,18.7));
#4832=CARTESIAN_POINT('Origin',(17.4497474683058,4.94974746830583,18.7));
#4833=CARTESIAN_POINT('Origin',(17.4497474683058,-4.94974746830583,18.7));
#4834=CARTESIAN_POINT('',(18.6997474683058,-4.94974746830583,16.2));
#4835=CARTESIAN_POINT('',(18.6997474683058,-4.94974746830583,18.7));
#4836=CARTESIAN_POINT('Origin',(17.4497474683058,-4.94974746830583,16.2));
#4837=CARTESIAN_POINT('Origin',(7.55025253169417,-4.94974746830583,18.7));
#4838=CARTESIAN_POINT('',(8.80025253169417,-4.94974746830583,16.2));
#4839=CARTESIAN_POINT('',(8.80025253169417,-4.94974746830583,18.7));
#4840=CARTESIAN_POINT('Origin',(7.55025253169417,-4.94974746830583,16.2));
#4841=CARTESIAN_POINT('Origin',(7.55025253169417,4.94974746830583,18.7));
#4842=CARTESIAN_POINT('',(8.80025253169417,4.94974746830583,16.2));
#4843=CARTESIAN_POINT('',(8.80025253169417,4.94974746830583,18.7));
#4844=CARTESIAN_POINT('Origin',(7.55025253169417,4.94974746830583,16.2));
#4845=CARTESIAN_POINT('Origin',(17.4497474683058,4.94974746830583,18.7));
#4846=CARTESIAN_POINT('',(18.6997474683058,4.94974746830583,16.2));
#4847=CARTESIAN_POINT('',(18.6997474683058,4.94974746830583,18.7));
#4848=CARTESIAN_POINT('Origin',(17.4497474683058,4.94974746830583,16.2));
#4849=CARTESIAN_POINT('Origin',(12.5,-3.21508079986924E-16,18.7));
#4850=CARTESIAN_POINT('',(22.5,-3.21508079986924E-16,16.2));
#4851=CARTESIAN_POINT('Origin',(12.5,-3.21508079986924E-16,16.2));
#4852=CARTESIAN_POINT('',(22.5,-1.54615487913428E-15,18.7));
#4853=CARTESIAN_POINT('Origin',(12.5,-3.21508079986924E-16,16.2));
#4854=CARTESIAN_POINT('',(0.,0.,0.));
#4855=CARTESIAN_POINT('Origin',(12.5,0.,17.4));
#4856=CARTESIAN_POINT('',(14.,1.83697019872103E-16,17.4));
#4857=CARTESIAN_POINT('Origin',(12.5,0.,17.4));
#4858=CARTESIAN_POINT('',(14.,1.83697019872103E-16,11.4));
#4859=CARTESIAN_POINT('',(14.,-1.83697019872103E-16,17.4));
#4860=CARTESIAN_POINT('Origin',(12.5,0.,11.4));
#4861=CARTESIAN_POINT('Origin',(12.5,0.,11.4));
#4862=CARTESIAN_POINT('Origin',(-20.7,-11.4,15.8));
#4863=CARTESIAN_POINT('',(-20.45,-10.,15.8));
#4864=CARTESIAN_POINT('',(-20.45,-9.12750278396782,15.8));
#4865=CARTESIAN_POINT('',(-20.45,-10.,15.8));
#4866=CARTESIAN_POINT('',(-19.5775027839678,-10.,15.8));
#4867=CARTESIAN_POINT('',(-20.45,-10.,15.8));
#4868=CARTESIAN_POINT('Origin',(-20.7,-10.25,15.8));
#4869=CARTESIAN_POINT('Origin',(-20.7,-11.4,15.8));
#4870=CARTESIAN_POINT('',(-20.95,-10.,15.8));
#4871=CARTESIAN_POINT('',(-21.8224972160322,-10.,15.8));
#4872=CARTESIAN_POINT('',(-20.95,-10.,15.8));
#4873=CARTESIAN_POINT('',(-20.95,-9.12750278396782,15.8));
#4874=CARTESIAN_POINT('',(-20.95,-10.,15.8));
#4875=CARTESIAN_POINT('Origin',(-20.7,-10.25,15.8));
#4876=CARTESIAN_POINT('Origin',(-20.7,-11.4,15.8));
#4877=CARTESIAN_POINT('',(-20.45,-10.5,15.8));
#4878=CARTESIAN_POINT('',(-20.45,-11.3724972160322,15.8));
#4879=CARTESIAN_POINT('',(-20.45,-10.5,15.8));
#4880=CARTESIAN_POINT('',(-19.5775027839678,-10.5,15.8));
#4881=CARTESIAN_POINT('Origin',(-20.7,-10.25,15.8));
#4882=CARTESIAN_POINT('',(-20.45,-10.5,15.8));
#4883=CARTESIAN_POINT('Origin',(12.5,1.53080849893419E-15,-17.));
#4884=CARTESIAN_POINT('',(7.2,-9.64498093142382,-15.9));
#4885=CARTESIAN_POINT('',(7.2,-9.18371665591253,-14.4));
#4886=CARTESIAN_POINT('Ctrl Pts',(7.2,-9.64498093142381,-15.9));
#4887=CARTESIAN_POINT('Ctrl Pts',(7.2,-9.41005899265729,-15.1316265461251));
#4888=CARTESIAN_POINT('Ctrl Pts',(7.2,-9.18371665591252,-14.4));
#4889=CARTESIAN_POINT('',(3.61936617309727,-6.5,-15.9));
#4890=CARTESIAN_POINT('Origin',(12.5,1.53080849893419E-15,-15.9));
#4891=CARTESIAN_POINT('',(4.12261069210192,-6.5,-14.4));
#4892=CARTESIAN_POINT('Ctrl Pts',(3.61936617309727,-6.50000000000001,-15.9));
#4893=CARTESIAN_POINT('Ctrl Pts',(3.78558541873883,-6.50000000000001,-15.3994209464806));
#4894=CARTESIAN_POINT('Ctrl Pts',(3.95324560399264,-6.50000000000001,-14.8993876227163));
#4895=CARTESIAN_POINT('Ctrl Pts',(4.12261069210187,-6.50000000000001,-14.4));
#4896=CARTESIAN_POINT('Origin',(12.5,1.53080849893419E-15,-14.4));
#4897=CARTESIAN_POINT('Origin',(-22.7,-12.4,17.));
#4898=CARTESIAN_POINT('',(-22.7,-8.4,14.4));
#4899=CARTESIAN_POINT('',(-22.7,8.4,14.4));
#4900=CARTESIAN_POINT('',(-22.7,-8.4,14.4));
#4901=CARTESIAN_POINT('',(-22.7,10.4,14.4));
#4902=CARTESIAN_POINT('',(-22.7,8.4,14.4));
#4903=CARTESIAN_POINT('',(-22.7,10.4,-14.4));
#4904=CARTESIAN_POINT('',(-22.7,10.4,14.4));
#4905=CARTESIAN_POINT('',(-22.7,-10.4,-14.4));
#4906=CARTESIAN_POINT('',(-22.7,10.4,-14.4));
#4907=CARTESIAN_POINT('',(-22.7,-10.4,14.4));
#4908=CARTESIAN_POINT('',(-22.7,-10.4,14.4));
#4909=CARTESIAN_POINT('',(-22.7,-8.4,14.4));
#4910=CARTESIAN_POINT('Origin',(-22.7,-12.4,17.));
#4911=CARTESIAN_POINT('',(-20.7,-12.4,14.4));
#4912=CARTESIAN_POINT('',(-20.7,-12.4,-14.4));
#4913=CARTESIAN_POINT('',(-20.7,-12.4,14.4));
#4914=CARTESIAN_POINT('',(7.2,-12.4,-14.4));
#4915=CARTESIAN_POINT('',(-20.7,-12.4,-14.4));
#4916=CARTESIAN_POINT('',(19.7,-12.4,-14.4));
#4917=CARTESIAN_POINT('',(7.2,-12.4,-14.4));
#4918=CARTESIAN_POINT('',(19.7,-12.4,14.4));
#4919=CARTESIAN_POINT('',(19.7,-12.4,-14.4));
#4920=CARTESIAN_POINT('',(7.2,-12.4,14.4));
#4921=CARTESIAN_POINT('',(7.2,-12.4,14.4));
#4922=CARTESIAN_POINT('',(-18.7,-12.4,14.4));
#4923=CARTESIAN_POINT('',(7.2,-12.4,14.4));
#4924=CARTESIAN_POINT('',(-20.7,-12.4,14.4));
#4925=CARTESIAN_POINT('Origin',(-20.7,-10.4,17.));
#4926=CARTESIAN_POINT('Origin',(-20.7,-10.4,-14.4));
#4927=CARTESIAN_POINT('Origin',(-20.7,-10.4,14.4));
#4928=CARTESIAN_POINT('Origin',(7.2,-9.97997995989972,-14.4));
#4929=CARTESIAN_POINT('',(7.2,-9.18371665591253,-14.4));
#4930=CARTESIAN_POINT('',(7.2,-11.9980762113533,-15.9));
#4931=CARTESIAN_POINT('',(7.2,-12.4,-14.4));
#4932=CARTESIAN_POINT('',(7.2,-9.64498093142382,-15.9));
#4933=CARTESIAN_POINT('Origin',(0.949999999999999,-10.1,-43.8643415208103));
#4934=CARTESIAN_POINT('',(0.949999999999999,-10.1,-15.9));
#4935=CARTESIAN_POINT('',(0.949999999999999,-10.1,-14.4));
#4936=CARTESIAN_POINT('',(0.949999999999999,-10.1,-15.9));
#4937=CARTESIAN_POINT('',(-4.05,-10.1,-15.9));
#4938=CARTESIAN_POINT('',(0.949999999999999,-10.1,-15.9));
#4939=CARTESIAN_POINT('',(-4.05,-10.1,-14.4));
#4940=CARTESIAN_POINT('',(-4.05,-10.1,-15.9));
#4941=CARTESIAN_POINT('',(0.949999999999999,-10.1,-14.4));
#4942=CARTESIAN_POINT('Origin',(0.95,-6.5,-43.8643415208103));
#4943=CARTESIAN_POINT('',(0.95,-6.5,-15.9));
#4944=CARTESIAN_POINT('',(0.95,-6.5,-14.4));
#4945=CARTESIAN_POINT('',(0.95,-6.5,-15.9));
#4946=CARTESIAN_POINT('',(0.949999999999999,-6.5,-15.9));
#4947=CARTESIAN_POINT('',(0.95,-6.5,-14.4));
#4948=CARTESIAN_POINT('Origin',(20.8434297626248,-6.5,-43.8643415208103));
#4949=CARTESIAN_POINT('',(3.61936617309727,-6.5,-15.9));
#4950=CARTESIAN_POINT('',(4.12261069210192,-6.5,-14.4));
#4951=CARTESIAN_POINT('Origin',(12.5,1.53080849893419E-15,17.));
#4952=CARTESIAN_POINT('',(4.00790619649493,-7.00000000000001,15.9));
#4953=CARTESIAN_POINT('',(3.62926158654197,-7.00000000000001,17.));
#4954=CARTESIAN_POINT('Ctrl Pts',(4.00790619649495,-7.00000000000001,15.9));
#4955=CARTESIAN_POINT('Ctrl Pts',(3.82108561733949,-7.00000000000001,16.4380057278172));
#4956=CARTESIAN_POINT('Ctrl Pts',(3.62926158654198,-7.00000000000001,17.));
#4957=CARTESIAN_POINT('',(6.79807621135331,-9.41295502358288,15.9));
#4958=CARTESIAN_POINT('Origin',(12.5,1.53080849893419E-15,15.9));
#4959=CARTESIAN_POINT('',(7.2,-9.18371665591253,14.4));
#4960=CARTESIAN_POINT('Ctrl Pts',(6.79807621135332,-9.41295502358287,15.9));
#4961=CARTESIAN_POINT('Ctrl Pts',(7.00151533264629,-9.29833583974736,15.1407548630875));
#4962=CARTESIAN_POINT('Ctrl Pts',(7.20000000000121,-9.18371665591182,14.3999999999955));
#4963=CARTESIAN_POINT('',(7.2,9.18371665591253,14.4));
#4964=CARTESIAN_POINT('Origin',(12.5,1.53080849893419E-15,14.4));
#4965=CARTESIAN_POINT('',(6.79807621135331,9.41295502358288,15.9));
#4966=CARTESIAN_POINT('Ctrl Pts',(6.79807621135332,9.41295502358287,15.9));
#4967=CARTESIAN_POINT('Ctrl Pts',(7.00151533264629,9.29833583974736,15.1407548630875));
#4968=CARTESIAN_POINT('Ctrl Pts',(7.20000000000121,9.18371665591182,14.3999999999955));
#4969=CARTESIAN_POINT('',(4.00790619649492,7.00000000000001,15.9));
#4970=CARTESIAN_POINT('Origin',(12.5,1.53080849893419E-15,15.9));
#4971=CARTESIAN_POINT('',(3.62926158654197,7.00000000000001,17.));
#4972=CARTESIAN_POINT('Ctrl Pts',(4.00790619649495,7.00000000000001,15.9));
#4973=CARTESIAN_POINT('Ctrl Pts',(3.82108561733947,7.00000000000001,16.4380057278173));
#4974=CARTESIAN_POINT('Ctrl Pts',(3.62926158654198,7.00000000000001,17.));
#4975=CARTESIAN_POINT('Origin',(12.5,-3.21508079986924E-16,17.));
#4976=CARTESIAN_POINT('Origin',(22.7,-12.4,17.));
#4977=CARTESIAN_POINT('',(22.7,-9.4,14.4));
#4978=CARTESIAN_POINT('',(22.7,9.4,14.4));
#4979=CARTESIAN_POINT('',(22.7,-9.4,14.4));
#4980=CARTESIAN_POINT('',(22.7,-9.4,-14.4));
#4981=CARTESIAN_POINT('',(22.7,-9.4,14.4));
#4982=CARTESIAN_POINT('',(22.7,9.4,-14.4));
#4983=CARTESIAN_POINT('',(22.7,-9.4,-14.4));
#4984=CARTESIAN_POINT('',(22.7,9.4,14.4));
#4985=CARTESIAN_POINT('Origin',(22.7,-9.4,17.));
#4986=CARTESIAN_POINT('',(19.7,-12.4,14.4));
#4987=CARTESIAN_POINT('',(19.7,-12.4,-14.4));
#4988=CARTESIAN_POINT('Origin',(0.,0.,17.));
#4989=CARTESIAN_POINT('',(-22.0033320996791,7.,17.));
#4990=CARTESIAN_POINT('',(-22.0033320996791,-7.00000000000001,17.));
#4991=CARTESIAN_POINT('',(-22.0033320996791,7.,17.));
#4992=CARTESIAN_POINT('',(-22.0033320996791,-7.00000000000001,17.));
#4993=CARTESIAN_POINT('',(-22.0033320996791,7.,17.));
#4994=CARTESIAN_POINT('Origin',(-18.7,-10.4,14.4));
#4995=CARTESIAN_POINT('',(-18.7,-11.9980762113533,15.9));
#4996=CARTESIAN_POINT('',(-18.7,-11.9980762113533,15.9));
#4997=CARTESIAN_POINT('',(-18.7,-10.4,15.9));
#4998=CARTESIAN_POINT('',(-18.7,-11.9980762113533,15.9));
#4999=CARTESIAN_POINT('',(-18.7,-10.4,14.4));
#5000=CARTESIAN_POINT('',(-18.7,-10.4,14.4));
#5001=CARTESIAN_POINT('',(-18.7,-12.4,14.4));
#5002=CARTESIAN_POINT('Origin',(-22.7,-8.4,14.4));
#5003=CARTESIAN_POINT('',(-20.7,-8.4,14.4));
#5004=CARTESIAN_POINT('',(-20.7,-8.4,15.9));
#5005=CARTESIAN_POINT('',(-20.7,-8.4,14.4));
#5006=CARTESIAN_POINT('',(-22.2980762113533,-8.4,15.9));
#5007=CARTESIAN_POINT('',(-20.7,-8.4,15.9));
#5008=CARTESIAN_POINT('',(-22.7,-8.4,14.4));
#5009=CARTESIAN_POINT('',(-20.7,-8.4,14.4));
#5010=CARTESIAN_POINT('Origin',(-20.7,-10.4,14.4));
#5011=CARTESIAN_POINT('Origin',(-20.7,-10.4,15.9));
#5012=CARTESIAN_POINT('Origin',(-20.7,-10.4,14.4));
#5013=CARTESIAN_POINT('Origin',(-20.7,-10.4,14.4));
#5014=CARTESIAN_POINT('',(-18.95,-10.25,14.4));
#5015=CARTESIAN_POINT('Origin',(-20.7,-10.25,14.4));
#5016=CARTESIAN_POINT('Origin',(12.5,-3.21508079986924E-16,-14.4));
#5017=CARTESIAN_POINT('',(-4.05,10.1,-14.4));
#5018=CARTESIAN_POINT('',(-4.05,-10.1,-14.4));
#5019=CARTESIAN_POINT('',(0.949999999999997,10.1,-14.4));
#5020=CARTESIAN_POINT('',(0.949999999999997,10.1,-14.4));
#5021=CARTESIAN_POINT('',(0.949999999999998,6.5,-14.4));
#5022=CARTESIAN_POINT('',(0.949999999999998,6.5,-14.4));
#5023=CARTESIAN_POINT('',(4.12261069210191,6.50000000000001,-14.4));
#5024=CARTESIAN_POINT('',(4.12261069210192,6.50000000000001,-14.4));
#5025=CARTESIAN_POINT('',(7.2,9.18371665591253,-14.4));
#5026=CARTESIAN_POINT('Origin',(12.5,1.53080849893419E-15,-14.4));
#5027=CARTESIAN_POINT('',(7.2,12.4,-14.4));
#5028=CARTESIAN_POINT('',(7.2,9.18371665591253,-14.4));
#5029=CARTESIAN_POINT('',(19.7,12.4,-14.4));
#5030=CARTESIAN_POINT('',(7.19999999999999,12.4,-14.4));
#5031=CARTESIAN_POINT('',(19.7,12.4,-14.4));
#5032=CARTESIAN_POINT('',(-2.55,2.8,-14.4));
#5033=CARTESIAN_POINT('Origin',(-1.55,2.8,-14.4));
#5034=CARTESIAN_POINT('',(-2.55,5.2,-14.4));
#5035=CARTESIAN_POINT('Origin',(-1.55,5.2,-14.4));
#5036=CARTESIAN_POINT('',(-2.55,7.6,-14.4));
#5037=CARTESIAN_POINT('Origin',(-1.55,7.6,-14.4));
#5038=CARTESIAN_POINT('',(9.5,-3.21508079986924E-16,-14.4));
#5039=CARTESIAN_POINT('Origin',(12.5,-3.21508079986924E-16,-14.4));
#5040=CARTESIAN_POINT('',(-2.55,-2.80000000000001,-14.4));
#5041=CARTESIAN_POINT('Origin',(-1.55,-2.80000000000001,-14.4));
#5042=CARTESIAN_POINT('',(-2.55,-5.2,-14.4));
#5043=CARTESIAN_POINT('Origin',(-1.55,-5.2,-14.4));
#5044=CARTESIAN_POINT('',(-2.55,-7.6,-14.4));
#5045=CARTESIAN_POINT('Origin',(-1.55,-7.6,-14.4));
#5046=CARTESIAN_POINT('Origin',(-22.0033320996791,0.,17.));
#5047=CARTESIAN_POINT('',(-22.2980762113533,-7.00000000000001,15.9));
#5048=CARTESIAN_POINT('',(-22.2980762113533,-7.00000000000001,15.9));
#5049=CARTESIAN_POINT('',(-22.2980762113533,7.,15.9));
#5050=CARTESIAN_POINT('',(-22.2980762113533,7.,15.9));
#5051=CARTESIAN_POINT('',(-22.2980762113533,8.4,15.9));
#5052=CARTESIAN_POINT('',(-22.2980762113533,8.39999999999999,15.9));
#5053=CARTESIAN_POINT('',(-22.7,8.4,14.4));
#5054=CARTESIAN_POINT('',(-22.2980762113533,-8.4,15.9));
#5055=CARTESIAN_POINT('Origin',(1.3415448198546E-15,-11.7033320996791,17.));
#5056=CARTESIAN_POINT('',(-17.6637136930107,-11.9980762113533,15.9));
#5057=CARTESIAN_POINT('',(-17.6637136930107,-11.9980762113533,15.9));
#5058=CARTESIAN_POINT('',(6.79807621135331,-11.9980762113533,15.9));
#5059=CARTESIAN_POINT('',(7.19999999999999,-12.4,14.4));
#5060=CARTESIAN_POINT('',(5.36371369301074,-11.9980762113533,15.9));
#5061=CARTESIAN_POINT('',(6.79807621135331,-11.9980762113533,15.9));
#5062=CARTESIAN_POINT('',(3.03628630698926,-11.9980762113533,15.9));
#5063=CARTESIAN_POINT('Origin',(4.2,-10.25,22.4239092362731));
#5064=CARTESIAN_POINT('',(-15.3362863069893,-11.9980762113533,15.9));
#5065=CARTESIAN_POINT('',(3.03628630698926,-11.9980762113533,15.9));
#5066=CARTESIAN_POINT('Origin',(-16.5,-10.25,22.4239092362731));
#5067=CARTESIAN_POINT('Origin',(7.2,-9.97997995989972,14.4));
#5068=CARTESIAN_POINT('',(6.79807621135331,-9.41295502358288,15.9));
#5069=CARTESIAN_POINT('',(7.2,-9.18371665591253,14.4));
#5070=CARTESIAN_POINT('Origin',(-16.5,-10.25,-17.002));
#5071=CARTESIAN_POINT('Origin',(-16.5,-10.25,15.9));
#5072=CARTESIAN_POINT('Origin',(4.2,-10.25,-17.002));
#5073=CARTESIAN_POINT('Origin',(4.2,-10.25,15.9));
#5074=CARTESIAN_POINT('Origin',(-22.7,-17.,15.9));
#5075=CARTESIAN_POINT('',(-22.2980762113533,-7.00000000000001,15.9));
#5076=CARTESIAN_POINT('',(-17.25,-10.25,15.9));
#5077=CARTESIAN_POINT('Origin',(-16.5,-10.25,15.9));
#5078=CARTESIAN_POINT('',(3.45,-10.25,15.9));
#5079=CARTESIAN_POINT('Origin',(4.2,-10.25,15.9));
#5080=CARTESIAN_POINT('Origin',(-22.7,-7.00000000000001,25.9));
#5081=CARTESIAN_POINT('Origin',(4.2,-10.25,14.4));
#5082=CARTESIAN_POINT('',(3.45,-10.25,14.4));
#5083=CARTESIAN_POINT('Origin',(4.2,-10.25,14.4));
#5084=CARTESIAN_POINT('Origin',(4.2,-10.25,14.4));
#5085=CARTESIAN_POINT('',(3.45,-10.25,14.4));
#5086=CARTESIAN_POINT('Origin',(-16.5,-10.25,14.4));
#5087=CARTESIAN_POINT('',(-17.25,-10.25,14.4));
#5088=CARTESIAN_POINT('Origin',(-16.5,-10.25,14.4));
#5089=CARTESIAN_POINT('Origin',(-16.5,-10.25,14.4));
#5090=CARTESIAN_POINT('',(-17.25,-10.25,14.4));
#5091=CARTESIAN_POINT('Origin',(-4.05,-10.1,-43.8643415208103));
#5092=CARTESIAN_POINT('',(-4.05,9.2,-15.9));
#5093=CARTESIAN_POINT('',(-4.05,-9.2,-15.9));
#5094=CARTESIAN_POINT('',(-4.05,9.2,-15.9));
#5095=CARTESIAN_POINT('',(-4.05,10.1,-15.9));
#5096=CARTESIAN_POINT('',(-4.05,10.1,-15.9));
#5097=CARTESIAN_POINT('',(-4.05,10.1,-15.9));
#5098=CARTESIAN_POINT('',(-4.05,-10.1,-15.9));
#5099=CARTESIAN_POINT('Origin',(12.5,-3.21508079986924E-16,-15.9));
#5100=CARTESIAN_POINT('',(5.36371369301073,-11.9980762113533,-15.9));
#5101=CARTESIAN_POINT('',(7.2,-11.9980762113533,-15.9));
#5102=CARTESIAN_POINT('',(3.03628630698927,-11.9980762113533,-15.9));
#5103=CARTESIAN_POINT('Origin',(4.2,-10.25,-15.9));
#5104=CARTESIAN_POINT('',(-19.1362863069893,-11.9980762113533,-15.9));
#5105=CARTESIAN_POINT('',(3.03628630698927,-11.9980762113533,-15.9));
#5106=CARTESIAN_POINT('',(-22.2980762113533,-9.6037094665524,-15.9));
#5107=CARTESIAN_POINT('Origin',(-20.3,-10.25,-15.9));
#5108=CARTESIAN_POINT('',(-22.2980762113533,9.6037094665524,-15.9));
#5109=CARTESIAN_POINT('',(-22.2980762113533,-9.6037094665524,-15.9));
#5110=CARTESIAN_POINT('',(-19.1362863069893,11.9980762113533,-15.9));
#5111=CARTESIAN_POINT('Origin',(-20.3,10.25,-15.9));
#5112=CARTESIAN_POINT('',(3.03628630698926,11.9980762113533,-15.9));
#5113=CARTESIAN_POINT('',(3.03628630698926,11.9980762113533,-15.9));
#5114=CARTESIAN_POINT('',(5.36371369301073,11.9980762113533,-15.9));
#5115=CARTESIAN_POINT('Origin',(4.2,10.25,-15.9));
#5116=CARTESIAN_POINT('',(7.2,11.9980762113533,-15.9));
#5117=CARTESIAN_POINT('',(7.2,11.9980762113533,-15.9));
#5118=CARTESIAN_POINT('',(7.2,9.64498093142383,-15.9));
#5119=CARTESIAN_POINT('',(7.2,9.64498093142383,-15.9));
#5120=CARTESIAN_POINT('',(3.61936617309727,6.50000000000001,-15.9));
#5121=CARTESIAN_POINT('Origin',(12.5,1.53080849893419E-15,-15.9));
#5122=CARTESIAN_POINT('',(0.949999999999998,6.5,-15.9));
#5123=CARTESIAN_POINT('',(3.61936617309726,6.50000000000001,-15.9));
#5124=CARTESIAN_POINT('',(0.949999999999997,10.1,-15.9));
#5125=CARTESIAN_POINT('',(0.949999999999998,6.5,-15.9));
#5126=CARTESIAN_POINT('',(0.949999999999997,10.1,-15.9));
#5127=CARTESIAN_POINT('',(-17.4,9.2,-15.9));
#5128=CARTESIAN_POINT('',(-4.05,9.2,-15.9));
#5129=CARTESIAN_POINT('',(-17.4,-9.20000000000001,-15.9));
#5130=CARTESIAN_POINT('',(-17.4,-9.20000000000001,-15.9));
#5131=CARTESIAN_POINT('',(-4.05,-9.2,-15.9));
#5132=CARTESIAN_POINT('',(-21.05,-10.25,-15.9));
#5133=CARTESIAN_POINT('Origin',(-20.3,-10.25,-15.9));
#5134=CARTESIAN_POINT('',(3.45,-10.25,-15.9));
#5135=CARTESIAN_POINT('Origin',(4.2,-10.25,-15.9));
#5136=CARTESIAN_POINT('',(-21.05,10.25,-15.9));
#5137=CARTESIAN_POINT('Origin',(-20.3,10.25,-15.9));
#5138=CARTESIAN_POINT('',(3.45,10.25,-15.9));
#5139=CARTESIAN_POINT('Origin',(4.2,10.25,-15.9));
#5140=CARTESIAN_POINT('Origin',(-17.4,-9.20000000000001,32.6629365849603));
#5141=CARTESIAN_POINT('',(-7.4,-9.2,-17.7));
#5142=CARTESIAN_POINT('',(-17.4,-9.20000000000001,-17.7));
#5143=CARTESIAN_POINT('',(-7.4,-9.2,-17.7));
#5144=CARTESIAN_POINT('',(-4.05,-9.2,-15.9));
#5145=CARTESIAN_POINT('',(-17.4,-9.20000000000001,-15.9));
#5146=CARTESIAN_POINT('Origin',(-17.4,-5.20417042793042E-15,32.6629365849603));
#5147=CARTESIAN_POINT('',(-17.4,9.2,-17.7));
#5148=CARTESIAN_POINT('',(-17.4,9.2,-15.9));
#5149=CARTESIAN_POINT('',(-17.4,-9.20000000000001,-17.7));
#5150=CARTESIAN_POINT('Origin',(4.2,-10.25,-14.4));
#5151=CARTESIAN_POINT('',(3.45,-10.25,-14.4));
#5152=CARTESIAN_POINT('Origin',(4.2,-10.25,-14.4));
#5153=CARTESIAN_POINT('Origin',(4.2,-10.25,-14.4));
#5154=CARTESIAN_POINT('',(3.45,-10.25,-14.4));
#5155=CARTESIAN_POINT('Origin',(-20.3,-10.25,-14.4));
#5156=CARTESIAN_POINT('',(-21.05,-10.25,-14.4));
#5157=CARTESIAN_POINT('Origin',(-20.3,-10.25,-14.4));
#5158=CARTESIAN_POINT('Origin',(-20.3,-10.25,-43.8643415208103));
#5159=CARTESIAN_POINT('',(-21.05,-10.25,-43.8643415208103));
#5160=CARTESIAN_POINT('Origin',(-22.7,-12.4,-14.4));
#5161=CARTESIAN_POINT('Origin',(4.2,-10.25,-22.4239092362731));
#5162=CARTESIAN_POINT('',(-20.7,-12.3115528128088,-14.730089396384));
#5163=CARTESIAN_POINT('',(-20.7,-12.3115528128088,-14.730089396384));
#5164=CARTESIAN_POINT('Origin',(-20.3,-10.25,-22.4239092362731));
#5165=CARTESIAN_POINT('Origin',(-20.7,-10.4,-14.4));
#5166=CARTESIAN_POINT('',(-22.3946360065653,-10.4,-15.5396339383003));
#5167=CARTESIAN_POINT('Ctrl Pts',(-20.7,-12.3115528128088,-14.730089396384));
#5168=CARTESIAN_POINT('Ctrl Pts',(-20.9173623868506,-12.2693783149255,-14.8874867652684));
#5169=CARTESIAN_POINT('Ctrl Pts',(-21.1508902645834,-12.1864778255848,-15.0514145907655));
#5170=CARTESIAN_POINT('Ctrl Pts',(-21.5863150758187,-11.9290931297357,-15.3344439961152));
#5171=CARTESIAN_POINT('Ctrl Pts',(-21.7883487747482,-11.7543532199449,-15.4531023877493));
#5172=CARTESIAN_POINT('Ctrl Pts',(-22.0704131957032,-11.396099897175,-15.5829810562697));
#5173=CARTESIAN_POINT('Ctrl Pts',(-22.1806406114996,-11.2088042212491,-15.6187996611025));
#5174=CARTESIAN_POINT('Ctrl Pts',(-22.3357793400646,-10.8083163286711,-15.6232221472608));
#5175=CARTESIAN_POINT('Ctrl Pts',(-22.38066366407,-10.5951131445782,-15.5917794303935));
#5176=CARTESIAN_POINT('Ctrl Pts',(-22.3946360065653,-10.4,-15.5396339383003));
#5177=CARTESIAN_POINT('',(-22.3946360065653,-10.4,-15.5396339383003));
#5178=CARTESIAN_POINT('Origin',(-22.7,-12.4,-14.4));
#5179=CARTESIAN_POINT('Origin',(-20.3,-10.25,-23.3569219381653));
#5180=CARTESIAN_POINT('',(-22.3946360065653,10.4,-15.5396339383003));
#5181=CARTESIAN_POINT('',(-22.3946360065653,10.4,-15.5396339383003));
#5182=CARTESIAN_POINT('Origin',(-20.3,10.25,-23.3569219381653));
#5183=CARTESIAN_POINT('Origin',(12.5,-3.21508079986924E-16,-17.7));
#5184=CARTESIAN_POINT('',(-7.4,9.2,-17.7));
#5185=CARTESIAN_POINT('',(-7.4,9.2,-17.7));
#5186=CARTESIAN_POINT('',(-7.4,9.2,-17.7));
#5187=CARTESIAN_POINT('Origin',(-7.4,3.80295937396127,-17.7));
#5188=CARTESIAN_POINT('',(-4.05,9.2,-15.9));
#5189=CARTESIAN_POINT('Origin',(-1.55,-7.6,-19.4));
#5190=CARTESIAN_POINT('',(-2.55,-7.6,-19.4));
#5191=CARTESIAN_POINT('',(-2.55,-7.6,-19.4));
#5192=CARTESIAN_POINT('Origin',(-1.55,-7.6,-19.4));
#5193=CARTESIAN_POINT('Origin',(-1.55,-7.6,-19.4));
#5194=CARTESIAN_POINT('Origin',(-1.55,-5.2,-19.4));
#5195=CARTESIAN_POINT('',(-2.55,-5.2,-19.4));
#5196=CARTESIAN_POINT('',(-2.55,-5.2,-19.4));
#5197=CARTESIAN_POINT('Origin',(-1.55,-5.2,-19.4));
#5198=CARTESIAN_POINT('Origin',(-1.55,-5.2,-19.4));
#5199=CARTESIAN_POINT('Origin',(-1.55,-2.80000000000001,-19.4));
#5200=CARTESIAN_POINT('',(-2.55,-2.80000000000001,-19.4));
#5201=CARTESIAN_POINT('',(-2.55,-2.80000000000001,-19.4));
#5202=CARTESIAN_POINT('Origin',(-1.55,-2.80000000000001,-19.4));
#5203=CARTESIAN_POINT('Origin',(-1.55,-2.80000000000001,-19.4));
#5204=CARTESIAN_POINT('Origin',(-20.7,-10.25,14.4));
#5205=CARTESIAN_POINT('',(-18.95,-10.25,15.2));
#5206=CARTESIAN_POINT('',(-18.95,-10.25,14.4));
#5207=CARTESIAN_POINT('Origin',(-20.7,-10.25,15.2));
#5208=CARTESIAN_POINT('Origin',(-20.7,-10.25,15.2));
#5209=CARTESIAN_POINT('',(-19.5,-10.25,15.7979130371551));
#5210=CARTESIAN_POINT('Origin',(-19.55,-10.25,15.2));
#5211=CARTESIAN_POINT('',(-19.5,-10.5,15.795197156067));
#5212=CARTESIAN_POINT('Ctrl Pts',(-19.5,-10.5000000000002,15.7951971560669));
#5213=CARTESIAN_POINT('Ctrl Pts',(-19.5,-10.4141846752498,15.7974251078315));
#5214=CARTESIAN_POINT('Ctrl Pts',(-19.5,-10.3298654676801,15.7979130371551));
#5215=CARTESIAN_POINT('Ctrl Pts',(-19.5,-10.25,15.7979130371551));
#5216=CARTESIAN_POINT('Origin',(-19.5945542484108,-10.5001923771869,15.1627536419979));
#5217=CARTESIAN_POINT('',(-20.45,-11.45,15.7951971560684));
#5218=CARTESIAN_POINT('Origin',(-20.450162181383,-11.3559469116969,15.1678197098034));
#5219=CARTESIAN_POINT('',(-20.95,-11.45,15.7951971560684));
#5220=CARTESIAN_POINT('Ctrl Pts',(-20.45,-11.45,15.795197156067));
#5221=CARTESIAN_POINT('Ctrl Pts',(-20.5358153247504,-11.45,15.7974251078315));
#5222=CARTESIAN_POINT('Ctrl Pts',(-20.62013453232,-11.45,15.7979130371551));
#5223=CARTESIAN_POINT('Ctrl Pts',(-20.7,-11.45,15.7979130371551));
#5224=CARTESIAN_POINT('Ctrl Pts',(-20.77986546768,-11.45,15.7979130371551));
#5225=CARTESIAN_POINT('Ctrl Pts',(-20.8641846752496,-11.45,15.7974251078315));
#5226=CARTESIAN_POINT('Ctrl Pts',(-20.95,-11.45,15.795197156067));
#5227=CARTESIAN_POINT('',(-20.95,-11.3724972160322,15.8));
#5228=CARTESIAN_POINT('Origin',(-20.9498378186168,-11.3559469116205,15.1678197090868));
#5229=CARTESIAN_POINT('',(-21.8224972160322,-10.5,15.8));
#5230=CARTESIAN_POINT('Origin',(-20.7,-10.25,15.8));
#5231=CARTESIAN_POINT('',(-21.9,-10.5,15.7951971560684));
#5232=CARTESIAN_POINT('Origin',(-21.8059469118389,-10.4998378186186,15.1678197115254));
#5233=CARTESIAN_POINT('',(-21.9,-10.,15.795197156067));
#5234=CARTESIAN_POINT('Ctrl Pts',(-21.9,-10.5,15.795197156067));
#5235=CARTESIAN_POINT('Ctrl Pts',(-21.9,-10.4141846752496,15.7974251078315));
#5236=CARTESIAN_POINT('Ctrl Pts',(-21.9,-10.32986546768,15.7979130371551));
#5237=CARTESIAN_POINT('Ctrl Pts',(-21.9,-10.25,15.7979130371551));
#5238=CARTESIAN_POINT('Ctrl Pts',(-21.9,-10.1701345323199,15.7979130371551));
#5239=CARTESIAN_POINT('Ctrl Pts',(-21.9,-10.0858153247504,15.7974251078315));
#5240=CARTESIAN_POINT('Ctrl Pts',(-21.9,-10.,15.795197156067));
#5241=CARTESIAN_POINT('Origin',(-21.8059469117062,-10.0001621813818,15.1678197100951));
#5242=CARTESIAN_POINT('',(-20.95,-9.05,15.795197156067));
#5243=CARTESIAN_POINT('Origin',(-20.9501923771854,-9.14455424835771,15.1627536430834));
#5244=CARTESIAN_POINT('',(-20.45,-9.05,15.795197156067));
#5245=CARTESIAN_POINT('Ctrl Pts',(-20.45,-9.05,15.795197156067));
#5246=CARTESIAN_POINT('Ctrl Pts',(-20.5358153247504,-9.05,15.7974251078315));
#5247=CARTESIAN_POINT('Ctrl Pts',(-20.6201345323199,-9.05,15.7979130371551));
#5248=CARTESIAN_POINT('Ctrl Pts',(-20.7,-9.05,15.7979130371551));
#5249=CARTESIAN_POINT('Ctrl Pts',(-20.7798654676801,-9.05,15.7979130371551));
#5250=CARTESIAN_POINT('Ctrl Pts',(-20.8641846752496,-9.05,15.7974251078315));
#5251=CARTESIAN_POINT('Ctrl Pts',(-20.95,-9.05,15.795197156067));
#5252=CARTESIAN_POINT('Origin',(-20.4498076228136,-9.14455424862445,15.1627536397614));
#5253=CARTESIAN_POINT('',(-19.5,-10.,15.795197156067));
#5254=CARTESIAN_POINT('Origin',(-19.5945542483884,-9.99980762281405,15.1627536423068));
#5255=CARTESIAN_POINT('Ctrl Pts',(-19.5,-10.25,15.7979130371551));
#5256=CARTESIAN_POINT('Ctrl Pts',(-19.5,-10.1701345323199,15.7979130371551));
#5257=CARTESIAN_POINT('Ctrl Pts',(-19.5,-10.0858153247502,15.7974251078315));
#5258=CARTESIAN_POINT('Ctrl Pts',(-19.5,-9.99999999999977,15.7951971560669));
#5259=CARTESIAN_POINT('Origin',(-20.7,-11.4,15.8));
#5260=CARTESIAN_POINT('',(-20.95,-10.5,15.8));
#5261=CARTESIAN_POINT('',(-20.95,-10.5,15.8));
#5262=CARTESIAN_POINT('',(-20.95,-10.5,15.8));
#5263=CARTESIAN_POINT('Origin',(0.,-11.45,14.3));
#5264=CARTESIAN_POINT('',(-20.45,-11.45,15.2));
#5265=CARTESIAN_POINT('',(-20.45,-11.45,15.2));
#5266=CARTESIAN_POINT('',(-20.95,-11.45,15.2));
#5267=CARTESIAN_POINT('',(-20.45,-11.45,15.2));
#5268=CARTESIAN_POINT('',(-20.95,-11.45,15.2));
#5269=CARTESIAN_POINT('Origin',(0.,-9.05,14.3));
#5270=CARTESIAN_POINT('',(-20.95,-9.05,15.2));
#5271=CARTESIAN_POINT('',(-20.95,-9.05,15.2));
#5272=CARTESIAN_POINT('',(-20.45,-9.05,15.2));
#5273=CARTESIAN_POINT('',(-20.95,-9.05,15.2));
#5274=CARTESIAN_POINT('',(-20.45,-9.05,15.2));
#5275=CARTESIAN_POINT('Origin',(-19.5,0.,14.3));
#5276=CARTESIAN_POINT('',(-19.5,-10.,15.2));
#5277=CARTESIAN_POINT('',(-19.5,-10.,15.2));
#5278=CARTESIAN_POINT('',(-19.5,-10.5,15.2));
#5279=CARTESIAN_POINT('',(-19.5,-10.,15.2));
#5280=CARTESIAN_POINT('',(-19.5,-10.5,15.2));
#5281=CARTESIAN_POINT('Origin',(-21.9,0.,14.3));
#5282=CARTESIAN_POINT('',(-21.9,-10.5,15.2));
#5283=CARTESIAN_POINT('',(-21.9,-10.5,15.2));
#5284=CARTESIAN_POINT('',(-21.9,-10.,15.2));
#5285=CARTESIAN_POINT('',(-21.9,-10.5,15.2));
#5286=CARTESIAN_POINT('',(-21.9,-10.,15.2));
#5287=CARTESIAN_POINT('Origin',(-20.95,0.,14.3));
#5288=CARTESIAN_POINT('',(-20.95,-10.55,14.3));
#5289=CARTESIAN_POINT('',(-20.95,-11.45,15.2));
#5290=CARTESIAN_POINT('',(-20.95,-10.5,14.3));
#5291=CARTESIAN_POINT('',(-20.95,-10.5,14.3));
#5292=CARTESIAN_POINT('',(-20.95,-10.5,14.3));
#5293=CARTESIAN_POINT('Origin',(-20.45,0.,14.3));
#5294=CARTESIAN_POINT('',(-20.45,-10.5,14.3));
#5295=CARTESIAN_POINT('',(-20.45,-10.55,14.3));
#5296=CARTESIAN_POINT('',(-20.45,-10.5,14.3));
#5297=CARTESIAN_POINT('',(-20.45,-10.55,14.3));
#5298=CARTESIAN_POINT('',(-20.45,-10.5,14.3));
#5299=CARTESIAN_POINT('Origin',(-20.95,0.,14.3));
#5300=CARTESIAN_POINT('',(-20.95,-9.95,14.3));
#5301=CARTESIAN_POINT('',(-20.95,-10.,14.3));
#5302=CARTESIAN_POINT('',(-20.95,-9.95,14.3));
#5303=CARTESIAN_POINT('',(-20.95,-9.05,15.2));
#5304=CARTESIAN_POINT('',(-20.95,-10.,14.3));
#5305=CARTESIAN_POINT('Origin',(-20.45,0.,14.3));
#5306=CARTESIAN_POINT('',(-20.45,-9.95,14.3));
#5307=CARTESIAN_POINT('',(-20.45,-9.95,14.3));
#5308=CARTESIAN_POINT('',(-20.45,-10.,14.3));
#5309=CARTESIAN_POINT('',(-20.45,-9.95,14.3));
#5310=CARTESIAN_POINT('',(-20.45,-10.,14.3));
#5311=CARTESIAN_POINT('Origin',(0.,-10.,14.3));
#5312=CARTESIAN_POINT('',(-20.4,-10.,14.3));
#5313=CARTESIAN_POINT('',(-20.4,-10.,14.3));
#5314=CARTESIAN_POINT('',(-19.5,-10.,15.2));
#5315=CARTESIAN_POINT('Origin',(0.,-10.,14.3));
#5316=CARTESIAN_POINT('',(-21.,-10.,14.3));
#5317=CARTESIAN_POINT('',(-21.9,-10.,15.2));
#5318=CARTESIAN_POINT('',(-20.95,-10.,14.3));
#5319=CARTESIAN_POINT('Origin',(0.,-10.5,14.3));
#5320=CARTESIAN_POINT('',(-21.,-10.5,14.3));
#5321=CARTESIAN_POINT('',(-20.95,-10.5,14.3));
#5322=CARTESIAN_POINT('',(-21.,-10.5,14.3));
#5323=CARTESIAN_POINT('Origin',(0.,-10.5,14.3));
#5324=CARTESIAN_POINT('',(-20.4,-10.5,14.3));
#5325=CARTESIAN_POINT('',(-20.4,-10.5,14.3));
#5326=CARTESIAN_POINT('',(-20.4,-10.5,14.3));
#5327=CARTESIAN_POINT('Origin',(0.,0.,14.3));
#5328=CARTESIAN_POINT('',(-21.,-10.,14.3));
#5329=CARTESIAN_POINT('',(-20.95,-10.55,14.3));
#5330=CARTESIAN_POINT('',(-20.4,-10.5,14.3));
#5331=CARTESIAN_POINT('',(-20.45,-9.95,14.3));
#5332=CARTESIAN_POINT('Origin',(-21.,0.,14.3));
#5333=CARTESIAN_POINT('Origin',(0.,-10.55,14.3));
#5334=CARTESIAN_POINT('Origin',(0.,-9.05,15.2));
#5335=CARTESIAN_POINT('Origin',(-19.5,0.,15.2));
#5336=CARTESIAN_POINT('Origin',(-20.3,-10.25,-5.9));
#5337=CARTESIAN_POINT('Origin',(4.2,-10.25,-5.9));
#5338=CARTESIAN_POINT('Origin',(-20.7,11.4,15.8));
#5339=CARTESIAN_POINT('',(-20.45,9.99999999999999,15.8));
#5340=CARTESIAN_POINT('',(-20.45,9.12750278396781,15.8));
#5341=CARTESIAN_POINT('',(-20.45,9.99999999999999,15.8));
#5342=CARTESIAN_POINT('',(-19.5775027839678,9.99999999999999,15.8));
#5343=CARTESIAN_POINT('Origin',(-20.7,10.25,15.8));
#5344=CARTESIAN_POINT('',(-20.45,9.99999999999999,15.8));
#5345=CARTESIAN_POINT('Origin',(-20.7,11.4,15.8));
#5346=CARTESIAN_POINT('',(-20.95,9.99999999999999,15.8));
#5347=CARTESIAN_POINT('',(-21.8224972160322,9.99999999999999,15.8));
#5348=CARTESIAN_POINT('',(-20.95,9.99999999999999,15.8));
#5349=CARTESIAN_POINT('',(-20.95,9.12750278396781,15.8));
#5350=CARTESIAN_POINT('Origin',(-20.7,10.25,15.8));
#5351=CARTESIAN_POINT('',(-20.95,9.99999999999999,15.8));
#5352=CARTESIAN_POINT('Origin',(-20.7,11.4,15.8));
#5353=CARTESIAN_POINT('',(-20.45,10.5,15.8));
#5354=CARTESIAN_POINT('',(-20.45,11.3724972160322,15.8));
#5355=CARTESIAN_POINT('',(-20.45,10.5,15.8));
#5356=CARTESIAN_POINT('',(-19.5775027839678,10.5,15.8));
#5357=CARTESIAN_POINT('',(-20.45,10.5,15.8));
#5358=CARTESIAN_POINT('Origin',(-20.7,10.25,15.8));
#5359=CARTESIAN_POINT('Origin',(12.5,1.53080849893419E-15,-17.));
#5360=CARTESIAN_POINT('Ctrl Pts',(7.2,9.64498093142381,-15.9));
#5361=CARTESIAN_POINT('Ctrl Pts',(7.2,9.41005899265734,-15.1316265461253));
#5362=CARTESIAN_POINT('Ctrl Pts',(7.2,9.18371665591252,-14.4));
#5363=CARTESIAN_POINT('Ctrl Pts',(3.61936617309727,6.50000000000001,-15.9));
#5364=CARTESIAN_POINT('Ctrl Pts',(3.78558541873883,6.50000000000001,-15.3994209464806));
#5365=CARTESIAN_POINT('Ctrl Pts',(3.95324560399263,6.50000000000001,-14.8993876227163));
#5366=CARTESIAN_POINT('Ctrl Pts',(4.12261069210187,6.50000000000001,-14.4));
#5367=CARTESIAN_POINT('Origin',(-22.7,12.4,17.));
#5368=CARTESIAN_POINT('',(-20.7,12.4,14.4));
#5369=CARTESIAN_POINT('',(-20.7,12.4,-14.4));
#5370=CARTESIAN_POINT('',(-20.7,12.4,14.4));
#5371=CARTESIAN_POINT('',(-18.7,12.4,14.4));
#5372=CARTESIAN_POINT('',(-20.7,12.4,14.4));
#5373=CARTESIAN_POINT('',(7.2,12.4,14.4));
#5374=CARTESIAN_POINT('',(7.19999999999999,12.4,14.4));
#5375=CARTESIAN_POINT('',(19.7,12.4,14.4));
#5376=CARTESIAN_POINT('',(7.19999999999999,12.4,14.4));
#5377=CARTESIAN_POINT('',(19.7,12.4,-14.4));
#5378=CARTESIAN_POINT('',(-20.7,12.4,-14.4));
#5379=CARTESIAN_POINT('Origin',(-20.7,10.4,17.));
#5380=CARTESIAN_POINT('Origin',(-20.7,10.4,14.4));
#5381=CARTESIAN_POINT('Origin',(-20.7,10.4,-14.4));
#5382=CARTESIAN_POINT('Origin',(7.2,9.97997995989972,-14.4));
#5383=CARTESIAN_POINT('',(7.19999999999999,12.4,-14.4));
#5384=CARTESIAN_POINT('Origin',(0.949999999999997,10.1,-43.8643415208103));
#5385=CARTESIAN_POINT('',(0.949999999999997,10.1,-15.9));
#5386=CARTESIAN_POINT('Origin',(0.949999999999998,6.5,-43.8643415208103));
#5387=CARTESIAN_POINT('',(0.949999999999998,6.5,-15.9));
#5388=CARTESIAN_POINT('Origin',(20.8434297626248,6.50000000000001,-43.8643415208103));
#5389=CARTESIAN_POINT('Origin',(22.7,9.4,17.));
#5390=CARTESIAN_POINT('',(19.7,12.4,14.4));
#5391=CARTESIAN_POINT('Origin',(-18.7,10.4,14.4));
#5392=CARTESIAN_POINT('',(-18.7,11.9980762113533,15.9));
#5393=CARTESIAN_POINT('',(-18.7,11.9980762113533,15.9));
#5394=CARTESIAN_POINT('',(-18.7,10.4,14.4));
#5395=CARTESIAN_POINT('',(-18.7,12.4,14.4));
#5396=CARTESIAN_POINT('',(-18.7,10.4,15.9));
#5397=CARTESIAN_POINT('',(-18.7,10.4,14.4));
#5398=CARTESIAN_POINT('',(-18.7,11.9980762113533,15.9));
#5399=CARTESIAN_POINT('Origin',(-22.7,8.4,14.4));
#5400=CARTESIAN_POINT('',(-20.7,8.4,14.4));
#5401=CARTESIAN_POINT('',(-20.7,8.4,15.9));
#5402=CARTESIAN_POINT('',(-20.7,8.4,14.4));
#5403=CARTESIAN_POINT('',(-20.7,8.4,14.4));
#5404=CARTESIAN_POINT('',(-20.7,8.4,15.9));
#5405=CARTESIAN_POINT('Origin',(-20.7,10.4,14.4));
#5406=CARTESIAN_POINT('Origin',(-20.7,10.4,14.4));
#5407=CARTESIAN_POINT('Origin',(-20.7,10.4,15.9));
#5408=CARTESIAN_POINT('Origin',(-20.7,10.4,14.4));
#5409=CARTESIAN_POINT('',(-18.95,10.25,14.4));
#5410=CARTESIAN_POINT('Origin',(-20.7,10.25,14.4));
#5411=CARTESIAN_POINT('Origin',(-1.5249448191915E-15,11.7033320996791,17.));
#5412=CARTESIAN_POINT('',(-17.6637136930107,11.9980762113533,15.9));
#5413=CARTESIAN_POINT('',(-17.6637136930107,11.9980762113533,15.9));
#5414=CARTESIAN_POINT('',(-15.3362863069893,11.9980762113533,15.9));
#5415=CARTESIAN_POINT('Origin',(-16.5,10.25,22.4239092362731));
#5416=CARTESIAN_POINT('',(3.03628630698925,11.9980762113533,15.9));
#5417=CARTESIAN_POINT('',(3.03628630698925,11.9980762113533,15.9));
#5418=CARTESIAN_POINT('',(5.36371369301074,11.9980762113533,15.9));
#5419=CARTESIAN_POINT('Origin',(4.2,10.25,22.4239092362731));
#5420=CARTESIAN_POINT('',(6.79807621135331,11.9980762113533,15.9));
#5421=CARTESIAN_POINT('',(6.79807621135331,11.9980762113533,15.9));
#5422=CARTESIAN_POINT('',(7.19999999999999,12.4,14.4));
#5423=CARTESIAN_POINT('Origin',(7.2,9.97997995989972,14.4));
#5424=CARTESIAN_POINT('',(6.79807621135331,9.41295502358288,15.9));
#5425=CARTESIAN_POINT('',(7.2,9.18371665591253,14.4));
#5426=CARTESIAN_POINT('Origin',(-16.5,10.25,-17.002));
#5427=CARTESIAN_POINT('Origin',(-16.5,10.25,15.9));
#5428=CARTESIAN_POINT('Origin',(4.2,10.25,-17.002));
#5429=CARTESIAN_POINT('Origin',(4.2,10.25,15.9));
#5430=CARTESIAN_POINT('Origin',(-22.7,17.,15.9));
#5431=CARTESIAN_POINT('',(-22.2980762113533,7.,15.9));
#5432=CARTESIAN_POINT('',(-17.25,10.25,15.9));
#5433=CARTESIAN_POINT('Origin',(-16.5,10.25,15.9));
#5434=CARTESIAN_POINT('',(3.45,10.25,15.9));
#5435=CARTESIAN_POINT('Origin',(4.2,10.25,15.9));
#5436=CARTESIAN_POINT('Origin',(-22.7,7.,25.9));
#5437=CARTESIAN_POINT('Origin',(4.2,10.25,14.4));
#5438=CARTESIAN_POINT('',(3.45,10.25,14.4));
#5439=CARTESIAN_POINT('Origin',(4.2,10.25,14.4));
#5440=CARTESIAN_POINT('Origin',(4.2,10.25,14.4));
#5441=CARTESIAN_POINT('',(3.45,10.25,14.4));
#5442=CARTESIAN_POINT('Origin',(-16.5,10.25,14.4));
#5443=CARTESIAN_POINT('',(-17.25,10.25,14.4));
#5444=CARTESIAN_POINT('Origin',(-16.5,10.25,14.4));
#5445=CARTESIAN_POINT('Origin',(-16.5,10.25,14.4));
#5446=CARTESIAN_POINT('',(-17.25,10.25,14.4));
#5447=CARTESIAN_POINT('Origin',(-17.4,9.2,32.6629365849603));
#5448=CARTESIAN_POINT('Origin',(4.2,10.25,-14.4));
#5449=CARTESIAN_POINT('',(3.45,10.25,-14.4));
#5450=CARTESIAN_POINT('Origin',(4.2,10.25,-14.4));
#5451=CARTESIAN_POINT('Origin',(4.2,10.25,-14.4));
#5452=CARTESIAN_POINT('',(3.45,10.25,-14.4));
#5453=CARTESIAN_POINT('Origin',(-20.3,10.25,-14.4));
#5454=CARTESIAN_POINT('',(-21.05,10.25,-14.4));
#5455=CARTESIAN_POINT('Origin',(-20.3,10.25,-14.4));
#5456=CARTESIAN_POINT('Origin',(-20.3,10.25,-43.8643415208103));
#5457=CARTESIAN_POINT('',(-21.05,10.25,-43.8643415208103));
#5458=CARTESIAN_POINT('Origin',(-22.7,12.4,-14.4));
#5459=CARTESIAN_POINT('Origin',(4.2,10.25,-22.4239092362731));
#5460=CARTESIAN_POINT('',(-20.7,12.3115528128088,-14.730089396384));
#5461=CARTESIAN_POINT('Origin',(-20.3,10.25,-22.4239092362731));
#5462=CARTESIAN_POINT('',(-20.7,12.3115528128088,-14.730089396384));
#5463=CARTESIAN_POINT('Origin',(-20.7,10.4,-14.4));
#5464=CARTESIAN_POINT('Ctrl Pts',(-20.7,12.3115528128088,-14.730089396384));
#5465=CARTESIAN_POINT('Ctrl Pts',(-20.9173623868506,12.2693783149255,-14.8874867652684));
#5466=CARTESIAN_POINT('Ctrl Pts',(-21.1508902645834,12.1864778255848,-15.0514145907655));
#5467=CARTESIAN_POINT('Ctrl Pts',(-21.5863150758187,11.9290931297357,-15.3344439961152));
#5468=CARTESIAN_POINT('Ctrl Pts',(-21.7883487747482,11.7543532199449,-15.4531023877493));
#5469=CARTESIAN_POINT('Ctrl Pts',(-22.0704131957032,11.396099897175,-15.5829810562697));
#5470=CARTESIAN_POINT('Ctrl Pts',(-22.1806406114996,11.2088042212491,-15.6187996611026));
#5471=CARTESIAN_POINT('Ctrl Pts',(-22.3357793400646,10.8083163286711,-15.6232221472608));
#5472=CARTESIAN_POINT('Ctrl Pts',(-22.38066366407,10.5951131445782,-15.5917794303935));
#5473=CARTESIAN_POINT('Ctrl Pts',(-22.3946360065653,10.4,-15.5396339383003));
#5474=CARTESIAN_POINT('Origin',(-1.55,7.6,-19.4));
#5475=CARTESIAN_POINT('',(-2.55,7.6,-19.4));
#5476=CARTESIAN_POINT('',(-2.55,7.6,-19.4));
#5477=CARTESIAN_POINT('Origin',(-1.55,7.6,-19.4));
#5478=CARTESIAN_POINT('Origin',(-1.55,7.6,-19.4));
#5479=CARTESIAN_POINT('Origin',(-1.55,5.2,-19.4));
#5480=CARTESIAN_POINT('',(-2.55,5.2,-19.4));
#5481=CARTESIAN_POINT('',(-2.55,5.2,-19.4));
#5482=CARTESIAN_POINT('Origin',(-1.55,5.2,-19.4));
#5483=CARTESIAN_POINT('Origin',(-1.55,5.2,-19.4));
#5484=CARTESIAN_POINT('Origin',(-1.55,2.8,-19.4));
#5485=CARTESIAN_POINT('',(-2.55,2.8,-19.4));
#5486=CARTESIAN_POINT('',(-2.55,2.8,-19.4));
#5487=CARTESIAN_POINT('Origin',(-1.55,2.8,-19.4));
#5488=CARTESIAN_POINT('Origin',(-1.55,2.8,-19.4));
#5489=CARTESIAN_POINT('Origin',(-20.7,10.25,14.4));
#5490=CARTESIAN_POINT('',(-18.95,10.25,15.2));
#5491=CARTESIAN_POINT('',(-18.95,10.25,14.4));
#5492=CARTESIAN_POINT('Origin',(-20.7,10.25,15.2));
#5493=CARTESIAN_POINT('Origin',(-20.7,10.25,15.2));
#5494=CARTESIAN_POINT('',(-19.5,10.25,15.7979130371551));
#5495=CARTESIAN_POINT('Origin',(-19.55,10.25,15.2));
#5496=CARTESIAN_POINT('',(-19.5,9.99999999999999,15.795197156067));
#5497=CARTESIAN_POINT('Ctrl Pts',(-19.5,9.99999999999976,15.7951971560669));
#5498=CARTESIAN_POINT('Ctrl Pts',(-19.5,10.0858153247502,15.7974251078315));
#5499=CARTESIAN_POINT('Ctrl Pts',(-19.5,10.1701345323199,15.7979130371551));
#5500=CARTESIAN_POINT('Ctrl Pts',(-19.5,10.25,15.7979130371551));
#5501=CARTESIAN_POINT('Origin',(-19.5945542487171,9.9998076228121,15.1627536387946));
#5502=CARTESIAN_POINT('',(-20.45,9.04999999999999,15.795197156067));
#5503=CARTESIAN_POINT('Origin',(-20.4498076228153,9.14455424847199,15.1627536415117));
#5504=CARTESIAN_POINT('',(-20.95,9.04999999999999,15.795197156067));
#5505=CARTESIAN_POINT('Ctrl Pts',(-20.45,9.05,15.795197156067));
#5506=CARTESIAN_POINT('Ctrl Pts',(-20.5358153247504,9.05,15.7974251078315));
#5507=CARTESIAN_POINT('Ctrl Pts',(-20.6201345323199,9.05,15.7979130371551));
#5508=CARTESIAN_POINT('Ctrl Pts',(-20.7,9.05,15.7979130371551));
#5509=CARTESIAN_POINT('Ctrl Pts',(-20.7798654676801,9.05,15.7979130371551));
#5510=CARTESIAN_POINT('Ctrl Pts',(-20.8641846752496,9.05,15.7974251078315));
#5511=CARTESIAN_POINT('Ctrl Pts',(-20.95,9.05,15.795197156067));
#5512=CARTESIAN_POINT('Origin',(-20.9501923771847,9.14455424847199,15.1627536415117));
#5513=CARTESIAN_POINT('',(-21.9,9.99999999999999,15.795197156067));
#5514=CARTESIAN_POINT('Origin',(-21.8059469120667,10.000162181381,15.1678197141658));
#5515=CARTESIAN_POINT('',(-21.9,10.5,15.7951971560684));
#5516=CARTESIAN_POINT('Ctrl Pts',(-21.9,10.5,15.795197156067));
#5517=CARTESIAN_POINT('Ctrl Pts',(-21.9,10.4141846752496,15.7974251078315));
#5518=CARTESIAN_POINT('Ctrl Pts',(-21.9,10.32986546768,15.7979130371551));
#5519=CARTESIAN_POINT('Ctrl Pts',(-21.9,10.25,15.7979130371551));
#5520=CARTESIAN_POINT('Ctrl Pts',(-21.9,10.1701345323199,15.7979130371551));
#5521=CARTESIAN_POINT('Ctrl Pts',(-21.9,10.0858153247504,15.7974251078315));
#5522=CARTESIAN_POINT('Ctrl Pts',(-21.9,9.99999999999999,15.795197156067));
#5523=CARTESIAN_POINT('',(-21.8224972160322,10.5,15.8));
#5524=CARTESIAN_POINT('Origin',(-21.8059469111665,10.4998378186166,15.1678197038149));
#5525=CARTESIAN_POINT('',(-20.95,11.3724972160322,15.8));
#5526=CARTESIAN_POINT('Origin',(-20.7,10.25,15.8));
#5527=CARTESIAN_POINT('',(-20.95,11.45,15.7951971560684));
#5528=CARTESIAN_POINT('Origin',(-20.9498378186173,11.3559469110253,15.1678197018671));
#5529=CARTESIAN_POINT('',(-20.45,11.45,15.7951971560684));
#5530=CARTESIAN_POINT('Ctrl Pts',(-20.45,11.45,15.795197156067));
#5531=CARTESIAN_POINT('Ctrl Pts',(-20.5358153247504,11.45,15.7974251078315));
#5532=CARTESIAN_POINT('Ctrl Pts',(-20.62013453232,11.45,15.7979130371551));
#5533=CARTESIAN_POINT('Ctrl Pts',(-20.7,11.45,15.7979130371551));
#5534=CARTESIAN_POINT('Ctrl Pts',(-20.77986546768,11.45,15.7979130371551));
#5535=CARTESIAN_POINT('Ctrl Pts',(-20.8641846752496,11.45,15.7974251078315));
#5536=CARTESIAN_POINT('Ctrl Pts',(-20.95,11.45,15.795197156067));
#5537=CARTESIAN_POINT('Origin',(-20.4501621813838,11.3559469114461,15.1678197066526));
#5538=CARTESIAN_POINT('',(-19.5,10.5,15.795197156067));
#5539=CARTESIAN_POINT('Origin',(-19.594554248697,10.5001923771866,15.1627536391036));
#5540=CARTESIAN_POINT('Ctrl Pts',(-19.5,10.25,15.7979130371551));
#5541=CARTESIAN_POINT('Ctrl Pts',(-19.5,10.3298654676801,15.7979130371551));
#5542=CARTESIAN_POINT('Ctrl Pts',(-19.5,10.4141846752498,15.7974251078315));
#5543=CARTESIAN_POINT('Ctrl Pts',(-19.5,10.5000000000002,15.7951971560669));
#5544=CARTESIAN_POINT('Origin',(-20.7,11.4,15.8));
#5545=CARTESIAN_POINT('',(-20.95,10.5,15.8));
#5546=CARTESIAN_POINT('',(-20.95,10.5,15.8));
#5547=CARTESIAN_POINT('',(-20.95,10.5,15.8));
#5548=CARTESIAN_POINT('Origin',(-2.80444117004744E-15,11.45,14.3));
#5549=CARTESIAN_POINT('',(-20.45,11.45,15.2));
#5550=CARTESIAN_POINT('',(-20.45,11.45,15.2));
#5551=CARTESIAN_POINT('',(-20.95,11.45,15.2));
#5552=CARTESIAN_POINT('',(-20.95,11.45,15.2));
#5553=CARTESIAN_POINT('',(-20.45,11.45,15.2));
#5554=CARTESIAN_POINT('Origin',(-2.21661070645671E-15,9.05,14.3));
#5555=CARTESIAN_POINT('',(-20.95,9.04999999999999,15.2));
#5556=CARTESIAN_POINT('',(-20.95,9.04999999999999,15.2));
#5557=CARTESIAN_POINT('',(-20.45,9.04999999999999,15.2));
#5558=CARTESIAN_POINT('',(-20.45,9.04999999999999,15.2));
#5559=CARTESIAN_POINT('',(-20.95,9.04999999999999,15.2));
#5560=CARTESIAN_POINT('Origin',(-19.5,-4.77612251667468E-15,14.3));
#5561=CARTESIAN_POINT('',(-19.5,9.99999999999999,15.2));
#5562=CARTESIAN_POINT('',(-19.5,9.99999999999999,15.2));
#5563=CARTESIAN_POINT('',(-19.5,10.5,15.2));
#5564=CARTESIAN_POINT('',(-19.5,10.5,15.2));
#5565=CARTESIAN_POINT('',(-19.5,9.99999999999999,15.2));
#5566=CARTESIAN_POINT('Origin',(-21.9,-5.36395298026541E-15,14.3));
#5567=CARTESIAN_POINT('',(-21.9,10.5,15.2));
#5568=CARTESIAN_POINT('',(-21.9,10.5,15.2));
#5569=CARTESIAN_POINT('',(-21.9,9.99999999999999,15.2));
#5570=CARTESIAN_POINT('',(-21.9,9.99999999999999,15.2));
#5571=CARTESIAN_POINT('',(-21.9,10.5,15.2));
#5572=CARTESIAN_POINT('Origin',(-20.95,-5.13127008842741E-15,14.3));
#5573=CARTESIAN_POINT('',(-20.95,10.5,14.3));
#5574=CARTESIAN_POINT('',(-20.95,10.5,14.3));
#5575=CARTESIAN_POINT('',(-20.95,10.55,14.3));
#5576=CARTESIAN_POINT('',(-20.95,10.5,14.3));
#5577=CARTESIAN_POINT('',(-20.95,11.45,15.2));
#5578=CARTESIAN_POINT('Origin',(-20.45,-5.00880540851268E-15,14.3));
#5579=CARTESIAN_POINT('',(-20.45,10.5,14.3));
#5580=CARTESIAN_POINT('',(-20.45,10.55,14.3));
#5581=CARTESIAN_POINT('',(-20.45,10.5,14.3));
#5582=CARTESIAN_POINT('',(-20.45,10.5,14.3));
#5583=CARTESIAN_POINT('',(-20.45,10.55,14.3));
#5584=CARTESIAN_POINT('Origin',(-20.95,-5.13127008842741E-15,14.3));
#5585=CARTESIAN_POINT('',(-20.95,9.95,14.3));
#5586=CARTESIAN_POINT('',(-20.95,9.99999999999999,14.3));
#5587=CARTESIAN_POINT('',(-20.95,9.95,14.3));
#5588=CARTESIAN_POINT('',(-20.95,9.99999999999999,14.3));
#5589=CARTESIAN_POINT('',(-20.95,9.04999999999999,15.2));
#5590=CARTESIAN_POINT('Origin',(-20.45,-5.00880540851268E-15,14.3));
#5591=CARTESIAN_POINT('',(-20.45,9.99999999999999,14.3));
#5592=CARTESIAN_POINT('',(-20.45,9.99999999999999,14.3));
#5593=CARTESIAN_POINT('',(-20.45,9.95,14.3));
#5594=CARTESIAN_POINT('',(-20.45,9.95,14.3));
#5595=CARTESIAN_POINT('',(-20.45,9.95,14.3));
#5596=CARTESIAN_POINT('Origin',(-2.44929359829471E-15,10.,14.3));
#5597=CARTESIAN_POINT('',(-20.4,9.99999999999999,14.3));
#5598=CARTESIAN_POINT('',(-20.4,9.99999999999999,14.3));
#5599=CARTESIAN_POINT('',(-19.5,9.99999999999999,15.2));
#5600=CARTESIAN_POINT('Origin',(-2.44929359829471E-15,10.,14.3));
#5601=CARTESIAN_POINT('',(-21.,9.99999999999999,14.3));
#5602=CARTESIAN_POINT('',(-20.95,9.99999999999999,14.3));
#5603=CARTESIAN_POINT('',(-21.9,9.99999999999999,15.2));
#5604=CARTESIAN_POINT('Origin',(-2.57175827820944E-15,10.5,14.3));
#5605=CARTESIAN_POINT('',(-21.,10.5,14.3));
#5606=CARTESIAN_POINT('',(-20.95,10.5,14.3));
#5607=CARTESIAN_POINT('',(-21.,10.5,14.3));
#5608=CARTESIAN_POINT('Origin',(-2.57175827820944E-15,10.5,14.3));
#5609=CARTESIAN_POINT('',(-20.4,10.5,14.3));
#5610=CARTESIAN_POINT('',(-20.4,10.5,14.3));
#5611=CARTESIAN_POINT('',(-20.4,10.5,14.3));
#5612=CARTESIAN_POINT('Origin',(0.,0.,14.3));
#5613=CARTESIAN_POINT('',(-20.45,9.95,14.3));
#5614=CARTESIAN_POINT('',(-20.4,10.5,14.3));
#5615=CARTESIAN_POINT('',(-20.95,10.55,14.3));
#5616=CARTESIAN_POINT('',(-21.,9.99999999999999,14.3));
#5617=CARTESIAN_POINT('Origin',(-21.,-5.14351655641888E-15,14.3));
#5618=CARTESIAN_POINT('Origin',(-2.58400474620091E-15,10.55,14.3));
#5619=CARTESIAN_POINT('Origin',(-2.21661070645671E-15,9.05,15.2));
#5620=CARTESIAN_POINT('Origin',(-19.5,-4.77612251667468E-15,15.2));
#5621=CARTESIAN_POINT('Origin',(-20.3,10.25,-5.9));
#5622=CARTESIAN_POINT('Origin',(4.2,10.25,-5.9));
#5623=CARTESIAN_POINT('Origin',(15.5,0.,-18.3));
#5624=CARTESIAN_POINT('',(9.5,-6.8890211973113E-16,-18.3));
#5625=CARTESIAN_POINT('Origin',(12.5,0.,-18.3));
#5626=CARTESIAN_POINT('',(13.7500000000001,-1.53080849893419E-16,-18.3));
#5627=CARTESIAN_POINT('Origin',(12.5000000000001,0.,-18.3));
#5628=CARTESIAN_POINT('Origin',(12.5,-3.21508079986924E-16,-16.9));
#5629=CARTESIAN_POINT('',(9.5,-6.8890211973113E-16,-16.9));
#5630=CARTESIAN_POINT('Origin',(12.5,-1.38777878078145E-16,17.4));
#5631=CARTESIAN_POINT('',(14.9,2.93915231795365E-16,17.4));
#5632=CARTESIAN_POINT('Origin',(12.5,0.,17.4));
#5633=CARTESIAN_POINT('Origin',(12.5,-3.21508079986924E-16,-14.4));
#5634=CARTESIAN_POINT('',(13.7500000000001,-1.53080849893419E-16,-14.4));
#5635=CARTESIAN_POINT('Origin',(12.5000000000001,0.,-14.4));
#5636=CARTESIAN_POINT('Origin',(12.5000000000001,0.,-10.8644660940673));
#5637=CARTESIAN_POINT('',(13.7500000000001,-1.53080849893419E-16,-10.8644660940673));
#5638=CARTESIAN_POINT('Origin',(12.5,0.,16.2));
#5639=CARTESIAN_POINT('',(14.9,0.,14.4));
#5640=CARTESIAN_POINT('Origin',(12.5,0.,14.4));
#5641=CARTESIAN_POINT('',(14.9,-2.93915231795365E-16,16.2));
#5642=CARTESIAN_POINT('Origin',(12.5,-3.21508079986924E-16,14.4));
#5643=CARTESIAN_POINT('',(18.1519407063044,11.1492406132624,-2.22044604925031E-15));
#5644=CARTESIAN_POINT('',(7.28947021483109,11.3622347871303,0.));
#5645=CARTESIAN_POINT('',(0.,0.,0.));
#5646=UNCERTAINTY_MEASURE_WITH_UNIT(LENGTH_MEASURE(0.01),#5656,
'DISTANCE_ACCURACY_VALUE',
'Maximum model space distance between geometric entities at asserted c
onnectivities');
#5647=UNCERTAINTY_MEASURE_WITH_UNIT(LENGTH_MEASURE(0.01),#5656,
'DISTANCE_ACCURACY_VALUE',
'Maximum model space distance between geometric entities at asserted c
onnectivities');
#5648=UNCERTAINTY_MEASURE_WITH_UNIT(LENGTH_MEASURE(0.01),#5656,
'DISTANCE_ACCURACY_VALUE',
'Maximum model space distance between geometric entities at asserted c
onnectivities');
#5649=UNCERTAINTY_MEASURE_WITH_UNIT(LENGTH_MEASURE(0.01),#5656,
'DISTANCE_ACCURACY_VALUE',
'Maximum model space distance between geometric entities at asserted c
onnectivities');
#5650=UNCERTAINTY_MEASURE_WITH_UNIT(LENGTH_MEASURE(0.01),#5656,
'DISTANCE_ACCURACY_VALUE',
'Maximum model space distance between geometric entities at asserted c
onnectivities');
#5651=(
GEOMETRIC_REPRESENTATION_CONTEXT(3)
GLOBAL_UNCERTAINTY_ASSIGNED_CONTEXT((#5646))
GLOBAL_UNIT_ASSIGNED_CONTEXT((#5656,#5658,#5659))
REPRESENTATION_CONTEXT('','3D')
);
#5652=(
GEOMETRIC_REPRESENTATION_CONTEXT(3)
GLOBAL_UNCERTAINTY_ASSIGNED_CONTEXT((#5647))
GLOBAL_UNIT_ASSIGNED_CONTEXT((#5656,#5658,#5659))
REPRESENTATION_CONTEXT('','3D')
);
#5653=(
GEOMETRIC_REPRESENTATION_CONTEXT(3)
GLOBAL_UNCERTAINTY_ASSIGNED_CONTEXT((#5648))
GLOBAL_UNIT_ASSIGNED_CONTEXT((#5656,#5658,#5659))
REPRESENTATION_CONTEXT('','3D')
);
#5654=(
GEOMETRIC_REPRESENTATION_CONTEXT(3)
GLOBAL_UNCERTAINTY_ASSIGNED_CONTEXT((#5649))
GLOBAL_UNIT_ASSIGNED_CONTEXT((#5656,#5658,#5659))
REPRESENTATION_CONTEXT('','3D')
);
#5655=(
GEOMETRIC_REPRESENTATION_CONTEXT(3)
GLOBAL_UNCERTAINTY_ASSIGNED_CONTEXT((#5650))
GLOBAL_UNIT_ASSIGNED_CONTEXT((#5656,#5658,#5659))
REPRESENTATION_CONTEXT('','3D')
);
#5656=(
LENGTH_UNIT()
NAMED_UNIT(*)
SI_UNIT(.MILLI.,.METRE.)
);
#5657=(
LENGTH_UNIT()
NAMED_UNIT(*)
SI_UNIT($,.METRE.)
);
#5658=(
NAMED_UNIT(*)
PLANE_ANGLE_UNIT()
SI_UNIT($,.RADIAN.)
);
#5659=(
NAMED_UNIT(*)
SI_UNIT($,.STERADIAN.)
SOLID_ANGLE_UNIT()
);
#5660=SHAPE_DEFINITION_REPRESENTATION(#5664,#5671);
#5661=SHAPE_DEFINITION_REPRESENTATION(#5665,#5672);
#5662=SHAPE_DEFINITION_REPRESENTATION(#5666,#5673);
#5663=SHAPE_DEFINITION_REPRESENTATION(#5667,#5674);
#5664=PRODUCT_DEFINITION_SHAPE('',$,#5676);
#5665=PRODUCT_DEFINITION_SHAPE('',$,#5677);
#5666=PRODUCT_DEFINITION_SHAPE('',$,#5678);
#5667=PRODUCT_DEFINITION_SHAPE('',$,#5679);
#5668=PRODUCT_DEFINITION_SHAPE($,$,#20);
#5669=PRODUCT_DEFINITION_SHAPE($,$,#21);
#5670=PRODUCT_DEFINITION_SHAPE($,$,#22);
#5671=SHAPE_REPRESENTATION('',(#3265,#3598,#3599,#3600),#5651);
#5672=SHAPE_REPRESENTATION('',(#3266),#5652);
#5673=SHAPE_REPRESENTATION('',(#3287),#5653);
#5674=SHAPE_REPRESENTATION('',(#3356),#5654);
#5675=PRODUCT_DEFINITION_CONTEXT('part definition',#5689,'design');
#5676=PRODUCT_DEFINITION('STS3215_03a','STS3215_03a v1 v1',#5680,#5675);
#5677=PRODUCT_DEFINITION('ac2','ac2',#5681,#5675);
#5678=PRODUCT_DEFINITION('ac1','ac1',#5682,#5675);
#5679=PRODUCT_DEFINITION('main','main',#5683,#5675);
#5680=PRODUCT_DEFINITION_FORMATION('',$,#5691);
#5681=PRODUCT_DEFINITION_FORMATION('',$,#5692);
#5682=PRODUCT_DEFINITION_FORMATION('',$,#5693);
#5683=PRODUCT_DEFINITION_FORMATION('',$,#5694);
#5684=PRODUCT_RELATED_PRODUCT_CATEGORY('STS3215_03a v1 v1',
'STS3215_03a v1 v1',(#5691));
#5685=PRODUCT_RELATED_PRODUCT_CATEGORY('ac2','ac2',(#5692));
#5686=PRODUCT_RELATED_PRODUCT_CATEGORY('ac1','ac1',(#5693));
#5687=PRODUCT_RELATED_PRODUCT_CATEGORY('main','main',(#5694));
#5688=APPLICATION_PROTOCOL_DEFINITION('international standard',
'automotive_design',2009,#5689);
#5689=APPLICATION_CONTEXT(
'Core Data for Automotive Mechanical Design Process');
#5690=PRODUCT_CONTEXT('part definition',#5689,'mechanical');
#5691=PRODUCT('STS3215_03a','STS3215_03a v1 v1',$,(#5690));
#5692=PRODUCT('ac2','ac2',$,(#5690));
#5693=PRODUCT('ac1','ac1',$,(#5690));
#5694=PRODUCT('main','main',$,(#5690));
#5695=PRESENTATION_STYLE_ASSIGNMENT((#5699));
#5696=PRESENTATION_STYLE_ASSIGNMENT((#5700));
#5697=PRESENTATION_STYLE_ASSIGNMENT((#5701));
#5698=PRESENTATION_STYLE_ASSIGNMENT((#5702));
#5699=SURFACE_STYLE_USAGE(.BOTH.,#5703);
#5700=SURFACE_STYLE_USAGE(.BOTH.,#5704);
#5701=SURFACE_STYLE_USAGE(.BOTH.,#5705);
#5702=SURFACE_STYLE_USAGE(.BOTH.,#5706);
#5703=SURFACE_SIDE_STYLE('',(#5707));
#5704=SURFACE_SIDE_STYLE('',(#5708));
#5705=SURFACE_SIDE_STYLE('',(#5709));
#5706=SURFACE_SIDE_STYLE('',(#5710));
#5707=SURFACE_STYLE_FILL_AREA(#5711);
#5708=SURFACE_STYLE_FILL_AREA(#5712);
#5709=SURFACE_STYLE_FILL_AREA(#5713);
#5710=SURFACE_STYLE_FILL_AREA(#5714);
#5711=FILL_AREA_STYLE('\X2\AC15CCA0\X0\ - \X2\C0C8D2F4\X0\',(#5715));
#5712=FILL_AREA_STYLE('\X2\C54CB8E8BBF8B284\X0\ - \X2\C0C8D2F4\X0\',(#5716));
#5713=FILL_AREA_STYLE(
'EPX 150 - \X2\C5D0C5B4\X0\ \X2\BCA0C774D06CB4DC\X0\(\X2\D0C4C18C\X0\ 
M2 M3 L1 3D \X2\D504B9B0D130\X0\ \X2\D3ECD568\X0\)',(#5717));
#5714=FILL_AREA_STYLE('\X2\D669B3D9\X0\ - \X2\C5F0B9C8\X0\',(#5718));
#5715=FILL_AREA_STYLE_COLOUR('\X2\AC15CCA0\X0\ - \X2\C0C8D2F4\X0\',#5719);
#5716=FILL_AREA_STYLE_COLOUR('\X2\C54CB8E8BBF8B284\X0\ - \X2\C0C8D2F4\X0\',
#5720);
#5717=FILL_AREA_STYLE_COLOUR(
'EPX 150 - \X2\C5D0C5B4\X0\ \X2\BCA0C774D06CB4DC\X0\(\X2\D0C4C18C\X0\ 
M2 M3 L1 3D \X2\D504B9B0D130\X0\ \X2\D3ECD568\X0\)',#5721);
#5718=FILL_AREA_STYLE_COLOUR('\X2\D669B3D9\X0\ - \X2\C5F0B9C8\X0\',#5722);
#5719=COLOUR_RGB('\X2\AC15CCA0\X0\ - \X2\C0C8D2F4\X0\',0.627450980392157,
0.627450980392157,0.627450980392157);
#5720=COLOUR_RGB('\X2\C54CB8E8BBF8B284\X0\ - \X2\C0C8D2F4\X0\',0.96078431372549,
0.96078431372549,0.964705882352941);
#5721=COLOUR_RGB(
'EPX 150 - \X2\C5D0C5B4\X0\ \X2\BCA0C774D06CB4DC\X0\(\X2\D0C4C18C\X0\ 
M2 M3 L1 3D \X2\D504B9B0D130\X0\ \X2\D3ECD568\X0\)',0.247058823529412,0.247058823529412,
0.247058823529412);
#5722=COLOUR_RGB('\X2\D669B3D9\X0\ - \X2\C5F0B9C8\X0\',0.952941176470588,
0.796078431372549,0.486274509803922);
ENDSEC;
END-ISO-10303-21;
