ISO-10303-21;
HEADER;
/* Generated by software containing ST-Developer
 * from STEP Tools, Inc. (www.steptools.com) 
 */

FILE_DESCRIPTION(
/* description */ (''),
/* implementation_level */ '2;1');

FILE_NAME(
/* name */ 'thigh.step',
/* time_stamp */ '2026-10-07T11:33:40+09:00',
/* author */ (''),
/* organization */ (''),
/* preprocessor_version */ 'ST-DEVELOPER v20.2',
/* originating_system */ 'Autodesk Translation Framework v15.15.0.0',
/* authorisation */ '');

FILE_SCHEMA (('AUTOMOTIVE_DESIGN { 1 0 10303 214 3 1 1 }'));
ENDSEC;

DATA;
#10=MECHANICAL_DESIGN_GEOMETRIC_PRESENTATION_REPRESENTATION('',(#13),#2551);
#11=SHAPE_REPRESENTATION_RELATIONSHIP('SRR','None',#2558,#12);
#12=ADVANCED_BREP_SHAPE_REPRESENTATION('',(#14),#2550);
#13=STYLED_ITEM('',(#2568),#14);
#14=MANIFOLD_SOLID_BREP('thigh',#1420);
#15=(
BOUNDED_SURFACE()
B_SPLINE_SURFACE(2,2,((#2324,#2325,#2326,#2327,#2328),(#2329,#2330,#2331,
#2332,#2333),(#2334,#2335,#2336,#2337,#2338)),.UNSPECIFIED.,.F.,.F.,.F.)
B_SPLINE_SURFACE_WITH_KNOTS((3,3),(3,2,3),(-1.5707963267949,1.39608103507106E-16),
(-3.14159265358979,-2.10171254429068,-1.06183243499156),.UNSPECIFIED.)
GEOMETRIC_REPRESENTATION_ITEM()
RATIONAL_B_SPLINE_SURFACE(((1.,0.867848963772392,1.,0.867848963772392,1.),
(0.707106781186538,0.613661887329168,0.707106781186538,0.613661887329168,
0.707106781186538),(1.,0.867848963772392,1.,0.867848963772392,1.)))
REPRESENTATION_ITEM('')
SURFACE()
);
#16=(
BOUNDED_SURFACE()
B_SPLINE_SURFACE(2,2,((#2352,#2353,#2354,#2355,#2356),(#2357,#2358,#2359,
#2360,#2361),(#2362,#2363,#2364,#2365,#2366)),.UNSPECIFIED.,.F.,.F.,.F.)
B_SPLINE_SURFACE_WITH_KNOTS((3,3),(3,2,3),(-1.5707963267949,2.87421901896966E-16),
(-2.0881081046375,-1.04405405231875,0.),.UNSPECIFIED.)
GEOMETRIC_REPRESENTATION_ITEM()
RATIONAL_B_SPLINE_SURFACE(((1.,0.866810208467574,1.,0.866810208467574,1.),
(0.707106781186538,0.612927376409138,0.707106781186538,0.612927376409138,
0.707106781186538),(1.,0.866810208467574,1.,0.866810208467574,1.)))
REPRESENTATION_ITEM('')
SURFACE()
);
#17=B_SPLINE_CURVE_WITH_KNOTS('',3,(#2106,#2107,#2108,#2109,#2110,#2111,
#2112,#2113),.UNSPECIFIED.,.F.,.F.,(4,2,2,4),(-0.000634996917559381,0.,
0.19421626438322,0.258289807459955),.UNSPECIFIED.);
#18=B_SPLINE_CURVE_WITH_KNOTS('',3,(#2124,#2125,#2126,#2127,#2128,#2129,
#2130,#2131),.UNSPECIFIED.,.F.,.F.,(4,2,2,4),(0.812541431339224,0.879365859976324,
0.9989922055907,0.999420074224845),.UNSPECIFIED.);
#19=B_SPLINE_CURVE_WITH_KNOTS('',3,(#2158,#2159,#2160,#2161,#2162,#2163,
#2164,#2165),.UNSPECIFIED.,.F.,.F.,(4,2,2,4),(-0.000634999594439788,0.,
0.194216420142667,0.258290038726763),.UNSPECIFIED.);
#20=B_SPLINE_CURVE_WITH_KNOTS('',3,(#2176,#2177,#2178,#2179,#2180,#2181,
#2182,#2183),.UNSPECIFIED.,.F.,.F.,(4,2,2,4),(0.812540720779043,0.879365086147434,
0.998991455787012,0.999419324055548),.UNSPECIFIED.);
#21=B_SPLINE_CURVE_WITH_KNOTS('',3,(#2288,#2289,#2290,#2291,#2292,#2293),
 .UNSPECIFIED.,.F.,.F.,(4,2,4),(0.566831375363058,0.655507944428213,0.801196673278744),
 .UNSPECIFIED.);
#22=B_SPLINE_CURVE_WITH_KNOTS('',3,(#2304,#2305,#2306,#2307,#2308,#2309),
 .UNSPECIFIED.,.F.,.F.,(4,2,4),(0.,0.145688728850531,0.234365297915685),
 .UNSPECIFIED.);
#23=TOROIDAL_SURFACE('',#1443,3.,1.);
#24=TOROIDAL_SURFACE('',#1449,3.,1.);
#25=TOROIDAL_SURFACE('',#1462,3.,1.);
#26=TOROIDAL_SURFACE('',#1468,3.,1.);
#27=TOROIDAL_SURFACE('',#1488,83.,1.);
#28=TOROIDAL_SURFACE('',#1492,63.,1.);
#29=TOROIDAL_SURFACE('',#1496,10.5,1.);
#30=TOROIDAL_SURFACE('',#1500,63.,1.);
#31=TOROIDAL_SURFACE('',#1504,83.,1.);
#32=TOROIDAL_SURFACE('',#1518,3.,1.);
#33=TOROIDAL_SURFACE('',#1522,24.5,1.);
#34=TOROIDAL_SURFACE('',#1526,3.,1.);
#35=TOROIDAL_SURFACE('',#1534,26.5,1.);
#36=TOROIDAL_SURFACE('',#1543,83.,1.);
#37=TOROIDAL_SURFACE('',#1547,63.,1.);
#38=TOROIDAL_SURFACE('',#1551,10.5,1.);
#39=TOROIDAL_SURFACE('',#1555,63.,1.);
#40=TOROIDAL_SURFACE('',#1559,83.,1.);
#41=CYLINDRICAL_SURFACE('',#1440,3.25);
#42=CYLINDRICAL_SURFACE('',#1447,1.);
#43=CYLINDRICAL_SURFACE('',#1466,1.);
#44=CYLINDRICAL_SURFACE('',#1482,2.);
#45=CYLINDRICAL_SURFACE('',#1484,2.);
#46=CYLINDRICAL_SURFACE('',#1485,1.);
#47=CYLINDRICAL_SURFACE('',#1508,1.);
#48=CYLINDRICAL_SURFACE('',#1541,1.);
#49=CYLINDRICAL_SURFACE('',#1563,1.);
#50=CYLINDRICAL_SURFACE('',#1564,11.5);
#51=CYLINDRICAL_SURFACE('',#1565,62.);
#52=CYLINDRICAL_SURFACE('',#1566,84.);
#53=CYLINDRICAL_SURFACE('',#1567,2.);
#54=CYLINDRICAL_SURFACE('',#1576,25.5);
#55=CYLINDRICAL_SURFACE('',#1577,2.);
#56=CYLINDRICAL_SURFACE('',#1579,62.);
#57=CYLINDRICAL_SURFACE('',#1580,84.);
#58=CYLINDRICAL_SURFACE('',#1581,62.);
#59=CYLINDRICAL_SURFACE('',#1582,62.);
#60=CYLINDRICAL_SURFACE('',#1587,1.35);
#61=CYLINDRICAL_SURFACE('',#1589,1.35);
#62=CYLINDRICAL_SURFACE('',#1591,1.35);
#63=CYLINDRICAL_SURFACE('',#1593,1.35);
#64=CYLINDRICAL_SURFACE('',#1604,1.75);
#65=CYLINDRICAL_SURFACE('',#1605,1.75);
#66=CYLINDRICAL_SURFACE('',#1606,1.75);
#67=CYLINDRICAL_SURFACE('',#1607,1.75);
#68=CYLINDRICAL_SURFACE('',#1608,11.5);
#69=CYLINDRICAL_SURFACE('',#1609,3.25);
#70=CYLINDRICAL_SURFACE('',#1610,1.75);
#71=CYLINDRICAL_SURFACE('',#1611,1.75);
#72=CYLINDRICAL_SURFACE('',#1612,1.75);
#73=CYLINDRICAL_SURFACE('',#1613,1.75);
#74=FACE_BOUND('',#286,.T.);
#75=FACE_BOUND('',#292,.T.);
#76=FACE_BOUND('',#293,.T.);
#77=FACE_BOUND('',#294,.T.);
#78=FACE_BOUND('',#299,.T.);
#79=FACE_BOUND('',#300,.T.);
#80=FACE_BOUND('',#301,.T.);
#81=FACE_BOUND('',#302,.T.);
#82=FACE_BOUND('',#303,.T.);
#83=FACE_BOUND('',#315,.T.);
#84=FACE_BOUND('',#316,.T.);
#85=FACE_BOUND('',#317,.T.);
#86=FACE_BOUND('',#318,.T.);
#87=FACE_BOUND('',#319,.T.);
#88=FACE_BOUND('',#320,.T.);
#89=FACE_BOUND('',#321,.T.);
#90=FACE_BOUND('',#342,.T.);
#91=FACE_BOUND('',#343,.T.);
#92=FACE_BOUND('',#344,.T.);
#93=FACE_BOUND('',#345,.T.);
#94=FACE_BOUND('',#346,.T.);
#95=FACE_BOUND('',#347,.T.);
#96=FACE_BOUND('',#348,.T.);
#97=FACE_BOUND('',#359,.T.);
#98=FACE_BOUND('',#365,.T.);
#99=FACE_BOUND('',#369,.T.);
#100=FACE_BOUND('',#370,.T.);
#101=CIRCLE('',#1437,11.5);
#102=CIRCLE('',#1438,3.25);
#103=CIRCLE('',#1439,1.75);
#104=CIRCLE('',#1441,3.25);
#105=CIRCLE('',#1442,3.25);
#106=CIRCLE('',#1444,1.);
#107=CIRCLE('',#1445,2.);
#108=CIRCLE('',#1446,3.);
#109=CIRCLE('',#1448,1.);
#110=CIRCLE('',#1450,2.);
#111=CIRCLE('',#1451,3.);
#112=CIRCLE('',#1453,11.5);
#113=CIRCLE('',#1454,62.);
#114=CIRCLE('',#1455,84.);
#115=CIRCLE('',#1456,84.);
#116=CIRCLE('',#1457,62.);
#117=CIRCLE('',#1458,11.5);
#118=CIRCLE('',#1459,1.75);
#119=CIRCLE('',#1460,1.75);
#120=CIRCLE('',#1461,1.75);
#121=CIRCLE('',#1463,1.);
#122=CIRCLE('',#1464,2.);
#123=CIRCLE('',#1465,3.);
#124=CIRCLE('',#1467,0.999999999999996);
#125=CIRCLE('',#1469,2.);
#126=CIRCLE('',#1470,3.);
#127=CIRCLE('',#1472,84.);
#128=CIRCLE('',#1473,62.);
#129=CIRCLE('',#1474,11.5);
#130=CIRCLE('',#1475,62.);
#131=CIRCLE('',#1476,84.);
#132=CIRCLE('',#1477,1.75);
#133=CIRCLE('',#1478,1.75);
#134=CIRCLE('',#1479,1.75);
#135=CIRCLE('',#1480,1.75);
#136=CIRCLE('',#1481,3.25);
#137=CIRCLE('',#1486,1.);
#138=CIRCLE('',#1487,1.);
#139=CIRCLE('',#1489,1.);
#140=CIRCLE('',#1490,84.);
#141=CIRCLE('',#1491,83.);
#142=CIRCLE('',#1493,1.);
#143=CIRCLE('',#1494,62.);
#144=CIRCLE('',#1495,63.);
#145=CIRCLE('',#1497,0.999999999999999);
#146=CIRCLE('',#1498,11.5);
#147=CIRCLE('',#1499,10.5);
#148=CIRCLE('',#1501,0.999999999999995);
#149=CIRCLE('',#1502,62.);
#150=CIRCLE('',#1503,63.);
#151=CIRCLE('',#1505,1.);
#152=CIRCLE('',#1506,84.);
#153=CIRCLE('',#1507,83.);
#154=CIRCLE('',#1509,1.);
#155=CIRCLE('',#1511,1.35);
#156=CIRCLE('',#1512,1.35);
#157=CIRCLE('',#1513,1.75);
#158=CIRCLE('',#1514,1.75);
#159=CIRCLE('',#1515,1.75);
#160=CIRCLE('',#1516,1.75);
#161=CIRCLE('',#1519,1.);
#162=CIRCLE('',#1520,2.);
#163=CIRCLE('',#1521,3.);
#164=CIRCLE('',#1523,1.);
#165=CIRCLE('',#1524,25.5);
#166=CIRCLE('',#1525,24.5);
#167=CIRCLE('',#1527,2.);
#168=CIRCLE('',#1528,3.);
#169=CIRCLE('',#1530,1.);
#170=CIRCLE('',#1531,1.);
#171=CIRCLE('',#1532,1.);
#172=CIRCLE('',#1533,2.);
#173=CIRCLE('',#1535,1.);
#174=CIRCLE('',#1536,25.5);
#175=CIRCLE('',#1537,26.5);
#176=CIRCLE('',#1538,1.);
#177=CIRCLE('',#1539,2.);
#178=CIRCLE('',#1540,1.);
#179=CIRCLE('',#1542,1.);
#180=CIRCLE('',#1544,0.999999999999983);
#181=CIRCLE('',#1545,84.);
#182=CIRCLE('',#1546,83.);
#183=CIRCLE('',#1548,1.00000000000001);
#184=CIRCLE('',#1549,62.);
#185=CIRCLE('',#1550,63.);
#186=CIRCLE('',#1552,1.);
#187=CIRCLE('',#1553,11.5);
#188=CIRCLE('',#1554,10.5);
#189=CIRCLE('',#1556,0.999999999999992);
#190=CIRCLE('',#1557,62.);
#191=CIRCLE('',#1558,63.);
#192=CIRCLE('',#1560,1.00000000000001);
#193=CIRCLE('',#1561,84.);
#194=CIRCLE('',#1562,83.);
#195=CIRCLE('',#1569,3.25);
#196=CIRCLE('',#1570,1.75);
#197=CIRCLE('',#1571,1.75);
#198=CIRCLE('',#1572,1.75);
#199=CIRCLE('',#1573,1.75);
#200=CIRCLE('',#1574,1.35);
#201=CIRCLE('',#1575,1.35);
#202=CIRCLE('',#1586,1.35);
#203=CIRCLE('',#1588,1.35);
#204=CIRCLE('',#1590,1.35);
#205=CIRCLE('',#1592,1.35);
#206=FACE_OUTER_BOUND('',#283,.T.);
#207=FACE_OUTER_BOUND('',#284,.T.);
#208=FACE_OUTER_BOUND('',#285,.T.);
#209=FACE_OUTER_BOUND('',#287,.T.);
#210=FACE_OUTER_BOUND('',#288,.T.);
#211=FACE_OUTER_BOUND('',#289,.T.);
#212=FACE_OUTER_BOUND('',#290,.T.);
#213=FACE_OUTER_BOUND('',#291,.T.);
#214=FACE_OUTER_BOUND('',#295,.T.);
#215=FACE_OUTER_BOUND('',#296,.T.);
#216=FACE_OUTER_BOUND('',#297,.T.);
#217=FACE_OUTER_BOUND('',#298,.T.);
#218=FACE_OUTER_BOUND('',#304,.T.);
#219=FACE_OUTER_BOUND('',#305,.T.);
#220=FACE_OUTER_BOUND('',#306,.T.);
#221=FACE_OUTER_BOUND('',#307,.T.);
#222=FACE_OUTER_BOUND('',#308,.T.);
#223=FACE_OUTER_BOUND('',#309,.T.);
#224=FACE_OUTER_BOUND('',#310,.T.);
#225=FACE_OUTER_BOUND('',#311,.T.);
#226=FACE_OUTER_BOUND('',#312,.T.);
#227=FACE_OUTER_BOUND('',#313,.T.);
#228=FACE_OUTER_BOUND('',#314,.T.);
#229=FACE_OUTER_BOUND('',#322,.T.);
#230=FACE_OUTER_BOUND('',#323,.T.);
#231=FACE_OUTER_BOUND('',#324,.T.);
#232=FACE_OUTER_BOUND('',#325,.T.);
#233=FACE_OUTER_BOUND('',#326,.T.);
#234=FACE_OUTER_BOUND('',#327,.T.);
#235=FACE_OUTER_BOUND('',#328,.T.);
#236=FACE_OUTER_BOUND('',#329,.T.);
#237=FACE_OUTER_BOUND('',#330,.T.);
#238=FACE_OUTER_BOUND('',#331,.T.);
#239=FACE_OUTER_BOUND('',#332,.T.);
#240=FACE_OUTER_BOUND('',#333,.T.);
#241=FACE_OUTER_BOUND('',#334,.T.);
#242=FACE_OUTER_BOUND('',#335,.T.);
#243=FACE_OUTER_BOUND('',#336,.T.);
#244=FACE_OUTER_BOUND('',#337,.T.);
#245=FACE_OUTER_BOUND('',#338,.T.);
#246=FACE_OUTER_BOUND('',#339,.T.);
#247=FACE_OUTER_BOUND('',#340,.T.);
#248=FACE_OUTER_BOUND('',#341,.T.);
#249=FACE_OUTER_BOUND('',#349,.T.);
#250=FACE_OUTER_BOUND('',#350,.T.);
#251=FACE_OUTER_BOUND('',#351,.T.);
#252=FACE_OUTER_BOUND('',#352,.T.);
#253=FACE_OUTER_BOUND('',#353,.T.);
#254=FACE_OUTER_BOUND('',#354,.T.);
#255=FACE_OUTER_BOUND('',#355,.T.);
#256=FACE_OUTER_BOUND('',#356,.T.);
#257=FACE_OUTER_BOUND('',#357,.T.);
#258=FACE_OUTER_BOUND('',#358,.T.);
#259=FACE_OUTER_BOUND('',#360,.T.);
#260=FACE_OUTER_BOUND('',#361,.T.);
#261=FACE_OUTER_BOUND('',#362,.T.);
#262=FACE_OUTER_BOUND('',#363,.T.);
#263=FACE_OUTER_BOUND('',#364,.T.);
#264=FACE_OUTER_BOUND('',#366,.T.);
#265=FACE_OUTER_BOUND('',#367,.T.);
#266=FACE_OUTER_BOUND('',#368,.T.);
#267=FACE_OUTER_BOUND('',#371,.T.);
#268=FACE_OUTER_BOUND('',#372,.T.);
#269=FACE_OUTER_BOUND('',#373,.T.);
#270=FACE_OUTER_BOUND('',#374,.T.);
#271=FACE_OUTER_BOUND('',#375,.T.);
#272=FACE_OUTER_BOUND('',#376,.T.);
#273=FACE_OUTER_BOUND('',#377,.T.);
#274=FACE_OUTER_BOUND('',#378,.T.);
#275=FACE_OUTER_BOUND('',#379,.T.);
#276=FACE_OUTER_BOUND('',#380,.T.);
#277=FACE_OUTER_BOUND('',#381,.T.);
#278=FACE_OUTER_BOUND('',#382,.T.);
#279=FACE_OUTER_BOUND('',#383,.T.);
#280=FACE_OUTER_BOUND('',#384,.T.);
#281=FACE_OUTER_BOUND('',#385,.T.);
#282=FACE_OUTER_BOUND('',#386,.T.);
#283=EDGE_LOOP('',(#909,#910,#911,#912));
#284=EDGE_LOOP('',(#913,#914,#915,#916));
#285=EDGE_LOOP('',(#917,#918,#919,#920));
#286=EDGE_LOOP('',(#921));
#287=EDGE_LOOP('',(#922,#923,#924,#925,#926,#927,#928));
#288=EDGE_LOOP('',(#929,#930,#931,#932));
#289=EDGE_LOOP('',(#933,#934,#935,#936));
#290=EDGE_LOOP('',(#937,#938,#939,#940));
#291=EDGE_LOOP('',(#941,#942,#943,#944,#945,#946,#947,#948,#949,#950,#951,
#952));
#292=EDGE_LOOP('',(#953));
#293=EDGE_LOOP('',(#954));
#294=EDGE_LOOP('',(#955));
#295=EDGE_LOOP('',(#956,#957,#958,#959));
#296=EDGE_LOOP('',(#960,#961,#962,#963));
#297=EDGE_LOOP('',(#964,#965,#966,#967));
#298=EDGE_LOOP('',(#968,#969,#970,#971,#972,#973,#974,#975));
#299=EDGE_LOOP('',(#976));
#300=EDGE_LOOP('',(#977));
#301=EDGE_LOOP('',(#978));
#302=EDGE_LOOP('',(#979));
#303=EDGE_LOOP('',(#980));
#304=EDGE_LOOP('',(#981,#982,#983,#984));
#305=EDGE_LOOP('',(#985,#986,#987,#988));
#306=EDGE_LOOP('',(#989,#990,#991,#992));
#307=EDGE_LOOP('',(#993,#994,#995,#996));
#308=EDGE_LOOP('',(#997,#998,#999,#1000));
#309=EDGE_LOOP('',(#1001,#1002,#1003,#1004));
#310=EDGE_LOOP('',(#1005,#1006,#1007,#1008));
#311=EDGE_LOOP('',(#1009,#1010,#1011,#1012));
#312=EDGE_LOOP('',(#1013,#1014,#1015,#1016));
#313=EDGE_LOOP('',(#1017,#1018,#1019,#1020));
#314=EDGE_LOOP('',(#1021,#1022,#1023,#1024,#1025,#1026,#1027,#1028,#1029,
#1030,#1031,#1032));
#315=EDGE_LOOP('',(#1033));
#316=EDGE_LOOP('',(#1034));
#317=EDGE_LOOP('',(#1035));
#318=EDGE_LOOP('',(#1036));
#319=EDGE_LOOP('',(#1037));
#320=EDGE_LOOP('',(#1038));
#321=EDGE_LOOP('',(#1039));
#322=EDGE_LOOP('',(#1040,#1041,#1042,#1043,#1044,#1045,#1046));
#323=EDGE_LOOP('',(#1047,#1048,#1049,#1050));
#324=EDGE_LOOP('',(#1051,#1052,#1053,#1054));
#325=EDGE_LOOP('',(#1055,#1056,#1057,#1058));
#326=EDGE_LOOP('',(#1059,#1060,#1061,#1062,#1063,#1064));
#327=EDGE_LOOP('',(#1065,#1066,#1067,#1068));
#328=EDGE_LOOP('',(#1069,#1070,#1071,#1072));
#329=EDGE_LOOP('',(#1073,#1074,#1075,#1076));
#330=EDGE_LOOP('',(#1077,#1078,#1079,#1080));
#331=EDGE_LOOP('',(#1081,#1082,#1083,#1084));
#332=EDGE_LOOP('',(#1085,#1086,#1087,#1088));
#333=EDGE_LOOP('',(#1089,#1090,#1091,#1092));
#334=EDGE_LOOP('',(#1093,#1094,#1095,#1096));
#335=EDGE_LOOP('',(#1097,#1098,#1099,#1100));
#336=EDGE_LOOP('',(#1101,#1102,#1103,#1104));
#337=EDGE_LOOP('',(#1105,#1106,#1107,#1108));
#338=EDGE_LOOP('',(#1109,#1110,#1111,#1112));
#339=EDGE_LOOP('',(#1113,#1114,#1115,#1116,#1117,#1118,#1119,#1120,#1121,
#1122));
#340=EDGE_LOOP('',(#1123,#1124,#1125,#1126));
#341=EDGE_LOOP('',(#1127,#1128,#1129,#1130,#1131,#1132,#1133,#1134,#1135,
#1136));
#342=EDGE_LOOP('',(#1137));
#343=EDGE_LOOP('',(#1138));
#344=EDGE_LOOP('',(#1139));
#345=EDGE_LOOP('',(#1140));
#346=EDGE_LOOP('',(#1141));
#347=EDGE_LOOP('',(#1142));
#348=EDGE_LOOP('',(#1143));
#349=EDGE_LOOP('',(#1144,#1145,#1146,#1147));
#350=EDGE_LOOP('',(#1148,#1149,#1150,#1151));
#351=EDGE_LOOP('',(#1152,#1153,#1154,#1155,#1156,#1157,#1158));
#352=EDGE_LOOP('',(#1159,#1160,#1161,#1162));
#353=EDGE_LOOP('',(#1163,#1164,#1165,#1166,#1167,#1168,#1169,#1170,#1171,
#1172));
#354=EDGE_LOOP('',(#1173,#1174,#1175,#1176));
#355=EDGE_LOOP('',(#1177,#1178,#1179,#1180));
#356=EDGE_LOOP('',(#1181,#1182,#1183,#1184));
#357=EDGE_LOOP('',(#1185,#1186,#1187,#1188));
#358=EDGE_LOOP('',(#1189,#1190,#1191,#1192));
#359=EDGE_LOOP('',(#1193));
#360=EDGE_LOOP('',(#1194,#1195,#1196,#1197));
#361=EDGE_LOOP('',(#1198,#1199,#1200,#1201));
#362=EDGE_LOOP('',(#1202,#1203,#1204,#1205));
#363=EDGE_LOOP('',(#1206,#1207,#1208,#1209));
#364=EDGE_LOOP('',(#1210,#1211,#1212,#1213));
#365=EDGE_LOOP('',(#1214));
#366=EDGE_LOOP('',(#1215,#1216,#1217,#1218));
#367=EDGE_LOOP('',(#1219,#1220,#1221,#1222));
#368=EDGE_LOOP('',(#1223,#1224,#1225,#1226,#1227,#1228,#1229,#1230));
#369=EDGE_LOOP('',(#1231));
#370=EDGE_LOOP('',(#1232));
#371=EDGE_LOOP('',(#1233,#1234,#1235,#1236));
#372=EDGE_LOOP('',(#1237,#1238,#1239,#1240,#1241,#1242,#1243,#1244));
#373=EDGE_LOOP('',(#1245,#1246,#1247,#1248));
#374=EDGE_LOOP('',(#1249,#1250,#1251,#1252));
#375=EDGE_LOOP('',(#1253,#1254,#1255,#1256));
#376=EDGE_LOOP('',(#1257,#1258,#1259,#1260,#1261,#1262,#1263,#1264,#1265,
#1266,#1267,#1268,#1269,#1270,#1271,#1272,#1273,#1274));
#377=EDGE_LOOP('',(#1275,#1276,#1277,#1278));
#378=EDGE_LOOP('',(#1279,#1280,#1281,#1282));
#379=EDGE_LOOP('',(#1283,#1284,#1285,#1286));
#380=EDGE_LOOP('',(#1287,#1288,#1289,#1290));
#381=EDGE_LOOP('',(#1291,#1292,#1293,#1294,#1295,#1296,#1297,#1298));
#382=EDGE_LOOP('',(#1299,#1300,#1301,#1302));
#383=EDGE_LOOP('',(#1303,#1304,#1305,#1306));
#384=EDGE_LOOP('',(#1307,#1308,#1309,#1310));
#385=EDGE_LOOP('',(#1311,#1312,#1313,#1314));
#386=EDGE_LOOP('',(#1315,#1316,#1317,#1318));
#387=LINE('',#2074,#481);
#388=LINE('',#2076,#482);
#389=LINE('',#2078,#483);
#390=LINE('',#2079,#484);
#391=LINE('',#2083,#485);
#392=LINE('',#2085,#486);
#393=LINE('',#2087,#487);
#394=LINE('',#2088,#488);
#395=LINE('',#2096,#489);
#396=LINE('',#2119,#490);
#397=LINE('',#2120,#491);
#398=LINE('',#2171,#492);
#399=LINE('',#2172,#493);
#400=LINE('',#2207,#494);
#401=LINE('',#2208,#495);
#402=LINE('',#2210,#496);
#403=LINE('',#2212,#497);
#404=LINE('',#2218,#498);
#405=LINE('',#2221,#499);
#406=LINE('',#2256,#500);
#407=LINE('',#2257,#501);
#408=LINE('',#2260,#502);
#409=LINE('',#2262,#503);
#410=LINE('',#2264,#504);
#411=LINE('',#2266,#505);
#412=LINE('',#2267,#506);
#413=LINE('',#2282,#507);
#414=LINE('',#2284,#508);
#415=LINE('',#2286,#509);
#416=LINE('',#2295,#510);
#417=LINE('',#2296,#511);
#418=LINE('',#2322,#512);
#419=LINE('',#2323,#513);
#420=LINE('',#2376,#514);
#421=LINE('',#2377,#515);
#422=LINE('',#2408,#516);
#423=LINE('',#2410,#517);
#424=LINE('',#2411,#518);
#425=LINE('',#2413,#519);
#426=LINE('',#2415,#520);
#427=LINE('',#2417,#521);
#428=LINE('',#2434,#522);
#429=LINE('',#2436,#523);
#430=LINE('',#2438,#524);
#431=LINE('',#2439,#525);
#432=LINE('',#2441,#526);
#433=LINE('',#2443,#527);
#434=LINE('',#2444,#528);
#435=LINE('',#2447,#529);
#436=LINE('',#2451,#530);
#437=LINE('',#2453,#531);
#438=LINE('',#2455,#532);
#439=LINE('',#2456,#533);
#440=LINE('',#2459,#534);
#441=LINE('',#2461,#535);
#442=LINE('',#2462,#536);
#443=LINE('',#2465,#537);
#444=LINE('',#2467,#538);
#445=LINE('',#2468,#539);
#446=LINE('',#2473,#540);
#447=LINE('',#2477,#541);
#448=LINE('',#2481,#542);
#449=LINE('',#2484,#543);
#450=LINE('',#2488,#544);
#451=LINE('',#2490,#545);
#452=LINE('',#2492,#546);
#453=LINE('',#2493,#547);
#454=LINE('',#2495,#548);
#455=LINE('',#2496,#549);
#456=LINE('',#2500,#550);
#457=LINE('',#2501,#551);
#458=LINE('',#2502,#552);
#459=LINE('',#2506,#553);
#460=LINE('',#2508,#554);
#461=LINE('',#2510,#555);
#462=LINE('',#2512,#556);
#463=LINE('',#2513,#557);
#464=LINE('',#2515,#558);
#465=LINE('',#2516,#559);
#466=LINE('',#2518,#560);
#467=LINE('',#2519,#561);
#468=LINE('',#2522,#562);
#469=LINE('',#2523,#563);
#470=LINE('',#2525,#564);
#471=LINE('',#2527,#565);
#472=LINE('',#2530,#566);
#473=LINE('',#2532,#567);
#474=LINE('',#2534,#568);
#475=LINE('',#2536,#569);
#476=LINE('',#2539,#570);
#477=LINE('',#2541,#571);
#478=LINE('',#2543,#572);
#479=LINE('',#2545,#573);
#480=LINE('',#2547,#574);
#481=VECTOR('',#1618,10.);
#482=VECTOR('',#1619,10.);
#483=VECTOR('',#1620,10.);
#484=VECTOR('',#1621,10.);
#485=VECTOR('',#1624,10.);
#486=VECTOR('',#1625,10.);
#487=VECTOR('',#1626,10.);
#488=VECTOR('',#1627,10.);
#489=VECTOR('',#1638,3.25);
#490=VECTOR('',#1655,10.);
#491=VECTOR('',#1656,10.);
#492=VECTOR('',#1695,10.);
#493=VECTOR('',#1696,10.);
#494=VECTOR('',#1727,10.);
#495=VECTOR('',#1728,10.);
#496=VECTOR('',#1731,10.);
#497=VECTOR('',#1734,10.);
#498=VECTOR('',#1739,10.);
#499=VECTOR('',#1742,10.);
#500=VECTOR('',#1787,10.);
#501=VECTOR('',#1788,10.);
#502=VECTOR('',#1791,10.);
#503=VECTOR('',#1792,10.);
#504=VECTOR('',#1793,10.);
#505=VECTOR('',#1794,10.);
#506=VECTOR('',#1795,10.);
#507=VECTOR('',#1810,84.);
#508=VECTOR('',#1811,10.);
#509=VECTOR('',#1812,10.);
#510=VECTOR('',#1813,10.);
#511=VECTOR('',#1814,10.);
#512=VECTOR('',#1839,10.);
#513=VECTOR('',#1840,10.);
#514=VECTOR('',#1867,10.);
#515=VECTOR('',#1868,10.);
#516=VECTOR('',#1911,10.);
#517=VECTOR('',#1914,62.);
#518=VECTOR('',#1915,62.);
#519=VECTOR('',#1918,84.);
#520=VECTOR('',#1921,10.);
#521=VECTOR('',#1924,10.);
#522=VECTOR('',#1943,10.);
#523=VECTOR('',#1946,10.);
#524=VECTOR('',#1949,10.);
#525=VECTOR('',#1950,84.);
#526=VECTOR('',#1953,62.);
#527=VECTOR('',#1956,84.);
#528=VECTOR('',#1957,10.);
#529=VECTOR('',#1962,62.);
#530=VECTOR('',#1965,10.);
#531=VECTOR('',#1966,10.);
#532=VECTOR('',#1967,10.);
#533=VECTOR('',#1968,10.);
#534=VECTOR('',#1971,10.);
#535=VECTOR('',#1972,10.);
#536=VECTOR('',#1973,10.);
#537=VECTOR('',#1976,10.);
#538=VECTOR('',#1977,10.);
#539=VECTOR('',#1978,10.);
#540=VECTOR('',#1983,0.750000000000002);
#541=VECTOR('',#1988,0.750000000000002);
#542=VECTOR('',#1993,0.750000000000002);
#543=VECTOR('',#1998,0.750000000000002);
#544=VECTOR('',#2001,10.);
#545=VECTOR('',#2002,10.);
#546=VECTOR('',#2003,10.);
#547=VECTOR('',#2004,10.);
#548=VECTOR('',#2007,10.);
#549=VECTOR('',#2008,10.);
#550=VECTOR('',#2011,10.);
#551=VECTOR('',#2012,10.);
#552=VECTOR('',#2013,10.);
#553=VECTOR('',#2016,10.);
#554=VECTOR('',#2017,10.);
#555=VECTOR('',#2018,10.);
#556=VECTOR('',#2019,10.);
#557=VECTOR('',#2020,10.);
#558=VECTOR('',#2021,10.);
#559=VECTOR('',#2022,10.);
#560=VECTOR('',#2025,10.);
#561=VECTOR('',#2026,10.);
#562=VECTOR('',#2031,10.);
#563=VECTOR('',#2032,10.);
#564=VECTOR('',#2035,10.);
#565=VECTOR('',#2038,10.);
#566=VECTOR('',#2043,1.75);
#567=VECTOR('',#2046,1.75);
#568=VECTOR('',#2049,1.75);
#569=VECTOR('',#2052,1.75);
#570=VECTOR('',#2057,3.25);
#571=VECTOR('',#2060,1.75);
#572=VECTOR('',#2063,1.75);
#573=VECTOR('',#2066,1.75);
#574=VECTOR('',#2069,1.75);
#575=VERTEX_POINT('',#2072);
#576=VERTEX_POINT('',#2073);
#577=VERTEX_POINT('',#2075);
#578=VERTEX_POINT('',#2077);
#579=VERTEX_POINT('',#2081);
#580=VERTEX_POINT('',#2082);
#581=VERTEX_POINT('',#2084);
#582=VERTEX_POINT('',#2086);
#583=VERTEX_POINT('',#2092);
#584=VERTEX_POINT('',#2095);
#585=VERTEX_POINT('',#2100);
#586=VERTEX_POINT('',#2101);
#587=VERTEX_POINT('',#2103);
#588=VERTEX_POINT('',#2105);
#589=VERTEX_POINT('',#2116);
#590=VERTEX_POINT('',#2117);
#591=VERTEX_POINT('',#2122);
#592=VERTEX_POINT('',#2123);
#593=VERTEX_POINT('',#2135);
#594=VERTEX_POINT('',#2137);
#595=VERTEX_POINT('',#2140);
#596=VERTEX_POINT('',#2142);
#597=VERTEX_POINT('',#2145);
#598=VERTEX_POINT('',#2147);
#599=VERTEX_POINT('',#2149);
#600=VERTEX_POINT('',#2152);
#601=VERTEX_POINT('',#2153);
#602=VERTEX_POINT('',#2155);
#603=VERTEX_POINT('',#2157);
#604=VERTEX_POINT('',#2168);
#605=VERTEX_POINT('',#2169);
#606=VERTEX_POINT('',#2174);
#607=VERTEX_POINT('',#2175);
#608=VERTEX_POINT('',#2187);
#609=VERTEX_POINT('',#2189);
#610=VERTEX_POINT('',#2191);
#611=VERTEX_POINT('',#2193);
#612=VERTEX_POINT('',#2196);
#613=VERTEX_POINT('',#2198);
#614=VERTEX_POINT('',#2200);
#615=VERTEX_POINT('',#2202);
#616=VERTEX_POINT('',#2204);
#617=VERTEX_POINT('',#2214);
#618=VERTEX_POINT('',#2215);
#619=VERTEX_POINT('',#2217);
#620=VERTEX_POINT('',#2219);
#621=VERTEX_POINT('',#2223);
#622=VERTEX_POINT('',#2224);
#623=VERTEX_POINT('',#2229);
#624=VERTEX_POINT('',#2230);
#625=VERTEX_POINT('',#2235);
#626=VERTEX_POINT('',#2236);
#627=VERTEX_POINT('',#2241);
#628=VERTEX_POINT('',#2242);
#629=VERTEX_POINT('',#2247);
#630=VERTEX_POINT('',#2248);
#631=VERTEX_POINT('',#2253);
#632=VERTEX_POINT('',#2254);
#633=VERTEX_POINT('',#2259);
#634=VERTEX_POINT('',#2261);
#635=VERTEX_POINT('',#2263);
#636=VERTEX_POINT('',#2265);
#637=VERTEX_POINT('',#2268);
#638=VERTEX_POINT('',#2270);
#639=VERTEX_POINT('',#2272);
#640=VERTEX_POINT('',#2274);
#641=VERTEX_POINT('',#2276);
#642=VERTEX_POINT('',#2278);
#643=VERTEX_POINT('',#2281);
#644=VERTEX_POINT('',#2283);
#645=VERTEX_POINT('',#2285);
#646=VERTEX_POINT('',#2287);
#647=VERTEX_POINT('',#2294);
#648=VERTEX_POINT('',#2298);
#649=VERTEX_POINT('',#2299);
#650=VERTEX_POINT('',#2301);
#651=VERTEX_POINT('',#2303);
#652=VERTEX_POINT('',#2312);
#653=VERTEX_POINT('',#2313);
#654=VERTEX_POINT('',#2321);
#655=VERTEX_POINT('',#2339);
#656=VERTEX_POINT('',#2341);
#657=VERTEX_POINT('',#2343);
#658=VERTEX_POINT('',#2347);
#659=VERTEX_POINT('',#2348);
#660=VERTEX_POINT('',#2367);
#661=VERTEX_POINT('',#2368);
#662=VERTEX_POINT('',#2373);
#663=VERTEX_POINT('',#2374);
#664=VERTEX_POINT('',#2379);
#665=VERTEX_POINT('',#2380);
#666=VERTEX_POINT('',#2385);
#667=VERTEX_POINT('',#2386);
#668=VERTEX_POINT('',#2391);
#669=VERTEX_POINT('',#2392);
#670=VERTEX_POINT('',#2397);
#671=VERTEX_POINT('',#2398);
#672=VERTEX_POINT('',#2403);
#673=VERTEX_POINT('',#2419);
#674=VERTEX_POINT('',#2421);
#675=VERTEX_POINT('',#2423);
#676=VERTEX_POINT('',#2425);
#677=VERTEX_POINT('',#2427);
#678=VERTEX_POINT('',#2429);
#679=VERTEX_POINT('',#2431);
#680=VERTEX_POINT('',#2449);
#681=VERTEX_POINT('',#2450);
#682=VERTEX_POINT('',#2452);
#683=VERTEX_POINT('',#2454);
#684=VERTEX_POINT('',#2458);
#685=VERTEX_POINT('',#2460);
#686=VERTEX_POINT('',#2464);
#687=VERTEX_POINT('',#2466);
#688=VERTEX_POINT('',#2469);
#689=VERTEX_POINT('',#2472);
#690=VERTEX_POINT('',#2476);
#691=VERTEX_POINT('',#2480);
#692=VERTEX_POINT('',#2486);
#693=VERTEX_POINT('',#2487);
#694=VERTEX_POINT('',#2489);
#695=VERTEX_POINT('',#2491);
#696=VERTEX_POINT('',#2498);
#697=VERTEX_POINT('',#2499);
#698=VERTEX_POINT('',#2504);
#699=VERTEX_POINT('',#2505);
#700=VERTEX_POINT('',#2507);
#701=VERTEX_POINT('',#2509);
#702=VERTEX_POINT('',#2511);
#703=VERTEX_POINT('',#2514);
#704=EDGE_CURVE('',#575,#576,#387,.T.);
#705=EDGE_CURVE('',#575,#577,#388,.T.);
#706=EDGE_CURVE('',#577,#578,#389,.T.);
#707=EDGE_CURVE('',#576,#578,#390,.T.);
#708=EDGE_CURVE('',#579,#580,#391,.T.);
#709=EDGE_CURVE('',#581,#579,#392,.T.);
#710=EDGE_CURVE('',#581,#582,#393,.T.);
#711=EDGE_CURVE('',#580,#582,#394,.T.);
#712=EDGE_CURVE('',#578,#581,#101,.T.);
#713=EDGE_CURVE('',#582,#577,#102,.T.);
#714=EDGE_CURVE('',#583,#583,#103,.T.);
#715=EDGE_CURVE('',#582,#584,#395,.T.);
#716=EDGE_CURVE('',#584,#584,#104,.T.);
#717=EDGE_CURVE('',#580,#575,#105,.T.);
#718=EDGE_CURVE('',#585,#586,#106,.T.);
#719=EDGE_CURVE('',#586,#587,#107,.T.);
#720=EDGE_CURVE('',#587,#588,#17,.T.);
#721=EDGE_CURVE('',#588,#585,#108,.T.);
#722=EDGE_CURVE('',#589,#590,#109,.T.);
#723=EDGE_CURVE('',#590,#586,#396,.T.);
#724=EDGE_CURVE('',#585,#589,#397,.T.);
#725=EDGE_CURVE('',#591,#592,#18,.T.);
#726=EDGE_CURVE('',#592,#590,#110,.T.);
#727=EDGE_CURVE('',#589,#591,#111,.T.);
#728=EDGE_CURVE('',#576,#593,#112,.T.);
#729=EDGE_CURVE('',#593,#594,#113,.F.);
#730=EDGE_CURVE('',#591,#594,#114,.T.);
#731=EDGE_CURVE('',#595,#588,#115,.T.);
#732=EDGE_CURVE('',#596,#595,#116,.T.);
#733=EDGE_CURVE('',#596,#579,#117,.T.);
#734=EDGE_CURVE('',#597,#597,#118,.T.);
#735=EDGE_CURVE('',#598,#598,#119,.T.);
#736=EDGE_CURVE('',#599,#599,#120,.T.);
#737=EDGE_CURVE('',#600,#601,#121,.T.);
#738=EDGE_CURVE('',#601,#602,#122,.T.);
#739=EDGE_CURVE('',#602,#603,#19,.T.);
#740=EDGE_CURVE('',#603,#600,#123,.T.);
#741=EDGE_CURVE('',#604,#605,#124,.T.);
#742=EDGE_CURVE('',#605,#601,#398,.T.);
#743=EDGE_CURVE('',#600,#604,#399,.T.);
#744=EDGE_CURVE('',#606,#607,#20,.T.);
#745=EDGE_CURVE('',#607,#605,#125,.T.);
#746=EDGE_CURVE('',#604,#606,#126,.T.);
#747=EDGE_CURVE('',#608,#603,#127,.T.);
#748=EDGE_CURVE('',#609,#608,#128,.T.);
#749=EDGE_CURVE('',#609,#610,#129,.T.);
#750=EDGE_CURVE('',#610,#611,#130,.F.);
#751=EDGE_CURVE('',#606,#611,#131,.T.);
#752=EDGE_CURVE('',#612,#612,#132,.T.);
#753=EDGE_CURVE('',#613,#613,#133,.T.);
#754=EDGE_CURVE('',#614,#614,#134,.T.);
#755=EDGE_CURVE('',#615,#615,#135,.T.);
#756=EDGE_CURVE('',#616,#616,#136,.T.);
#757=EDGE_CURVE('',#592,#602,#400,.T.);
#758=EDGE_CURVE('',#601,#590,#401,.T.);
#759=EDGE_CURVE('',#586,#605,#402,.T.);
#760=EDGE_CURVE('',#607,#587,#403,.T.);
#761=EDGE_CURVE('',#617,#618,#137,.T.);
#762=EDGE_CURVE('',#618,#619,#404,.T.);
#763=EDGE_CURVE('',#619,#620,#138,.T.);
#764=EDGE_CURVE('',#620,#617,#405,.T.);
#765=EDGE_CURVE('',#621,#622,#139,.T.);
#766=EDGE_CURVE('',#622,#620,#140,.T.);
#767=EDGE_CURVE('',#619,#621,#141,.T.);
#768=EDGE_CURVE('',#623,#624,#142,.T.);
#769=EDGE_CURVE('',#624,#622,#143,.T.);
#770=EDGE_CURVE('',#621,#623,#144,.T.);
#771=EDGE_CURVE('',#625,#626,#145,.T.);
#772=EDGE_CURVE('',#626,#624,#146,.T.);
#773=EDGE_CURVE('',#623,#625,#147,.T.);
#774=EDGE_CURVE('',#627,#628,#148,.T.);
#775=EDGE_CURVE('',#628,#626,#149,.T.);
#776=EDGE_CURVE('',#625,#627,#150,.T.);
#777=EDGE_CURVE('',#629,#630,#151,.T.);
#778=EDGE_CURVE('',#630,#628,#152,.T.);
#779=EDGE_CURVE('',#627,#629,#153,.T.);
#780=EDGE_CURVE('',#631,#632,#154,.T.);
#781=EDGE_CURVE('',#632,#630,#406,.T.);
#782=EDGE_CURVE('',#629,#631,#407,.T.);
#783=EDGE_CURVE('',#618,#633,#408,.T.);
#784=EDGE_CURVE('',#633,#634,#409,.T.);
#785=EDGE_CURVE('',#634,#635,#410,.T.);
#786=EDGE_CURVE('',#635,#636,#411,.T.);
#787=EDGE_CURVE('',#636,#631,#412,.T.);
#788=EDGE_CURVE('',#637,#637,#155,.T.);
#789=EDGE_CURVE('',#638,#638,#156,.T.);
#790=EDGE_CURVE('',#639,#639,#157,.T.);
#791=EDGE_CURVE('',#640,#640,#158,.T.);
#792=EDGE_CURVE('',#641,#641,#159,.T.);
#793=EDGE_CURVE('',#642,#642,#160,.T.);
#794=EDGE_CURVE('',#643,#620,#413,.T.);
#795=EDGE_CURVE('',#644,#643,#414,.T.);
#796=EDGE_CURVE('',#645,#644,#415,.T.);
#797=EDGE_CURVE('',#646,#645,#21,.T.);
#798=EDGE_CURVE('',#646,#647,#416,.T.);
#799=EDGE_CURVE('',#647,#617,#417,.T.);
#800=EDGE_CURVE('',#648,#649,#161,.T.);
#801=EDGE_CURVE('',#649,#650,#162,.T.);
#802=EDGE_CURVE('',#650,#651,#22,.T.);
#803=EDGE_CURVE('',#651,#648,#163,.T.);
#804=EDGE_CURVE('',#652,#653,#164,.T.);
#805=EDGE_CURVE('',#653,#649,#165,.T.);
#806=EDGE_CURVE('',#648,#652,#166,.T.);
#807=EDGE_CURVE('',#645,#653,#167,.T.);
#808=EDGE_CURVE('',#652,#646,#168,.T.);
#809=EDGE_CURVE('',#654,#651,#418,.T.);
#810=EDGE_CURVE('',#647,#654,#419,.T.);
#811=EDGE_CURVE('',#644,#655,#169,.T.);
#812=EDGE_CURVE('',#655,#656,#170,.T.);
#813=EDGE_CURVE('',#656,#657,#171,.T.);
#814=EDGE_CURVE('',#657,#644,#172,.T.);
#815=EDGE_CURVE('',#658,#659,#173,.T.);
#816=EDGE_CURVE('',#659,#657,#174,.T.);
#817=EDGE_CURVE('',#656,#658,#175,.T.);
#818=EDGE_CURVE('',#660,#661,#176,.T.);
#819=EDGE_CURVE('',#661,#659,#177,.T.);
#820=EDGE_CURVE('',#658,#660,#178,.T.);
#821=EDGE_CURVE('',#662,#663,#179,.T.);
#822=EDGE_CURVE('',#663,#661,#420,.T.);
#823=EDGE_CURVE('',#660,#662,#421,.T.);
#824=EDGE_CURVE('',#664,#665,#180,.T.);
#825=EDGE_CURVE('',#665,#663,#181,.T.);
#826=EDGE_CURVE('',#662,#664,#182,.T.);
#827=EDGE_CURVE('',#666,#667,#183,.T.);
#828=EDGE_CURVE('',#667,#665,#184,.T.);
#829=EDGE_CURVE('',#664,#666,#185,.T.);
#830=EDGE_CURVE('',#668,#669,#186,.T.);
#831=EDGE_CURVE('',#669,#667,#187,.T.);
#832=EDGE_CURVE('',#666,#668,#188,.T.);
#833=EDGE_CURVE('',#670,#671,#189,.T.);
#834=EDGE_CURVE('',#671,#669,#190,.T.);
#835=EDGE_CURVE('',#668,#670,#191,.T.);
#836=EDGE_CURVE('',#672,#643,#192,.T.);
#837=EDGE_CURVE('',#643,#671,#193,.T.);
#838=EDGE_CURVE('',#670,#672,#194,.T.);
#839=EDGE_CURVE('',#672,#655,#422,.T.);
#840=EDGE_CURVE('',#610,#669,#423,.T.);
#841=EDGE_CURVE('',#667,#609,#424,.T.);
#842=EDGE_CURVE('',#611,#671,#425,.T.);
#843=EDGE_CURVE('',#622,#595,#426,.T.);
#844=EDGE_CURVE('',#657,#653,#427,.T.);
#845=EDGE_CURVE('',#673,#673,#195,.T.);
#846=EDGE_CURVE('',#674,#674,#196,.T.);
#847=EDGE_CURVE('',#675,#675,#197,.T.);
#848=EDGE_CURVE('',#676,#676,#198,.T.);
#849=EDGE_CURVE('',#677,#677,#199,.T.);
#850=EDGE_CURVE('',#678,#678,#200,.T.);
#851=EDGE_CURVE('',#679,#679,#201,.T.);
#852=EDGE_CURVE('',#649,#659,#428,.T.);
#853=EDGE_CURVE('',#661,#650,#429,.T.);
#854=EDGE_CURVE('',#654,#632,#430,.T.);
#855=EDGE_CURVE('',#630,#663,#431,.T.);
#856=EDGE_CURVE('',#624,#596,#432,.T.);
#857=EDGE_CURVE('',#594,#628,#433,.T.);
#858=EDGE_CURVE('',#665,#608,#434,.T.);
#859=EDGE_CURVE('',#593,#626,#435,.T.);
#860=EDGE_CURVE('',#680,#681,#436,.T.);
#861=EDGE_CURVE('',#682,#680,#437,.F.);
#862=EDGE_CURVE('',#682,#683,#438,.T.);
#863=EDGE_CURVE('',#683,#681,#439,.T.);
#864=EDGE_CURVE('',#684,#680,#440,.F.);
#865=EDGE_CURVE('',#685,#684,#441,.T.);
#866=EDGE_CURVE('',#685,#682,#442,.T.);
#867=EDGE_CURVE('',#686,#684,#443,.F.);
#868=EDGE_CURVE('',#687,#686,#444,.F.);
#869=EDGE_CURVE('',#687,#685,#445,.T.);
#870=EDGE_CURVE('',#688,#688,#202,.F.);
#871=EDGE_CURVE('',#638,#689,#446,.T.);
#872=EDGE_CURVE('',#689,#689,#203,.F.);
#873=EDGE_CURVE('',#637,#690,#447,.T.);
#874=EDGE_CURVE('',#690,#690,#204,.F.);
#875=EDGE_CURVE('',#679,#691,#448,.T.);
#876=EDGE_CURVE('',#691,#691,#205,.F.);
#877=EDGE_CURVE('',#678,#688,#449,.T.);
#878=EDGE_CURVE('',#692,#693,#450,.F.);
#879=EDGE_CURVE('',#694,#692,#451,.F.);
#880=EDGE_CURVE('',#694,#695,#452,.T.);
#881=EDGE_CURVE('',#693,#695,#453,.T.);
#882=EDGE_CURVE('',#681,#692,#454,.T.);
#883=EDGE_CURVE('',#683,#694,#455,.T.);
#884=EDGE_CURVE('',#696,#697,#456,.T.);
#885=EDGE_CURVE('',#697,#693,#457,.T.);
#886=EDGE_CURVE('',#695,#696,#458,.T.);
#887=EDGE_CURVE('',#698,#699,#459,.F.);
#888=EDGE_CURVE('',#699,#700,#460,.T.);
#889=EDGE_CURVE('',#700,#701,#461,.T.);
#890=EDGE_CURVE('',#702,#701,#462,.F.);
#891=EDGE_CURVE('',#702,#697,#463,.T.);
#892=EDGE_CURVE('',#696,#703,#464,.T.);
#893=EDGE_CURVE('',#703,#698,#465,.T.);
#894=EDGE_CURVE('',#687,#701,#466,.T.);
#895=EDGE_CURVE('',#686,#702,#467,.F.);
#896=EDGE_CURVE('',#634,#699,#468,.T.);
#897=EDGE_CURVE('',#698,#635,#469,.T.);
#898=EDGE_CURVE('',#703,#636,#470,.T.);
#899=EDGE_CURVE('',#700,#633,#471,.T.);
#900=EDGE_CURVE('',#583,#639,#472,.T.);
#901=EDGE_CURVE('',#599,#640,#473,.T.);
#902=EDGE_CURVE('',#598,#641,#474,.T.);
#903=EDGE_CURVE('',#597,#642,#475,.T.);
#904=EDGE_CURVE('',#616,#673,#476,.T.);
#905=EDGE_CURVE('',#615,#674,#477,.T.);
#906=EDGE_CURVE('',#614,#675,#478,.T.);
#907=EDGE_CURVE('',#613,#676,#479,.T.);
#908=EDGE_CURVE('',#612,#677,#480,.T.);
#909=ORIENTED_EDGE('',*,*,#704,.F.);
#910=ORIENTED_EDGE('',*,*,#705,.T.);
#911=ORIENTED_EDGE('',*,*,#706,.T.);
#912=ORIENTED_EDGE('',*,*,#707,.F.);
#913=ORIENTED_EDGE('',*,*,#708,.F.);
#914=ORIENTED_EDGE('',*,*,#709,.F.);
#915=ORIENTED_EDGE('',*,*,#710,.T.);
#916=ORIENTED_EDGE('',*,*,#711,.F.);
#917=ORIENTED_EDGE('',*,*,#710,.F.);
#918=ORIENTED_EDGE('',*,*,#712,.F.);
#919=ORIENTED_EDGE('',*,*,#706,.F.);
#920=ORIENTED_EDGE('',*,*,#713,.F.);
#921=ORIENTED_EDGE('',*,*,#714,.F.);
#922=ORIENTED_EDGE('',*,*,#711,.T.);
#923=ORIENTED_EDGE('',*,*,#715,.T.);
#924=ORIENTED_EDGE('',*,*,#716,.F.);
#925=ORIENTED_EDGE('',*,*,#715,.F.);
#926=ORIENTED_EDGE('',*,*,#713,.T.);
#927=ORIENTED_EDGE('',*,*,#705,.F.);
#928=ORIENTED_EDGE('',*,*,#717,.F.);
#929=ORIENTED_EDGE('',*,*,#718,.T.);
#930=ORIENTED_EDGE('',*,*,#719,.T.);
#931=ORIENTED_EDGE('',*,*,#720,.T.);
#932=ORIENTED_EDGE('',*,*,#721,.T.);
#933=ORIENTED_EDGE('',*,*,#722,.T.);
#934=ORIENTED_EDGE('',*,*,#723,.T.);
#935=ORIENTED_EDGE('',*,*,#718,.F.);
#936=ORIENTED_EDGE('',*,*,#724,.T.);
#937=ORIENTED_EDGE('',*,*,#725,.T.);
#938=ORIENTED_EDGE('',*,*,#726,.T.);
#939=ORIENTED_EDGE('',*,*,#722,.F.);
#940=ORIENTED_EDGE('',*,*,#727,.T.);
#941=ORIENTED_EDGE('',*,*,#708,.T.);
#942=ORIENTED_EDGE('',*,*,#717,.T.);
#943=ORIENTED_EDGE('',*,*,#704,.T.);
#944=ORIENTED_EDGE('',*,*,#728,.T.);
#945=ORIENTED_EDGE('',*,*,#729,.T.);
#946=ORIENTED_EDGE('',*,*,#730,.F.);
#947=ORIENTED_EDGE('',*,*,#727,.F.);
#948=ORIENTED_EDGE('',*,*,#724,.F.);
#949=ORIENTED_EDGE('',*,*,#721,.F.);
#950=ORIENTED_EDGE('',*,*,#731,.F.);
#951=ORIENTED_EDGE('',*,*,#732,.F.);
#952=ORIENTED_EDGE('',*,*,#733,.T.);
#953=ORIENTED_EDGE('',*,*,#734,.T.);
#954=ORIENTED_EDGE('',*,*,#735,.T.);
#955=ORIENTED_EDGE('',*,*,#736,.T.);
#956=ORIENTED_EDGE('',*,*,#737,.T.);
#957=ORIENTED_EDGE('',*,*,#738,.T.);
#958=ORIENTED_EDGE('',*,*,#739,.T.);
#959=ORIENTED_EDGE('',*,*,#740,.T.);
#960=ORIENTED_EDGE('',*,*,#741,.T.);
#961=ORIENTED_EDGE('',*,*,#742,.T.);
#962=ORIENTED_EDGE('',*,*,#737,.F.);
#963=ORIENTED_EDGE('',*,*,#743,.T.);
#964=ORIENTED_EDGE('',*,*,#744,.T.);
#965=ORIENTED_EDGE('',*,*,#745,.T.);
#966=ORIENTED_EDGE('',*,*,#741,.F.);
#967=ORIENTED_EDGE('',*,*,#746,.T.);
#968=ORIENTED_EDGE('',*,*,#746,.F.);
#969=ORIENTED_EDGE('',*,*,#743,.F.);
#970=ORIENTED_EDGE('',*,*,#740,.F.);
#971=ORIENTED_EDGE('',*,*,#747,.F.);
#972=ORIENTED_EDGE('',*,*,#748,.F.);
#973=ORIENTED_EDGE('',*,*,#749,.T.);
#974=ORIENTED_EDGE('',*,*,#750,.T.);
#975=ORIENTED_EDGE('',*,*,#751,.F.);
#976=ORIENTED_EDGE('',*,*,#752,.T.);
#977=ORIENTED_EDGE('',*,*,#753,.T.);
#978=ORIENTED_EDGE('',*,*,#754,.T.);
#979=ORIENTED_EDGE('',*,*,#755,.T.);
#980=ORIENTED_EDGE('',*,*,#756,.T.);
#981=ORIENTED_EDGE('',*,*,#726,.F.);
#982=ORIENTED_EDGE('',*,*,#757,.T.);
#983=ORIENTED_EDGE('',*,*,#738,.F.);
#984=ORIENTED_EDGE('',*,*,#758,.T.);
#985=ORIENTED_EDGE('',*,*,#723,.F.);
#986=ORIENTED_EDGE('',*,*,#758,.F.);
#987=ORIENTED_EDGE('',*,*,#742,.F.);
#988=ORIENTED_EDGE('',*,*,#759,.F.);
#989=ORIENTED_EDGE('',*,*,#719,.F.);
#990=ORIENTED_EDGE('',*,*,#759,.T.);
#991=ORIENTED_EDGE('',*,*,#745,.F.);
#992=ORIENTED_EDGE('',*,*,#760,.T.);
#993=ORIENTED_EDGE('',*,*,#761,.T.);
#994=ORIENTED_EDGE('',*,*,#762,.T.);
#995=ORIENTED_EDGE('',*,*,#763,.T.);
#996=ORIENTED_EDGE('',*,*,#764,.T.);
#997=ORIENTED_EDGE('',*,*,#765,.T.);
#998=ORIENTED_EDGE('',*,*,#766,.T.);
#999=ORIENTED_EDGE('',*,*,#763,.F.);
#1000=ORIENTED_EDGE('',*,*,#767,.T.);
#1001=ORIENTED_EDGE('',*,*,#768,.T.);
#1002=ORIENTED_EDGE('',*,*,#769,.T.);
#1003=ORIENTED_EDGE('',*,*,#765,.F.);
#1004=ORIENTED_EDGE('',*,*,#770,.T.);
#1005=ORIENTED_EDGE('',*,*,#771,.T.);
#1006=ORIENTED_EDGE('',*,*,#772,.T.);
#1007=ORIENTED_EDGE('',*,*,#768,.F.);
#1008=ORIENTED_EDGE('',*,*,#773,.T.);
#1009=ORIENTED_EDGE('',*,*,#774,.T.);
#1010=ORIENTED_EDGE('',*,*,#775,.T.);
#1011=ORIENTED_EDGE('',*,*,#771,.F.);
#1012=ORIENTED_EDGE('',*,*,#776,.T.);
#1013=ORIENTED_EDGE('',*,*,#777,.T.);
#1014=ORIENTED_EDGE('',*,*,#778,.T.);
#1015=ORIENTED_EDGE('',*,*,#774,.F.);
#1016=ORIENTED_EDGE('',*,*,#779,.T.);
#1017=ORIENTED_EDGE('',*,*,#780,.T.);
#1018=ORIENTED_EDGE('',*,*,#781,.T.);
#1019=ORIENTED_EDGE('',*,*,#777,.F.);
#1020=ORIENTED_EDGE('',*,*,#782,.T.);
#1021=ORIENTED_EDGE('',*,*,#782,.F.);
#1022=ORIENTED_EDGE('',*,*,#779,.F.);
#1023=ORIENTED_EDGE('',*,*,#776,.F.);
#1024=ORIENTED_EDGE('',*,*,#773,.F.);
#1025=ORIENTED_EDGE('',*,*,#770,.F.);
#1026=ORIENTED_EDGE('',*,*,#767,.F.);
#1027=ORIENTED_EDGE('',*,*,#762,.F.);
#1028=ORIENTED_EDGE('',*,*,#783,.T.);
#1029=ORIENTED_EDGE('',*,*,#784,.T.);
#1030=ORIENTED_EDGE('',*,*,#785,.T.);
#1031=ORIENTED_EDGE('',*,*,#786,.T.);
#1032=ORIENTED_EDGE('',*,*,#787,.T.);
#1033=ORIENTED_EDGE('',*,*,#788,.T.);
#1034=ORIENTED_EDGE('',*,*,#789,.T.);
#1035=ORIENTED_EDGE('',*,*,#790,.T.);
#1036=ORIENTED_EDGE('',*,*,#791,.T.);
#1037=ORIENTED_EDGE('',*,*,#792,.T.);
#1038=ORIENTED_EDGE('',*,*,#793,.T.);
#1039=ORIENTED_EDGE('',*,*,#716,.T.);
#1040=ORIENTED_EDGE('',*,*,#764,.F.);
#1041=ORIENTED_EDGE('',*,*,#794,.F.);
#1042=ORIENTED_EDGE('',*,*,#795,.F.);
#1043=ORIENTED_EDGE('',*,*,#796,.F.);
#1044=ORIENTED_EDGE('',*,*,#797,.F.);
#1045=ORIENTED_EDGE('',*,*,#798,.T.);
#1046=ORIENTED_EDGE('',*,*,#799,.T.);
#1047=ORIENTED_EDGE('',*,*,#800,.T.);
#1048=ORIENTED_EDGE('',*,*,#801,.T.);
#1049=ORIENTED_EDGE('',*,*,#802,.T.);
#1050=ORIENTED_EDGE('',*,*,#803,.T.);
#1051=ORIENTED_EDGE('',*,*,#804,.T.);
#1052=ORIENTED_EDGE('',*,*,#805,.T.);
#1053=ORIENTED_EDGE('',*,*,#800,.F.);
#1054=ORIENTED_EDGE('',*,*,#806,.T.);
#1055=ORIENTED_EDGE('',*,*,#797,.T.);
#1056=ORIENTED_EDGE('',*,*,#807,.T.);
#1057=ORIENTED_EDGE('',*,*,#804,.F.);
#1058=ORIENTED_EDGE('',*,*,#808,.T.);
#1059=ORIENTED_EDGE('',*,*,#808,.F.);
#1060=ORIENTED_EDGE('',*,*,#806,.F.);
#1061=ORIENTED_EDGE('',*,*,#803,.F.);
#1062=ORIENTED_EDGE('',*,*,#809,.F.);
#1063=ORIENTED_EDGE('',*,*,#810,.F.);
#1064=ORIENTED_EDGE('',*,*,#798,.F.);
#1065=ORIENTED_EDGE('',*,*,#811,.T.);
#1066=ORIENTED_EDGE('',*,*,#812,.T.);
#1067=ORIENTED_EDGE('',*,*,#813,.T.);
#1068=ORIENTED_EDGE('',*,*,#814,.T.);
#1069=ORIENTED_EDGE('',*,*,#815,.T.);
#1070=ORIENTED_EDGE('',*,*,#816,.T.);
#1071=ORIENTED_EDGE('',*,*,#813,.F.);
#1072=ORIENTED_EDGE('',*,*,#817,.T.);
#1073=ORIENTED_EDGE('',*,*,#818,.T.);
#1074=ORIENTED_EDGE('',*,*,#819,.T.);
#1075=ORIENTED_EDGE('',*,*,#815,.F.);
#1076=ORIENTED_EDGE('',*,*,#820,.T.);
#1077=ORIENTED_EDGE('',*,*,#821,.T.);
#1078=ORIENTED_EDGE('',*,*,#822,.T.);
#1079=ORIENTED_EDGE('',*,*,#818,.F.);
#1080=ORIENTED_EDGE('',*,*,#823,.T.);
#1081=ORIENTED_EDGE('',*,*,#824,.T.);
#1082=ORIENTED_EDGE('',*,*,#825,.T.);
#1083=ORIENTED_EDGE('',*,*,#821,.F.);
#1084=ORIENTED_EDGE('',*,*,#826,.T.);
#1085=ORIENTED_EDGE('',*,*,#827,.T.);
#1086=ORIENTED_EDGE('',*,*,#828,.T.);
#1087=ORIENTED_EDGE('',*,*,#824,.F.);
#1088=ORIENTED_EDGE('',*,*,#829,.T.);
#1089=ORIENTED_EDGE('',*,*,#830,.T.);
#1090=ORIENTED_EDGE('',*,*,#831,.T.);
#1091=ORIENTED_EDGE('',*,*,#827,.F.);
#1092=ORIENTED_EDGE('',*,*,#832,.T.);
#1093=ORIENTED_EDGE('',*,*,#833,.T.);
#1094=ORIENTED_EDGE('',*,*,#834,.T.);
#1095=ORIENTED_EDGE('',*,*,#830,.F.);
#1096=ORIENTED_EDGE('',*,*,#835,.T.);
#1097=ORIENTED_EDGE('',*,*,#836,.T.);
#1098=ORIENTED_EDGE('',*,*,#837,.T.);
#1099=ORIENTED_EDGE('',*,*,#833,.F.);
#1100=ORIENTED_EDGE('',*,*,#838,.T.);
#1101=ORIENTED_EDGE('',*,*,#836,.F.);
#1102=ORIENTED_EDGE('',*,*,#839,.T.);
#1103=ORIENTED_EDGE('',*,*,#811,.F.);
#1104=ORIENTED_EDGE('',*,*,#795,.T.);
#1105=ORIENTED_EDGE('',*,*,#831,.F.);
#1106=ORIENTED_EDGE('',*,*,#840,.F.);
#1107=ORIENTED_EDGE('',*,*,#749,.F.);
#1108=ORIENTED_EDGE('',*,*,#841,.F.);
#1109=ORIENTED_EDGE('',*,*,#834,.F.);
#1110=ORIENTED_EDGE('',*,*,#842,.F.);
#1111=ORIENTED_EDGE('',*,*,#750,.F.);
#1112=ORIENTED_EDGE('',*,*,#840,.T.);
#1113=ORIENTED_EDGE('',*,*,#751,.T.);
#1114=ORIENTED_EDGE('',*,*,#842,.T.);
#1115=ORIENTED_EDGE('',*,*,#837,.F.);
#1116=ORIENTED_EDGE('',*,*,#794,.T.);
#1117=ORIENTED_EDGE('',*,*,#766,.F.);
#1118=ORIENTED_EDGE('',*,*,#843,.T.);
#1119=ORIENTED_EDGE('',*,*,#731,.T.);
#1120=ORIENTED_EDGE('',*,*,#720,.F.);
#1121=ORIENTED_EDGE('',*,*,#760,.F.);
#1122=ORIENTED_EDGE('',*,*,#744,.F.);
#1123=ORIENTED_EDGE('',*,*,#807,.F.);
#1124=ORIENTED_EDGE('',*,*,#796,.T.);
#1125=ORIENTED_EDGE('',*,*,#814,.F.);
#1126=ORIENTED_EDGE('',*,*,#844,.T.);
#1127=ORIENTED_EDGE('',*,*,#812,.F.);
#1128=ORIENTED_EDGE('',*,*,#839,.F.);
#1129=ORIENTED_EDGE('',*,*,#838,.F.);
#1130=ORIENTED_EDGE('',*,*,#835,.F.);
#1131=ORIENTED_EDGE('',*,*,#832,.F.);
#1132=ORIENTED_EDGE('',*,*,#829,.F.);
#1133=ORIENTED_EDGE('',*,*,#826,.F.);
#1134=ORIENTED_EDGE('',*,*,#823,.F.);
#1135=ORIENTED_EDGE('',*,*,#820,.F.);
#1136=ORIENTED_EDGE('',*,*,#817,.F.);
#1137=ORIENTED_EDGE('',*,*,#845,.T.);
#1138=ORIENTED_EDGE('',*,*,#846,.T.);
#1139=ORIENTED_EDGE('',*,*,#847,.T.);
#1140=ORIENTED_EDGE('',*,*,#848,.T.);
#1141=ORIENTED_EDGE('',*,*,#849,.T.);
#1142=ORIENTED_EDGE('',*,*,#850,.T.);
#1143=ORIENTED_EDGE('',*,*,#851,.T.);
#1144=ORIENTED_EDGE('',*,*,#805,.F.);
#1145=ORIENTED_EDGE('',*,*,#844,.F.);
#1146=ORIENTED_EDGE('',*,*,#816,.F.);
#1147=ORIENTED_EDGE('',*,*,#852,.F.);
#1148=ORIENTED_EDGE('',*,*,#801,.F.);
#1149=ORIENTED_EDGE('',*,*,#852,.T.);
#1150=ORIENTED_EDGE('',*,*,#819,.F.);
#1151=ORIENTED_EDGE('',*,*,#853,.T.);
#1152=ORIENTED_EDGE('',*,*,#781,.F.);
#1153=ORIENTED_EDGE('',*,*,#854,.F.);
#1154=ORIENTED_EDGE('',*,*,#809,.T.);
#1155=ORIENTED_EDGE('',*,*,#802,.F.);
#1156=ORIENTED_EDGE('',*,*,#853,.F.);
#1157=ORIENTED_EDGE('',*,*,#822,.F.);
#1158=ORIENTED_EDGE('',*,*,#855,.F.);
#1159=ORIENTED_EDGE('',*,*,#769,.F.);
#1160=ORIENTED_EDGE('',*,*,#856,.T.);
#1161=ORIENTED_EDGE('',*,*,#732,.T.);
#1162=ORIENTED_EDGE('',*,*,#843,.F.);
#1163=ORIENTED_EDGE('',*,*,#730,.T.);
#1164=ORIENTED_EDGE('',*,*,#857,.T.);
#1165=ORIENTED_EDGE('',*,*,#778,.F.);
#1166=ORIENTED_EDGE('',*,*,#855,.T.);
#1167=ORIENTED_EDGE('',*,*,#825,.F.);
#1168=ORIENTED_EDGE('',*,*,#858,.T.);
#1169=ORIENTED_EDGE('',*,*,#747,.T.);
#1170=ORIENTED_EDGE('',*,*,#739,.F.);
#1171=ORIENTED_EDGE('',*,*,#757,.F.);
#1172=ORIENTED_EDGE('',*,*,#725,.F.);
#1173=ORIENTED_EDGE('',*,*,#828,.F.);
#1174=ORIENTED_EDGE('',*,*,#841,.T.);
#1175=ORIENTED_EDGE('',*,*,#748,.T.);
#1176=ORIENTED_EDGE('',*,*,#858,.F.);
#1177=ORIENTED_EDGE('',*,*,#775,.F.);
#1178=ORIENTED_EDGE('',*,*,#857,.F.);
#1179=ORIENTED_EDGE('',*,*,#729,.F.);
#1180=ORIENTED_EDGE('',*,*,#859,.T.);
#1181=ORIENTED_EDGE('',*,*,#860,.F.);
#1182=ORIENTED_EDGE('',*,*,#861,.F.);
#1183=ORIENTED_EDGE('',*,*,#862,.T.);
#1184=ORIENTED_EDGE('',*,*,#863,.T.);
#1185=ORIENTED_EDGE('',*,*,#864,.F.);
#1186=ORIENTED_EDGE('',*,*,#865,.F.);
#1187=ORIENTED_EDGE('',*,*,#866,.T.);
#1188=ORIENTED_EDGE('',*,*,#861,.T.);
#1189=ORIENTED_EDGE('',*,*,#867,.F.);
#1190=ORIENTED_EDGE('',*,*,#868,.F.);
#1191=ORIENTED_EDGE('',*,*,#869,.T.);
#1192=ORIENTED_EDGE('',*,*,#865,.T.);
#1193=ORIENTED_EDGE('',*,*,#870,.T.);
#1194=ORIENTED_EDGE('',*,*,#789,.F.);
#1195=ORIENTED_EDGE('',*,*,#871,.T.);
#1196=ORIENTED_EDGE('',*,*,#872,.F.);
#1197=ORIENTED_EDGE('',*,*,#871,.F.);
#1198=ORIENTED_EDGE('',*,*,#788,.F.);
#1199=ORIENTED_EDGE('',*,*,#873,.T.);
#1200=ORIENTED_EDGE('',*,*,#874,.F.);
#1201=ORIENTED_EDGE('',*,*,#873,.F.);
#1202=ORIENTED_EDGE('',*,*,#851,.F.);
#1203=ORIENTED_EDGE('',*,*,#875,.T.);
#1204=ORIENTED_EDGE('',*,*,#876,.F.);
#1205=ORIENTED_EDGE('',*,*,#875,.F.);
#1206=ORIENTED_EDGE('',*,*,#850,.F.);
#1207=ORIENTED_EDGE('',*,*,#877,.T.);
#1208=ORIENTED_EDGE('',*,*,#870,.F.);
#1209=ORIENTED_EDGE('',*,*,#877,.F.);
#1210=ORIENTED_EDGE('',*,*,#878,.F.);
#1211=ORIENTED_EDGE('',*,*,#879,.F.);
#1212=ORIENTED_EDGE('',*,*,#880,.T.);
#1213=ORIENTED_EDGE('',*,*,#881,.F.);
#1214=ORIENTED_EDGE('',*,*,#876,.T.);
#1215=ORIENTED_EDGE('',*,*,#882,.F.);
#1216=ORIENTED_EDGE('',*,*,#863,.F.);
#1217=ORIENTED_EDGE('',*,*,#883,.T.);
#1218=ORIENTED_EDGE('',*,*,#879,.T.);
#1219=ORIENTED_EDGE('',*,*,#884,.T.);
#1220=ORIENTED_EDGE('',*,*,#885,.T.);
#1221=ORIENTED_EDGE('',*,*,#881,.T.);
#1222=ORIENTED_EDGE('',*,*,#886,.T.);
#1223=ORIENTED_EDGE('',*,*,#887,.T.);
#1224=ORIENTED_EDGE('',*,*,#888,.T.);
#1225=ORIENTED_EDGE('',*,*,#889,.T.);
#1226=ORIENTED_EDGE('',*,*,#890,.F.);
#1227=ORIENTED_EDGE('',*,*,#891,.T.);
#1228=ORIENTED_EDGE('',*,*,#884,.F.);
#1229=ORIENTED_EDGE('',*,*,#892,.T.);
#1230=ORIENTED_EDGE('',*,*,#893,.T.);
#1231=ORIENTED_EDGE('',*,*,#872,.T.);
#1232=ORIENTED_EDGE('',*,*,#874,.T.);
#1233=ORIENTED_EDGE('',*,*,#890,.T.);
#1234=ORIENTED_EDGE('',*,*,#894,.F.);
#1235=ORIENTED_EDGE('',*,*,#868,.T.);
#1236=ORIENTED_EDGE('',*,*,#895,.T.);
#1237=ORIENTED_EDGE('',*,*,#882,.T.);
#1238=ORIENTED_EDGE('',*,*,#878,.T.);
#1239=ORIENTED_EDGE('',*,*,#885,.F.);
#1240=ORIENTED_EDGE('',*,*,#891,.F.);
#1241=ORIENTED_EDGE('',*,*,#895,.F.);
#1242=ORIENTED_EDGE('',*,*,#867,.T.);
#1243=ORIENTED_EDGE('',*,*,#864,.T.);
#1244=ORIENTED_EDGE('',*,*,#860,.T.);
#1245=ORIENTED_EDGE('',*,*,#896,.T.);
#1246=ORIENTED_EDGE('',*,*,#887,.F.);
#1247=ORIENTED_EDGE('',*,*,#897,.T.);
#1248=ORIENTED_EDGE('',*,*,#785,.F.);
#1249=ORIENTED_EDGE('',*,*,#897,.F.);
#1250=ORIENTED_EDGE('',*,*,#893,.F.);
#1251=ORIENTED_EDGE('',*,*,#898,.T.);
#1252=ORIENTED_EDGE('',*,*,#786,.F.);
#1253=ORIENTED_EDGE('',*,*,#899,.F.);
#1254=ORIENTED_EDGE('',*,*,#888,.F.);
#1255=ORIENTED_EDGE('',*,*,#896,.F.);
#1256=ORIENTED_EDGE('',*,*,#784,.F.);
#1257=ORIENTED_EDGE('',*,*,#780,.F.);
#1258=ORIENTED_EDGE('',*,*,#787,.F.);
#1259=ORIENTED_EDGE('',*,*,#898,.F.);
#1260=ORIENTED_EDGE('',*,*,#892,.F.);
#1261=ORIENTED_EDGE('',*,*,#886,.F.);
#1262=ORIENTED_EDGE('',*,*,#880,.F.);
#1263=ORIENTED_EDGE('',*,*,#883,.F.);
#1264=ORIENTED_EDGE('',*,*,#862,.F.);
#1265=ORIENTED_EDGE('',*,*,#866,.F.);
#1266=ORIENTED_EDGE('',*,*,#869,.F.);
#1267=ORIENTED_EDGE('',*,*,#894,.T.);
#1268=ORIENTED_EDGE('',*,*,#889,.F.);
#1269=ORIENTED_EDGE('',*,*,#899,.T.);
#1270=ORIENTED_EDGE('',*,*,#783,.F.);
#1271=ORIENTED_EDGE('',*,*,#761,.F.);
#1272=ORIENTED_EDGE('',*,*,#799,.F.);
#1273=ORIENTED_EDGE('',*,*,#810,.T.);
#1274=ORIENTED_EDGE('',*,*,#854,.T.);
#1275=ORIENTED_EDGE('',*,*,#714,.T.);
#1276=ORIENTED_EDGE('',*,*,#900,.T.);
#1277=ORIENTED_EDGE('',*,*,#790,.F.);
#1278=ORIENTED_EDGE('',*,*,#900,.F.);
#1279=ORIENTED_EDGE('',*,*,#736,.F.);
#1280=ORIENTED_EDGE('',*,*,#901,.T.);
#1281=ORIENTED_EDGE('',*,*,#791,.F.);
#1282=ORIENTED_EDGE('',*,*,#901,.F.);
#1283=ORIENTED_EDGE('',*,*,#735,.F.);
#1284=ORIENTED_EDGE('',*,*,#902,.T.);
#1285=ORIENTED_EDGE('',*,*,#792,.F.);
#1286=ORIENTED_EDGE('',*,*,#902,.F.);
#1287=ORIENTED_EDGE('',*,*,#734,.F.);
#1288=ORIENTED_EDGE('',*,*,#903,.T.);
#1289=ORIENTED_EDGE('',*,*,#793,.F.);
#1290=ORIENTED_EDGE('',*,*,#903,.F.);
#1291=ORIENTED_EDGE('',*,*,#709,.T.);
#1292=ORIENTED_EDGE('',*,*,#733,.F.);
#1293=ORIENTED_EDGE('',*,*,#856,.F.);
#1294=ORIENTED_EDGE('',*,*,#772,.F.);
#1295=ORIENTED_EDGE('',*,*,#859,.F.);
#1296=ORIENTED_EDGE('',*,*,#728,.F.);
#1297=ORIENTED_EDGE('',*,*,#707,.T.);
#1298=ORIENTED_EDGE('',*,*,#712,.T.);
#1299=ORIENTED_EDGE('',*,*,#756,.F.);
#1300=ORIENTED_EDGE('',*,*,#904,.T.);
#1301=ORIENTED_EDGE('',*,*,#845,.F.);
#1302=ORIENTED_EDGE('',*,*,#904,.F.);
#1303=ORIENTED_EDGE('',*,*,#755,.F.);
#1304=ORIENTED_EDGE('',*,*,#905,.T.);
#1305=ORIENTED_EDGE('',*,*,#846,.F.);
#1306=ORIENTED_EDGE('',*,*,#905,.F.);
#1307=ORIENTED_EDGE('',*,*,#754,.F.);
#1308=ORIENTED_EDGE('',*,*,#906,.T.);
#1309=ORIENTED_EDGE('',*,*,#847,.F.);
#1310=ORIENTED_EDGE('',*,*,#906,.F.);
#1311=ORIENTED_EDGE('',*,*,#753,.F.);
#1312=ORIENTED_EDGE('',*,*,#907,.T.);
#1313=ORIENTED_EDGE('',*,*,#848,.F.);
#1314=ORIENTED_EDGE('',*,*,#907,.F.);
#1315=ORIENTED_EDGE('',*,*,#752,.F.);
#1316=ORIENTED_EDGE('',*,*,#908,.T.);
#1317=ORIENTED_EDGE('',*,*,#849,.F.);
#1318=ORIENTED_EDGE('',*,*,#908,.F.);
#1319=PLANE('',#1434);
#1320=PLANE('',#1435);
#1321=PLANE('',#1436);
#1322=PLANE('',#1452);
#1323=PLANE('',#1471);
#1324=PLANE('',#1483);
#1325=PLANE('',#1510);
#1326=PLANE('',#1517);
#1327=PLANE('',#1529);
#1328=PLANE('',#1568);
#1329=PLANE('',#1578);
#1330=PLANE('',#1583);
#1331=PLANE('',#1584);
#1332=PLANE('',#1585);
#1333=PLANE('',#1594);
#1334=PLANE('',#1595);
#1335=PLANE('',#1596);
#1336=PLANE('',#1597);
#1337=PLANE('',#1598);
#1338=PLANE('',#1599);
#1339=PLANE('',#1600);
#1340=PLANE('',#1601);
#1341=PLANE('',#1602);
#1342=PLANE('',#1603);
#1343=ADVANCED_FACE('',(#206),#1319,.F.);
#1344=ADVANCED_FACE('',(#207),#1320,.F.);
#1345=ADVANCED_FACE('',(#208,#74),#1321,.T.);
#1346=ADVANCED_FACE('',(#209),#41,.F.);
#1347=ADVANCED_FACE('',(#210),#23,.F.);
#1348=ADVANCED_FACE('',(#211),#42,.F.);
#1349=ADVANCED_FACE('',(#212),#24,.F.);
#1350=ADVANCED_FACE('',(#213,#75,#76,#77),#1322,.F.);
#1351=ADVANCED_FACE('',(#214),#25,.F.);
#1352=ADVANCED_FACE('',(#215),#43,.F.);
#1353=ADVANCED_FACE('',(#216),#26,.F.);
#1354=ADVANCED_FACE('',(#217,#78,#79,#80,#81,#82),#1323,.F.);
#1355=ADVANCED_FACE('',(#218),#44,.T.);
#1356=ADVANCED_FACE('',(#219),#1324,.T.);
#1357=ADVANCED_FACE('',(#220),#45,.T.);
#1358=ADVANCED_FACE('',(#221),#46,.T.);
#1359=ADVANCED_FACE('',(#222),#27,.T.);
#1360=ADVANCED_FACE('',(#223),#28,.T.);
#1361=ADVANCED_FACE('',(#224),#29,.T.);
#1362=ADVANCED_FACE('',(#225),#30,.T.);
#1363=ADVANCED_FACE('',(#226),#31,.T.);
#1364=ADVANCED_FACE('',(#227),#47,.T.);
#1365=ADVANCED_FACE('',(#228,#83,#84,#85,#86,#87,#88,#89),#1325,.F.);
#1366=ADVANCED_FACE('',(#229),#1326,.T.);
#1367=ADVANCED_FACE('',(#230),#32,.F.);
#1368=ADVANCED_FACE('',(#231),#33,.F.);
#1369=ADVANCED_FACE('',(#232),#34,.F.);
#1370=ADVANCED_FACE('',(#233),#1327,.T.);
#1371=ADVANCED_FACE('',(#234),#15,.F.);
#1372=ADVANCED_FACE('',(#235),#35,.T.);
#1373=ADVANCED_FACE('',(#236),#16,.F.);
#1374=ADVANCED_FACE('',(#237),#48,.T.);
#1375=ADVANCED_FACE('',(#238),#36,.T.);
#1376=ADVANCED_FACE('',(#239),#37,.T.);
#1377=ADVANCED_FACE('',(#240),#38,.T.);
#1378=ADVANCED_FACE('',(#241),#39,.T.);
#1379=ADVANCED_FACE('',(#242),#40,.T.);
#1380=ADVANCED_FACE('',(#243),#49,.T.);
#1381=ADVANCED_FACE('',(#244),#50,.T.);
#1382=ADVANCED_FACE('',(#245),#51,.F.);
#1383=ADVANCED_FACE('',(#246),#52,.T.);
#1384=ADVANCED_FACE('',(#247),#53,.T.);
#1385=ADVANCED_FACE('',(#248,#90,#91,#92,#93,#94,#95,#96),#1328,.F.);
#1386=ADVANCED_FACE('',(#249),#54,.F.);
#1387=ADVANCED_FACE('',(#250),#55,.T.);
#1388=ADVANCED_FACE('',(#251),#1329,.F.);
#1389=ADVANCED_FACE('',(#252),#56,.F.);
#1390=ADVANCED_FACE('',(#253),#57,.T.);
#1391=ADVANCED_FACE('',(#254),#58,.F.);
#1392=ADVANCED_FACE('',(#255),#59,.F.);
#1393=ADVANCED_FACE('',(#256),#1330,.T.);
#1394=ADVANCED_FACE('',(#257),#1331,.T.);
#1395=ADVANCED_FACE('',(#258,#97),#1332,.T.);
#1396=ADVANCED_FACE('',(#259),#60,.F.);
#1397=ADVANCED_FACE('',(#260),#61,.F.);
#1398=ADVANCED_FACE('',(#261),#62,.F.);
#1399=ADVANCED_FACE('',(#262),#63,.F.);
#1400=ADVANCED_FACE('',(#263,#98),#1333,.T.);
#1401=ADVANCED_FACE('',(#264),#1334,.T.);
#1402=ADVANCED_FACE('',(#265),#1335,.T.);
#1403=ADVANCED_FACE('',(#266,#99,#100),#1336,.T.);
#1404=ADVANCED_FACE('',(#267),#1337,.F.);
#1405=ADVANCED_FACE('',(#268),#1338,.F.);
#1406=ADVANCED_FACE('',(#269),#1339,.F.);
#1407=ADVANCED_FACE('',(#270),#1340,.T.);
#1408=ADVANCED_FACE('',(#271),#1341,.T.);
#1409=ADVANCED_FACE('',(#272),#1342,.T.);
#1410=ADVANCED_FACE('',(#273),#64,.F.);
#1411=ADVANCED_FACE('',(#274),#65,.F.);
#1412=ADVANCED_FACE('',(#275),#66,.F.);
#1413=ADVANCED_FACE('',(#276),#67,.F.);
#1414=ADVANCED_FACE('',(#277),#68,.T.);
#1415=ADVANCED_FACE('',(#278),#69,.F.);
#1416=ADVANCED_FACE('',(#279),#70,.F.);
#1417=ADVANCED_FACE('',(#280),#71,.F.);
#1418=ADVANCED_FACE('',(#281),#72,.F.);
#1419=ADVANCED_FACE('',(#282),#73,.F.);
#1420=CLOSED_SHELL('',(#1343,#1344,#1345,#1346,#1347,#1348,#1349,#1350,
#1351,#1352,#1353,#1354,#1355,#1356,#1357,#1358,#1359,#1360,#1361,#1362,
#1363,#1364,#1365,#1366,#1367,#1368,#1369,#1370,#1371,#1372,#1373,#1374,
#1375,#1376,#1377,#1378,#1379,#1380,#1381,#1382,#1383,#1384,#1385,#1386,
#1387,#1388,#1389,#1390,#1391,#1392,#1393,#1394,#1395,#1396,#1397,#1398,
#1399,#1400,#1401,#1402,#1403,#1404,#1405,#1406,#1407,#1408,#1409,#1410,
#1411,#1412,#1413,#1414,#1415,#1416,#1417,#1418,#1419));
#1421=DERIVED_UNIT_ELEMENT(#1423,1.);
#1422=DERIVED_UNIT_ELEMENT(#2553,-3.);
#1423=(
MASS_UNIT()
NAMED_UNIT(*)
SI_UNIT(.KILO.,.GRAM.)
);
#1424=DERIVED_UNIT((#1421,#1422));
#1425=MEASURE_REPRESENTATION_ITEM('density measure',
POSITIVE_RATIO_MEASURE(7850.),#1424);
#1426=PROPERTY_DEFINITION_REPRESENTATION(#1431,#1428);
#1427=PROPERTY_DEFINITION_REPRESENTATION(#1432,#1429);
#1428=REPRESENTATION('material name',(#1430),#2550);
#1429=REPRESENTATION('density',(#1425),#2550);
#1430=DESCRIPTIVE_REPRESENTATION_ITEM('\X2\AC15CCA0\X0\','\X2\AC15CCA0\X0\');
#1431=PROPERTY_DEFINITION('material property','material name',#2560);
#1432=PROPERTY_DEFINITION('material property','density of part',#2560);
#1433=AXIS2_PLACEMENT_3D('',#2070,#1614,#1615);
#1434=AXIS2_PLACEMENT_3D('',#2071,#1616,#1617);
#1435=AXIS2_PLACEMENT_3D('',#2080,#1622,#1623);
#1436=AXIS2_PLACEMENT_3D('',#2089,#1628,#1629);
#1437=AXIS2_PLACEMENT_3D('',#2090,#1630,#1631);
#1438=AXIS2_PLACEMENT_3D('',#2091,#1632,#1633);
#1439=AXIS2_PLACEMENT_3D('',#2093,#1634,#1635);
#1440=AXIS2_PLACEMENT_3D('',#2094,#1636,#1637);
#1441=AXIS2_PLACEMENT_3D('',#2097,#1639,#1640);
#1442=AXIS2_PLACEMENT_3D('',#2098,#1641,#1642);
#1443=AXIS2_PLACEMENT_3D('',#2099,#1643,#1644);
#1444=AXIS2_PLACEMENT_3D('',#2102,#1645,#1646);
#1445=AXIS2_PLACEMENT_3D('',#2104,#1647,#1648);
#1446=AXIS2_PLACEMENT_3D('',#2114,#1649,#1650);
#1447=AXIS2_PLACEMENT_3D('',#2115,#1651,#1652);
#1448=AXIS2_PLACEMENT_3D('',#2118,#1653,#1654);
#1449=AXIS2_PLACEMENT_3D('',#2121,#1657,#1658);
#1450=AXIS2_PLACEMENT_3D('',#2132,#1659,#1660);
#1451=AXIS2_PLACEMENT_3D('',#2133,#1661,#1662);
#1452=AXIS2_PLACEMENT_3D('',#2134,#1663,#1664);
#1453=AXIS2_PLACEMENT_3D('',#2136,#1665,#1666);
#1454=AXIS2_PLACEMENT_3D('',#2138,#1667,#1668);
#1455=AXIS2_PLACEMENT_3D('',#2139,#1669,#1670);
#1456=AXIS2_PLACEMENT_3D('',#2141,#1671,#1672);
#1457=AXIS2_PLACEMENT_3D('',#2143,#1673,#1674);
#1458=AXIS2_PLACEMENT_3D('',#2144,#1675,#1676);
#1459=AXIS2_PLACEMENT_3D('',#2146,#1677,#1678);
#1460=AXIS2_PLACEMENT_3D('',#2148,#1679,#1680);
#1461=AXIS2_PLACEMENT_3D('',#2150,#1681,#1682);
#1462=AXIS2_PLACEMENT_3D('',#2151,#1683,#1684);
#1463=AXIS2_PLACEMENT_3D('',#2154,#1685,#1686);
#1464=AXIS2_PLACEMENT_3D('',#2156,#1687,#1688);
#1465=AXIS2_PLACEMENT_3D('',#2166,#1689,#1690);
#1466=AXIS2_PLACEMENT_3D('',#2167,#1691,#1692);
#1467=AXIS2_PLACEMENT_3D('',#2170,#1693,#1694);
#1468=AXIS2_PLACEMENT_3D('',#2173,#1697,#1698);
#1469=AXIS2_PLACEMENT_3D('',#2184,#1699,#1700);
#1470=AXIS2_PLACEMENT_3D('',#2185,#1701,#1702);
#1471=AXIS2_PLACEMENT_3D('',#2186,#1703,#1704);
#1472=AXIS2_PLACEMENT_3D('',#2188,#1705,#1706);
#1473=AXIS2_PLACEMENT_3D('',#2190,#1707,#1708);
#1474=AXIS2_PLACEMENT_3D('',#2192,#1709,#1710);
#1475=AXIS2_PLACEMENT_3D('',#2194,#1711,#1712);
#1476=AXIS2_PLACEMENT_3D('',#2195,#1713,#1714);
#1477=AXIS2_PLACEMENT_3D('',#2197,#1715,#1716);
#1478=AXIS2_PLACEMENT_3D('',#2199,#1717,#1718);
#1479=AXIS2_PLACEMENT_3D('',#2201,#1719,#1720);
#1480=AXIS2_PLACEMENT_3D('',#2203,#1721,#1722);
#1481=AXIS2_PLACEMENT_3D('',#2205,#1723,#1724);
#1482=AXIS2_PLACEMENT_3D('',#2206,#1725,#1726);
#1483=AXIS2_PLACEMENT_3D('',#2209,#1729,#1730);
#1484=AXIS2_PLACEMENT_3D('',#2211,#1732,#1733);
#1485=AXIS2_PLACEMENT_3D('',#2213,#1735,#1736);
#1486=AXIS2_PLACEMENT_3D('',#2216,#1737,#1738);
#1487=AXIS2_PLACEMENT_3D('',#2220,#1740,#1741);
#1488=AXIS2_PLACEMENT_3D('',#2222,#1743,#1744);
#1489=AXIS2_PLACEMENT_3D('',#2225,#1745,#1746);
#1490=AXIS2_PLACEMENT_3D('',#2226,#1747,#1748);
#1491=AXIS2_PLACEMENT_3D('',#2227,#1749,#1750);
#1492=AXIS2_PLACEMENT_3D('',#2228,#1751,#1752);
#1493=AXIS2_PLACEMENT_3D('',#2231,#1753,#1754);
#1494=AXIS2_PLACEMENT_3D('',#2232,#1755,#1756);
#1495=AXIS2_PLACEMENT_3D('',#2233,#1757,#1758);
#1496=AXIS2_PLACEMENT_3D('',#2234,#1759,#1760);
#1497=AXIS2_PLACEMENT_3D('',#2237,#1761,#1762);
#1498=AXIS2_PLACEMENT_3D('',#2238,#1763,#1764);
#1499=AXIS2_PLACEMENT_3D('',#2239,#1765,#1766);
#1500=AXIS2_PLACEMENT_3D('',#2240,#1767,#1768);
#1501=AXIS2_PLACEMENT_3D('',#2243,#1769,#1770);
#1502=AXIS2_PLACEMENT_3D('',#2244,#1771,#1772);
#1503=AXIS2_PLACEMENT_3D('',#2245,#1773,#1774);
#1504=AXIS2_PLACEMENT_3D('',#2246,#1775,#1776);
#1505=AXIS2_PLACEMENT_3D('',#2249,#1777,#1778);
#1506=AXIS2_PLACEMENT_3D('',#2250,#1779,#1780);
#1507=AXIS2_PLACEMENT_3D('',#2251,#1781,#1782);
#1508=AXIS2_PLACEMENT_3D('',#2252,#1783,#1784);
#1509=AXIS2_PLACEMENT_3D('',#2255,#1785,#1786);
#1510=AXIS2_PLACEMENT_3D('',#2258,#1789,#1790);
#1511=AXIS2_PLACEMENT_3D('',#2269,#1796,#1797);
#1512=AXIS2_PLACEMENT_3D('',#2271,#1798,#1799);
#1513=AXIS2_PLACEMENT_3D('',#2273,#1800,#1801);
#1514=AXIS2_PLACEMENT_3D('',#2275,#1802,#1803);
#1515=AXIS2_PLACEMENT_3D('',#2277,#1804,#1805);
#1516=AXIS2_PLACEMENT_3D('',#2279,#1806,#1807);
#1517=AXIS2_PLACEMENT_3D('',#2280,#1808,#1809);
#1518=AXIS2_PLACEMENT_3D('',#2297,#1815,#1816);
#1519=AXIS2_PLACEMENT_3D('',#2300,#1817,#1818);
#1520=AXIS2_PLACEMENT_3D('',#2302,#1819,#1820);
#1521=AXIS2_PLACEMENT_3D('',#2310,#1821,#1822);
#1522=AXIS2_PLACEMENT_3D('',#2311,#1823,#1824);
#1523=AXIS2_PLACEMENT_3D('',#2314,#1825,#1826);
#1524=AXIS2_PLACEMENT_3D('',#2315,#1827,#1828);
#1525=AXIS2_PLACEMENT_3D('',#2316,#1829,#1830);
#1526=AXIS2_PLACEMENT_3D('',#2317,#1831,#1832);
#1527=AXIS2_PLACEMENT_3D('',#2318,#1833,#1834);
#1528=AXIS2_PLACEMENT_3D('',#2319,#1835,#1836);
#1529=AXIS2_PLACEMENT_3D('',#2320,#1837,#1838);
#1530=AXIS2_PLACEMENT_3D('',#2340,#1841,#1842);
#1531=AXIS2_PLACEMENT_3D('',#2342,#1843,#1844);
#1532=AXIS2_PLACEMENT_3D('',#2344,#1845,#1846);
#1533=AXIS2_PLACEMENT_3D('',#2345,#1847,#1848);
#1534=AXIS2_PLACEMENT_3D('',#2346,#1849,#1850);
#1535=AXIS2_PLACEMENT_3D('',#2349,#1851,#1852);
#1536=AXIS2_PLACEMENT_3D('',#2350,#1853,#1854);
#1537=AXIS2_PLACEMENT_3D('',#2351,#1855,#1856);
#1538=AXIS2_PLACEMENT_3D('',#2369,#1857,#1858);
#1539=AXIS2_PLACEMENT_3D('',#2370,#1859,#1860);
#1540=AXIS2_PLACEMENT_3D('',#2371,#1861,#1862);
#1541=AXIS2_PLACEMENT_3D('',#2372,#1863,#1864);
#1542=AXIS2_PLACEMENT_3D('',#2375,#1865,#1866);
#1543=AXIS2_PLACEMENT_3D('',#2378,#1869,#1870);
#1544=AXIS2_PLACEMENT_3D('',#2381,#1871,#1872);
#1545=AXIS2_PLACEMENT_3D('',#2382,#1873,#1874);
#1546=AXIS2_PLACEMENT_3D('',#2383,#1875,#1876);
#1547=AXIS2_PLACEMENT_3D('',#2384,#1877,#1878);
#1548=AXIS2_PLACEMENT_3D('',#2387,#1879,#1880);
#1549=AXIS2_PLACEMENT_3D('',#2388,#1881,#1882);
#1550=AXIS2_PLACEMENT_3D('',#2389,#1883,#1884);
#1551=AXIS2_PLACEMENT_3D('',#2390,#1885,#1886);
#1552=AXIS2_PLACEMENT_3D('',#2393,#1887,#1888);
#1553=AXIS2_PLACEMENT_3D('',#2394,#1889,#1890);
#1554=AXIS2_PLACEMENT_3D('',#2395,#1891,#1892);
#1555=AXIS2_PLACEMENT_3D('',#2396,#1893,#1894);
#1556=AXIS2_PLACEMENT_3D('',#2399,#1895,#1896);
#1557=AXIS2_PLACEMENT_3D('',#2400,#1897,#1898);
#1558=AXIS2_PLACEMENT_3D('',#2401,#1899,#1900);
#1559=AXIS2_PLACEMENT_3D('',#2402,#1901,#1902);
#1560=AXIS2_PLACEMENT_3D('',#2404,#1903,#1904);
#1561=AXIS2_PLACEMENT_3D('',#2405,#1905,#1906);
#1562=AXIS2_PLACEMENT_3D('',#2406,#1907,#1908);
#1563=AXIS2_PLACEMENT_3D('',#2407,#1909,#1910);
#1564=AXIS2_PLACEMENT_3D('',#2409,#1912,#1913);
#1565=AXIS2_PLACEMENT_3D('',#2412,#1916,#1917);
#1566=AXIS2_PLACEMENT_3D('',#2414,#1919,#1920);
#1567=AXIS2_PLACEMENT_3D('',#2416,#1922,#1923);
#1568=AXIS2_PLACEMENT_3D('',#2418,#1925,#1926);
#1569=AXIS2_PLACEMENT_3D('',#2420,#1927,#1928);
#1570=AXIS2_PLACEMENT_3D('',#2422,#1929,#1930);
#1571=AXIS2_PLACEMENT_3D('',#2424,#1931,#1932);
#1572=AXIS2_PLACEMENT_3D('',#2426,#1933,#1934);
#1573=AXIS2_PLACEMENT_3D('',#2428,#1935,#1936);
#1574=AXIS2_PLACEMENT_3D('',#2430,#1937,#1938);
#1575=AXIS2_PLACEMENT_3D('',#2432,#1939,#1940);
#1576=AXIS2_PLACEMENT_3D('',#2433,#1941,#1942);
#1577=AXIS2_PLACEMENT_3D('',#2435,#1944,#1945);
#1578=AXIS2_PLACEMENT_3D('',#2437,#1947,#1948);
#1579=AXIS2_PLACEMENT_3D('',#2440,#1951,#1952);
#1580=AXIS2_PLACEMENT_3D('',#2442,#1954,#1955);
#1581=AXIS2_PLACEMENT_3D('',#2445,#1958,#1959);
#1582=AXIS2_PLACEMENT_3D('',#2446,#1960,#1961);
#1583=AXIS2_PLACEMENT_3D('',#2448,#1963,#1964);
#1584=AXIS2_PLACEMENT_3D('',#2457,#1969,#1970);
#1585=AXIS2_PLACEMENT_3D('',#2463,#1974,#1975);
#1586=AXIS2_PLACEMENT_3D('',#2470,#1979,#1980);
#1587=AXIS2_PLACEMENT_3D('',#2471,#1981,#1982);
#1588=AXIS2_PLACEMENT_3D('',#2474,#1984,#1985);
#1589=AXIS2_PLACEMENT_3D('',#2475,#1986,#1987);
#1590=AXIS2_PLACEMENT_3D('',#2478,#1989,#1990);
#1591=AXIS2_PLACEMENT_3D('',#2479,#1991,#1992);
#1592=AXIS2_PLACEMENT_3D('',#2482,#1994,#1995);
#1593=AXIS2_PLACEMENT_3D('',#2483,#1996,#1997);
#1594=AXIS2_PLACEMENT_3D('',#2485,#1999,#2000);
#1595=AXIS2_PLACEMENT_3D('',#2494,#2005,#2006);
#1596=AXIS2_PLACEMENT_3D('',#2497,#2009,#2010);
#1597=AXIS2_PLACEMENT_3D('',#2503,#2014,#2015);
#1598=AXIS2_PLACEMENT_3D('',#2517,#2023,#2024);
#1599=AXIS2_PLACEMENT_3D('',#2520,#2027,#2028);
#1600=AXIS2_PLACEMENT_3D('',#2521,#2029,#2030);
#1601=AXIS2_PLACEMENT_3D('',#2524,#2033,#2034);
#1602=AXIS2_PLACEMENT_3D('',#2526,#2036,#2037);
#1603=AXIS2_PLACEMENT_3D('',#2528,#2039,#2040);
#1604=AXIS2_PLACEMENT_3D('',#2529,#2041,#2042);
#1605=AXIS2_PLACEMENT_3D('',#2531,#2044,#2045);
#1606=AXIS2_PLACEMENT_3D('',#2533,#2047,#2048);
#1607=AXIS2_PLACEMENT_3D('',#2535,#2050,#2051);
#1608=AXIS2_PLACEMENT_3D('',#2537,#2053,#2054);
#1609=AXIS2_PLACEMENT_3D('',#2538,#2055,#2056);
#1610=AXIS2_PLACEMENT_3D('',#2540,#2058,#2059);
#1611=AXIS2_PLACEMENT_3D('',#2542,#2061,#2062);
#1612=AXIS2_PLACEMENT_3D('',#2544,#2064,#2065);
#1613=AXIS2_PLACEMENT_3D('',#2546,#2067,#2068);
#1614=DIRECTION('axis',(0.,0.,1.));
#1615=DIRECTION('refdir',(1.,0.,0.));
#1616=DIRECTION('center_axis',(0.,0.,-1.));
#1617=DIRECTION('ref_axis',(0.,1.,0.));
#1618=DIRECTION('',(0.,1.,0.));
#1619=DIRECTION('',(1.,0.,0.));
#1620=DIRECTION('',(0.,1.,0.));
#1621=DIRECTION('',(1.,0.,0.));
#1622=DIRECTION('center_axis',(0.,0.,1.));
#1623=DIRECTION('ref_axis',(0.,-1.,0.));
#1624=DIRECTION('',(0.,-1.,0.));
#1625=DIRECTION('',(-1.,0.,0.));
#1626=DIRECTION('',(0.,-1.,0.));
#1627=DIRECTION('',(1.,0.,0.));
#1628=DIRECTION('center_axis',(-1.,0.,0.));
#1629=DIRECTION('ref_axis',(0.,0.,1.));
#1630=DIRECTION('center_axis',(1.,0.,0.));
#1631=DIRECTION('ref_axis',(0.,0.,-1.));
#1632=DIRECTION('center_axis',(-1.,0.,0.));
#1633=DIRECTION('ref_axis',(0.,0.,-1.));
#1634=DIRECTION('center_axis',(-1.,0.,0.));
#1635=DIRECTION('ref_axis',(0.,0.,-1.));
#1636=DIRECTION('center_axis',(-1.,0.,0.));
#1637=DIRECTION('ref_axis',(0.,0.,-1.));
#1638=DIRECTION('',(1.,0.,0.));
#1639=DIRECTION('center_axis',(-1.,0.,0.));
#1640=DIRECTION('ref_axis',(0.,0.,-1.));
#1641=DIRECTION('center_axis',(1.,0.,0.));
#1642=DIRECTION('ref_axis',(0.,0.,-1.));
#1643=DIRECTION('center_axis',(-1.,0.,0.));
#1644=DIRECTION('ref_axis',(0.,0.,1.));
#1645=DIRECTION('center_axis',(0.,-2.22044604925028E-15,-1.));
#1646=DIRECTION('ref_axis',(1.,0.,0.));
#1647=DIRECTION('center_axis',(1.,0.,0.));
#1648=DIRECTION('ref_axis',(0.,0.744411722753609,0.667720890063358));
#1649=DIRECTION('center_axis',(-1.,0.,0.));
#1650=DIRECTION('ref_axis',(0.,0.744411722753609,0.667720890063358));
#1651=DIRECTION('center_axis',(0.,0.,1.));
#1652=DIRECTION('ref_axis',(0.707106781186547,-0.707106781186548,0.));
#1653=DIRECTION('center_axis',(0.,0.,-1.));
#1654=DIRECTION('ref_axis',(1.,0.,0.));
#1655=DIRECTION('',(0.,0.,1.));
#1656=DIRECTION('',(0.,0.,-1.));
#1657=DIRECTION('center_axis',(-1.,0.,0.));
#1658=DIRECTION('ref_axis',(0.,0.,1.));
#1659=DIRECTION('center_axis',(1.,0.,0.));
#1660=DIRECTION('ref_axis',(0.,0.744411722753605,-0.667720890063364));
#1661=DIRECTION('center_axis',(-1.,0.,0.));
#1662=DIRECTION('ref_axis',(0.,0.744411722753604,-0.667720890063364));
#1663=DIRECTION('center_axis',(1.,0.,0.));
#1664=DIRECTION('ref_axis',(0.,0.,-1.));
#1665=DIRECTION('center_axis',(-1.,0.,0.));
#1666=DIRECTION('ref_axis',(0.,0.,-1.));
#1667=DIRECTION('center_axis',(-1.,0.,0.));
#1668=DIRECTION('ref_axis',(0.,0.257662650560315,-0.966234939601251));
#1669=DIRECTION('center_axis',(1.,0.,0.));
#1670=DIRECTION('ref_axis',(0.,7.66582564622132E-16,1.));
#1671=DIRECTION('center_axis',(1.,0.,0.));
#1672=DIRECTION('ref_axis',(0.,-7.40148683083437E-16,-1.));
#1673=DIRECTION('center_axis',(-1.,0.,0.));
#1674=DIRECTION('ref_axis',(0.,0.257662650560349,0.966234939601242));
#1675=DIRECTION('center_axis',(-1.,0.,0.));
#1676=DIRECTION('ref_axis',(0.,0.,-1.));
#1677=DIRECTION('center_axis',(1.,0.,0.));
#1678=DIRECTION('ref_axis',(0.,0.,-1.));
#1679=DIRECTION('center_axis',(1.,0.,0.));
#1680=DIRECTION('ref_axis',(0.,0.,-1.));
#1681=DIRECTION('center_axis',(1.,0.,0.));
#1682=DIRECTION('ref_axis',(0.,0.,-1.));
#1683=DIRECTION('center_axis',(1.,-2.09425971125351E-46,-1.12870316824026E-32));
#1684=DIRECTION('ref_axis',(0.,0.,-1.));
#1685=DIRECTION('center_axis',(0.,-2.2204460492503E-15,1.));
#1686=DIRECTION('ref_axis',(-1.,0.,0.));
#1687=DIRECTION('center_axis',(-1.,2.09425971125351E-46,1.12870316824026E-32));
#1688=DIRECTION('ref_axis',(0.,0.744411722753605,-0.667720890063364));
#1689=DIRECTION('center_axis',(1.,-2.09425971125351E-46,-1.12870316824026E-32));
#1690=DIRECTION('ref_axis',(-7.53658684114708E-33,0.744411722753604,-0.667720890063364));
#1691=DIRECTION('center_axis',(-1.12870316824026E-32,0.,-1.));
#1692=DIRECTION('ref_axis',(-0.707106781186546,-0.707106781186549,0.));
#1693=DIRECTION('center_axis',(0.,0.,1.));
#1694=DIRECTION('ref_axis',(-1.,0.,0.));
#1695=DIRECTION('',(-1.12870316824026E-32,0.,-1.));
#1696=DIRECTION('',(1.12870316824026E-32,0.,1.));
#1697=DIRECTION('center_axis',(1.,-2.09425971125351E-46,-1.12870316824026E-32));
#1698=DIRECTION('ref_axis',(0.,0.,-1.));
#1699=DIRECTION('center_axis',(-1.,2.09425971125351E-46,1.12870316824026E-32));
#1700=DIRECTION('ref_axis',(0.,0.744411722753609,0.667720890063358));
#1701=DIRECTION('center_axis',(1.,-2.09425971125351E-46,-1.12870316824026E-32));
#1702=DIRECTION('ref_axis',(7.53658684114734E-33,0.744411722753609,0.667720890063358));
#1703=DIRECTION('center_axis',(-1.,2.09425971125351E-46,1.12870316824026E-32));
#1704=DIRECTION('ref_axis',(1.12870316824026E-32,0.,1.));
#1705=DIRECTION('center_axis',(-1.,2.09425971125351E-46,1.12870316824026E-32));
#1706=DIRECTION('ref_axis',(0.,7.66582564622132E-16,1.));
#1707=DIRECTION('center_axis',(1.,-2.09425971125351E-46,-1.12870316824026E-32));
#1708=DIRECTION('ref_axis',(0.,0.257662650560315,-0.966234939601251));
#1709=DIRECTION('center_axis',(1.,3.01898744547311E-48,0.));
#1710=DIRECTION('ref_axis',(0.,0.,1.));
#1711=DIRECTION('center_axis',(1.,-2.09425971125351E-46,-1.12870316824026E-32));
#1712=DIRECTION('ref_axis',(0.,0.257662650560349,0.966234939601242));
#1713=DIRECTION('center_axis',(-1.,2.09425971125351E-46,1.12870316824026E-32));
#1714=DIRECTION('ref_axis',(0.,-7.40148683083437E-16,-1.));
#1715=DIRECTION('center_axis',(-1.,0.,0.));
#1716=DIRECTION('ref_axis',(0.,0.,1.));
#1717=DIRECTION('center_axis',(-1.,0.,0.));
#1718=DIRECTION('ref_axis',(0.,0.,1.));
#1719=DIRECTION('center_axis',(-1.,0.,0.));
#1720=DIRECTION('ref_axis',(0.,0.,1.));
#1721=DIRECTION('center_axis',(-1.,0.,0.));
#1722=DIRECTION('ref_axis',(0.,0.,1.));
#1723=DIRECTION('center_axis',(-1.,0.,-2.46519032881566E-32));
#1724=DIRECTION('ref_axis',(-2.46519032881566E-32,0.,1.));
#1725=DIRECTION('center_axis',(1.,0.,0.));
#1726=DIRECTION('ref_axis',(0.,0.744411722753603,-0.667720890063366));
#1727=DIRECTION('',(-1.,0.,0.));
#1728=DIRECTION('',(1.,0.,0.));
#1729=DIRECTION('center_axis',(0.,1.,0.));
#1730=DIRECTION('ref_axis',(0.,0.,1.));
#1731=DIRECTION('',(-1.,0.,0.));
#1732=DIRECTION('center_axis',(-1.,0.,0.));
#1733=DIRECTION('ref_axis',(0.,0.744411722753611,0.667720890063356));
#1734=DIRECTION('',(1.,0.,0.));
#1735=DIRECTION('center_axis',(-3.97611343357366E-32,1.,-7.40148683083438E-16));
#1736=DIRECTION('ref_axis',(0.707106781186547,0.,0.707106781186548));
#1737=DIRECTION('center_axis',(-4.85026197194492E-30,1.,-7.40148683083438E-16));
#1738=DIRECTION('ref_axis',(0.707106781186547,0.,0.707106781186548));
#1739=DIRECTION('',(-3.97611343357366E-32,1.,-7.40148683083438E-16));
#1740=DIRECTION('center_axis',(0.,-1.,0.));
#1741=DIRECTION('ref_axis',(1.,0.,0.));
#1742=DIRECTION('',(3.97611343357366E-32,-1.,7.40148683083438E-16));
#1743=DIRECTION('center_axis',(-1.,0.,5.37204689334755E-17));
#1744=DIRECTION('ref_axis',(5.28677630773884E-17,0.,1.));
#1745=DIRECTION('center_axis',(0.,-0.971478559955883,0.23712740783394));
#1746=DIRECTION('ref_axis',(1.,0.,0.));
#1747=DIRECTION('center_axis',(1.,0.,-5.37204689334755E-17));
#1748=DIRECTION('ref_axis',(5.28677630773884E-17,0.119418256653071,0.992844036079153));
#1749=DIRECTION('center_axis',(-1.,0.,5.37204689334755E-17));
#1750=DIRECTION('ref_axis',(5.33360471959766E-17,0.119418256653071,0.992844036079153));
#1751=DIRECTION('center_axis',(-1.,0.,5.37204689334755E-17));
#1752=DIRECTION('ref_axis',(5.55111512312578E-17,0.,1.));
#1753=DIRECTION('center_axis',(0.,-0.997766935422575,0.0667917852542008));
#1754=DIRECTION('ref_axis',(1.,0.,0.));
#1755=DIRECTION('center_axis',(-1.,0.,5.37204689334755E-17));
#1756=DIRECTION('ref_axis',(-5.37204689334753E-17,-0.152527009585211,-0.988299302512651));
#1757=DIRECTION('center_axis',(1.,0.,-5.37204689334755E-17));
#1758=DIRECTION('ref_axis',(-5.30919019776064E-17,-0.152527009585211,-0.988299302512651));
#1759=DIRECTION('center_axis',(1.,0.,-5.37204689334755E-17));
#1760=DIRECTION('ref_axis',(-3.86164530304402E-17,0.,-1.));
#1761=DIRECTION('center_axis',(0.,0.997766935422577,0.0667917852541732));
#1762=DIRECTION('ref_axis',(1.,0.,0.));
#1763=DIRECTION('center_axis',(1.,0.,-5.37204689334755E-17));
#1764=DIRECTION('ref_axis',(0.,1.,-1.42915509931787E-14));
#1765=DIRECTION('center_axis',(-1.,0.,5.37204689334755E-17));
#1766=DIRECTION('ref_axis',(-7.6774882114024E-31,1.,-1.42915509931787E-14));
#1767=DIRECTION('center_axis',(1.,0.,-5.37204689334755E-17));
#1768=DIRECTION('ref_axis',(-5.55111512312578E-17,0.,-1.));
#1769=DIRECTION('center_axis',(0.,0.971478559955888,0.23712740783392));
#1770=DIRECTION('ref_axis',(1.,0.,0.));
#1771=DIRECTION('center_axis',(-1.,0.,5.37204689334755E-17));
#1772=DIRECTION('ref_axis',(5.37204689334753E-17,-0.152527009585185,0.988299302512655));
#1773=DIRECTION('center_axis',(1.,0.,-5.37204689334755E-17));
#1774=DIRECTION('ref_axis',(5.30919019776066E-17,-0.152527009585186,0.988299302512655));
#1775=DIRECTION('center_axis',(-1.,0.,5.37204689334755E-17));
#1776=DIRECTION('ref_axis',(5.28677630773884E-17,0.,1.));
#1777=DIRECTION('center_axis',(0.,1.,-4.44089209850073E-15));
#1778=DIRECTION('ref_axis',(1.,0.,0.));
#1779=DIRECTION('center_axis',(1.,0.,-5.37204689334755E-17));
#1780=DIRECTION('ref_axis',(-5.28677630773884E-17,0.119418256653059,-0.992844036079154));
#1781=DIRECTION('center_axis',(-1.,0.,5.37204689334755E-17));
#1782=DIRECTION('ref_axis',(-5.33360471959766E-17,0.119418256653059,-0.992844036079154));
#1783=DIRECTION('center_axis',(-4.17491910525237E-32,1.,-7.77156117237614E-16));
#1784=DIRECTION('ref_axis',(0.707106781186547,0.,-0.707106781186548));
#1785=DIRECTION('center_axis',(-4.85026197194492E-30,1.,-7.40148683083438E-16));
#1786=DIRECTION('ref_axis',(0.707106781186547,0.,-0.707106781186548));
#1787=DIRECTION('',(-4.17491910525237E-32,1.,-7.77156117237614E-16));
#1788=DIRECTION('',(4.17491910525237E-32,-1.,7.77156117237614E-16));
#1789=DIRECTION('center_axis',(-1.,0.,5.37204689334755E-17));
#1790=DIRECTION('ref_axis',(-5.37204689334755E-17,-3.35646296614043E-59,
-1.));
#1791=DIRECTION('',(-5.37204689334755E-17,-7.40148683083438E-16,-1.));
#1792=DIRECTION('',(0.,1.,0.));
#1793=DIRECTION('',(-5.37204689334755E-17,0.,-1.));
#1794=DIRECTION('',(0.,-1.,0.));
#1795=DIRECTION('',(0.,0.,-1.));
#1796=DIRECTION('center_axis',(-1.,0.,5.37204689334755E-17));
#1797=DIRECTION('ref_axis',(0.,-5.55111512312588E-17,1.));
#1798=DIRECTION('center_axis',(-1.,0.,5.37204689334755E-17));
#1799=DIRECTION('ref_axis',(0.,-5.55111512312588E-17,1.));
#1800=DIRECTION('center_axis',(-1.,0.,0.));
#1801=DIRECTION('ref_axis',(0.,0.,-1.));
#1802=DIRECTION('center_axis',(-1.,0.,0.));
#1803=DIRECTION('ref_axis',(0.,0.,-1.));
#1804=DIRECTION('center_axis',(-1.,0.,0.));
#1805=DIRECTION('ref_axis',(0.,0.,-1.));
#1806=DIRECTION('center_axis',(-1.,0.,0.));
#1807=DIRECTION('ref_axis',(0.,0.,-1.));
#1808=DIRECTION('center_axis',(0.,7.40148683083438E-16,1.));
#1809=DIRECTION('ref_axis',(1.,0.,0.));
#1810=DIRECTION('',(1.,0.,0.));
#1811=DIRECTION('',(-1.06029691561964E-31,1.,-7.40148683083438E-16));
#1812=DIRECTION('',(-1.,0.,0.));
#1813=DIRECTION('',(-6.80563256417983E-30,-1.,7.40148683083438E-16));
#1814=DIRECTION('',(1.,0.,-9.25185853854297E-17));
#1815=DIRECTION('center_axis',(-1.,6.80378688131646E-30,-2.49366499670994E-18));
#1816=DIRECTION('ref_axis',(0.,0.,1.));
#1817=DIRECTION('center_axis',(0.,0.494545454545493,0.869151766602584));
#1818=DIRECTION('ref_axis',(1.,0.,0.));
#1819=DIRECTION('center_axis',(1.,-6.80378688131646E-30,2.49366499670994E-18));
#1820=DIRECTION('ref_axis',(0.,-0.864449378085696,-0.502719875007198));
#1821=DIRECTION('center_axis',(-1.,6.80378688131646E-30,-2.49366499670994E-18));
#1822=DIRECTION('ref_axis',(1.25361495544997E-18,-0.864449378085696,-0.502719875007198));
#1823=DIRECTION('center_axis',(1.,-6.80378688131646E-30,2.49366499670994E-18));
#1824=DIRECTION('ref_axis',(0.,0.,-1.));
#1825=DIRECTION('center_axis',(0.,-0.487272727272689,0.873249843547787));
#1826=DIRECTION('ref_axis',(1.,0.,0.));
#1827=DIRECTION('center_axis',(-1.,6.80378688131646E-30,-2.49366499670994E-18));
#1828=DIRECTION('ref_axis',(0.,0.999991289112481,-0.00417393090004549));
#1829=DIRECTION('center_axis',(1.,-6.80378688131646E-30,2.49366499670994E-18));
#1830=DIRECTION('ref_axis',(1.04083853909332E-20,0.999991289112481,-0.00417393090004549));
#1831=DIRECTION('center_axis',(-1.,6.80378688131646E-30,-2.49366499670994E-18));
#1832=DIRECTION('ref_axis',(0.,0.,1.));
#1833=DIRECTION('center_axis',(1.,-6.80378688131646E-30,2.49366499670994E-18));
#1834=DIRECTION('ref_axis',(0.,-0.862343529944038,0.506323647841631));
#1835=DIRECTION('center_axis',(-1.,6.80378688131646E-30,-2.49366499670994E-18));
#1836=DIRECTION('ref_axis',(-1.26260155763503E-18,-0.862343529944038,0.506323647841631));
#1837=DIRECTION('center_axis',(-1.,6.80378688131646E-30,-2.49366499670994E-18));
#1838=DIRECTION('ref_axis',(-2.49366499670994E-18,-1.66533453693772E-16,
1.));
#1839=DIRECTION('',(6.805724848323E-30,1.,-7.77156117237614E-16));
#1840=DIRECTION('',(2.49366499670994E-18,-7.40148683083438E-16,-1.));
#1841=DIRECTION('center_axis',(0.,-1.,0.));
#1842=DIRECTION('ref_axis',(0.,0.,1.));
#1843=DIRECTION('center_axis',(1.,0.,-1.43254583822601E-16));
#1844=DIRECTION('ref_axis',(7.25331834510942E-17,-0.862343529944038,0.506323647841631));
#1845=DIRECTION('center_axis',(0.,-0.487272727272689,0.873249843547788));
#1846=DIRECTION('ref_axis',(-1.,0.,0.));
#1847=DIRECTION('center_axis',(-1.,0.,1.43254583822601E-16));
#1848=DIRECTION('ref_axis',(6.93889390390723E-17,-0.862343529944038,0.506323647841631));
#1849=DIRECTION('center_axis',(1.,0.,-1.43254583822601E-16));
#1850=DIRECTION('ref_axis',(-2.58379176640036E-16,0.,-1.));
#1851=DIRECTION('center_axis',(1.92990460635163E-15,0.494545454545496,0.869151766602582));
#1852=DIRECTION('ref_axis',(-1.,0.,2.22044604925031E-15));
#1853=DIRECTION('center_axis',(1.,0.,-1.43254583822601E-16));
#1854=DIRECTION('ref_axis',(0.,0.999991289112481,-0.00417393090004547));
#1855=DIRECTION('center_axis',(-1.,0.,1.43254583822601E-16));
#1856=DIRECTION('ref_axis',(-5.9793473399031E-19,0.999991289112481,-0.00417393090004547));
#1857=DIRECTION('center_axis',(0.,-1.,0.));
#1858=DIRECTION('ref_axis',(-1.,0.,0.));
#1859=DIRECTION('center_axis',(-1.,0.,1.43254583822601E-16));
#1860=DIRECTION('ref_axis',(-6.93889390390723E-17,-0.864449378085696,-0.502719875007198));
#1861=DIRECTION('center_axis',(1.,0.,-1.43254583822601E-16));
#1862=DIRECTION('ref_axis',(-7.20169264735064E-17,-0.864449378085696,-0.502719875007198));
#1863=DIRECTION('center_axis',(-1.11331176140063E-31,1.,-7.77156117237614E-16));
#1864=DIRECTION('ref_axis',(-0.707106781186549,0.,-0.707106781186546));
#1865=DIRECTION('center_axis',(0.,-1.,0.));
#1866=DIRECTION('ref_axis',(-1.,0.,0.));
#1867=DIRECTION('',(1.11331176140063E-31,-1.,7.77156117237614E-16));
#1868=DIRECTION('',(-1.11331176140063E-31,1.,-7.77156117237614E-16));
#1869=DIRECTION('center_axis',(1.,0.,-1.43254583822601E-16));
#1870=DIRECTION('ref_axis',(-1.69176841847643E-16,0.,-1.));
#1871=DIRECTION('center_axis',(0.,-0.971478559955888,-0.237127407833918));
#1872=DIRECTION('ref_axis',(-1.,0.,0.));
#1873=DIRECTION('center_axis',(-1.,0.,1.43254583822601E-16));
#1874=DIRECTION('ref_axis',(-1.42082113270481E-16,0.119418256653059,-0.992844036079154));
#1875=DIRECTION('center_axis',(1.,0.,-1.43254583822601E-16));
#1876=DIRECTION('ref_axis',(-1.42229459189271E-16,0.119418256653059,-0.992844036079154));
#1877=DIRECTION('center_axis',(1.,0.,-1.43254583822601E-16));
#1878=DIRECTION('ref_axis',(-1.11022302462516E-16,0.,-1.));
#1879=DIRECTION('center_axis',(0.,-0.997766935422576,-0.0667917852541772));
#1880=DIRECTION('ref_axis',(-1.,0.,0.));
#1881=DIRECTION('center_axis',(1.,0.,-1.43254583822601E-16));
#1882=DIRECTION('ref_axis',(1.41016230950373E-16,-0.152527009585186,0.988299302512655));
#1883=DIRECTION('center_axis',(-1.,0.,1.43254583822601E-16));
#1884=DIRECTION('ref_axis',(1.41578405273618E-16,-0.152527009585186,0.988299302512655));
#1885=DIRECTION('center_axis',(-1.,0.,1.43254583822601E-16));
#1886=DIRECTION('ref_axis',(0.,0.,1.));
#1887=DIRECTION('center_axis',(-1.48307555690071E-16,0.997766935422575,
-0.0667917852542036));
#1888=DIRECTION('ref_axis',(-1.,0.,2.22044604925031E-15));
#1889=DIRECTION('center_axis',(-1.,0.,1.43254583822601E-16));
#1890=DIRECTION('ref_axis',(0.,1.,-1.4335853334214E-14));
#1891=DIRECTION('center_axis',(1.,0.,-1.43254583822601E-16));
#1892=DIRECTION('ref_axis',(-2.05367670313468E-30,1.,-1.4335853334214E-14));
#1893=DIRECTION('center_axis',(-1.,0.,1.43254583822601E-16));
#1894=DIRECTION('ref_axis',(1.11022302462516E-16,0.,1.));
#1895=DIRECTION('center_axis',(0.,0.971478559955883,-0.23712740783394));
#1896=DIRECTION('ref_axis',(-1.,0.,0.));
#1897=DIRECTION('center_axis',(1.,0.,-1.43254583822601E-16));
#1898=DIRECTION('ref_axis',(-1.41016230950373E-16,-0.15252700958521,-0.988299302512651));
#1899=DIRECTION('center_axis',(-1.,0.,1.43254583822601E-16));
#1900=DIRECTION('ref_axis',(-1.41578405273617E-16,-0.15252700958521,-0.988299302512651));
#1901=DIRECTION('center_axis',(1.,0.,-1.43254583822601E-16));
#1902=DIRECTION('ref_axis',(-1.69176841847643E-16,0.,-1.));
#1903=DIRECTION('center_axis',(0.,1.,2.22044604925036E-15));
#1904=DIRECTION('ref_axis',(-1.,0.,0.));
#1905=DIRECTION('center_axis',(-1.,0.,1.43254583822601E-16));
#1906=DIRECTION('ref_axis',(1.42082113270481E-16,0.119418256653071,0.992844036079153));
#1907=DIRECTION('center_axis',(1.,0.,-1.43254583822601E-16));
#1908=DIRECTION('ref_axis',(1.42229459189271E-16,0.119418256653071,0.992844036079152));
#1909=DIRECTION('center_axis',(-1.06029691561964E-31,1.,-7.40148683083438E-16));
#1910=DIRECTION('ref_axis',(-0.707106781186549,0.,0.707106781186546));
#1911=DIRECTION('',(1.06029691561964E-31,-1.,7.40148683083438E-16));
#1912=DIRECTION('center_axis',(1.,0.,0.));
#1913=DIRECTION('ref_axis',(0.,0.,1.));
#1914=DIRECTION('',(-1.,0.,0.));
#1915=DIRECTION('',(1.,0.,0.));
#1916=DIRECTION('center_axis',(1.,0.,0.));
#1917=DIRECTION('ref_axis',(0.,0.257662650560349,0.966234939601242));
#1918=DIRECTION('',(-1.,0.,0.));
#1919=DIRECTION('center_axis',(-1.,0.,0.));
#1920=DIRECTION('ref_axis',(0.,-7.40148683083437E-16,-1.));
#1921=DIRECTION('',(-1.,0.,0.));
#1922=DIRECTION('center_axis',(-1.,0.,0.));
#1923=DIRECTION('ref_axis',(0.,-0.862343529944039,0.506323647841629));
#1924=DIRECTION('',(1.,0.,0.));
#1925=DIRECTION('center_axis',(1.,0.,-1.43254583822601E-16));
#1926=DIRECTION('ref_axis',(1.43254583822601E-16,0.,1.));
#1927=DIRECTION('center_axis',(1.,0.,2.46519032881566E-32));
#1928=DIRECTION('ref_axis',(-2.46519032881566E-32,0.,1.));
#1929=DIRECTION('center_axis',(1.,0.,0.));
#1930=DIRECTION('ref_axis',(0.,0.,1.));
#1931=DIRECTION('center_axis',(1.,0.,0.));
#1932=DIRECTION('ref_axis',(0.,0.,1.));
#1933=DIRECTION('center_axis',(1.,0.,0.));
#1934=DIRECTION('ref_axis',(0.,0.,1.));
#1935=DIRECTION('center_axis',(1.,0.,0.));
#1936=DIRECTION('ref_axis',(0.,0.,1.));
#1937=DIRECTION('center_axis',(1.,0.,-1.43254583822601E-16));
#1938=DIRECTION('ref_axis',(0.,-5.55111512312588E-17,1.));
#1939=DIRECTION('center_axis',(1.,0.,-1.43254583822601E-16));
#1940=DIRECTION('ref_axis',(0.,-5.55111512312588E-17,1.));
#1941=DIRECTION('center_axis',(1.,0.,0.));
#1942=DIRECTION('ref_axis',(0.,-1.66533453693772E-16,1.));
#1943=DIRECTION('',(-1.,0.,0.));
#1944=DIRECTION('center_axis',(-1.,0.,0.));
#1945=DIRECTION('ref_axis',(0.,-0.864449378085696,-0.502719875007199));
#1946=DIRECTION('',(1.,-2.22716137762568E-45,-2.86578375724826E-30));
#1947=DIRECTION('center_axis',(2.86578375724826E-30,7.77156117237614E-16,
1.));
#1948=DIRECTION('ref_axis',(1.,4.83793602030084E-30,-2.86578375724827E-30));
#1949=DIRECTION('',(1.,4.83793602030084E-30,-2.86578375724827E-30));
#1950=DIRECTION('',(-1.,0.,0.));
#1951=DIRECTION('center_axis',(1.,0.,0.));
#1952=DIRECTION('ref_axis',(0.,0.257662650560349,0.966234939601242));
#1953=DIRECTION('',(-1.,0.,0.));
#1954=DIRECTION('center_axis',(1.,0.,0.));
#1955=DIRECTION('ref_axis',(0.,7.66582564622132E-16,1.));
#1956=DIRECTION('',(1.,0.,0.));
#1957=DIRECTION('',(1.,0.,0.));
#1958=DIRECTION('center_axis',(-1.,0.,0.));
#1959=DIRECTION('ref_axis',(0.,0.257662650560315,-0.966234939601251));
#1960=DIRECTION('center_axis',(-1.,0.,0.));
#1961=DIRECTION('ref_axis',(0.,0.257662650560315,-0.966234939601251));
#1962=DIRECTION('',(1.,0.,0.));
#1963=DIRECTION('center_axis',(1.,0.,0.));
#1964=DIRECTION('ref_axis',(0.,-3.12789835786789E-47,-1.));
#1965=DIRECTION('',(0.,-7.40148683083438E-16,-1.));
#1966=DIRECTION('',(0.,-1.,0.));
#1967=DIRECTION('',(0.,-3.12789835786789E-47,-1.));
#1968=DIRECTION('',(0.,1.,0.));
#1969=DIRECTION('center_axis',(0.,0.,-1.));
#1970=DIRECTION('ref_axis',(-1.,-6.48923415877523E-30,0.));
#1971=DIRECTION('',(1.,0.,0.));
#1972=DIRECTION('',(0.,1.,0.));
#1973=DIRECTION('',(-1.,-4.85026197194492E-30,0.));
#1974=DIRECTION('center_axis',(1.,0.,0.));
#1975=DIRECTION('ref_axis',(0.,0.,-1.));
#1976=DIRECTION('',(0.,3.35646296614043E-59,1.));
#1977=DIRECTION('',(0.,-1.,3.88578058618809E-16));
#1978=DIRECTION('',(0.,-7.40148683083438E-16,-1.));
#1979=DIRECTION('center_axis',(1.,0.,0.));
#1980=DIRECTION('ref_axis',(0.,-5.55111512312588E-17,1.));
#1981=DIRECTION('center_axis',(-1.,0.,0.));
#1982=DIRECTION('ref_axis',(0.,-5.55111512312588E-17,1.));
#1983=DIRECTION('',(-1.,0.,0.));
#1984=DIRECTION('center_axis',(-1.,0.,0.));
#1985=DIRECTION('ref_axis',(0.,-5.55111512312588E-17,1.));
#1986=DIRECTION('center_axis',(-1.,0.,0.));
#1987=DIRECTION('ref_axis',(0.,-5.55111512312588E-17,1.));
#1988=DIRECTION('',(-1.,0.,0.));
#1989=DIRECTION('center_axis',(-1.,0.,0.));
#1990=DIRECTION('ref_axis',(0.,-5.55111512312588E-17,1.));
#1991=DIRECTION('center_axis',(1.,0.,0.));
#1992=DIRECTION('ref_axis',(0.,-5.55111512312588E-17,1.));
#1993=DIRECTION('',(1.,0.,0.));
#1994=DIRECTION('center_axis',(1.,0.,0.));
#1995=DIRECTION('ref_axis',(0.,-5.55111512312588E-17,1.));
#1996=DIRECTION('center_axis',(1.,0.,0.));
#1997=DIRECTION('ref_axis',(0.,-5.55111512312588E-17,1.));
#1998=DIRECTION('',(1.,0.,0.));
#1999=DIRECTION('center_axis',(1.,0.,0.));
#2000=DIRECTION('ref_axis',(0.,1.29784683175504E-30,-1.));
#2001=DIRECTION('',(0.,3.35646296614043E-59,1.));
#2002=DIRECTION('',(0.,-1.,0.));
#2003=DIRECTION('',(0.,-7.40148683083438E-16,-1.));
#2004=DIRECTION('',(0.,-1.,1.12872674170224E-15));
#2005=DIRECTION('center_axis',(0.,0.,1.));
#2006=DIRECTION('ref_axis',(1.,3.98096154637733E-46,0.));
#2007=DIRECTION('',(1.,4.85026197194492E-30,0.));
#2008=DIRECTION('',(1.,3.98096154637733E-46,0.));
#2009=DIRECTION('center_axis',(3.69778549322349E-32,1.12872674170224E-15,
1.));
#2010=DIRECTION('ref_axis',(1.,-1.23259516440783E-32,-3.69778549322349E-32));
#2011=DIRECTION('',(0.,1.,-1.12872674170224E-15));
#2012=DIRECTION('',(-1.,1.2411480064736E-90,3.69778549322349E-32));
#2013=DIRECTION('',(1.,4.85026197194492E-30,-3.69778549322404E-32));
#2014=DIRECTION('center_axis',(-1.,0.,0.));
#2015=DIRECTION('ref_axis',(0.,0.,1.));
#2016=DIRECTION('',(0.,0.,-1.));
#2017=DIRECTION('',(0.,-1.,0.));
#2018=DIRECTION('',(0.,7.40148683083438E-16,1.));
#2019=DIRECTION('',(0.,1.,-3.88578058618809E-16));
#2020=DIRECTION('',(0.,-3.35646296614043E-59,-1.));
#2021=DIRECTION('',(0.,7.40148683083438E-16,1.));
#2022=DIRECTION('',(0.,1.,0.));
#2023=DIRECTION('center_axis',(2.82880590231603E-30,3.88578058618809E-16,
1.));
#2024=DIRECTION('ref_axis',(1.,4.85026197194492E-30,-2.82880590231603E-30));
#2025=DIRECTION('',(1.,4.85026197194492E-30,-2.82880590231603E-30));
#2026=DIRECTION('',(-1.,9.49478224952322E-89,2.82880590231603E-30));
#2027=DIRECTION('center_axis',(0.,1.,-3.35646296614043E-59));
#2028=DIRECTION('ref_axis',(-1.,0.,0.));
#2029=DIRECTION('center_axis',(0.,1.,0.));
#2030=DIRECTION('ref_axis',(0.,0.,1.));
#2031=DIRECTION('',(-1.,0.,0.));
#2032=DIRECTION('',(1.,0.,0.));
#2033=DIRECTION('center_axis',(0.,0.,1.));
#2034=DIRECTION('ref_axis',(0.,1.,0.));
#2035=DIRECTION('',(1.,0.,-9.25185853854297E-17));
#2036=DIRECTION('center_axis',(0.,0.,-1.));
#2037=DIRECTION('ref_axis',(0.,-1.,0.));
#2038=DIRECTION('',(1.,0.,-9.25185853854297E-17));
#2039=DIRECTION('center_axis',(4.85026197194492E-30,-1.,7.40148683083438E-16));
#2040=DIRECTION('ref_axis',(1.,4.85026197194492E-30,-2.82880590231603E-30));
#2041=DIRECTION('center_axis',(-1.,0.,0.));
#2042=DIRECTION('ref_axis',(0.,0.,-1.));
#2043=DIRECTION('',(1.,0.,0.));
#2044=DIRECTION('center_axis',(-1.,0.,0.));
#2045=DIRECTION('ref_axis',(0.,0.,-1.));
#2046=DIRECTION('',(1.,0.,0.));
#2047=DIRECTION('center_axis',(-1.,0.,0.));
#2048=DIRECTION('ref_axis',(0.,0.,-1.));
#2049=DIRECTION('',(1.,0.,0.));
#2050=DIRECTION('center_axis',(-1.,0.,0.));
#2051=DIRECTION('ref_axis',(0.,0.,-1.));
#2052=DIRECTION('',(1.,0.,0.));
#2053=DIRECTION('center_axis',(-1.,0.,0.));
#2054=DIRECTION('ref_axis',(0.,0.,-1.));
#2055=DIRECTION('center_axis',(1.,0.,0.));
#2056=DIRECTION('ref_axis',(0.,0.,1.));
#2057=DIRECTION('',(-1.,0.,0.));
#2058=DIRECTION('center_axis',(1.,0.,0.));
#2059=DIRECTION('ref_axis',(0.,0.,1.));
#2060=DIRECTION('',(-1.,0.,0.));
#2061=DIRECTION('center_axis',(1.,0.,0.));
#2062=DIRECTION('ref_axis',(0.,0.,1.));
#2063=DIRECTION('',(-1.,0.,0.));
#2064=DIRECTION('center_axis',(1.,0.,0.));
#2065=DIRECTION('ref_axis',(0.,0.,1.));
#2066=DIRECTION('',(-1.,0.,0.));
#2067=DIRECTION('center_axis',(1.,0.,0.));
#2068=DIRECTION('ref_axis',(0.,0.,1.));
#2069=DIRECTION('',(-1.,0.,0.));
#2070=CARTESIAN_POINT('',(0.,0.,0.));
#2071=CARTESIAN_POINT('Origin',(-0.0999999999996884,17.9995997229768,-3.25000000000033));
#2072=CARTESIAN_POINT('',(-0.0999999999996884,17.9995997229768,-3.25000000000033));
#2073=CARTESIAN_POINT('',(-0.0999999999996884,29.0308054594319,-3.25000000000033));
#2074=CARTESIAN_POINT('',(-0.0999999999996884,16.4168497229768,-3.25000000000033));
#2075=CARTESIAN_POINT('',(0.600000000000312,17.9995997229768,-3.25000000000033));
#2076=CARTESIAN_POINT('',(0.800000000000312,17.9995997229768,-3.25000000000033));
#2077=CARTESIAN_POINT('',(0.600000000000312,29.0308054594319,-3.25000000000033));
#2078=CARTESIAN_POINT('',(0.600000000000312,17.9995997229768,-3.25000000000033));
#2079=CARTESIAN_POINT('',(0.800000000000312,29.0308054594319,-3.25000000000033));
#2080=CARTESIAN_POINT('Origin',(-0.0999999999996884,29.0308054594319,3.24999999999967));
#2081=CARTESIAN_POINT('',(-0.0999999999996884,29.0308054594319,3.24999999999967));
#2082=CARTESIAN_POINT('',(-0.0999999999996884,17.9995997229768,3.24999999999967));
#2083=CARTESIAN_POINT('',(-0.0999999999996884,21.9324525912044,3.24999999999967));
#2084=CARTESIAN_POINT('',(0.600000000000312,29.0308054594319,3.24999999999967));
#2085=CARTESIAN_POINT('',(0.800000000000312,29.0308054594319,3.24999999999967));
#2086=CARTESIAN_POINT('',(0.600000000000312,17.9995997229768,3.24999999999967));
#2087=CARTESIAN_POINT('',(0.600000000000312,33.1379472220966,3.24999999999967));
#2088=CARTESIAN_POINT('',(0.800000000000312,17.9995997229768,3.24999999999967));
#2089=CARTESIAN_POINT('Origin',(0.600000000000312,23.7495997229768,-3.30846461338297E-13));
#2090=CARTESIAN_POINT('Origin',(0.600000000000312,17.9995997229768,-3.3089831825035E-13));
#2091=CARTESIAN_POINT('Origin',(0.600000000000312,17.9995997229768,-3.3089831825035E-13));
#2092=CARTESIAN_POINT('',(0.600000000000312,24.9995997229768,1.74999999999967));
#2093=CARTESIAN_POINT('Origin',(0.600000000000312,24.9995997229768,-3.3089831825035E-13));
#2094=CARTESIAN_POINT('Origin',(0.800000000000312,17.9995997229768,-3.3089831825035E-13));
#2095=CARTESIAN_POINT('',(3.80000000000031,17.9995997229768,3.24999999999967));
#2096=CARTESIAN_POINT('',(0.800000000000312,17.9995997229768,3.24999999999967));
#2097=CARTESIAN_POINT('Origin',(3.80000000000031,17.9995997229768,-3.31175874006506E-13));
#2098=CARTESIAN_POINT('Origin',(-0.0999999999996884,17.9995997229768,-3.3089831825035E-13));
#2099=CARTESIAN_POINT('Origin',(-1.09999999999969,-2.83140027702318,13.0177183268647));
#2100=CARTESIAN_POINT('',(-0.0999999999996884,0.168599722976817,13.0177183268647));
#2101=CARTESIAN_POINT('',(-1.09999999999969,-0.831400277023197,13.0177183268647));
#2102=CARTESIAN_POINT('Origin',(-1.09999999999969,0.168599722976817,13.0177183268647));
#2103=CARTESIAN_POINT('',(-1.09999999999969,-2.6148050251312,15.0059553592272));
#2104=CARTESIAN_POINT('Origin',(-1.09999999999969,-2.83140027702318,13.0177183268647));
#2105=CARTESIAN_POINT('',(-0.099999999999687,-0.368448931099525,14.7305728646504));
#2106=CARTESIAN_POINT('Ctrl Pts',(-1.09999999999969,-2.6148050251312,15.0059553592272));
#2107=CARTESIAN_POINT('Ctrl Pts',(-1.09878776370084,-2.61308008843337,15.005767447478));
#2108=CARTESIAN_POINT('Ctrl Pts',(-1.09757550572786,-2.61135512670704,15.0055794789202));
#2109=CARTESIAN_POINT('Ctrl Pts',(-0.725597966044856,-2.08205390914064,
14.9478850900755));
#2110=CARTESIAN_POINT('Ctrl Pts',(-0.330502341506201,-1.51727615526905,
14.8814170145274));
#2111=CARTESIAN_POINT('Ctrl Pts',(-0.118428221107052,-0.694573653494937,
14.7746237053396));
#2112=CARTESIAN_POINT('Ctrl Pts',(-0.0999999999996829,-0.517932287137057,
14.7509457032111));
#2113=CARTESIAN_POINT('Ctrl Pts',(-0.0999999999996879,-0.368448931099522,
14.7305728646504));
#2114=CARTESIAN_POINT('Origin',(-0.0999999999996884,-2.83140027702318,13.0177183268647));
#2115=CARTESIAN_POINT('Origin',(-1.09999999999969,0.168599722976803,-1.25455201782643E-13));
#2116=CARTESIAN_POINT('',(-0.0999999999996884,0.168599722976803,-13.0177183268648));
#2117=CARTESIAN_POINT('',(-1.09999999999969,-0.831400277023197,-13.0177183268648));
#2118=CARTESIAN_POINT('Origin',(-1.09999999999969,0.168599722976803,-13.0177183268648));
#2119=CARTESIAN_POINT('',(-1.09999999999969,-0.831400277023197,-1.25455201782643E-13));
#2120=CARTESIAN_POINT('',(-0.0999999999996884,0.168599722976803,-1.25455201782643E-13));
#2121=CARTESIAN_POINT('Origin',(-1.09999999999969,-2.83140027702319,-13.0177183268648));
#2122=CARTESIAN_POINT('',(-0.0999999999996884,-0.368448931099555,-14.7305728646505));
#2123=CARTESIAN_POINT('',(-1.09999999999969,-2.61480502513123,-15.0059553592273));
#2124=CARTESIAN_POINT('Ctrl Pts',(-0.0999999999996883,-0.368448931099552,
-14.7305728646506));
#2125=CARTESIAN_POINT('Ctrl Pts',(-0.0999999999996804,-0.554707130592535,
-14.7559576856063));
#2126=CARTESIAN_POINT('Ctrl Pts',(-0.127715615172777,-0.795170073189261,
-14.7881690399614));
#2127=CARTESIAN_POINT('Ctrl Pts',(-0.413682394918924,-1.63483393121565,
-14.8951412153137));
#2128=CARTESIAN_POINT('Ctrl Pts',(-0.757438331409329,-2.12736079501487,
-14.9528235882393));
#2129=CARTESIAN_POINT('Ctrl Pts',(-1.09757551140439,-2.61135513479286,-15.0055794798016));
#2130=CARTESIAN_POINT('Ctrl Pts',(-1.09878775802098,-2.61308008035132,-15.0057674465977));
#2131=CARTESIAN_POINT('Ctrl Pts',(-1.09999999999969,-2.61480502513123,-15.0059553592273));
#2132=CARTESIAN_POINT('Origin',(-1.09999999999969,-2.83140027702319,-13.0177183268648));
#2133=CARTESIAN_POINT('Origin',(-0.0999999999996884,-2.83140027702319,-13.0177183268648));
#2134=CARTESIAN_POINT('Origin',(-0.0999999999996884,14.8340997229768,-1.66533453693773E-13));
#2135=CARTESIAN_POINT('',(-0.0999999999996884,18.7677052533998,-11.47431975736));
#2136=CARTESIAN_POINT('Origin',(-0.0999999999996884,17.9995997229768,-3.3089831825035E-13));
#2137=CARTESIAN_POINT('',(-0.0999999999996884,8.20689665345579,-13.1041990362946));
#2138=CARTESIAN_POINT('Origin',(-0.0999999999996884,22.9087959391588,-73.3358697535597));
#2139=CARTESIAN_POINT('Origin',(-0.0999999999996884,-11.7118056045934,68.5));
#2140=CARTESIAN_POINT('',(-0.0999999999996878,8.20689665345648,13.1041990362942));
#2141=CARTESIAN_POINT('Origin',(-0.099999999999687,-11.7118056045946,-68.5));
#2142=CARTESIAN_POINT('',(-0.0999999999996884,18.7677052534002,11.4743197573593));
#2143=CARTESIAN_POINT('Origin',(-0.0999999999996884,22.9087959391608,73.3358697535589));
#2144=CARTESIAN_POINT('Origin',(-0.0999999999996884,17.9995997229768,-3.3089831825035E-13));
#2145=CARTESIAN_POINT('',(-0.0999999999996884,10.9995997229768,1.74999999999967));
#2146=CARTESIAN_POINT('Origin',(-0.0999999999996884,10.9995997229768,-3.30041065490947E-13));
#2147=CARTESIAN_POINT('',(-0.0999999999996884,17.9995997229768,8.74999999999967));
#2148=CARTESIAN_POINT('Origin',(-0.0999999999996884,17.9995997229768,6.99999999999967));
#2149=CARTESIAN_POINT('',(-0.0999999999996884,17.9995997229768,-5.25000000000033));
#2150=CARTESIAN_POINT('Origin',(-0.0999999999996884,17.9995997229768,-7.00000000000033));
#2151=CARTESIAN_POINT('Origin',(-35.4999999999997,-2.83140027702319,-13.0177183268648));
#2152=CARTESIAN_POINT('',(-36.4999999999997,0.168599722976811,-13.0177183268648));
#2153=CARTESIAN_POINT('',(-35.4999999999997,-0.831400277023197,-13.0177183268648));
#2154=CARTESIAN_POINT('Origin',(-35.4999999999997,0.168599722976811,-13.0177183268648));
#2155=CARTESIAN_POINT('',(-35.4999999999997,-2.61480502513123,-15.0059553592273));
#2156=CARTESIAN_POINT('Origin',(-35.4999999999997,-2.83140027702319,-13.0177183268648));
#2157=CARTESIAN_POINT('',(-36.4999999999997,-0.368448931099555,-14.7305728646505));
#2158=CARTESIAN_POINT('Ctrl Pts',(-35.4999999999997,-2.61480502513123,-15.0059553592273));
#2159=CARTESIAN_POINT('Ctrl Pts',(-35.5012122414088,-2.6130800811618,-15.005767446686));
#2160=CARTESIAN_POINT('Ctrl Pts',(-35.5024244891643,-2.61135513398188,-15.0055794797132));
#2161=CARTESIAN_POINT('Ctrl Pts',(-35.8744023310326,-2.08205348584218,-14.9478850439357));
#2162=CARTESIAN_POINT('Ctrl Pts',(-36.2694977185254,-1.5172759223851,-14.8814169842974));
#2163=CARTESIAN_POINT('Ctrl Pts',(-36.4815717788922,-0.694573653495318,
-14.7746237053398));
#2164=CARTESIAN_POINT('Ctrl Pts',(-36.4999999999997,-0.517932287137401,
-14.7509457032113));
#2165=CARTESIAN_POINT('Ctrl Pts',(-36.4999999999997,-0.368448931099551,
-14.7305728646505));
#2166=CARTESIAN_POINT('Origin',(-36.4999999999997,-2.83140027702319,-13.0177183268648));
#2167=CARTESIAN_POINT('Origin',(-35.4999999999997,0.168599722976803,-1.24344978758018E-13));
#2168=CARTESIAN_POINT('',(-36.4999999999997,0.168599722976803,13.0177183268647));
#2169=CARTESIAN_POINT('',(-35.4999999999997,-0.831400277023197,13.0177183268647));
#2170=CARTESIAN_POINT('Origin',(-35.4999999999997,0.168599722976803,13.0177183268647));
#2171=CARTESIAN_POINT('',(-35.4999999999997,-0.831400277023197,-1.24344978758018E-13));
#2172=CARTESIAN_POINT('',(-36.4999999999997,0.168599722976803,-1.24344978758018E-13));
#2173=CARTESIAN_POINT('Origin',(-35.4999999999997,-2.83140027702318,13.0177183268647));
#2174=CARTESIAN_POINT('',(-36.4999999999997,-0.368448931099525,14.7305728646504));
#2175=CARTESIAN_POINT('',(-35.4999999999997,-2.6148050251312,15.0059553592272));
#2176=CARTESIAN_POINT('Ctrl Pts',(-36.4999999999997,-0.368448931099525,
14.7305728646504));
#2177=CARTESIAN_POINT('Ctrl Pts',(-36.4999999999997,-0.55470713059089,14.7559576856059));
#2178=CARTESIAN_POINT('Ctrl Pts',(-36.4722843848271,-0.795170073187715,
14.7881690399611));
#2179=CARTESIAN_POINT('Ctrl Pts',(-36.1863173945181,-1.63483454947492,14.8951412940791));
#2180=CARTESIAN_POINT('Ctrl Pts',(-35.8425608774718,-2.12736192114896,14.952823710989));
#2181=CARTESIAN_POINT('Ctrl Pts',(-35.502424492702,-2.61135512894271,15.0055794791639));
#2182=CARTESIAN_POINT('Ctrl Pts',(-35.5012122378688,-2.61308008619904,15.0057674472346));
#2183=CARTESIAN_POINT('Ctrl Pts',(-35.4999999999997,-2.6148050251312,15.0059553592272));
#2184=CARTESIAN_POINT('Origin',(-35.4999999999997,-2.83140027702318,13.0177183268647));
#2185=CARTESIAN_POINT('Origin',(-36.4999999999997,-2.83140027702318,13.0177183268647));
#2186=CARTESIAN_POINT('Origin',(-36.4999999999997,14.8340997229768,-1.64313007644523E-13));
#2187=CARTESIAN_POINT('',(-36.4999999999997,8.20689665345579,-13.1041990362946));
#2188=CARTESIAN_POINT('Origin',(-36.4999999999997,-11.7118056045934,68.5));
#2189=CARTESIAN_POINT('',(-36.4999999999997,18.7677052533998,-11.47431975736));
#2190=CARTESIAN_POINT('Origin',(-36.4999999999997,22.9087959391588,-73.3358697535597));
#2191=CARTESIAN_POINT('',(-36.4999999999997,18.7677052534002,11.4743197573593));
#2192=CARTESIAN_POINT('Origin',(-36.4999999999997,17.9995997229768,-3.30912643708732E-13));
#2193=CARTESIAN_POINT('',(-36.4999999999997,8.20689665345646,13.1041990362942));
#2194=CARTESIAN_POINT('Origin',(-36.4999999999997,22.9087959391608,73.3358697535589));
#2195=CARTESIAN_POINT('Origin',(-36.4999999999997,-11.7118056045946,-68.5));
#2196=CARTESIAN_POINT('',(-36.4999999999997,10.9995997229768,-1.75000000000033));
#2197=CARTESIAN_POINT('Origin',(-36.4999999999997,10.9995997229768,-3.30055390949329E-13));
#2198=CARTESIAN_POINT('',(-36.4999999999997,17.9995997229768,-8.75000000000033));
#2199=CARTESIAN_POINT('Origin',(-36.4999999999997,17.9995997229768,-7.00000000000033));
#2200=CARTESIAN_POINT('',(-36.4999999999997,17.9995997229768,5.24999999999967));
#2201=CARTESIAN_POINT('Origin',(-36.4999999999997,17.9995997229768,6.99999999999967));
#2202=CARTESIAN_POINT('',(-36.4999999999997,24.9995997229768,-1.75000000000033));
#2203=CARTESIAN_POINT('Origin',(-36.4999999999997,24.9995997229768,-3.30912643708732E-13));
#2204=CARTESIAN_POINT('',(-36.4999999999997,17.9995997229768,-3.25000000000033));
#2205=CARTESIAN_POINT('Origin',(-36.4999999999997,17.9995997229768,-3.30912643708732E-13));
#2206=CARTESIAN_POINT('Origin',(0.800000000000312,-2.83140027702319,-13.0177183268648));
#2207=CARTESIAN_POINT('',(0.800000000000312,-2.61480502513123,-15.0059553592273));
#2208=CARTESIAN_POINT('',(0.800000000000312,-0.831400277023197,-13.0177183268648));
#2209=CARTESIAN_POINT('Origin',(-18.1999999999997,-0.831400277023197,-8.43769498715119E-14));
#2210=CARTESIAN_POINT('',(-37.1999999999997,-0.831400277023197,13.0177183268647));
#2211=CARTESIAN_POINT('Origin',(-37.1999999999997,-2.83140027702318,13.0177183268647));
#2212=CARTESIAN_POINT('',(-37.1999999999997,-2.6148050251312,15.0059553592272));
#2213=CARTESIAN_POINT('Origin',(2.80000000000031,-18.7360502077674,14.5));
#2214=CARTESIAN_POINT('',(2.80000000000031,-33.45,15.4999999999999));
#2215=CARTESIAN_POINT('',(3.80000000000031,-33.45,14.5));
#2216=CARTESIAN_POINT('Origin',(2.80000000000031,-33.45,14.5));
#2217=CARTESIAN_POINT('',(3.80000000000031,-11.7118056045945,14.5));
#2218=CARTESIAN_POINT('',(3.80000000000031,-18.7360502077674,14.5));
#2219=CARTESIAN_POINT('',(2.80000000000031,-11.7118056045945,15.5));
#2220=CARTESIAN_POINT('Origin',(2.80000000000031,-11.7118056045945,14.5));
#2221=CARTESIAN_POINT('',(2.80000000000031,-18.7360502077674,15.5));
#2222=CARTESIAN_POINT('Origin',(2.80000000000031,-11.7118056045946,-68.5));
#2223=CARTESIAN_POINT('',(3.80000000000031,7.96976924562254,12.1327204763383));
#2224=CARTESIAN_POINT('',(2.80000000000031,8.20689665345648,13.1041990362942));
#2225=CARTESIAN_POINT('Origin',(2.80000000000031,7.96976924562254,12.1327204763383));
#2226=CARTESIAN_POINT('Origin',(2.80000000000031,-11.7118056045946,-68.5));
#2227=CARTESIAN_POINT('Origin',(3.80000000000031,-11.7118056045946,-68.5));
#2228=CARTESIAN_POINT('Origin',(2.80000000000031,22.9087959391608,73.3358697535589));
#2229=CARTESIAN_POINT('',(3.80000000000031,18.700913468146,10.4765528219367));
#2230=CARTESIAN_POINT('',(2.80000000000031,18.7677052534002,11.4743197573593));
#2231=CARTESIAN_POINT('Origin',(2.80000000000031,18.700913468146,10.4765528219367));
#2232=CARTESIAN_POINT('Origin',(2.80000000000031,22.9087959391608,73.3358697535589));
#2233=CARTESIAN_POINT('Origin',(3.80000000000032,22.9087959391608,73.3358697535589));
#2234=CARTESIAN_POINT('Origin',(2.80000000000031,17.9995997229768,-3.3089831825035E-13));
#2235=CARTESIAN_POINT('',(3.80000000000031,18.7009134681457,-10.4765528219374));
#2236=CARTESIAN_POINT('',(2.80000000000031,18.7677052533998,-11.47431975736));
#2237=CARTESIAN_POINT('Origin',(2.80000000000031,18.7009134681457,-10.4765528219374));
#2238=CARTESIAN_POINT('Origin',(2.80000000000031,17.9995997229768,-3.3089831825035E-13));
#2239=CARTESIAN_POINT('Origin',(3.80000000000031,17.9995997229768,-3.30952038719283E-13));
#2240=CARTESIAN_POINT('Origin',(2.80000000000031,22.9087959391588,-73.3358697535597));
#2241=CARTESIAN_POINT('',(3.80000000000031,7.96976924562188,-12.1327204763387));
#2242=CARTESIAN_POINT('',(2.80000000000032,8.2068966534558,-13.1041990362946));
#2243=CARTESIAN_POINT('Origin',(2.80000000000032,7.96976924562188,-12.1327204763387));
#2244=CARTESIAN_POINT('Origin',(2.80000000000031,22.9087959391588,-73.3358697535597));
#2245=CARTESIAN_POINT('Origin',(3.80000000000031,22.9087959391588,-73.3358697535597));
#2246=CARTESIAN_POINT('Origin',(2.80000000000031,-11.7118056045934,68.5));
#2247=CARTESIAN_POINT('',(3.80000000000031,-11.7118056045934,-14.5));
#2248=CARTESIAN_POINT('',(2.80000000000031,-11.7118056045935,-15.5));
#2249=CARTESIAN_POINT('Origin',(2.80000000000031,-11.7118056045934,-14.5));
#2250=CARTESIAN_POINT('Origin',(2.80000000000031,-11.7118056045934,68.5));
#2251=CARTESIAN_POINT('Origin',(3.80000000000032,-11.7118056045934,68.5));
#2252=CARTESIAN_POINT('Origin',(2.80000000000031,-18.7360502077674,-14.5));
#2253=CARTESIAN_POINT('',(3.80000000000031,-33.45,-14.5));
#2254=CARTESIAN_POINT('',(2.80000000000031,-33.45,-15.5));
#2255=CARTESIAN_POINT('Origin',(2.80000000000031,-33.45,-14.5));
#2256=CARTESIAN_POINT('',(2.80000000000031,-18.7360502077674,-15.5));
#2257=CARTESIAN_POINT('',(3.80000000000031,-18.7360502077674,-14.5));
#2258=CARTESIAN_POINT('Origin',(3.80000000000031,-13.8314002770232,15.4999999999999));
#2259=CARTESIAN_POINT('',(3.80000000000031,-33.45,10.5));
#2260=CARTESIAN_POINT('',(3.80000000000031,-33.45,13.9999999999999));
#2261=CARTESIAN_POINT('',(3.80000000000031,-20.1,10.5));
#2262=CARTESIAN_POINT('',(3.80000000000031,-20.1,10.5));
#2263=CARTESIAN_POINT('',(3.80000000000031,-20.1,-10.5));
#2264=CARTESIAN_POINT('',(3.80000000000031,-20.1,1.49999999999993));
#2265=CARTESIAN_POINT('',(3.80000000000031,-33.45,-10.5));
#2266=CARTESIAN_POINT('',(3.80000000000031,-20.1,-10.5));
#2267=CARTESIAN_POINT('',(3.80000000000031,-33.45,-10.5));
#2268=CARTESIAN_POINT('',(3.80000000000031,-17.2,9.00000000000002));
#2269=CARTESIAN_POINT('Origin',(3.80000000000031,-17.2,10.35));
#2270=CARTESIAN_POINT('',(3.80000000000031,-17.2,-11.5));
#2271=CARTESIAN_POINT('Origin',(3.80000000000031,-17.2,-10.15));
#2272=CARTESIAN_POINT('',(3.80000000000031,24.9995997229768,1.74999999999967));
#2273=CARTESIAN_POINT('Origin',(3.80000000000031,24.9995997229768,-3.31175874006506E-13));
#2274=CARTESIAN_POINT('',(3.80000000000031,17.9995997229768,-5.25000000000033));
#2275=CARTESIAN_POINT('Origin',(3.80000000000031,17.9995997229768,-7.00000000000033));
#2276=CARTESIAN_POINT('',(3.80000000000031,17.9995997229768,8.74999999999967));
#2277=CARTESIAN_POINT('Origin',(3.80000000000031,17.9995997229768,6.99999999999967));
#2278=CARTESIAN_POINT('',(3.80000000000031,10.9995997229768,1.74999999999967));
#2279=CARTESIAN_POINT('Origin',(3.80000000000031,10.9995997229768,-3.30318621247103E-13));
#2280=CARTESIAN_POINT('Origin',(-18.1999999999997,-23.6407001385116,15.5));
#2281=CARTESIAN_POINT('',(-39.1999999999997,-11.7118056045945,15.5));
#2282=CARTESIAN_POINT('',(-37.1999999999997,-11.7118056045945,15.5));
#2283=CARTESIAN_POINT('',(-39.1999999999997,-25.9856293024364,15.5));
#2284=CARTESIAN_POINT('',(-39.1999999999997,-18.7360502077674,15.5));
#2285=CARTESIAN_POINT('',(-37.1999999999997,-25.9856293024364,15.5));
#2286=CARTESIAN_POINT('',(-37.1999999999997,-25.9856293024364,15.5));
#2287=CARTESIAN_POINT('',(-36.1999999999997,-28.2216972799362,15.5));
#2288=CARTESIAN_POINT('Ctrl Pts',(-36.1999999999997,-28.2216972799362,15.5));
#2289=CARTESIAN_POINT('Ctrl Pts',(-36.1999999999997,-27.9261087163857,15.5));
#2290=CARTESIAN_POINT('Ctrl Pts',(-36.2877162374954,-27.5824193157661,15.5));
#2291=CARTESIAN_POINT('Ctrl Pts',(-36.5875562001872,-26.8610338233767,15.5));
#2292=CARTESIAN_POINT('Ctrl Pts',(-36.9196219106005,-26.3821437990569,15.5));
#2293=CARTESIAN_POINT('Ctrl Pts',(-37.1999999999997,-25.9856293024364,15.5));
#2294=CARTESIAN_POINT('',(-36.1999999999997,-33.45,15.4999999999998));
#2295=CARTESIAN_POINT('',(-36.1999999999997,-26.3078500692559,15.5));
#2296=CARTESIAN_POINT('',(0.800000000000313,-33.45,15.4999999999999));
#2297=CARTESIAN_POINT('Origin',(-37.1999999999997,-26.0983264184295,-13.5));
#2298=CARTESIAN_POINT('',(-36.1999999999997,-28.7057817182373,-12.0163636363635));
#2299=CARTESIAN_POINT('',(-37.1999999999997,-27.8366299516347,-12.510909090909));
#2300=CARTESIAN_POINT('Origin',(-37.1999999999997,-28.7057817182373,-12.0163636363635));
#2301=CARTESIAN_POINT('',(-37.1999999999997,-26.0983264184295,-15.5));
#2302=CARTESIAN_POINT('Origin',(-37.1999999999997,-26.0983264184295,-13.5));
#2303=CARTESIAN_POINT('',(-36.1999999999997,-28.3343943959293,-15.5));
#2304=CARTESIAN_POINT('Ctrl Pts',(-37.1999999999997,-26.0983264184295,-15.5));
#2305=CARTESIAN_POINT('Ctrl Pts',(-36.9196219106005,-26.49484091505,-15.5));
#2306=CARTESIAN_POINT('Ctrl Pts',(-36.5875562001872,-26.9737309393699,-15.5));
#2307=CARTESIAN_POINT('Ctrl Pts',(-36.2877162374954,-27.6951164317592,-15.5));
#2308=CARTESIAN_POINT('Ctrl Pts',(-36.1999999999997,-28.0388058323788,-15.5));
#2309=CARTESIAN_POINT('Ctrl Pts',(-36.1999999999997,-28.3343943959293,-15.5));
#2310=CARTESIAN_POINT('Origin',(-36.1999999999997,-26.0983264184295,-13.5));
#2311=CARTESIAN_POINT('Origin',(-37.1999999999997,-50.0000000000006,0.100000000001073));
#2312=CARTESIAN_POINT('',(-36.1999999999997,-28.6053788330797,12.0381818181819));
#2313=CARTESIAN_POINT('',(-37.1999999999997,-27.732128989532,12.5254545454546));
#2314=CARTESIAN_POINT('Origin',(-37.1999999999997,-28.6053788330797,12.0381818181819));
#2315=CARTESIAN_POINT('Origin',(-37.1999999999997,-50.0000000000006,0.100000000001073));
#2316=CARTESIAN_POINT('Origin',(-36.1999999999997,-50.0000000000006,0.100000000001073));
#2317=CARTESIAN_POINT('Origin',(-37.1999999999997,-25.9856293024364,13.5));
#2318=CARTESIAN_POINT('Origin',(-37.1999999999997,-25.9856293024364,13.5));
#2319=CARTESIAN_POINT('Origin',(-36.1999999999997,-25.9856293024364,13.5));
#2320=CARTESIAN_POINT('Origin',(-36.1999999999997,-28.9750000000003,-9.36431487907896E-14));
#2321=CARTESIAN_POINT('',(-36.1999999999997,-33.45,-15.5));
#2322=CARTESIAN_POINT('',(-36.1999999999997,-26.3078500692559,-15.5));
#2323=CARTESIAN_POINT('',(-36.1999999999997,-33.45,6.24999999999996));
#2324=CARTESIAN_POINT('Ctrl Pts',(-40.1999999999997,-25.9856293024364,14.5));
#2325=CARTESIAN_POINT('Ctrl Pts',(-40.1999999999997,-26.558111538362,14.5));
#2326=CARTESIAN_POINT('Ctrl Pts',(-40.1999999999997,-26.8479728323804,14.0063236478416));
#2327=CARTESIAN_POINT('Ctrl Pts',(-40.1999999999997,-27.1378341263988,13.5126472956833));
#2328=CARTESIAN_POINT('Ctrl Pts',(-40.1999999999997,-26.8588791459842,13.0127272727273));
#2329=CARTESIAN_POINT('Ctrl Pts',(-40.1999999999997,-25.9856293024364,15.5));
#2330=CARTESIAN_POINT('Ctrl Pts',(-40.1999999999997,-27.1305937742877,15.5));
#2331=CARTESIAN_POINT('Ctrl Pts',(-40.1999999999997,-27.7103163623245,14.5126472956833));
#2332=CARTESIAN_POINT('Ctrl Pts',(-40.1999999999997,-28.2900389503613,13.5252945913665));
#2333=CARTESIAN_POINT('Ctrl Pts',(-40.1999999999997,-27.732128989532,12.5254545454546));
#2334=CARTESIAN_POINT('Ctrl Pts',(-39.1999999999997,-25.9856293024364,15.5));
#2335=CARTESIAN_POINT('Ctrl Pts',(-39.1999999999997,-27.1305937742877,15.5));
#2336=CARTESIAN_POINT('Ctrl Pts',(-39.1999999999997,-27.7103163623245,14.5126472956833));
#2337=CARTESIAN_POINT('Ctrl Pts',(-39.1999999999997,-28.2900389503613,13.5252945913665));
#2338=CARTESIAN_POINT('Ctrl Pts',(-39.1999999999997,-27.732128989532,12.5254545454546));
#2339=CARTESIAN_POINT('',(-40.1999999999997,-25.9856293024364,14.5));
#2340=CARTESIAN_POINT('Origin',(-39.1999999999997,-25.9856293024364,14.5));
#2341=CARTESIAN_POINT('',(-40.1999999999997,-26.8588791459842,13.0127272727273));
#2342=CARTESIAN_POINT('Origin',(-40.1999999999997,-25.9856293024364,13.5));
#2343=CARTESIAN_POINT('',(-39.1999999999997,-27.732128989532,12.5254545454546));
#2344=CARTESIAN_POINT('Origin',(-39.1999999999997,-26.8588791459842,13.0127272727273));
#2345=CARTESIAN_POINT('Origin',(-39.1999999999997,-25.9856293024364,13.5));
#2346=CARTESIAN_POINT('Origin',(-39.1999999999997,-50.0000000000006,0.100000000001073));
#2347=CARTESIAN_POINT('',(-40.1999999999997,-26.9674781850321,-13.0054545454545));
#2348=CARTESIAN_POINT('',(-39.1999999999997,-27.8366299516347,-12.510909090909));
#2349=CARTESIAN_POINT('Origin',(-39.1999999999997,-26.9674781850321,-13.0054545454545));
#2350=CARTESIAN_POINT('Origin',(-39.1999999999997,-50.0000000000006,0.100000000001073));
#2351=CARTESIAN_POINT('Origin',(-40.1999999999997,-50.0000000000006,0.100000000001073));
#2352=CARTESIAN_POINT('Ctrl Pts',(-40.1999999999997,-26.9674781850321,-13.0054545454545));
#2353=CARTESIAN_POINT('Ctrl Pts',(-40.1999999999997,-27.2519686730646,-13.5054397500144));
#2354=CARTESIAN_POINT('Ctrl Pts',(-40.1999999999997,-26.9627757965152,-14.0027198750072));
#2355=CARTESIAN_POINT('Ctrl Pts',(-40.1999999999997,-26.6735829199658,-14.5));
#2356=CARTESIAN_POINT('Ctrl Pts',(-40.1999999999997,-26.0983264184295,-14.5));
#2357=CARTESIAN_POINT('Ctrl Pts',(-40.1999999999997,-27.8366299516347,-12.510909090909));
#2358=CARTESIAN_POINT('Ctrl Pts',(-40.1999999999997,-28.4056109276997,-13.5108795000288));
#2359=CARTESIAN_POINT('Ctrl Pts',(-40.1999999999997,-27.8272251746009,-14.5054397500144));
#2360=CARTESIAN_POINT('Ctrl Pts',(-40.1999999999997,-27.2488394215021,-15.5));
#2361=CARTESIAN_POINT('Ctrl Pts',(-40.1999999999997,-26.0983264184295,-15.5));
#2362=CARTESIAN_POINT('Ctrl Pts',(-39.1999999999997,-27.8366299516347,-12.510909090909));
#2363=CARTESIAN_POINT('Ctrl Pts',(-39.1999999999997,-28.4056109276997,-13.5108795000288));
#2364=CARTESIAN_POINT('Ctrl Pts',(-39.1999999999997,-27.8272251746009,-14.5054397500144));
#2365=CARTESIAN_POINT('Ctrl Pts',(-39.1999999999997,-27.2488394215021,-15.5));
#2366=CARTESIAN_POINT('Ctrl Pts',(-39.1999999999997,-26.0983264184295,-15.5));
#2367=CARTESIAN_POINT('',(-40.1999999999997,-26.0983264184295,-14.5));
#2368=CARTESIAN_POINT('',(-39.1999999999997,-26.0983264184295,-15.5));
#2369=CARTESIAN_POINT('Origin',(-39.1999999999997,-26.0983264184295,-14.5));
#2370=CARTESIAN_POINT('Origin',(-39.1999999999997,-26.0983264184295,-13.5));
#2371=CARTESIAN_POINT('Origin',(-40.1999999999997,-26.0983264184295,-13.5));
#2372=CARTESIAN_POINT('Origin',(-39.1999999999997,-18.7360502077674,-14.5));
#2373=CARTESIAN_POINT('',(-40.1999999999997,-11.7118056045935,-14.5));
#2374=CARTESIAN_POINT('',(-39.1999999999997,-11.7118056045935,-15.5));
#2375=CARTESIAN_POINT('Origin',(-39.1999999999997,-11.7118056045935,-14.5));
#2376=CARTESIAN_POINT('',(-39.1999999999997,-18.7360502077674,-15.5));
#2377=CARTESIAN_POINT('',(-40.1999999999997,-18.7360502077674,-14.5));
#2378=CARTESIAN_POINT('Origin',(-39.1999999999997,-11.7118056045934,68.5));
#2379=CARTESIAN_POINT('',(-40.1999999999997,7.96976924562188,-12.1327204763387));
#2380=CARTESIAN_POINT('',(-39.1999999999997,8.20689665345579,-13.1041990362946));
#2381=CARTESIAN_POINT('Origin',(-39.1999999999997,7.96976924562188,-12.1327204763387));
#2382=CARTESIAN_POINT('Origin',(-39.1999999999997,-11.7118056045934,68.5));
#2383=CARTESIAN_POINT('Origin',(-40.1999999999997,-11.7118056045934,68.5));
#2384=CARTESIAN_POINT('Origin',(-39.1999999999997,22.9087959391588,-73.3358697535597));
#2385=CARTESIAN_POINT('',(-40.1999999999997,18.7009134681456,-10.4765528219374));
#2386=CARTESIAN_POINT('',(-39.1999999999997,18.7677052533998,-11.47431975736));
#2387=CARTESIAN_POINT('Origin',(-39.1999999999997,18.7009134681456,-10.4765528219374));
#2388=CARTESIAN_POINT('Origin',(-39.1999999999997,22.9087959391588,-73.3358697535597));
#2389=CARTESIAN_POINT('Origin',(-40.1999999999997,22.9087959391588,-73.3358697535597));
#2390=CARTESIAN_POINT('Origin',(-39.1999999999997,17.9995997229768,-3.30912643708732E-13));
#2391=CARTESIAN_POINT('',(-40.1999999999997,18.7009134681459,10.4765528219367));
#2392=CARTESIAN_POINT('',(-39.1999999999997,18.7677052534002,11.4743197573593));
#2393=CARTESIAN_POINT('Origin',(-39.1999999999997,18.7009134681459,10.4765528219367));
#2394=CARTESIAN_POINT('Origin',(-39.1999999999997,17.9995997229768,-3.30912643708732E-13));
#2395=CARTESIAN_POINT('Origin',(-40.1999999999997,17.9995997229768,-3.3076938912491E-13));
#2396=CARTESIAN_POINT('Origin',(-39.1999999999997,22.9087959391608,73.3358697535589));
#2397=CARTESIAN_POINT('',(-40.1999999999997,7.96976924562252,12.1327204763383));
#2398=CARTESIAN_POINT('',(-39.1999999999997,8.20689665345646,13.1041990362942));
#2399=CARTESIAN_POINT('Origin',(-39.1999999999997,7.96976924562252,12.1327204763383));
#2400=CARTESIAN_POINT('Origin',(-39.1999999999997,22.9087959391608,73.3358697535589));
#2401=CARTESIAN_POINT('Origin',(-40.1999999999997,22.9087959391608,73.3358697535589));
#2402=CARTESIAN_POINT('Origin',(-39.1999999999997,-11.7118056045946,-68.5));
#2403=CARTESIAN_POINT('',(-40.1999999999997,-11.7118056045945,14.5));
#2404=CARTESIAN_POINT('Origin',(-39.1999999999997,-11.7118056045945,14.5));
#2405=CARTESIAN_POINT('Origin',(-39.1999999999997,-11.7118056045946,-68.5));
#2406=CARTESIAN_POINT('Origin',(-40.1999999999997,-11.7118056045946,-68.5));
#2407=CARTESIAN_POINT('Origin',(-39.1999999999997,-18.7360502077674,14.5));
#2408=CARTESIAN_POINT('',(-40.1999999999997,-18.7360502077674,14.5));
#2409=CARTESIAN_POINT('Origin',(-37.1999999999997,17.9995997229768,-3.30912643708732E-13));
#2410=CARTESIAN_POINT('',(-37.1999999999997,18.7677052534002,11.4743197573593));
#2411=CARTESIAN_POINT('',(-37.1999999999997,18.7677052533998,-11.47431975736));
#2412=CARTESIAN_POINT('Origin',(-37.1999999999997,22.9087959391608,73.3358697535589));
#2413=CARTESIAN_POINT('',(-37.1999999999997,8.20689665345646,13.1041990362942));
#2414=CARTESIAN_POINT('Origin',(-37.1999999999997,-11.7118056045946,-68.5));
#2415=CARTESIAN_POINT('',(-37.1999999999997,8.20689665345648,13.1041990362942));
#2416=CARTESIAN_POINT('Origin',(-37.1999999999997,-25.9856293024364,13.5));
#2417=CARTESIAN_POINT('',(-37.1999999999997,-27.732128989532,12.5254545454546));
#2418=CARTESIAN_POINT('Origin',(-40.1999999999997,-13.8314002770232,-15.5));
#2419=CARTESIAN_POINT('',(-40.1999999999997,17.9995997229768,-3.25000000000033));
#2420=CARTESIAN_POINT('Origin',(-40.1999999999997,17.9995997229768,-3.3035753219642E-13));
#2421=CARTESIAN_POINT('',(-40.1999999999997,24.9995997229768,-1.75000000000033));
#2422=CARTESIAN_POINT('Origin',(-40.1999999999997,24.9995997229768,-3.3035753219642E-13));
#2423=CARTESIAN_POINT('',(-40.1999999999997,17.9995997229768,5.24999999999967));
#2424=CARTESIAN_POINT('Origin',(-40.1999999999997,17.9995997229768,6.99999999999967));
#2425=CARTESIAN_POINT('',(-40.1999999999997,17.9995997229768,-8.75000000000033));
#2426=CARTESIAN_POINT('Origin',(-40.1999999999997,17.9995997229768,-7.00000000000033));
#2427=CARTESIAN_POINT('',(-40.1999999999997,10.9995997229768,-1.75000000000033));
#2428=CARTESIAN_POINT('Origin',(-40.1999999999997,10.9995997229768,-3.29500279437017E-13));
#2429=CARTESIAN_POINT('',(-40.1999999999997,-21.,9.00000000000002));
#2430=CARTESIAN_POINT('Origin',(-40.1999999999997,-21.,10.35));
#2431=CARTESIAN_POINT('',(-40.1999999999997,-21.,-11.5));
#2432=CARTESIAN_POINT('Origin',(-40.1999999999997,-21.,-10.15));
#2433=CARTESIAN_POINT('Origin',(-37.1999999999997,-50.0000000000006,0.100000000001073));
#2434=CARTESIAN_POINT('',(-37.1999999999997,-27.8366299516347,-12.510909090909));
#2435=CARTESIAN_POINT('Origin',(-37.1999999999997,-26.0983264184295,-13.5));
#2436=CARTESIAN_POINT('',(-37.1999999999997,-26.0983264184295,-15.5));
#2437=CARTESIAN_POINT('Origin',(-18.1999999999997,-23.6407001385116,-15.5));
#2438=CARTESIAN_POINT('',(-39.3999999999993,-33.45,-15.5));
#2439=CARTESIAN_POINT('',(0.800000000000312,-11.7118056045935,-15.5));
#2440=CARTESIAN_POINT('Origin',(0.800000000000312,22.9087959391608,73.3358697535589));
#2441=CARTESIAN_POINT('',(0.800000000000312,18.7677052534002,11.4743197573593));
#2442=CARTESIAN_POINT('Origin',(0.800000000000312,-11.7118056045934,68.5));
#2443=CARTESIAN_POINT('',(0.800000000000312,8.2068966534558,-13.1041990362946));
#2444=CARTESIAN_POINT('',(0.800000000000312,8.20689665345579,-13.1041990362946));
#2445=CARTESIAN_POINT('Origin',(-37.1999999999997,22.9087959391588,-73.3358697535597));
#2446=CARTESIAN_POINT('Origin',(0.800000000000312,22.9087959391588,-73.3358697535597));
#2447=CARTESIAN_POINT('',(0.800000000000312,18.7677052533998,-11.47431975736));
#2448=CARTESIAN_POINT('Origin',(-34.6999999999993,-33.45,6.99999999999998));
#2449=CARTESIAN_POINT('',(-34.6999999999993,-13.8314002770232,7.19999999999998));
#2450=CARTESIAN_POINT('',(-34.6999999999993,-13.8314002770232,-7.00000000000002));
#2451=CARTESIAN_POINT('',(-34.6999999999993,-13.8314002770232,3.49999999999999));
#2452=CARTESIAN_POINT('',(-34.6999999999993,-33.45,7.19999999999998));
#2453=CARTESIAN_POINT('',(-34.6999999999993,-33.45,7.19999999999998));
#2454=CARTESIAN_POINT('',(-34.6999999999993,-33.45,-7.00000000000002));
#2455=CARTESIAN_POINT('',(-34.6999999999993,-33.45,6.99999999999998));
#2456=CARTESIAN_POINT('',(-34.6999999999993,-33.45,-7.00000000000002));
#2457=CARTESIAN_POINT('Origin',(-33.5999999999993,-33.45,7.19999999999998));
#2458=CARTESIAN_POINT('',(-33.6999999999993,-13.8314002770232,7.19999999999998));
#2459=CARTESIAN_POINT('',(-25.8999999999995,-13.8314002770232,7.19999999999998));
#2460=CARTESIAN_POINT('',(-33.6999999999993,-33.45,7.19999999999998));
#2461=CARTESIAN_POINT('',(-33.6999999999993,-33.45,7.19999999999998));
#2462=CARTESIAN_POINT('',(-36.4999999999993,-33.45,7.19999999999998));
#2463=CARTESIAN_POINT('Origin',(-33.6999999999993,-33.45,12.5));
#2464=CARTESIAN_POINT('',(-33.6999999999993,-13.8314002770232,12.6));
#2465=CARTESIAN_POINT('',(-33.6999999999993,-13.8314002770232,6.24999999999995));
#2466=CARTESIAN_POINT('',(-33.6999999999993,-33.45,12.6));
#2467=CARTESIAN_POINT('',(-33.6999999999993,-28.5453500692558,12.6));
#2468=CARTESIAN_POINT('',(-33.6999999999993,-33.45,12.5));
#2469=CARTESIAN_POINT('',(-33.6999999999993,-21.,9.00000000000002));
#2470=CARTESIAN_POINT('Origin',(-33.6999999999993,-21.,10.35));
#2471=CARTESIAN_POINT('Origin',(-2.71700952090425E-29,-17.2,-10.15));
#2472=CARTESIAN_POINT('',(-1.7,-17.2,-11.5));
#2473=CARTESIAN_POINT('',(-2.71700952090425E-29,-17.2,-11.5));
#2474=CARTESIAN_POINT('Origin',(-1.7,-17.2,-10.15));
#2475=CARTESIAN_POINT('Origin',(-1.64123743926399E-28,-17.2,10.35));
#2476=CARTESIAN_POINT('',(-1.7,-17.2,9.00000000000002));
#2477=CARTESIAN_POINT('',(-1.64123743926399E-28,-17.2,9.00000000000002));
#2478=CARTESIAN_POINT('Origin',(-1.7,-17.2,10.35));
#2479=CARTESIAN_POINT('Origin',(-39.3999999999993,-21.,-10.15));
#2480=CARTESIAN_POINT('',(-33.6999999999993,-21.,-11.5));
#2481=CARTESIAN_POINT('',(-39.3999999999993,-21.,-11.5));
#2482=CARTESIAN_POINT('Origin',(-33.6999999999993,-21.,-10.15));
#2483=CARTESIAN_POINT('Origin',(-39.3999999999993,-21.,10.35));
#2484=CARTESIAN_POINT('',(-39.3999999999993,-21.,9.00000000000002));
#2485=CARTESIAN_POINT('Origin',(-33.6999999999993,-33.45,-7.00000000000002));
#2486=CARTESIAN_POINT('',(-33.6999999999993,-13.8314002770232,-7.00000000000002));
#2487=CARTESIAN_POINT('',(-33.6999999999993,-13.8314002770232,-12.4));
#2488=CARTESIAN_POINT('',(-33.6999999999993,-13.8314002770232,-3.50000000000005));
#2489=CARTESIAN_POINT('',(-33.6999999999993,-33.45,-7.00000000000002));
#2490=CARTESIAN_POINT('',(-33.6999999999993,-33.45,-7.00000000000002));
#2491=CARTESIAN_POINT('',(-33.6999999999993,-33.45,-12.4));
#2492=CARTESIAN_POINT('',(-33.6999999999993,-33.45,2.74999999999999));
#2493=CARTESIAN_POINT('',(-33.6999999999993,-28.5453500692558,-12.4));
#2494=CARTESIAN_POINT('Origin',(-34.6999999999993,-33.45,-7.00000000000002));
#2495=CARTESIAN_POINT('',(-26.4499999999995,-13.8314002770232,-7.00000000000002));
#2496=CARTESIAN_POINT('',(-34.6999999999993,-33.45,-7.00000000000002));
#2497=CARTESIAN_POINT('Origin',(-18.1999999999997,-23.6407001385116,-12.4));
#2498=CARTESIAN_POINT('',(-1.7,-33.45,-12.4));
#2499=CARTESIAN_POINT('',(-1.7,-13.8314002770232,-12.4));
#2500=CARTESIAN_POINT('',(-1.7,-20.5453500692558,-12.4));
#2501=CARTESIAN_POINT('',(-18.1999999999997,-13.8314002770232,-12.4));
#2502=CARTESIAN_POINT('',(-28.7999999999995,-33.45,-12.4));
#2503=CARTESIAN_POINT('Origin',(-1.7,-17.45,0.));
#2504=CARTESIAN_POINT('',(-1.7,-20.1,-10.5));
#2505=CARTESIAN_POINT('',(-1.7,-20.1,10.5));
#2506=CARTESIAN_POINT('',(-1.7,-20.1,-6.25));
#2507=CARTESIAN_POINT('',(-1.7,-33.45,10.5));
#2508=CARTESIAN_POINT('',(-1.7,-18.775,10.5));
#2509=CARTESIAN_POINT('',(-1.7,-33.45,12.6));
#2510=CARTESIAN_POINT('',(-1.7,-33.45,6.25000000000001));
#2511=CARTESIAN_POINT('',(-1.7,-13.8314002770232,12.6));
#2512=CARTESIAN_POINT('',(-1.7,-20.5453500692558,12.6));
#2513=CARTESIAN_POINT('',(-1.7,-13.8314002770232,-4.21884749357559E-14));
#2514=CARTESIAN_POINT('',(-1.7,-33.45,-10.5));
#2515=CARTESIAN_POINT('',(-1.7,-33.45,6.25000000000001));
#2516=CARTESIAN_POINT('',(-1.7,-25.45,-10.5));
#2517=CARTESIAN_POINT('Origin',(-18.1999999999997,-23.6407001385116,12.6));
#2518=CARTESIAN_POINT('',(-28.7999999999995,-33.45,12.6));
#2519=CARTESIAN_POINT('',(-18.1999999999997,-13.8314002770232,12.6));
#2520=CARTESIAN_POINT('Origin',(-18.1999999999997,-13.8314002770232,-8.43769498715119E-14));
#2521=CARTESIAN_POINT('Origin',(0.,-20.1,-12.5));
#2522=CARTESIAN_POINT('',(0.400000000000156,-20.1,10.5));
#2523=CARTESIAN_POINT('',(0.400000000000156,-20.1,-10.5));
#2524=CARTESIAN_POINT('Origin',(0.800000000000312,-33.45,-10.5));
#2525=CARTESIAN_POINT('',(0.800000000000312,-33.45,-10.5));
#2526=CARTESIAN_POINT('Origin',(0.800000000000312,-20.1,10.5));
#2527=CARTESIAN_POINT('',(0.800000000000312,-33.45,10.5));
#2528=CARTESIAN_POINT('Origin',(-39.3999999999993,-33.45,12.5));
#2529=CARTESIAN_POINT('Origin',(0.800000000000312,24.9995997229768,-3.3089831825035E-13));
#2530=CARTESIAN_POINT('',(0.800000000000312,24.9995997229768,1.74999999999967));
#2531=CARTESIAN_POINT('Origin',(0.800000000000312,17.9995997229768,-7.00000000000033));
#2532=CARTESIAN_POINT('',(0.800000000000312,17.9995997229768,-5.25000000000033));
#2533=CARTESIAN_POINT('Origin',(0.800000000000312,17.9995997229768,6.99999999999967));
#2534=CARTESIAN_POINT('',(0.800000000000312,17.9995997229768,8.74999999999967));
#2535=CARTESIAN_POINT('Origin',(0.800000000000312,10.9995997229768,-3.30041065490947E-13));
#2536=CARTESIAN_POINT('',(0.800000000000312,10.9995997229768,1.74999999999967));
#2537=CARTESIAN_POINT('Origin',(0.800000000000312,17.9995997229768,-3.3089831825035E-13));
#2538=CARTESIAN_POINT('Origin',(-37.1999999999997,17.9995997229768,-3.30912643708732E-13));
#2539=CARTESIAN_POINT('',(-37.1999999999997,17.9995997229768,-3.25000000000033));
#2540=CARTESIAN_POINT('Origin',(-37.1999999999997,24.9995997229768,-3.30912643708732E-13));
#2541=CARTESIAN_POINT('',(-37.1999999999997,24.9995997229768,-1.75000000000033));
#2542=CARTESIAN_POINT('Origin',(-37.1999999999997,17.9995997229768,6.99999999999967));
#2543=CARTESIAN_POINT('',(-37.1999999999997,17.9995997229768,5.24999999999967));
#2544=CARTESIAN_POINT('Origin',(-37.1999999999997,17.9995997229768,-7.00000000000033));
#2545=CARTESIAN_POINT('',(-37.1999999999997,17.9995997229768,-8.75000000000033));
#2546=CARTESIAN_POINT('Origin',(-37.1999999999997,10.9995997229768,-3.30055390949329E-13));
#2547=CARTESIAN_POINT('',(-37.1999999999997,10.9995997229768,-1.75000000000033));
#2548=UNCERTAINTY_MEASURE_WITH_UNIT(LENGTH_MEASURE(0.01),#2552,
'DISTANCE_ACCURACY_VALUE',
'Maximum model space distance between geometric entities at asserted c
onnectivities');
#2549=UNCERTAINTY_MEASURE_WITH_UNIT(LENGTH_MEASURE(0.01),#2552,
'DISTANCE_ACCURACY_VALUE',
'Maximum model space distance between geometric entities at asserted c
onnectivities');
#2550=(
GEOMETRIC_REPRESENTATION_CONTEXT(3)
GLOBAL_UNCERTAINTY_ASSIGNED_CONTEXT((#2548))
GLOBAL_UNIT_ASSIGNED_CONTEXT((#2552,#2554,#2555))
REPRESENTATION_CONTEXT('','3D')
);
#2551=(
GEOMETRIC_REPRESENTATION_CONTEXT(3)
GLOBAL_UNCERTAINTY_ASSIGNED_CONTEXT((#2549))
GLOBAL_UNIT_ASSIGNED_CONTEXT((#2552,#2554,#2555))
REPRESENTATION_CONTEXT('','3D')
);
#2552=(
LENGTH_UNIT()
NAMED_UNIT(*)
SI_UNIT(.MILLI.,.METRE.)
);
#2553=(
LENGTH_UNIT()
NAMED_UNIT(*)
SI_UNIT($,.METRE.)
);
#2554=(
NAMED_UNIT(*)
PLANE_ANGLE_UNIT()
SI_UNIT($,.RADIAN.)
);
#2555=(
NAMED_UNIT(*)
SI_UNIT($,.STERADIAN.)
SOLID_ANGLE_UNIT()
);
#2556=SHAPE_DEFINITION_REPRESENTATION(#2557,#2558);
#2557=PRODUCT_DEFINITION_SHAPE('',$,#2560);
#2558=SHAPE_REPRESENTATION('',(#1433),#2550);
#2559=PRODUCT_DEFINITION_CONTEXT('part definition',#2564,'design');
#2560=PRODUCT_DEFINITION('thigh','thigh v15',#2561,#2559);
#2561=PRODUCT_DEFINITION_FORMATION('',$,#2566);
#2562=PRODUCT_RELATED_PRODUCT_CATEGORY('thigh v15','thigh v15',(#2566));
#2563=APPLICATION_PROTOCOL_DEFINITION('international standard',
'automotive_design',2009,#2564);
#2564=APPLICATION_CONTEXT(
'Core Data for Automotive Mechanical Design Process');
#2565=PRODUCT_CONTEXT('part definition',#2564,'mechanical');
#2566=PRODUCT('thigh','thigh v15',$,(#2565));
#2567=PRESENTATION_STYLE_ASSIGNMENT((#2569));
#2568=PRESENTATION_STYLE_ASSIGNMENT((#2570));
#2569=SURFACE_STYLE_USAGE(.BOTH.,#2571);
#2570=SURFACE_STYLE_USAGE(.BOTH.,#2572);
#2571=SURFACE_SIDE_STYLE('',(#2573));
#2572=SURFACE_SIDE_STYLE('',(#2574));
#2573=SURFACE_STYLE_FILL_AREA(#2575);
#2574=SURFACE_STYLE_FILL_AREA(#2576);
#2575=FILL_AREA_STYLE('\X2\AC15CCA0\X0\ - \X2\C0C8D2F4\X0\',(#2577));
#2576=FILL_AREA_STYLE('ABS(\X2\D770C0C9\X0\)',(#2578));
#2577=FILL_AREA_STYLE_COLOUR('\X2\AC15CCA0\X0\ - \X2\C0C8D2F4\X0\',#2579);
#2578=FILL_AREA_STYLE_COLOUR('ABS(\X2\D770C0C9\X0\)',#2580);
#2579=COLOUR_RGB('\X2\AC15CCA0\X0\ - \X2\C0C8D2F4\X0\',0.627450980392157,
0.627450980392157,0.627450980392157);
#2580=COLOUR_RGB('ABS(\X2\D770C0C9\X0\)',0.215686274509804,0.215686274509804,
0.215686274509804);
ENDSEC;
END-ISO-10303-21;
