ISO-10303-21;
HEADER;
/* Generated by software containing ST-Developer
 * from STEP Tools, Inc. (www.steptools.com) 
 */

FILE_DESCRIPTION(
/* description */ (''),
/* implementation_level */ '2;1');

FILE_NAME(
/* name */ 'magsafe mount.step',
/* time_stamp */ '2026-10-07T11:33:08+09:00',
/* author */ (''),
/* organization */ (''),
/* preprocessor_version */ 'ST-DEVELOPER v20.2',
/* originating_system */ 'Autodesk Translation Framework v15.15.0.0',
/* authorisation */ '');

FILE_SCHEMA (('AUTOMOTIVE_DESIGN { 1 0 10303 214 3 1 1 }'));
ENDSEC;

DATA;
#10=MECHANICAL_DESIGN_GEOMETRIC_PRESENTATION_REPRESENTATION('',(#23,#24,
#25),#5988);
#11=SHAPE_REPRESENTATION_RELATIONSHIP('SRR','None',#5995,#12);
#12=ADVANCED_BREP_SHAPE_REPRESENTATION('',(#26,#27,#28),#5987);
#13=B_SPLINE_CURVE_WITH_KNOTS('',3,(#5527,#5528,#5529,#5530,#5531),
 .UNSPECIFIED.,.F.,.F.,(4,1,4),(-0.315348125776422,-0.157674062888211,0.),
 .UNSPECIFIED.);
#14=B_SPLINE_CURVE_WITH_KNOTS('',3,(#5534,#5535,#5536,#5537,#5538),
 .UNSPECIFIED.,.F.,.F.,(4,1,4),(0.,0.157674062888211,0.315348125776422),
 .UNSPECIFIED.);
#15=B_SPLINE_CURVE_WITH_KNOTS('',3,(#5624,#5625,#5626,#5627,#5628,#5629,
#5630,#5631,#5632,#5633),.UNSPECIFIED.,.F.,.F.,(4,2,2,2,4),(2.64703979479015,
2.65721857322339,2.74381783645909,2.83041709969479,2.85613190532401),
 .UNSPECIFIED.);
#16=B_SPLINE_CURVE_WITH_KNOTS('',3,(#5724,#5725,#5726,#5727,#5728,#5729,
#5730,#5731,#5732,#5733),.UNSPECIFIED.,.F.,.F.,(4,2,2,2,4),(0.870671238489075,
1.02941117738777,1.14800512167916,1.20730209382485,1.26659906597054),
 .UNSPECIFIED.);
#17=B_SPLINE_SURFACE_WITH_KNOTS('',3,3,((#5501,#5502,#5503,#5504,#5505),
(#5506,#5507,#5508,#5509,#5510),(#5511,#5512,#5513,#5514,#5515),(#5516,
#5517,#5518,#5519,#5520),(#5521,#5522,#5523,#5524,#5525)),.UNSPECIFIED.,
 .F.,.F.,.F.,(4,1,4),(4,1,4),(0.,0.571428571428571,1.),(0.,0.157674062888211,
0.315348125776422),.UNSPECIFIED.);
#18=ELLIPSE('',#3727,1.4142135623731,1.);
#19=SPHERICAL_SURFACE('',#3577,2.);
#20=SPHERICAL_SURFACE('',#3588,2.);
#21=SPHERICAL_SURFACE('',#3611,2.);
#22=SPHERICAL_SURFACE('',#3622,2.);
#23=STYLED_ITEM('',(#6004),#26);
#24=STYLED_ITEM('',(#6004),#27);
#25=STYLED_ITEM('',(#6004),#28);
#26=MANIFOLD_SOLID_BREP('magsafe mount',#3523);
#27=MANIFOLD_SOLID_BREP('ear servo mount',#3524);
#28=MANIFOLD_SOLID_BREP('\X2\BCF8CCB4\X0\16',#3525);
#29=CONICAL_SURFACE('',#3558,2.7,0.785398163397448);
#30=CONICAL_SURFACE('',#3564,2.7,0.785398163397448);
#31=CONICAL_SURFACE('',#3669,2.7,0.785398163397448);
#32=CONICAL_SURFACE('',#3672,2.7,0.785398163397448);
#33=FACE_BOUND('',#1117,.T.);
#34=FACE_BOUND('',#1118,.T.);
#35=FACE_BOUND('',#1121,.T.);
#36=FACE_BOUND('',#1127,.T.);
#37=FACE_BOUND('',#1128,.T.);
#38=FACE_BOUND('',#1171,.T.);
#39=FACE_BOUND('',#1172,.T.);
#40=FACE_BOUND('',#1176,.T.);
#41=FACE_BOUND('',#1177,.T.);
#42=FACE_BOUND('',#1241,.T.);
#43=FACE_BOUND('',#1244,.T.);
#44=FACE_BOUND('',#1245,.T.);
#45=FACE_BOUND('',#1249,.T.);
#46=FACE_BOUND('',#1250,.T.);
#47=FACE_BOUND('',#1257,.T.);
#48=FACE_BOUND('',#1258,.T.);
#49=FACE_BOUND('',#1260,.T.);
#50=FACE_BOUND('',#1263,.T.);
#51=FACE_BOUND('',#1270,.T.);
#52=FACE_BOUND('',#1271,.T.);
#53=FACE_BOUND('',#1273,.T.);
#54=FACE_BOUND('',#1292,.T.);
#55=FACE_BOUND('',#1293,.T.);
#56=FACE_BOUND('',#1304,.T.);
#57=FACE_BOUND('',#1310,.T.);
#58=FACE_BOUND('',#1319,.T.);
#59=PLANE('',#3546);
#60=PLANE('',#3552);
#61=PLANE('',#3562);
#62=PLANE('',#3590);
#63=PLANE('',#3591);
#64=PLANE('',#3593);
#65=PLANE('',#3596);
#66=PLANE('',#3624);
#67=PLANE('',#3625);
#68=PLANE('',#3626);
#69=PLANE('',#3631);
#70=PLANE('',#3643);
#71=PLANE('',#3644);
#72=PLANE('',#3653);
#73=PLANE('',#3656);
#74=PLANE('',#3660);
#75=PLANE('',#3664);
#76=PLANE('',#3675);
#77=PLANE('',#3676);
#78=PLANE('',#3677);
#79=PLANE('',#3678);
#80=PLANE('',#3679);
#81=PLANE('',#3680);
#82=PLANE('',#3681);
#83=PLANE('',#3682);
#84=PLANE('',#3683);
#85=PLANE('',#3684);
#86=PLANE('',#3685);
#87=PLANE('',#3686);
#88=PLANE('',#3687);
#89=PLANE('',#3688);
#90=PLANE('',#3689);
#91=PLANE('',#3690);
#92=PLANE('',#3691);
#93=PLANE('',#3694);
#94=PLANE('',#3696);
#95=PLANE('',#3698);
#96=PLANE('',#3700);
#97=PLANE('',#3701);
#98=PLANE('',#3702);
#99=PLANE('',#3703);
#100=PLANE('',#3704);
#101=PLANE('',#3705);
#102=PLANE('',#3706);
#103=PLANE('',#3707);
#104=PLANE('',#3708);
#105=PLANE('',#3709);
#106=PLANE('',#3710);
#107=PLANE('',#3711);
#108=PLANE('',#3712);
#109=PLANE('',#3713);
#110=PLANE('',#3714);
#111=PLANE('',#3715);
#112=PLANE('',#3716);
#113=PLANE('',#3719);
#114=PLANE('',#3722);
#115=PLANE('',#3724);
#116=PLANE('',#3756);
#117=PLANE('',#3757);
#118=PLANE('',#3762);
#119=PLANE('',#3768);
#120=PLANE('',#3784);
#121=PLANE('',#3785);
#122=PLANE('',#3789);
#123=PLANE('',#3793);
#124=PLANE('',#3802);
#125=PLANE('',#3806);
#126=PLANE('',#3809);
#127=PLANE('',#3812);
#128=PLANE('',#3817);
#129=PLANE('',#3818);
#130=PLANE('',#3819);
#131=PLANE('',#3820);
#132=PLANE('',#3821);
#133=PLANE('',#3822);
#134=PLANE('',#3829);
#135=PLANE('',#3831);
#136=PLANE('',#3839);
#137=PLANE('',#3842);
#138=PLANE('',#3845);
#139=PLANE('',#3846);
#140=PLANE('',#3847);
#141=PLANE('',#3848);
#142=PLANE('',#3849);
#143=PLANE('',#3850);
#144=PLANE('',#3853);
#145=PLANE('',#3854);
#146=PLANE('',#3855);
#147=PLANE('',#3856);
#148=PLANE('',#3859);
#149=PLANE('',#3860);
#150=PLANE('',#3861);
#151=PLANE('',#3862);
#152=PLANE('',#3868);
#153=PLANE('',#3872);
#154=PLANE('',#3873);
#155=PLANE('',#3875);
#156=PLANE('',#3876);
#157=PLANE('',#3877);
#158=PLANE('',#3878);
#159=PLANE('',#3879);
#160=PLANE('',#3880);
#161=PLANE('',#3881);
#162=LINE('',#4929,#510);
#163=LINE('',#4945,#511);
#164=LINE('',#4950,#512);
#165=LINE('',#4954,#513);
#166=LINE('',#4958,#514);
#167=LINE('',#4963,#515);
#168=LINE('',#4969,#516);
#169=LINE('',#4972,#517);
#170=LINE('',#4983,#518);
#171=LINE('',#4984,#519);
#172=LINE('',#4990,#520);
#173=LINE('',#4992,#521);
#174=LINE('',#5000,#522);
#175=LINE('',#5002,#523);
#176=LINE('',#5013,#524);
#177=LINE('',#5014,#525);
#178=LINE('',#5019,#526);
#179=LINE('',#5021,#527);
#180=LINE('',#5022,#528);
#181=LINE('',#5025,#529);
#182=LINE('',#5027,#530);
#183=LINE('',#5029,#531);
#184=LINE('',#5031,#532);
#185=LINE('',#5033,#533);
#186=LINE('',#5035,#534);
#187=LINE('',#5037,#535);
#188=LINE('',#5041,#536);
#189=LINE('',#5043,#537);
#190=LINE('',#5045,#538);
#191=LINE('',#5047,#539);
#192=LINE('',#5049,#540);
#193=LINE('',#5051,#541);
#194=LINE('',#5053,#542);
#195=LINE('',#5055,#543);
#196=LINE('',#5057,#544);
#197=LINE('',#5059,#545);
#198=LINE('',#5060,#546);
#199=LINE('',#5063,#547);
#200=LINE('',#5067,#548);
#201=LINE('',#5068,#549);
#202=LINE('',#5071,#550);
#203=LINE('',#5078,#551);
#204=LINE('',#5081,#552);
#205=LINE('',#5092,#553);
#206=LINE('',#5093,#554);
#207=LINE('',#5099,#555);
#208=LINE('',#5101,#556);
#209=LINE('',#5109,#557);
#210=LINE('',#5111,#558);
#211=LINE('',#5122,#559);
#212=LINE('',#5123,#560);
#213=LINE('',#5128,#561);
#214=LINE('',#5130,#562);
#215=LINE('',#5132,#563);
#216=LINE('',#5134,#564);
#217=LINE('',#5136,#565);
#218=LINE('',#5138,#566);
#219=LINE('',#5139,#567);
#220=LINE('',#5142,#568);
#221=LINE('',#5144,#569);
#222=LINE('',#5146,#570);
#223=LINE('',#5148,#571);
#224=LINE('',#5149,#572);
#225=LINE('',#5152,#573);
#226=LINE('',#5154,#574);
#227=LINE('',#5156,#575);
#228=LINE('',#5158,#576);
#229=LINE('',#5160,#577);
#230=LINE('',#5164,#578);
#231=LINE('',#5167,#579);
#232=LINE('',#5170,#580);
#233=LINE('',#5174,#581);
#234=LINE('',#5175,#582);
#235=LINE('',#5178,#583);
#236=LINE('',#5189,#584);
#237=LINE('',#5190,#585);
#238=LINE('',#5192,#586);
#239=LINE('',#5196,#587);
#240=LINE('',#5198,#588);
#241=LINE('',#5201,#589);
#242=LINE('',#5203,#590);
#243=LINE('',#5205,#591);
#244=LINE('',#5207,#592);
#245=LINE('',#5209,#593);
#246=LINE('',#5210,#594);
#247=LINE('',#5220,#595);
#248=LINE('',#5222,#596);
#249=LINE('',#5224,#597);
#250=LINE('',#5225,#598);
#251=LINE('',#5233,#599);
#252=LINE('',#5235,#600);
#253=LINE('',#5237,#601);
#254=LINE('',#5239,#602);
#255=LINE('',#5241,#603);
#256=LINE('',#5243,#604);
#257=LINE('',#5245,#605);
#258=LINE('',#5247,#606);
#259=LINE('',#5249,#607);
#260=LINE('',#5250,#608);
#261=LINE('',#5256,#609);
#262=LINE('',#5264,#610);
#263=LINE('',#5266,#611);
#264=LINE('',#5270,#612);
#265=LINE('',#5274,#613);
#266=LINE('',#5276,#614);
#267=LINE('',#5277,#615);
#268=LINE('',#5283,#616);
#269=LINE('',#5285,#617);
#270=LINE('',#5288,#618);
#271=LINE('',#5291,#619);
#272=LINE('',#5295,#620);
#273=LINE('',#5296,#621);
#274=LINE('',#5298,#622);
#275=LINE('',#5300,#623);
#276=LINE('',#5302,#624);
#277=LINE('',#5304,#625);
#278=LINE('',#5306,#626);
#279=LINE('',#5308,#627);
#280=LINE('',#5310,#628);
#281=LINE('',#5312,#629);
#282=LINE('',#5314,#630);
#283=LINE('',#5315,#631);
#284=LINE('',#5317,#632);
#285=LINE('',#5319,#633);
#286=LINE('',#5320,#634);
#287=LINE('',#5323,#635);
#288=LINE('',#5324,#636);
#289=LINE('',#5326,#637);
#290=LINE('',#5329,#638);
#291=LINE('',#5330,#639);
#292=LINE('',#5333,#640);
#293=LINE('',#5335,#641);
#294=LINE('',#5336,#642);
#295=LINE('',#5338,#643);
#296=LINE('',#5341,#644);
#297=LINE('',#5343,#645);
#298=LINE('',#5344,#646);
#299=LINE('',#5346,#647);
#300=LINE('',#5349,#648);
#301=LINE('',#5350,#649);
#302=LINE('',#5352,#650);
#303=LINE('',#5353,#651);
#304=LINE('',#5355,#652);
#305=LINE('',#5358,#653);
#306=LINE('',#5359,#654);
#307=LINE('',#5362,#655);
#308=LINE('',#5367,#656);
#309=LINE('',#5368,#657);
#310=LINE('',#5372,#658);
#311=LINE('',#5377,#659);
#312=LINE('',#5379,#660);
#313=LINE('',#5381,#661);
#314=LINE('',#5383,#662);
#315=LINE('',#5388,#663);
#316=LINE('',#5390,#664);
#317=LINE('',#5392,#665);
#318=LINE('',#5393,#666);
#319=LINE('',#5395,#667);
#320=LINE('',#5397,#668);
#321=LINE('',#5399,#669);
#322=LINE('',#5401,#670);
#323=LINE('',#5403,#671);
#324=LINE('',#5404,#672);
#325=LINE('',#5405,#673);
#326=LINE('',#5408,#674);
#327=LINE('',#5409,#675);
#328=LINE('',#5411,#676);
#329=LINE('',#5414,#677);
#330=LINE('',#5415,#678);
#331=LINE('',#5417,#679);
#332=LINE('',#5418,#680);
#333=LINE('',#5422,#681);
#334=LINE('',#5424,#682);
#335=LINE('',#5425,#683);
#336=LINE('',#5427,#684);
#337=LINE('',#5430,#685);
#338=LINE('',#5431,#686);
#339=LINE('',#5433,#687);
#340=LINE('',#5434,#688);
#341=LINE('',#5436,#689);
#342=LINE('',#5439,#690);
#343=LINE('',#5440,#691);
#344=LINE('',#5443,#692);
#345=LINE('',#5447,#693);
#346=LINE('',#5451,#694);
#347=LINE('',#5456,#695);
#348=LINE('',#5458,#696);
#349=LINE('',#5460,#697);
#350=LINE('',#5465,#698);
#351=LINE('',#5469,#699);
#352=LINE('',#5481,#700);
#353=LINE('',#5482,#701);
#354=LINE('',#5493,#702);
#355=LINE('',#5494,#703);
#356=LINE('',#5549,#704);
#357=LINE('',#5550,#705);
#358=LINE('',#5558,#706);
#359=LINE('',#5559,#707);
#360=LINE('',#5562,#708);
#361=LINE('',#5564,#709);
#362=LINE('',#5566,#710);
#363=LINE('',#5568,#711);
#364=LINE('',#5569,#712);
#365=LINE('',#5572,#713);
#366=LINE('',#5574,#714);
#367=LINE('',#5578,#715);
#368=LINE('',#5579,#716);
#369=LINE('',#5584,#717);
#370=LINE('',#5588,#718);
#371=LINE('',#5589,#719);
#372=LINE('',#5592,#720);
#373=LINE('',#5594,#721);
#374=LINE('',#5596,#722);
#375=LINE('',#5598,#723);
#376=LINE('',#5600,#724);
#377=LINE('',#5601,#725);
#378=LINE('',#5604,#726);
#379=LINE('',#5606,#727);
#380=LINE('',#5608,#728);
#381=LINE('',#5610,#729);
#382=LINE('',#5612,#730);
#383=LINE('',#5613,#731);
#384=LINE('',#5616,#732);
#385=LINE('',#5634,#733);
#386=LINE('',#5638,#734);
#387=LINE('',#5642,#735);
#388=LINE('',#5647,#736);
#389=LINE('',#5650,#737);
#390=LINE('',#5667,#738);
#391=LINE('',#5668,#739);
#392=LINE('',#5670,#740);
#393=LINE('',#5672,#741);
#394=LINE('',#5675,#742);
#395=LINE('',#5676,#743);
#396=LINE('',#5679,#744);
#397=LINE('',#5683,#745);
#398=LINE('',#5687,#746);
#399=LINE('',#5691,#747);
#400=LINE('',#5693,#748);
#401=LINE('',#5695,#749);
#402=LINE('',#5697,#750);
#403=LINE('',#5699,#751);
#404=LINE('',#5700,#752);
#405=LINE('',#5703,#753);
#406=LINE('',#5705,#754);
#407=LINE('',#5707,#755);
#408=LINE('',#5709,#756);
#409=LINE('',#5711,#757);
#410=LINE('',#5712,#758);
#411=LINE('',#5715,#759);
#412=LINE('',#5718,#760);
#413=LINE('',#5723,#761);
#414=LINE('',#5735,#762);
#415=LINE('',#5737,#763);
#416=LINE('',#5740,#764);
#417=LINE('',#5743,#765);
#418=LINE('',#5747,#766);
#419=LINE('',#5751,#767);
#420=LINE('',#5755,#768);
#421=LINE('',#5762,#769);
#422=LINE('',#5765,#770);
#423=LINE('',#5768,#771);
#424=LINE('',#5769,#772);
#425=LINE('',#5771,#773);
#426=LINE('',#5772,#774);
#427=LINE('',#5778,#775);
#428=LINE('',#5781,#776);
#429=LINE('',#5783,#777);
#430=LINE('',#5784,#778);
#431=LINE('',#5787,#779);
#432=LINE('',#5791,#780);
#433=LINE('',#5793,#781);
#434=LINE('',#5796,#782);
#435=LINE('',#5797,#783);
#436=LINE('',#5802,#784);
#437=LINE('',#5806,#785);
#438=LINE('',#5810,#786);
#439=LINE('',#5815,#787);
#440=LINE('',#5816,#788);
#441=LINE('',#5818,#789);
#442=LINE('',#5820,#790);
#443=LINE('',#5822,#791);
#444=LINE('',#5824,#792);
#445=LINE('',#5829,#793);
#446=LINE('',#5835,#794);
#447=LINE('',#5837,#795);
#448=LINE('',#5839,#796);
#449=LINE('',#5840,#797);
#450=LINE('',#5842,#798);
#451=LINE('',#5845,#799);
#452=LINE('',#5847,#800);
#453=LINE('',#5852,#801);
#454=LINE('',#5858,#802);
#455=LINE('',#5861,#803);
#456=LINE('',#5864,#804);
#457=LINE('',#5865,#805);
#458=LINE('',#5868,#806);
#459=LINE('',#5870,#807);
#460=LINE('',#5872,#808);
#461=LINE('',#5874,#809);
#462=LINE('',#5876,#810);
#463=LINE('',#5877,#811);
#464=LINE('',#5880,#812);
#465=LINE('',#5882,#813);
#466=LINE('',#5884,#814);
#467=LINE('',#5886,#815);
#468=LINE('',#5888,#816);
#469=LINE('',#5889,#817);
#470=LINE('',#5894,#818);
#471=LINE('',#5896,#819);
#472=LINE('',#5897,#820);
#473=LINE('',#5900,#821);
#474=LINE('',#5901,#822);
#475=LINE('',#5904,#823);
#476=LINE('',#5905,#824);
#477=LINE('',#5908,#825);
#478=LINE('',#5910,#826);
#479=LINE('',#5911,#827);
#480=LINE('',#5914,#828);
#481=LINE('',#5915,#829);
#482=LINE('',#5918,#830);
#483=LINE('',#5919,#831);
#484=LINE('',#5923,#832);
#485=LINE('',#5926,#833);
#486=LINE('',#5928,#834);
#487=LINE('',#5929,#835);
#488=LINE('',#5931,#836);
#489=LINE('',#5933,#837);
#490=LINE('',#5938,#838);
#491=LINE('',#5941,#839);
#492=LINE('',#5943,#840);
#493=LINE('',#5944,#841);
#494=LINE('',#5946,#842);
#495=LINE('',#5948,#843);
#496=LINE('',#5952,#844);
#497=LINE('',#5954,#845);
#498=LINE('',#5955,#846);
#499=LINE('',#5959,#847);
#500=LINE('',#5964,#848);
#501=LINE('',#5966,#849);
#502=LINE('',#5969,#850);
#503=LINE('',#5971,#851);
#504=LINE('',#5974,#852);
#505=LINE('',#5975,#853);
#506=LINE('',#5977,#854);
#507=LINE('',#5979,#855);
#508=LINE('',#5981,#856);
#509=LINE('',#5983,#857);
#510=VECTOR('',#3896,34.);
#511=VECTOR('',#3917,29.5);
#512=VECTOR('',#3924,1.7);
#513=VECTOR('',#3929,2.7);
#514=VECTOR('',#3934,1.7);
#515=VECTOR('',#3941,2.7);
#516=VECTOR('',#3946,10.);
#517=VECTOR('',#3949,10.);
#518=VECTOR('',#3962,10.);
#519=VECTOR('',#3963,10.);
#520=VECTOR('',#3968,10.);
#521=VECTOR('',#3971,10.);
#522=VECTOR('',#3980,10.);
#523=VECTOR('',#3983,10.);
#524=VECTOR('',#3996,10.);
#525=VECTOR('',#3997,10.);
#526=VECTOR('',#4004,10.);
#527=VECTOR('',#4005,10.);
#528=VECTOR('',#4006,10.);
#529=VECTOR('',#4009,10.);
#530=VECTOR('',#4010,10.);
#531=VECTOR('',#4011,10.);
#532=VECTOR('',#4012,10.);
#533=VECTOR('',#4013,10.);
#534=VECTOR('',#4014,10.);
#535=VECTOR('',#4015,10.);
#536=VECTOR('',#4020,10.);
#537=VECTOR('',#4021,10.);
#538=VECTOR('',#4022,10.);
#539=VECTOR('',#4023,10.);
#540=VECTOR('',#4024,10.);
#541=VECTOR('',#4025,10.);
#542=VECTOR('',#4026,10.);
#543=VECTOR('',#4027,10.);
#544=VECTOR('',#4028,10.);
#545=VECTOR('',#4029,10.);
#546=VECTOR('',#4030,10.);
#547=VECTOR('',#4033,10.);
#548=VECTOR('',#4038,10.);
#549=VECTOR('',#4039,10.);
#550=VECTOR('',#4042,10.);
#551=VECTOR('',#4049,10.);
#552=VECTOR('',#4052,10.);
#553=VECTOR('',#4065,10.);
#554=VECTOR('',#4066,10.);
#555=VECTOR('',#4071,10.);
#556=VECTOR('',#4074,10.);
#557=VECTOR('',#4083,10.);
#558=VECTOR('',#4086,10.);
#559=VECTOR('',#4099,10.);
#560=VECTOR('',#4100,10.);
#561=VECTOR('',#4107,10.);
#562=VECTOR('',#4108,10.);
#563=VECTOR('',#4109,10.);
#564=VECTOR('',#4110,10.);
#565=VECTOR('',#4111,10.);
#566=VECTOR('',#4112,10.);
#567=VECTOR('',#4113,10.);
#568=VECTOR('',#4116,10.);
#569=VECTOR('',#4117,10.);
#570=VECTOR('',#4118,10.);
#571=VECTOR('',#4119,10.);
#572=VECTOR('',#4120,10.);
#573=VECTOR('',#4123,10.);
#574=VECTOR('',#4124,10.);
#575=VECTOR('',#4125,10.);
#576=VECTOR('',#4126,10.);
#577=VECTOR('',#4127,10.);
#578=VECTOR('',#4130,10.);
#579=VECTOR('',#4133,10.);
#580=VECTOR('',#4136,10.);
#581=VECTOR('',#4141,10.);
#582=VECTOR('',#4142,10.);
#583=VECTOR('',#4145,10.);
#584=VECTOR('',#4160,10.);
#585=VECTOR('',#4161,10.);
#586=VECTOR('',#4164,10.);
#587=VECTOR('',#4169,10.);
#588=VECTOR('',#4172,10.);
#589=VECTOR('',#4175,10.);
#590=VECTOR('',#4176,10.);
#591=VECTOR('',#4177,10.);
#592=VECTOR('',#4178,10.);
#593=VECTOR('',#4179,10.);
#594=VECTOR('',#4180,10.);
#595=VECTOR('',#4193,10.);
#596=VECTOR('',#4196,10.);
#597=VECTOR('',#4199,10.);
#598=VECTOR('',#4200,10.);
#599=VECTOR('',#4209,10.);
#600=VECTOR('',#4210,10.);
#601=VECTOR('',#4211,10.);
#602=VECTOR('',#4212,10.);
#603=VECTOR('',#4213,10.);
#604=VECTOR('',#4214,10.);
#605=VECTOR('',#4215,10.);
#606=VECTOR('',#4216,10.);
#607=VECTOR('',#4217,10.);
#608=VECTOR('',#4218,10.);
#609=VECTOR('',#4227,10.);
#610=VECTOR('',#4236,10.);
#611=VECTOR('',#4237,10.);
#612=VECTOR('',#4240,10.);
#613=VECTOR('',#4243,10.);
#614=VECTOR('',#4244,10.);
#615=VECTOR('',#4245,10.);
#616=VECTOR('',#4254,2.7);
#617=VECTOR('',#4257,1.7);
#618=VECTOR('',#4260,2.7);
#619=VECTOR('',#4265,1.7);
#620=VECTOR('',#4268,10.);
#621=VECTOR('',#4269,10.);
#622=VECTOR('',#4270,10.);
#623=VECTOR('',#4271,10.);
#624=VECTOR('',#4272,10.);
#625=VECTOR('',#4273,10.);
#626=VECTOR('',#4274,10.);
#627=VECTOR('',#4275,10.);
#628=VECTOR('',#4276,10.);
#629=VECTOR('',#4277,10.);
#630=VECTOR('',#4278,10.);
#631=VECTOR('',#4279,10.);
#632=VECTOR('',#4282,10.);
#633=VECTOR('',#4283,10.);
#634=VECTOR('',#4284,10.);
#635=VECTOR('',#4287,10.);
#636=VECTOR('',#4288,10.);
#637=VECTOR('',#4291,10.);
#638=VECTOR('',#4294,10.);
#639=VECTOR('',#4295,10.);
#640=VECTOR('',#4298,10.);
#641=VECTOR('',#4299,10.);
#642=VECTOR('',#4300,10.);
#643=VECTOR('',#4303,10.);
#644=VECTOR('',#4306,10.);
#645=VECTOR('',#4307,10.);
#646=VECTOR('',#4308,10.);
#647=VECTOR('',#4311,10.);
#648=VECTOR('',#4314,10.);
#649=VECTOR('',#4315,10.);
#650=VECTOR('',#4318,10.);
#651=VECTOR('',#4319,10.);
#652=VECTOR('',#4322,10.);
#653=VECTOR('',#4325,10.);
#654=VECTOR('',#4326,10.);
#655=VECTOR('',#4331,10.);
#656=VECTOR('',#4336,10.);
#657=VECTOR('',#4337,10.);
#658=VECTOR('',#4340,10.);
#659=VECTOR('',#4349,10.);
#660=VECTOR('',#4352,10.);
#661=VECTOR('',#4355,10.);
#662=VECTOR('',#4358,10.);
#663=VECTOR('',#4363,10.);
#664=VECTOR('',#4364,10.);
#665=VECTOR('',#4365,10.);
#666=VECTOR('',#4366,10.);
#667=VECTOR('',#4367,10.);
#668=VECTOR('',#4368,10.);
#669=VECTOR('',#4369,10.);
#670=VECTOR('',#4370,10.);
#671=VECTOR('',#4371,10.);
#672=VECTOR('',#4372,10.);
#673=VECTOR('',#4373,10.);
#674=VECTOR('',#4376,10.);
#675=VECTOR('',#4377,10.);
#676=VECTOR('',#4380,10.);
#677=VECTOR('',#4383,10.);
#678=VECTOR('',#4384,10.);
#679=VECTOR('',#4387,10.);
#680=VECTOR('',#4388,10.);
#681=VECTOR('',#4393,10.);
#682=VECTOR('',#4394,10.);
#683=VECTOR('',#4395,10.);
#684=VECTOR('',#4398,10.);
#685=VECTOR('',#4401,10.);
#686=VECTOR('',#4402,10.);
#687=VECTOR('',#4405,10.);
#688=VECTOR('',#4406,10.);
#689=VECTOR('',#4409,10.);
#690=VECTOR('',#4412,10.);
#691=VECTOR('',#4413,10.);
#692=VECTOR('',#4418,10.);
#693=VECTOR('',#4423,10.);
#694=VECTOR('',#4426,10.);
#695=VECTOR('',#4435,10.);
#696=VECTOR('',#4438,10.);
#697=VECTOR('',#4441,10.);
#698=VECTOR('',#4446,10.);
#699=VECTOR('',#4449,10.);
#700=VECTOR('',#4464,10.);
#701=VECTOR('',#4465,10.);
#702=VECTOR('',#4478,10.);
#703=VECTOR('',#4479,10.);
#704=VECTOR('',#4502,10.);
#705=VECTOR('',#4503,10.);
#706=VECTOR('',#4514,10.);
#707=VECTOR('',#4515,10.);
#708=VECTOR('',#4518,10.);
#709=VECTOR('',#4519,10.);
#710=VECTOR('',#4520,10.);
#711=VECTOR('',#4521,10.);
#712=VECTOR('',#4522,10.);
#713=VECTOR('',#4525,10.);
#714=VECTOR('',#4526,10.);
#715=VECTOR('',#4529,10.);
#716=VECTOR('',#4530,10.);
#717=VECTOR('',#4535,10.);
#718=VECTOR('',#4540,10.);
#719=VECTOR('',#4541,10.);
#720=VECTOR('',#4542,10.);
#721=VECTOR('',#4543,10.);
#722=VECTOR('',#4544,10.);
#723=VECTOR('',#4545,10.);
#724=VECTOR('',#4546,10.);
#725=VECTOR('',#4547,10.);
#726=VECTOR('',#4548,10.);
#727=VECTOR('',#4549,10.);
#728=VECTOR('',#4550,10.);
#729=VECTOR('',#4551,10.);
#730=VECTOR('',#4552,10.);
#731=VECTOR('',#4553,10.);
#732=VECTOR('',#4556,10.);
#733=VECTOR('',#4565,10.);
#734=VECTOR('',#4568,10.);
#735=VECTOR('',#4571,10.);
#736=VECTOR('',#4576,10.);
#737=VECTOR('',#4579,10.);
#738=VECTOR('',#4598,10.);
#739=VECTOR('',#4599,10.);
#740=VECTOR('',#4602,10.);
#741=VECTOR('',#4605,10.);
#742=VECTOR('',#4608,10.);
#743=VECTOR('',#4609,10.);
#744=VECTOR('',#4612,10.);
#745=VECTOR('',#4615,10.);
#746=VECTOR('',#4618,10.);
#747=VECTOR('',#4621,10.);
#748=VECTOR('',#4622,10.);
#749=VECTOR('',#4623,10.);
#750=VECTOR('',#4624,10.);
#751=VECTOR('',#4625,10.);
#752=VECTOR('',#4626,10.);
#753=VECTOR('',#4627,10.);
#754=VECTOR('',#4628,10.);
#755=VECTOR('',#4629,10.);
#756=VECTOR('',#4630,10.);
#757=VECTOR('',#4631,10.);
#758=VECTOR('',#4632,10.);
#759=VECTOR('',#4635,10.);
#760=VECTOR('',#4638,10.);
#761=VECTOR('',#4643,10.);
#762=VECTOR('',#4646,10.);
#763=VECTOR('',#4647,10.);
#764=VECTOR('',#4650,10.);
#765=VECTOR('',#4651,10.);
#766=VECTOR('',#4654,10.);
#767=VECTOR('',#4657,10.);
#768=VECTOR('',#4660,10.);
#769=VECTOR('',#4667,10.);
#770=VECTOR('',#4670,10.);
#771=VECTOR('',#4673,10.);
#772=VECTOR('',#4674,10.);
#773=VECTOR('',#4675,10.);
#774=VECTOR('',#4676,10.);
#775=VECTOR('',#4681,10.);
#776=VECTOR('',#4684,10.);
#777=VECTOR('',#4687,10.);
#778=VECTOR('',#4688,10.);
#779=VECTOR('',#4691,10.);
#780=VECTOR('',#4696,10.);
#781=VECTOR('',#4697,10.);
#782=VECTOR('',#4700,10.);
#783=VECTOR('',#4701,10.);
#784=VECTOR('',#4706,10.);
#785=VECTOR('',#4709,10.);
#786=VECTOR('',#4712,10.);
#787=VECTOR('',#4719,10.);
#788=VECTOR('',#4720,10.);
#789=VECTOR('',#4723,10.);
#790=VECTOR('',#4726,10.);
#791=VECTOR('',#4729,10.);
#792=VECTOR('',#4732,10.);
#793=VECTOR('',#4739,10.);
#794=VECTOR('',#4748,10.);
#795=VECTOR('',#4751,10.);
#796=VECTOR('',#4752,10.);
#797=VECTOR('',#4753,10.);
#798=VECTOR('',#4756,10.);
#799=VECTOR('',#4759,10.);
#800=VECTOR('',#4760,10.);
#801=VECTOR('',#4767,10.);
#802=VECTOR('',#4778,10.);
#803=VECTOR('',#4781,10.);
#804=VECTOR('',#4786,10.);
#805=VECTOR('',#4787,10.);
#806=VECTOR('',#4788,10.);
#807=VECTOR('',#4789,10.);
#808=VECTOR('',#4790,10.);
#809=VECTOR('',#4791,10.);
#810=VECTOR('',#4792,10.);
#811=VECTOR('',#4793,10.);
#812=VECTOR('',#4794,10.);
#813=VECTOR('',#4795,10.);
#814=VECTOR('',#4796,10.);
#815=VECTOR('',#4797,10.);
#816=VECTOR('',#4798,10.);
#817=VECTOR('',#4799,10.);
#818=VECTOR('',#4806,10.);
#819=VECTOR('',#4807,10.);
#820=VECTOR('',#4808,10.);
#821=VECTOR('',#4811,10.);
#822=VECTOR('',#4812,10.);
#823=VECTOR('',#4815,10.);
#824=VECTOR('',#4816,10.);
#825=VECTOR('',#4819,10.);
#826=VECTOR('',#4820,10.);
#827=VECTOR('',#4821,10.);
#828=VECTOR('',#4824,10.);
#829=VECTOR('',#4825,10.);
#830=VECTOR('',#4828,10.);
#831=VECTOR('',#4829,10.);
#832=VECTOR('',#4834,1.7);
#833=VECTOR('',#4837,10.);
#834=VECTOR('',#4838,10.);
#835=VECTOR('',#4839,10.);
#836=VECTOR('',#4842,10.);
#837=VECTOR('',#4845,10.);
#838=VECTOR('',#4852,1.7);
#839=VECTOR('',#4855,10.);
#840=VECTOR('',#4856,10.);
#841=VECTOR('',#4857,10.);
#842=VECTOR('',#4860,10.);
#843=VECTOR('',#4863,10.);
#844=VECTOR('',#4870,2.5);
#845=VECTOR('',#4873,10.);
#846=VECTOR('',#4874,10.);
#847=VECTOR('',#4879,2.5);
#848=VECTOR('',#4886,4.4);
#849=VECTOR('',#4889,10.);
#850=VECTOR('',#4894,10.);
#851=VECTOR('',#4897,10.);
#852=VECTOR('',#4902,10.);
#853=VECTOR('',#4903,10.);
#854=VECTOR('',#4906,10.);
#855=VECTOR('',#4909,10.);
#856=VECTOR('',#4912,10.);
#857=VECTOR('',#4915,10.);
#858=CYLINDRICAL_SURFACE('',#3544,34.);
#859=CYLINDRICAL_SURFACE('',#3554,29.5);
#860=CYLINDRICAL_SURFACE('',#3556,1.7);
#861=CYLINDRICAL_SURFACE('',#3560,1.7);
#862=CYLINDRICAL_SURFACE('',#3565,2.);
#863=CYLINDRICAL_SURFACE('',#3572,2.);
#864=CYLINDRICAL_SURFACE('',#3574,2.);
#865=CYLINDRICAL_SURFACE('',#3579,2.);
#866=CYLINDRICAL_SURFACE('',#3586,2.);
#867=CYLINDRICAL_SURFACE('',#3594,2.);
#868=CYLINDRICAL_SURFACE('',#3597,2.);
#869=CYLINDRICAL_SURFACE('',#3599,2.);
#870=CYLINDRICAL_SURFACE('',#3606,2.);
#871=CYLINDRICAL_SURFACE('',#3608,2.);
#872=CYLINDRICAL_SURFACE('',#3613,2.);
#873=CYLINDRICAL_SURFACE('',#3620,2.);
#874=CYLINDRICAL_SURFACE('',#3629,2.);
#875=CYLINDRICAL_SURFACE('',#3632,2.);
#876=CYLINDRICAL_SURFACE('',#3639,2.);
#877=CYLINDRICAL_SURFACE('',#3640,2.);
#878=CYLINDRICAL_SURFACE('',#3641,2.);
#879=CYLINDRICAL_SURFACE('',#3650,2.);
#880=CYLINDRICAL_SURFACE('',#3651,2.);
#881=CYLINDRICAL_SURFACE('',#3652,2.);
#882=CYLINDRICAL_SURFACE('',#3657,2.);
#883=CYLINDRICAL_SURFACE('',#3667,2.);
#884=CYLINDRICAL_SURFACE('',#3671,1.7);
#885=CYLINDRICAL_SURFACE('',#3674,1.7);
#886=CYLINDRICAL_SURFACE('',#3697,6.2);
#887=CYLINDRICAL_SURFACE('',#3699,3.);
#888=CYLINDRICAL_SURFACE('',#3721,6.2);
#889=CYLINDRICAL_SURFACE('',#3723,3.);
#890=CYLINDRICAL_SURFACE('',#3725,1.);
#891=CYLINDRICAL_SURFACE('',#3732,1.);
#892=CYLINDRICAL_SURFACE('',#3738,1.);
#893=CYLINDRICAL_SURFACE('',#3749,1.);
#894=CYLINDRICAL_SURFACE('',#3755,1.);
#895=CYLINDRICAL_SURFACE('',#3760,8.);
#896=CYLINDRICAL_SURFACE('',#3763,8.);
#897=CYLINDRICAL_SURFACE('',#3765,3.);
#898=CYLINDRICAL_SURFACE('',#3780,3.);
#899=CYLINDRICAL_SURFACE('',#3782,3.);
#900=CYLINDRICAL_SURFACE('',#3783,3.);
#901=CYLINDRICAL_SURFACE('',#3792,3.);
#902=CYLINDRICAL_SURFACE('',#3799,1.5);
#903=CYLINDRICAL_SURFACE('',#3803,1.5);
#904=CYLINDRICAL_SURFACE('',#3807,2.9);
#905=CYLINDRICAL_SURFACE('',#3823,3.);
#906=CYLINDRICAL_SURFACE('',#3828,3.);
#907=CYLINDRICAL_SURFACE('',#3830,25.);
#908=CYLINDRICAL_SURFACE('',#3833,3.);
#909=CYLINDRICAL_SURFACE('',#3838,3.);
#910=CYLINDRICAL_SURFACE('',#3841,25.);
#911=CYLINDRICAL_SURFACE('',#3843,7.5);
#912=CYLINDRICAL_SURFACE('',#3844,7.5);
#913=CYLINDRICAL_SURFACE('',#3851,1.7);
#914=CYLINDRICAL_SURFACE('',#3857,1.7);
#915=CYLINDRICAL_SURFACE('',#3863,34.);
#916=CYLINDRICAL_SURFACE('',#3864,3.7);
#917=CYLINDRICAL_SURFACE('',#3865,2.9);
#918=CYLINDRICAL_SURFACE('',#3866,2.5);
#919=CYLINDRICAL_SURFACE('',#3870,4.55);
#920=CYLINDRICAL_SURFACE('',#3871,6.2);
#921=CYLINDRICAL_SURFACE('',#3874,6.2);
#922=FACE_OUTER_BOUND('',#1114,.T.);
#923=FACE_OUTER_BOUND('',#1115,.T.);
#924=FACE_OUTER_BOUND('',#1116,.T.);
#925=FACE_OUTER_BOUND('',#1119,.T.);
#926=FACE_OUTER_BOUND('',#1120,.T.);
#927=FACE_OUTER_BOUND('',#1122,.T.);
#928=FACE_OUTER_BOUND('',#1123,.T.);
#929=FACE_OUTER_BOUND('',#1124,.T.);
#930=FACE_OUTER_BOUND('',#1125,.T.);
#931=FACE_OUTER_BOUND('',#1126,.T.);
#932=FACE_OUTER_BOUND('',#1129,.T.);
#933=FACE_OUTER_BOUND('',#1130,.T.);
#934=FACE_OUTER_BOUND('',#1131,.T.);
#935=FACE_OUTER_BOUND('',#1132,.T.);
#936=FACE_OUTER_BOUND('',#1133,.T.);
#937=FACE_OUTER_BOUND('',#1134,.T.);
#938=FACE_OUTER_BOUND('',#1135,.T.);
#939=FACE_OUTER_BOUND('',#1136,.T.);
#940=FACE_OUTER_BOUND('',#1137,.T.);
#941=FACE_OUTER_BOUND('',#1138,.T.);
#942=FACE_OUTER_BOUND('',#1139,.T.);
#943=FACE_OUTER_BOUND('',#1140,.T.);
#944=FACE_OUTER_BOUND('',#1141,.T.);
#945=FACE_OUTER_BOUND('',#1142,.T.);
#946=FACE_OUTER_BOUND('',#1143,.T.);
#947=FACE_OUTER_BOUND('',#1144,.T.);
#948=FACE_OUTER_BOUND('',#1145,.T.);
#949=FACE_OUTER_BOUND('',#1146,.T.);
#950=FACE_OUTER_BOUND('',#1147,.T.);
#951=FACE_OUTER_BOUND('',#1148,.T.);
#952=FACE_OUTER_BOUND('',#1149,.T.);
#953=FACE_OUTER_BOUND('',#1150,.T.);
#954=FACE_OUTER_BOUND('',#1151,.T.);
#955=FACE_OUTER_BOUND('',#1152,.T.);
#956=FACE_OUTER_BOUND('',#1153,.T.);
#957=FACE_OUTER_BOUND('',#1154,.T.);
#958=FACE_OUTER_BOUND('',#1155,.T.);
#959=FACE_OUTER_BOUND('',#1156,.T.);
#960=FACE_OUTER_BOUND('',#1157,.T.);
#961=FACE_OUTER_BOUND('',#1158,.T.);
#962=FACE_OUTER_BOUND('',#1159,.T.);
#963=FACE_OUTER_BOUND('',#1160,.T.);
#964=FACE_OUTER_BOUND('',#1161,.T.);
#965=FACE_OUTER_BOUND('',#1162,.T.);
#966=FACE_OUTER_BOUND('',#1163,.T.);
#967=FACE_OUTER_BOUND('',#1164,.T.);
#968=FACE_OUTER_BOUND('',#1165,.T.);
#969=FACE_OUTER_BOUND('',#1166,.T.);
#970=FACE_OUTER_BOUND('',#1167,.T.);
#971=FACE_OUTER_BOUND('',#1168,.T.);
#972=FACE_OUTER_BOUND('',#1169,.T.);
#973=FACE_OUTER_BOUND('',#1170,.T.);
#974=FACE_OUTER_BOUND('',#1173,.T.);
#975=FACE_OUTER_BOUND('',#1174,.T.);
#976=FACE_OUTER_BOUND('',#1175,.T.);
#977=FACE_OUTER_BOUND('',#1178,.T.);
#978=FACE_OUTER_BOUND('',#1179,.T.);
#979=FACE_OUTER_BOUND('',#1180,.T.);
#980=FACE_OUTER_BOUND('',#1181,.T.);
#981=FACE_OUTER_BOUND('',#1182,.T.);
#982=FACE_OUTER_BOUND('',#1183,.T.);
#983=FACE_OUTER_BOUND('',#1184,.T.);
#984=FACE_OUTER_BOUND('',#1185,.T.);
#985=FACE_OUTER_BOUND('',#1186,.T.);
#986=FACE_OUTER_BOUND('',#1187,.T.);
#987=FACE_OUTER_BOUND('',#1188,.T.);
#988=FACE_OUTER_BOUND('',#1189,.T.);
#989=FACE_OUTER_BOUND('',#1190,.T.);
#990=FACE_OUTER_BOUND('',#1191,.T.);
#991=FACE_OUTER_BOUND('',#1192,.T.);
#992=FACE_OUTER_BOUND('',#1193,.T.);
#993=FACE_OUTER_BOUND('',#1194,.T.);
#994=FACE_OUTER_BOUND('',#1195,.T.);
#995=FACE_OUTER_BOUND('',#1196,.T.);
#996=FACE_OUTER_BOUND('',#1197,.T.);
#997=FACE_OUTER_BOUND('',#1198,.T.);
#998=FACE_OUTER_BOUND('',#1199,.T.);
#999=FACE_OUTER_BOUND('',#1200,.T.);
#1000=FACE_OUTER_BOUND('',#1201,.T.);
#1001=FACE_OUTER_BOUND('',#1202,.T.);
#1002=FACE_OUTER_BOUND('',#1203,.T.);
#1003=FACE_OUTER_BOUND('',#1204,.T.);
#1004=FACE_OUTER_BOUND('',#1205,.T.);
#1005=FACE_OUTER_BOUND('',#1206,.T.);
#1006=FACE_OUTER_BOUND('',#1207,.T.);
#1007=FACE_OUTER_BOUND('',#1208,.T.);
#1008=FACE_OUTER_BOUND('',#1209,.T.);
#1009=FACE_OUTER_BOUND('',#1210,.T.);
#1010=FACE_OUTER_BOUND('',#1211,.T.);
#1011=FACE_OUTER_BOUND('',#1212,.T.);
#1012=FACE_OUTER_BOUND('',#1213,.T.);
#1013=FACE_OUTER_BOUND('',#1214,.T.);
#1014=FACE_OUTER_BOUND('',#1215,.T.);
#1015=FACE_OUTER_BOUND('',#1216,.T.);
#1016=FACE_OUTER_BOUND('',#1217,.T.);
#1017=FACE_OUTER_BOUND('',#1218,.T.);
#1018=FACE_OUTER_BOUND('',#1219,.T.);
#1019=FACE_OUTER_BOUND('',#1220,.T.);
#1020=FACE_OUTER_BOUND('',#1221,.T.);
#1021=FACE_OUTER_BOUND('',#1222,.T.);
#1022=FACE_OUTER_BOUND('',#1223,.T.);
#1023=FACE_OUTER_BOUND('',#1224,.T.);
#1024=FACE_OUTER_BOUND('',#1225,.T.);
#1025=FACE_OUTER_BOUND('',#1226,.T.);
#1026=FACE_OUTER_BOUND('',#1227,.T.);
#1027=FACE_OUTER_BOUND('',#1228,.T.);
#1028=FACE_OUTER_BOUND('',#1229,.T.);
#1029=FACE_OUTER_BOUND('',#1230,.T.);
#1030=FACE_OUTER_BOUND('',#1231,.T.);
#1031=FACE_OUTER_BOUND('',#1232,.T.);
#1032=FACE_OUTER_BOUND('',#1233,.T.);
#1033=FACE_OUTER_BOUND('',#1234,.T.);
#1034=FACE_OUTER_BOUND('',#1235,.T.);
#1035=FACE_OUTER_BOUND('',#1236,.T.);
#1036=FACE_OUTER_BOUND('',#1237,.T.);
#1037=FACE_OUTER_BOUND('',#1238,.T.);
#1038=FACE_OUTER_BOUND('',#1239,.T.);
#1039=FACE_OUTER_BOUND('',#1240,.T.);
#1040=FACE_OUTER_BOUND('',#1242,.T.);
#1041=FACE_OUTER_BOUND('',#1243,.T.);
#1042=FACE_OUTER_BOUND('',#1246,.T.);
#1043=FACE_OUTER_BOUND('',#1247,.T.);
#1044=FACE_OUTER_BOUND('',#1248,.T.);
#1045=FACE_OUTER_BOUND('',#1251,.T.);
#1046=FACE_OUTER_BOUND('',#1252,.T.);
#1047=FACE_OUTER_BOUND('',#1253,.T.);
#1048=FACE_OUTER_BOUND('',#1254,.T.);
#1049=FACE_OUTER_BOUND('',#1255,.T.);
#1050=FACE_OUTER_BOUND('',#1256,.T.);
#1051=FACE_OUTER_BOUND('',#1259,.T.);
#1052=FACE_OUTER_BOUND('',#1261,.T.);
#1053=FACE_OUTER_BOUND('',#1262,.T.);
#1054=FACE_OUTER_BOUND('',#1264,.T.);
#1055=FACE_OUTER_BOUND('',#1265,.T.);
#1056=FACE_OUTER_BOUND('',#1266,.T.);
#1057=FACE_OUTER_BOUND('',#1267,.T.);
#1058=FACE_OUTER_BOUND('',#1268,.T.);
#1059=FACE_OUTER_BOUND('',#1269,.T.);
#1060=FACE_OUTER_BOUND('',#1272,.T.);
#1061=FACE_OUTER_BOUND('',#1274,.T.);
#1062=FACE_OUTER_BOUND('',#1275,.T.);
#1063=FACE_OUTER_BOUND('',#1276,.T.);
#1064=FACE_OUTER_BOUND('',#1277,.T.);
#1065=FACE_OUTER_BOUND('',#1278,.T.);
#1066=FACE_OUTER_BOUND('',#1279,.T.);
#1067=FACE_OUTER_BOUND('',#1280,.T.);
#1068=FACE_OUTER_BOUND('',#1281,.T.);
#1069=FACE_OUTER_BOUND('',#1282,.T.);
#1070=FACE_OUTER_BOUND('',#1283,.T.);
#1071=FACE_OUTER_BOUND('',#1284,.T.);
#1072=FACE_OUTER_BOUND('',#1285,.T.);
#1073=FACE_OUTER_BOUND('',#1286,.T.);
#1074=FACE_OUTER_BOUND('',#1287,.T.);
#1075=FACE_OUTER_BOUND('',#1288,.T.);
#1076=FACE_OUTER_BOUND('',#1289,.T.);
#1077=FACE_OUTER_BOUND('',#1290,.T.);
#1078=FACE_OUTER_BOUND('',#1291,.T.);
#1079=FACE_OUTER_BOUND('',#1294,.T.);
#1080=FACE_OUTER_BOUND('',#1295,.T.);
#1081=FACE_OUTER_BOUND('',#1296,.T.);
#1082=FACE_OUTER_BOUND('',#1297,.T.);
#1083=FACE_OUTER_BOUND('',#1298,.T.);
#1084=FACE_OUTER_BOUND('',#1299,.T.);
#1085=FACE_OUTER_BOUND('',#1300,.T.);
#1086=FACE_OUTER_BOUND('',#1301,.T.);
#1087=FACE_OUTER_BOUND('',#1302,.T.);
#1088=FACE_OUTER_BOUND('',#1303,.T.);
#1089=FACE_OUTER_BOUND('',#1305,.T.);
#1090=FACE_OUTER_BOUND('',#1306,.T.);
#1091=FACE_OUTER_BOUND('',#1307,.T.);
#1092=FACE_OUTER_BOUND('',#1308,.T.);
#1093=FACE_OUTER_BOUND('',#1309,.T.);
#1094=FACE_OUTER_BOUND('',#1311,.T.);
#1095=FACE_OUTER_BOUND('',#1312,.T.);
#1096=FACE_OUTER_BOUND('',#1313,.T.);
#1097=FACE_OUTER_BOUND('',#1314,.T.);
#1098=FACE_OUTER_BOUND('',#1315,.T.);
#1099=FACE_OUTER_BOUND('',#1316,.T.);
#1100=FACE_OUTER_BOUND('',#1317,.T.);
#1101=FACE_OUTER_BOUND('',#1318,.T.);
#1102=FACE_OUTER_BOUND('',#1320,.T.);
#1103=FACE_OUTER_BOUND('',#1321,.T.);
#1104=FACE_OUTER_BOUND('',#1322,.T.);
#1105=FACE_OUTER_BOUND('',#1323,.T.);
#1106=FACE_OUTER_BOUND('',#1324,.T.);
#1107=FACE_OUTER_BOUND('',#1325,.T.);
#1108=FACE_OUTER_BOUND('',#1326,.T.);
#1109=FACE_OUTER_BOUND('',#1327,.T.);
#1110=FACE_OUTER_BOUND('',#1328,.T.);
#1111=FACE_OUTER_BOUND('',#1329,.T.);
#1112=FACE_OUTER_BOUND('',#1330,.T.);
#1113=FACE_OUTER_BOUND('',#1331,.T.);
#1114=EDGE_LOOP('',(#2307,#2308,#2309,#2310,#2311));
#1115=EDGE_LOOP('',(#2312,#2313,#2314,#2315,#2316));
#1116=EDGE_LOOP('',(#2317));
#1117=EDGE_LOOP('',(#2318));
#1118=EDGE_LOOP('',(#2319));
#1119=EDGE_LOOP('',(#2320,#2321,#2322,#2323));
#1120=EDGE_LOOP('',(#2324));
#1121=EDGE_LOOP('',(#2325));
#1122=EDGE_LOOP('',(#2326,#2327,#2328,#2329));
#1123=EDGE_LOOP('',(#2330,#2331,#2332,#2333));
#1124=EDGE_LOOP('',(#2334,#2335,#2336,#2337));
#1125=EDGE_LOOP('',(#2338,#2339,#2340,#2341));
#1126=EDGE_LOOP('',(#2342));
#1127=EDGE_LOOP('',(#2343));
#1128=EDGE_LOOP('',(#2344));
#1129=EDGE_LOOP('',(#2345,#2346,#2347,#2348));
#1130=EDGE_LOOP('',(#2349,#2350,#2351,#2352));
#1131=EDGE_LOOP('',(#2353,#2354,#2355,#2356));
#1132=EDGE_LOOP('',(#2357,#2358,#2359,#2360));
#1133=EDGE_LOOP('',(#2361,#2362,#2363,#2364));
#1134=EDGE_LOOP('',(#2365,#2366,#2367));
#1135=EDGE_LOOP('',(#2368,#2369,#2370,#2371));
#1136=EDGE_LOOP('',(#2372,#2373,#2374,#2375));
#1137=EDGE_LOOP('',(#2376,#2377,#2378,#2379));
#1138=EDGE_LOOP('',(#2380,#2381,#2382));
#1139=EDGE_LOOP('',(#2383,#2384,#2385,#2386));
#1140=EDGE_LOOP('',(#2387,#2388,#2389,#2390,#2391,#2392,#2393,#2394,#2395,
#2396));
#1141=EDGE_LOOP('',(#2397,#2398,#2399,#2400,#2401,#2402,#2403,#2404,#2405,
#2406,#2407,#2408,#2409,#2410,#2411));
#1142=EDGE_LOOP('',(#2412,#2413,#2414,#2415));
#1143=EDGE_LOOP('',(#2416,#2417,#2418,#2419));
#1144=EDGE_LOOP('',(#2420,#2421,#2422,#2423));
#1145=EDGE_LOOP('',(#2424,#2425,#2426,#2427));
#1146=EDGE_LOOP('',(#2428,#2429,#2430,#2431));
#1147=EDGE_LOOP('',(#2432,#2433,#2434,#2435));
#1148=EDGE_LOOP('',(#2436,#2437,#2438,#2439));
#1149=EDGE_LOOP('',(#2440,#2441,#2442));
#1150=EDGE_LOOP('',(#2443,#2444,#2445,#2446));
#1151=EDGE_LOOP('',(#2447,#2448,#2449,#2450));
#1152=EDGE_LOOP('',(#2451,#2452,#2453,#2454));
#1153=EDGE_LOOP('',(#2455,#2456,#2457));
#1154=EDGE_LOOP('',(#2458,#2459,#2460,#2461,#2462,#2463,#2464,#2465));
#1155=EDGE_LOOP('',(#2466,#2467,#2468,#2469,#2470,#2471,#2472));
#1156=EDGE_LOOP('',(#2473,#2474,#2475,#2476,#2477,#2478,#2479,#2480,#2481,
#2482,#2483,#2484,#2485));
#1157=EDGE_LOOP('',(#2486,#2487,#2488,#2489));
#1158=EDGE_LOOP('',(#2490,#2491,#2492,#2493));
#1159=EDGE_LOOP('',(#2494,#2495,#2496,#2497));
#1160=EDGE_LOOP('',(#2498,#2499,#2500,#2501));
#1161=EDGE_LOOP('',(#2502,#2503,#2504,#2505));
#1162=EDGE_LOOP('',(#2506,#2507,#2508,#2509));
#1163=EDGE_LOOP('',(#2510,#2511,#2512,#2513));
#1164=EDGE_LOOP('',(#2514,#2515,#2516,#2517));
#1165=EDGE_LOOP('',(#2518,#2519,#2520,#2521,#2522,#2523,#2524,#2525,#2526,
#2527));
#1166=EDGE_LOOP('',(#2528,#2529,#2530,#2531));
#1167=EDGE_LOOP('',(#2532,#2533,#2534,#2535));
#1168=EDGE_LOOP('',(#2536,#2537,#2538,#2539));
#1169=EDGE_LOOP('',(#2540,#2541,#2542,#2543));
#1170=EDGE_LOOP('',(#2544,#2545,#2546,#2547,#2548,#2549,#2550,#2551,#2552,
#2553,#2554,#2555));
#1171=EDGE_LOOP('',(#2556));
#1172=EDGE_LOOP('',(#2557));
#1173=EDGE_LOOP('',(#2558,#2559,#2560,#2561,#2562,#2563,#2564,#2565,#2566,
#2567,#2568,#2569,#2570,#2571,#2572));
#1174=EDGE_LOOP('',(#2573,#2574,#2575,#2576));
#1175=EDGE_LOOP('',(#2577,#2578,#2579,#2580,#2581,#2582,#2583,#2584,#2585,
#2586,#2587,#2588));
#1176=EDGE_LOOP('',(#2589));
#1177=EDGE_LOOP('',(#2590));
#1178=EDGE_LOOP('',(#2591,#2592,#2593,#2594,#2595,#2596,#2597,#2598,#2599,
#2600,#2601,#2602,#2603));
#1179=EDGE_LOOP('',(#2604,#2605,#2606,#2607));
#1180=EDGE_LOOP('',(#2608,#2609,#2610,#2611));
#1181=EDGE_LOOP('',(#2612,#2613,#2614,#2615));
#1182=EDGE_LOOP('',(#2616,#2617,#2618,#2619));
#1183=EDGE_LOOP('',(#2620,#2621,#2622,#2623));
#1184=EDGE_LOOP('',(#2624,#2625,#2626,#2627,#2628,#2629,#2630,#2631,#2632,
#2633,#2634,#2635,#2636));
#1185=EDGE_LOOP('',(#2637,#2638,#2639,#2640,#2641,#2642,#2643,#2644));
#1186=EDGE_LOOP('',(#2645,#2646,#2647,#2648,#2649));
#1187=EDGE_LOOP('',(#2650,#2651,#2652,#2653));
#1188=EDGE_LOOP('',(#2654,#2655,#2656,#2657,#2658,#2659));
#1189=EDGE_LOOP('',(#2660,#2661,#2662,#2663));
#1190=EDGE_LOOP('',(#2664,#2665,#2666,#2667));
#1191=EDGE_LOOP('',(#2668,#2669,#2670,#2671));
#1192=EDGE_LOOP('',(#2672,#2673,#2674,#2675));
#1193=EDGE_LOOP('',(#2676,#2677,#2678,#2679));
#1194=EDGE_LOOP('',(#2680,#2681,#2682,#2683));
#1195=EDGE_LOOP('',(#2684,#2685,#2686,#2687));
#1196=EDGE_LOOP('',(#2688,#2689,#2690,#2691,#2692,#2693,#2694,#2695));
#1197=EDGE_LOOP('',(#2696,#2697,#2698,#2699));
#1198=EDGE_LOOP('',(#2700,#2701,#2702,#2703));
#1199=EDGE_LOOP('',(#2704,#2705,#2706,#2707));
#1200=EDGE_LOOP('',(#2708,#2709,#2710,#2711,#2712,#2713,#2714));
#1201=EDGE_LOOP('',(#2715,#2716,#2717));
#1202=EDGE_LOOP('',(#2718,#2719,#2720,#2721,#2722,#2723,#2724));
#1203=EDGE_LOOP('',(#2725,#2726,#2727,#2728,#2729));
#1204=EDGE_LOOP('',(#2730,#2731,#2732,#2733));
#1205=EDGE_LOOP('',(#2734,#2735,#2736,#2737));
#1206=EDGE_LOOP('',(#2738,#2739,#2740,#2741));
#1207=EDGE_LOOP('',(#2742,#2743,#2744,#2745,#2746,#2747,#2748,#2749,#2750,
#2751,#2752,#2753,#2754));
#1208=EDGE_LOOP('',(#2755,#2756,#2757,#2758,#2759));
#1209=EDGE_LOOP('',(#2760,#2761,#2762,#2763));
#1210=EDGE_LOOP('',(#2764,#2765,#2766,#2767,#2768,#2769));
#1211=EDGE_LOOP('',(#2770,#2771,#2772,#2773));
#1212=EDGE_LOOP('',(#2774,#2775,#2776,#2777));
#1213=EDGE_LOOP('',(#2778,#2779,#2780,#2781));
#1214=EDGE_LOOP('',(#2782,#2783,#2784,#2785));
#1215=EDGE_LOOP('',(#2786,#2787,#2788,#2789));
#1216=EDGE_LOOP('',(#2790,#2791,#2792,#2793));
#1217=EDGE_LOOP('',(#2794,#2795,#2796,#2797));
#1218=EDGE_LOOP('',(#2798,#2799,#2800,#2801,#2802,#2803,#2804,#2805));
#1219=EDGE_LOOP('',(#2806,#2807,#2808,#2809));
#1220=EDGE_LOOP('',(#2810,#2811,#2812,#2813));
#1221=EDGE_LOOP('',(#2814,#2815,#2816,#2817));
#1222=EDGE_LOOP('',(#2818,#2819,#2820,#2821,#2822,#2823,#2824));
#1223=EDGE_LOOP('',(#2825,#2826,#2827));
#1224=EDGE_LOOP('',(#2828,#2829,#2830,#2831,#2832));
#1225=EDGE_LOOP('',(#2833,#2834,#2835,#2836));
#1226=EDGE_LOOP('',(#2837,#2838,#2839,#2840));
#1227=EDGE_LOOP('',(#2841,#2842,#2843,#2844));
#1228=EDGE_LOOP('',(#2845,#2846,#2847,#2848));
#1229=EDGE_LOOP('',(#2849,#2850,#2851,#2852));
#1230=EDGE_LOOP('',(#2853,#2854,#2855,#2856));
#1231=EDGE_LOOP('',(#2857,#2858,#2859,#2860));
#1232=EDGE_LOOP('',(#2861,#2862,#2863,#2864));
#1233=EDGE_LOOP('',(#2865,#2866,#2867,#2868));
#1234=EDGE_LOOP('',(#2869,#2870,#2871,#2872));
#1235=EDGE_LOOP('',(#2873,#2874,#2875,#2876));
#1236=EDGE_LOOP('',(#2877,#2878,#2879,#2880));
#1237=EDGE_LOOP('',(#2881,#2882,#2883,#2884));
#1238=EDGE_LOOP('',(#2885,#2886,#2887,#2888));
#1239=EDGE_LOOP('',(#2889,#2890,#2891,#2892,#2893,#2894,#2895,#2896,#2897));
#1240=EDGE_LOOP('',(#2898,#2899,#2900,#2901,#2902,#2903,#2904));
#1241=EDGE_LOOP('',(#2905));
#1242=EDGE_LOOP('',(#2906,#2907,#2908,#2909));
#1243=EDGE_LOOP('',(#2910,#2911,#2912,#2913));
#1244=EDGE_LOOP('',(#2914,#2915,#2916,#2917,#2918,#2919));
#1245=EDGE_LOOP('',(#2920,#2921,#2922,#2923,#2924,#2925));
#1246=EDGE_LOOP('',(#2926,#2927,#2928,#2929));
#1247=EDGE_LOOP('',(#2930,#2931,#2932,#2933,#2934));
#1248=EDGE_LOOP('',(#2935,#2936,#2937,#2938,#2939,#2940,#2941,#2942,#2943,
#2944));
#1249=EDGE_LOOP('',(#2945));
#1250=EDGE_LOOP('',(#2946));
#1251=EDGE_LOOP('',(#2947,#2948,#2949,#2950));
#1252=EDGE_LOOP('',(#2951,#2952,#2953,#2954));
#1253=EDGE_LOOP('',(#2955,#2956,#2957,#2958,#2959));
#1254=EDGE_LOOP('',(#2960,#2961,#2962,#2963));
#1255=EDGE_LOOP('',(#2964,#2965,#2966,#2967,#2968,#2969,#2970,#2971,#2972,
#2973,#2974));
#1256=EDGE_LOOP('',(#2975,#2976,#2977,#2978,#2979,#2980,#2981,#2982));
#1257=EDGE_LOOP('',(#2983,#2984,#2985,#2986,#2987,#2988));
#1258=EDGE_LOOP('',(#2989,#2990,#2991,#2992,#2993,#2994));
#1259=EDGE_LOOP('',(#2995,#2996,#2997,#2998,#2999,#3000,#3001,#3002));
#1260=EDGE_LOOP('',(#3003));
#1261=EDGE_LOOP('',(#3004,#3005,#3006,#3007,#3008));
#1262=EDGE_LOOP('',(#3009,#3010,#3011,#3012,#3013,#3014,#3015));
#1263=EDGE_LOOP('',(#3016,#3017,#3018,#3019,#3020,#3021,#3022,#3023));
#1264=EDGE_LOOP('',(#3024,#3025,#3026,#3027));
#1265=EDGE_LOOP('',(#3028,#3029,#3030,#3031,#3032,#3033));
#1266=EDGE_LOOP('',(#3034,#3035,#3036,#3037));
#1267=EDGE_LOOP('',(#3038,#3039,#3040,#3041));
#1268=EDGE_LOOP('',(#3042,#3043,#3044,#3045));
#1269=EDGE_LOOP('',(#3046,#3047,#3048,#3049,#3050,#3051,#3052));
#1270=EDGE_LOOP('',(#3053,#3054,#3055,#3056,#3057,#3058));
#1271=EDGE_LOOP('',(#3059));
#1272=EDGE_LOOP('',(#3060,#3061,#3062,#3063,#3064,#3065,#3066,#3067,#3068,
#3069));
#1273=EDGE_LOOP('',(#3070));
#1274=EDGE_LOOP('',(#3071,#3072,#3073,#3074));
#1275=EDGE_LOOP('',(#3075,#3076,#3077,#3078));
#1276=EDGE_LOOP('',(#3079,#3080,#3081,#3082));
#1277=EDGE_LOOP('',(#3083,#3084,#3085,#3086));
#1278=EDGE_LOOP('',(#3087,#3088,#3089,#3090));
#1279=EDGE_LOOP('',(#3091,#3092,#3093,#3094));
#1280=EDGE_LOOP('',(#3095,#3096,#3097,#3098));
#1281=EDGE_LOOP('',(#3099,#3100,#3101,#3102));
#1282=EDGE_LOOP('',(#3103,#3104,#3105,#3106));
#1283=EDGE_LOOP('',(#3107,#3108,#3109,#3110,#3111,#3112,#3113,#3114,#3115,
#3116));
#1284=EDGE_LOOP('',(#3117,#3118,#3119,#3120));
#1285=EDGE_LOOP('',(#3121,#3122,#3123,#3124,#3125,#3126,#3127));
#1286=EDGE_LOOP('',(#3128,#3129,#3130,#3131));
#1287=EDGE_LOOP('',(#3132,#3133,#3134,#3135));
#1288=EDGE_LOOP('',(#3136,#3137,#3138,#3139));
#1289=EDGE_LOOP('',(#3140,#3141,#3142,#3143,#3144,#3145,#3146));
#1290=EDGE_LOOP('',(#3147,#3148,#3149,#3150));
#1291=EDGE_LOOP('',(#3151,#3152,#3153,#3154,#3155));
#1292=EDGE_LOOP('',(#3156,#3157,#3158,#3159,#3160,#3161));
#1293=EDGE_LOOP('',(#3162,#3163,#3164,#3165,#3166,#3167));
#1294=EDGE_LOOP('',(#3168,#3169,#3170,#3171));
#1295=EDGE_LOOP('',(#3172,#3173,#3174,#3175,#3176));
#1296=EDGE_LOOP('',(#3177,#3178,#3179,#3180));
#1297=EDGE_LOOP('',(#3181,#3182,#3183,#3184));
#1298=EDGE_LOOP('',(#3185,#3186,#3187,#3188));
#1299=EDGE_LOOP('',(#3189,#3190,#3191,#3192));
#1300=EDGE_LOOP('',(#3193,#3194,#3195,#3196));
#1301=EDGE_LOOP('',(#3197,#3198,#3199,#3200));
#1302=EDGE_LOOP('',(#3201,#3202,#3203,#3204));
#1303=EDGE_LOOP('',(#3205,#3206,#3207,#3208,#3209,#3210));
#1304=EDGE_LOOP('',(#3211));
#1305=EDGE_LOOP('',(#3212,#3213,#3214,#3215));
#1306=EDGE_LOOP('',(#3216,#3217,#3218,#3219));
#1307=EDGE_LOOP('',(#3220,#3221,#3222,#3223));
#1308=EDGE_LOOP('',(#3224,#3225,#3226,#3227));
#1309=EDGE_LOOP('',(#3228,#3229,#3230,#3231,#3232,#3233));
#1310=EDGE_LOOP('',(#3234));
#1311=EDGE_LOOP('',(#3235,#3236,#3237,#3238));
#1312=EDGE_LOOP('',(#3239,#3240,#3241,#3242));
#1313=EDGE_LOOP('',(#3243,#3244,#3245,#3246));
#1314=EDGE_LOOP('',(#3247,#3248,#3249,#3250));
#1315=EDGE_LOOP('',(#3251,#3252,#3253,#3254));
#1316=EDGE_LOOP('',(#3255,#3256,#3257,#3258));
#1317=EDGE_LOOP('',(#3259,#3260,#3261,#3262));
#1318=EDGE_LOOP('',(#3263));
#1319=EDGE_LOOP('',(#3264));
#1320=EDGE_LOOP('',(#3265,#3266,#3267,#3268));
#1321=EDGE_LOOP('',(#3269,#3270,#3271,#3272));
#1322=EDGE_LOOP('',(#3273,#3274,#3275,#3276));
#1323=EDGE_LOOP('',(#3277,#3278,#3279,#3280));
#1324=EDGE_LOOP('',(#3281,#3282,#3283,#3284));
#1325=EDGE_LOOP('',(#3285,#3286,#3287,#3288,#3289,#3290));
#1326=EDGE_LOOP('',(#3291,#3292,#3293,#3294));
#1327=EDGE_LOOP('',(#3295,#3296,#3297,#3298));
#1328=EDGE_LOOP('',(#3299,#3300,#3301,#3302));
#1329=EDGE_LOOP('',(#3303,#3304,#3305,#3306));
#1330=EDGE_LOOP('',(#3307,#3308,#3309,#3310));
#1331=EDGE_LOOP('',(#3311,#3312,#3313,#3314));
#1332=CIRCLE('',#3540,33.);
#1333=CIRCLE('',#3541,1.);
#1334=CIRCLE('',#3542,34.);
#1335=CIRCLE('',#3543,34.);
#1336=CIRCLE('',#3545,34.);
#1337=CIRCLE('',#3547,1.7);
#1338=CIRCLE('',#3548,1.7);
#1339=CIRCLE('',#3550,32.);
#1340=CIRCLE('',#3551,2.);
#1341=CIRCLE('',#3553,29.5);
#1342=CIRCLE('',#3555,29.5);
#1343=CIRCLE('',#3557,1.7);
#1344=CIRCLE('',#3559,3.7);
#1345=CIRCLE('',#3561,1.7);
#1346=CIRCLE('',#3563,3.7);
#1347=CIRCLE('',#3566,2.);
#1348=CIRCLE('',#3567,2.);
#1349=CIRCLE('',#3569,2.00000000000001);
#1350=CIRCLE('',#3570,4.);
#1351=CIRCLE('',#3571,2.);
#1352=CIRCLE('',#3573,1.99999999999999);
#1353=CIRCLE('',#3575,1.99999999999999);
#1354=CIRCLE('',#3576,2.);
#1355=CIRCLE('',#3578,2.);
#1356=CIRCLE('',#3580,1.99999999999999);
#1357=CIRCLE('',#3581,2.);
#1358=CIRCLE('',#3583,2.00000000000001);
#1359=CIRCLE('',#3584,4.);
#1360=CIRCLE('',#3585,2.);
#1361=CIRCLE('',#3587,2.);
#1362=CIRCLE('',#3589,2.);
#1363=CIRCLE('',#3592,2.);
#1364=CIRCLE('',#3595,2.);
#1365=CIRCLE('',#3598,2.);
#1366=CIRCLE('',#3600,2.);
#1367=CIRCLE('',#3601,2.);
#1368=CIRCLE('',#3603,2.);
#1369=CIRCLE('',#3604,4.);
#1370=CIRCLE('',#3605,2.);
#1371=CIRCLE('',#3607,1.99999999999999);
#1372=CIRCLE('',#3609,1.99999999999999);
#1373=CIRCLE('',#3610,2.);
#1374=CIRCLE('',#3612,2.);
#1375=CIRCLE('',#3614,1.99999999999999);
#1376=CIRCLE('',#3615,2.);
#1377=CIRCLE('',#3617,2.);
#1378=CIRCLE('',#3618,4.);
#1379=CIRCLE('',#3619,2.);
#1380=CIRCLE('',#3621,2.);
#1381=CIRCLE('',#3623,2.);
#1382=CIRCLE('',#3627,6.2);
#1383=CIRCLE('',#3628,3.);
#1384=CIRCLE('',#3630,2.);
#1385=CIRCLE('',#3633,2.);
#1386=CIRCLE('',#3635,2.00000000000001);
#1387=CIRCLE('',#3636,1.99999999999999);
#1388=CIRCLE('',#3637,4.);
#1389=CIRCLE('',#3638,1.99999999999999);
#1390=CIRCLE('',#3642,2.);
#1391=CIRCLE('',#3646,3.99999999999998);
#1392=CIRCLE('',#3647,2.);
#1393=CIRCLE('',#3648,2.);
#1394=CIRCLE('',#3649,1.99999999999999);
#1395=CIRCLE('',#3654,3.7);
#1396=CIRCLE('',#3655,3.7);
#1397=CIRCLE('',#3658,2.);
#1398=CIRCLE('',#3659,2.);
#1399=CIRCLE('',#3661,2.);
#1400=CIRCLE('',#3662,1.7);
#1401=CIRCLE('',#3663,1.7);
#1402=CIRCLE('',#3665,3.);
#1403=CIRCLE('',#3666,6.2);
#1404=CIRCLE('',#3668,2.);
#1405=CIRCLE('',#3670,1.7);
#1406=CIRCLE('',#3673,1.7);
#1407=CIRCLE('',#3692,6.2);
#1408=CIRCLE('',#3693,3.);
#1409=CIRCLE('',#3695,6.2);
#1410=CIRCLE('',#3717,3.);
#1411=CIRCLE('',#3718,6.2);
#1412=CIRCLE('',#3720,6.2);
#1413=CIRCLE('',#3726,1.00000000000001);
#1414=CIRCLE('',#3729,0.999999999999996);
#1415=CIRCLE('',#3730,9.);
#1416=CIRCLE('',#3731,8.);
#1417=CIRCLE('',#3733,0.999999999999996);
#1418=CIRCLE('',#3735,0.999999999999996);
#1419=CIRCLE('',#3736,9.);
#1420=CIRCLE('',#3737,8.);
#1421=CIRCLE('',#3739,1.);
#1422=CIRCLE('',#3741,1.00000000000001);
#1423=CIRCLE('',#3742,3.);
#1424=CIRCLE('',#3743,4.);
#1425=CIRCLE('',#3744,0.999999999999998);
#1426=CIRCLE('',#3746,0.999999999999999);
#1427=CIRCLE('',#3747,8.5);
#1428=CIRCLE('',#3748,7.5);
#1429=CIRCLE('',#3750,1.);
#1430=CIRCLE('',#3752,1.);
#1431=CIRCLE('',#3753,8.5);
#1432=CIRCLE('',#3754,7.5);
#1433=CIRCLE('',#3758,25.);
#1434=CIRCLE('',#3759,3.7);
#1435=CIRCLE('',#3761,8.);
#1436=CIRCLE('',#3764,8.);
#1437=CIRCLE('',#3766,3.);
#1438=CIRCLE('',#3767,3.);
#1439=CIRCLE('',#3769,3.);
#1440=CIRCLE('',#3770,3.);
#1441=CIRCLE('',#3771,34.);
#1442=CIRCLE('',#3772,3.);
#1443=CIRCLE('',#3773,1.7);
#1444=CIRCLE('',#3774,1.7);
#1445=CIRCLE('',#3776,6.);
#1446=CIRCLE('',#3777,3.);
#1447=CIRCLE('',#3778,3.);
#1448=CIRCLE('',#3779,3.);
#1449=CIRCLE('',#3781,3.);
#1450=CIRCLE('',#3786,3.);
#1451=CIRCLE('',#3787,3.);
#1452=CIRCLE('',#3788,3.);
#1453=CIRCLE('',#3790,22.);
#1454=CIRCLE('',#3791,3.7);
#1455=CIRCLE('',#3794,22.);
#1456=CIRCLE('',#3795,6.2);
#1457=CIRCLE('',#3796,2.9);
#1458=CIRCLE('',#3797,6.2);
#1459=CIRCLE('',#3798,2.9);
#1460=CIRCLE('',#3800,1.5);
#1461=CIRCLE('',#3801,1.5);
#1462=CIRCLE('',#3804,1.5);
#1463=CIRCLE('',#3805,1.5);
#1464=CIRCLE('',#3808,2.9);
#1465=CIRCLE('',#3810,25.);
#1466=CIRCLE('',#3811,2.5);
#1467=CIRCLE('',#3813,6.2);
#1468=CIRCLE('',#3814,2.9);
#1469=CIRCLE('',#3815,6.2);
#1470=CIRCLE('',#3816,4.55);
#1471=CIRCLE('',#3824,3.00000000000001);
#1472=CIRCLE('',#3826,3.);
#1473=CIRCLE('',#3827,25.);
#1474=CIRCLE('',#3832,7.5);
#1475=CIRCLE('',#3834,3.);
#1476=CIRCLE('',#3836,3.);
#1477=CIRCLE('',#3837,25.);
#1478=CIRCLE('',#3840,7.5);
#1479=CIRCLE('',#3852,1.7);
#1480=CIRCLE('',#3858,1.7);
#1481=CIRCLE('',#3867,2.5);
#1482=CIRCLE('',#3869,4.55);
#1483=VERTEX_POINT('',#4920);
#1484=VERTEX_POINT('',#4922);
#1485=VERTEX_POINT('',#4924);
#1486=VERTEX_POINT('',#4928);
#1487=VERTEX_POINT('',#4932);
#1488=VERTEX_POINT('',#4934);
#1489=VERTEX_POINT('',#4937);
#1490=VERTEX_POINT('',#4941);
#1491=VERTEX_POINT('',#4944);
#1492=VERTEX_POINT('',#4948);
#1493=VERTEX_POINT('',#4952);
#1494=VERTEX_POINT('',#4956);
#1495=VERTEX_POINT('',#4960);
#1496=VERTEX_POINT('',#4965);
#1497=VERTEX_POINT('',#4966);
#1498=VERTEX_POINT('',#4968);
#1499=VERTEX_POINT('',#4970);
#1500=VERTEX_POINT('',#4974);
#1501=VERTEX_POINT('',#4975);
#1502=VERTEX_POINT('',#4980);
#1503=VERTEX_POINT('',#4981);
#1504=VERTEX_POINT('',#4986);
#1505=VERTEX_POINT('',#4987);
#1506=VERTEX_POINT('',#4989);
#1507=VERTEX_POINT('',#4996);
#1508=VERTEX_POINT('',#4997);
#1509=VERTEX_POINT('',#4999);
#1510=VERTEX_POINT('',#5004);
#1511=VERTEX_POINT('',#5005);
#1512=VERTEX_POINT('',#5010);
#1513=VERTEX_POINT('',#5011);
#1514=VERTEX_POINT('',#5018);
#1515=VERTEX_POINT('',#5020);
#1516=VERTEX_POINT('',#5024);
#1517=VERTEX_POINT('',#5026);
#1518=VERTEX_POINT('',#5028);
#1519=VERTEX_POINT('',#5030);
#1520=VERTEX_POINT('',#5032);
#1521=VERTEX_POINT('',#5034);
#1522=VERTEX_POINT('',#5036);
#1523=VERTEX_POINT('',#5040);
#1524=VERTEX_POINT('',#5042);
#1525=VERTEX_POINT('',#5044);
#1526=VERTEX_POINT('',#5046);
#1527=VERTEX_POINT('',#5048);
#1528=VERTEX_POINT('',#5050);
#1529=VERTEX_POINT('',#5052);
#1530=VERTEX_POINT('',#5054);
#1531=VERTEX_POINT('',#5056);
#1532=VERTEX_POINT('',#5058);
#1533=VERTEX_POINT('',#5062);
#1534=VERTEX_POINT('',#5066);
#1535=VERTEX_POINT('',#5070);
#1536=VERTEX_POINT('',#5074);
#1537=VERTEX_POINT('',#5075);
#1538=VERTEX_POINT('',#5077);
#1539=VERTEX_POINT('',#5079);
#1540=VERTEX_POINT('',#5083);
#1541=VERTEX_POINT('',#5084);
#1542=VERTEX_POINT('',#5089);
#1543=VERTEX_POINT('',#5090);
#1544=VERTEX_POINT('',#5095);
#1545=VERTEX_POINT('',#5096);
#1546=VERTEX_POINT('',#5098);
#1547=VERTEX_POINT('',#5105);
#1548=VERTEX_POINT('',#5106);
#1549=VERTEX_POINT('',#5108);
#1550=VERTEX_POINT('',#5113);
#1551=VERTEX_POINT('',#5114);
#1552=VERTEX_POINT('',#5119);
#1553=VERTEX_POINT('',#5120);
#1554=VERTEX_POINT('',#5127);
#1555=VERTEX_POINT('',#5129);
#1556=VERTEX_POINT('',#5131);
#1557=VERTEX_POINT('',#5133);
#1558=VERTEX_POINT('',#5135);
#1559=VERTEX_POINT('',#5137);
#1560=VERTEX_POINT('',#5141);
#1561=VERTEX_POINT('',#5143);
#1562=VERTEX_POINT('',#5145);
#1563=VERTEX_POINT('',#5147);
#1564=VERTEX_POINT('',#5151);
#1565=VERTEX_POINT('',#5153);
#1566=VERTEX_POINT('',#5155);
#1567=VERTEX_POINT('',#5157);
#1568=VERTEX_POINT('',#5159);
#1569=VERTEX_POINT('',#5161);
#1570=VERTEX_POINT('',#5163);
#1571=VERTEX_POINT('',#5165);
#1572=VERTEX_POINT('',#5169);
#1573=VERTEX_POINT('',#5173);
#1574=VERTEX_POINT('',#5177);
#1575=VERTEX_POINT('',#5181);
#1576=VERTEX_POINT('',#5183);
#1577=VERTEX_POINT('',#5185);
#1578=VERTEX_POINT('',#5194);
#1579=VERTEX_POINT('',#5200);
#1580=VERTEX_POINT('',#5202);
#1581=VERTEX_POINT('',#5204);
#1582=VERTEX_POINT('',#5206);
#1583=VERTEX_POINT('',#5208);
#1584=VERTEX_POINT('',#5212);
#1585=VERTEX_POINT('',#5213);
#1586=VERTEX_POINT('',#5216);
#1587=VERTEX_POINT('',#5227);
#1588=VERTEX_POINT('',#5229);
#1589=VERTEX_POINT('',#5232);
#1590=VERTEX_POINT('',#5234);
#1591=VERTEX_POINT('',#5236);
#1592=VERTEX_POINT('',#5238);
#1593=VERTEX_POINT('',#5240);
#1594=VERTEX_POINT('',#5242);
#1595=VERTEX_POINT('',#5244);
#1596=VERTEX_POINT('',#5246);
#1597=VERTEX_POINT('',#5248);
#1598=VERTEX_POINT('',#5255);
#1599=VERTEX_POINT('',#5258);
#1600=VERTEX_POINT('',#5260);
#1601=VERTEX_POINT('',#5263);
#1602=VERTEX_POINT('',#5265);
#1603=VERTEX_POINT('',#5267);
#1604=VERTEX_POINT('',#5269);
#1605=VERTEX_POINT('',#5271);
#1606=VERTEX_POINT('',#5273);
#1607=VERTEX_POINT('',#5275);
#1608=VERTEX_POINT('',#5281);
#1609=VERTEX_POINT('',#5287);
#1610=VERTEX_POINT('',#5293);
#1611=VERTEX_POINT('',#5294);
#1612=VERTEX_POINT('',#5297);
#1613=VERTEX_POINT('',#5299);
#1614=VERTEX_POINT('',#5301);
#1615=VERTEX_POINT('',#5303);
#1616=VERTEX_POINT('',#5305);
#1617=VERTEX_POINT('',#5307);
#1618=VERTEX_POINT('',#5309);
#1619=VERTEX_POINT('',#5311);
#1620=VERTEX_POINT('',#5313);
#1621=VERTEX_POINT('',#5318);
#1622=VERTEX_POINT('',#5322);
#1623=VERTEX_POINT('',#5328);
#1624=VERTEX_POINT('',#5332);
#1625=VERTEX_POINT('',#5334);
#1626=VERTEX_POINT('',#5340);
#1627=VERTEX_POINT('',#5342);
#1628=VERTEX_POINT('',#5348);
#1629=VERTEX_POINT('',#5357);
#1630=VERTEX_POINT('',#5365);
#1631=VERTEX_POINT('',#5366);
#1632=VERTEX_POINT('',#5369);
#1633=VERTEX_POINT('',#5371);
#1634=VERTEX_POINT('',#5386);
#1635=VERTEX_POINT('',#5387);
#1636=VERTEX_POINT('',#5389);
#1637=VERTEX_POINT('',#5391);
#1638=VERTEX_POINT('',#5394);
#1639=VERTEX_POINT('',#5396);
#1640=VERTEX_POINT('',#5398);
#1641=VERTEX_POINT('',#5400);
#1642=VERTEX_POINT('',#5402);
#1643=VERTEX_POINT('',#5407);
#1644=VERTEX_POINT('',#5413);
#1645=VERTEX_POINT('',#5421);
#1646=VERTEX_POINT('',#5423);
#1647=VERTEX_POINT('',#5429);
#1648=VERTEX_POINT('',#5438);
#1649=VERTEX_POINT('',#5446);
#1650=VERTEX_POINT('',#5448);
#1651=VERTEX_POINT('',#5450);
#1652=VERTEX_POINT('',#5463);
#1653=VERTEX_POINT('',#5464);
#1654=VERTEX_POINT('',#5466);
#1655=VERTEX_POINT('',#5468);
#1656=VERTEX_POINT('',#5472);
#1657=VERTEX_POINT('',#5473);
#1658=VERTEX_POINT('',#5478);
#1659=VERTEX_POINT('',#5479);
#1660=VERTEX_POINT('',#5484);
#1661=VERTEX_POINT('',#5485);
#1662=VERTEX_POINT('',#5490);
#1663=VERTEX_POINT('',#5491);
#1664=VERTEX_POINT('',#5496);
#1665=VERTEX_POINT('',#5497);
#1666=VERTEX_POINT('',#5526);
#1667=VERTEX_POINT('',#5532);
#1668=VERTEX_POINT('',#5540);
#1669=VERTEX_POINT('',#5541);
#1670=VERTEX_POINT('',#5546);
#1671=VERTEX_POINT('',#5547);
#1672=VERTEX_POINT('',#5552);
#1673=VERTEX_POINT('',#5553);
#1674=VERTEX_POINT('',#5561);
#1675=VERTEX_POINT('',#5563);
#1676=VERTEX_POINT('',#5565);
#1677=VERTEX_POINT('',#5567);
#1678=VERTEX_POINT('',#5571);
#1679=VERTEX_POINT('',#5573);
#1680=VERTEX_POINT('',#5575);
#1681=VERTEX_POINT('',#5577);
#1682=VERTEX_POINT('',#5580);
#1683=VERTEX_POINT('',#5583);
#1684=VERTEX_POINT('',#5587);
#1685=VERTEX_POINT('',#5590);
#1686=VERTEX_POINT('',#5591);
#1687=VERTEX_POINT('',#5593);
#1688=VERTEX_POINT('',#5595);
#1689=VERTEX_POINT('',#5597);
#1690=VERTEX_POINT('',#5599);
#1691=VERTEX_POINT('',#5602);
#1692=VERTEX_POINT('',#5603);
#1693=VERTEX_POINT('',#5605);
#1694=VERTEX_POINT('',#5607);
#1695=VERTEX_POINT('',#5609);
#1696=VERTEX_POINT('',#5611);
#1697=VERTEX_POINT('',#5615);
#1698=VERTEX_POINT('',#5619);
#1699=VERTEX_POINT('',#5621);
#1700=VERTEX_POINT('',#5623);
#1701=VERTEX_POINT('',#5636);
#1702=VERTEX_POINT('',#5637);
#1703=VERTEX_POINT('',#5639);
#1704=VERTEX_POINT('',#5641);
#1705=VERTEX_POINT('',#5644);
#1706=VERTEX_POINT('',#5646);
#1707=VERTEX_POINT('',#5648);
#1708=VERTEX_POINT('',#5651);
#1709=VERTEX_POINT('',#5653);
#1710=VERTEX_POINT('',#5656);
#1711=VERTEX_POINT('',#5657);
#1712=VERTEX_POINT('',#5659);
#1713=VERTEX_POINT('',#5664);
#1714=VERTEX_POINT('',#5665);
#1715=VERTEX_POINT('',#5674);
#1716=VERTEX_POINT('',#5678);
#1717=VERTEX_POINT('',#5680);
#1718=VERTEX_POINT('',#5682);
#1719=VERTEX_POINT('',#5684);
#1720=VERTEX_POINT('',#5686);
#1721=VERTEX_POINT('',#5689);
#1722=VERTEX_POINT('',#5690);
#1723=VERTEX_POINT('',#5692);
#1724=VERTEX_POINT('',#5694);
#1725=VERTEX_POINT('',#5696);
#1726=VERTEX_POINT('',#5698);
#1727=VERTEX_POINT('',#5701);
#1728=VERTEX_POINT('',#5702);
#1729=VERTEX_POINT('',#5704);
#1730=VERTEX_POINT('',#5706);
#1731=VERTEX_POINT('',#5708);
#1732=VERTEX_POINT('',#5710);
#1733=VERTEX_POINT('',#5714);
#1734=VERTEX_POINT('',#5716);
#1735=VERTEX_POINT('',#5719);
#1736=VERTEX_POINT('',#5722);
#1737=VERTEX_POINT('',#5736);
#1738=VERTEX_POINT('',#5738);
#1739=VERTEX_POINT('',#5741);
#1740=VERTEX_POINT('',#5742);
#1741=VERTEX_POINT('',#5744);
#1742=VERTEX_POINT('',#5746);
#1743=VERTEX_POINT('',#5748);
#1744=VERTEX_POINT('',#5750);
#1745=VERTEX_POINT('',#5752);
#1746=VERTEX_POINT('',#5754);
#1747=VERTEX_POINT('',#5758);
#1748=VERTEX_POINT('',#5759);
#1749=VERTEX_POINT('',#5761);
#1750=VERTEX_POINT('',#5763);
#1751=VERTEX_POINT('',#5767);
#1752=VERTEX_POINT('',#5770);
#1753=VERTEX_POINT('',#5774);
#1754=VERTEX_POINT('',#5775);
#1755=VERTEX_POINT('',#5777);
#1756=VERTEX_POINT('',#5779);
#1757=VERTEX_POINT('',#5786);
#1758=VERTEX_POINT('',#5790);
#1759=VERTEX_POINT('',#5792);
#1760=VERTEX_POINT('',#5794);
#1761=VERTEX_POINT('',#5798);
#1762=VERTEX_POINT('',#5801);
#1763=VERTEX_POINT('',#5803);
#1764=VERTEX_POINT('',#5805);
#1765=VERTEX_POINT('',#5807);
#1766=VERTEX_POINT('',#5809);
#1767=VERTEX_POINT('',#5812);
#1768=VERTEX_POINT('',#5827);
#1769=VERTEX_POINT('',#5831);
#1770=VERTEX_POINT('',#5838);
#1771=VERTEX_POINT('',#5844);
#1772=VERTEX_POINT('',#5846);
#1773=VERTEX_POINT('',#5850);
#1774=VERTEX_POINT('',#5859);
#1775=VERTEX_POINT('',#5866);
#1776=VERTEX_POINT('',#5867);
#1777=VERTEX_POINT('',#5869);
#1778=VERTEX_POINT('',#5871);
#1779=VERTEX_POINT('',#5873);
#1780=VERTEX_POINT('',#5875);
#1781=VERTEX_POINT('',#5878);
#1782=VERTEX_POINT('',#5879);
#1783=VERTEX_POINT('',#5881);
#1784=VERTEX_POINT('',#5883);
#1785=VERTEX_POINT('',#5885);
#1786=VERTEX_POINT('',#5887);
#1787=VERTEX_POINT('',#5893);
#1788=VERTEX_POINT('',#5895);
#1789=VERTEX_POINT('',#5899);
#1790=VERTEX_POINT('',#5903);
#1791=VERTEX_POINT('',#5907);
#1792=VERTEX_POINT('',#5909);
#1793=VERTEX_POINT('',#5913);
#1794=VERTEX_POINT('',#5917);
#1795=VERTEX_POINT('',#5921);
#1796=VERTEX_POINT('',#5925);
#1797=VERTEX_POINT('',#5927);
#1798=VERTEX_POINT('',#5936);
#1799=VERTEX_POINT('',#5940);
#1800=VERTEX_POINT('',#5942);
#1801=VERTEX_POINT('',#5957);
#1802=VERTEX_POINT('',#5961);
#1803=EDGE_CURVE('',#1483,#1483,#1332,.T.);
#1804=EDGE_CURVE('',#1483,#1484,#1333,.T.);
#1805=EDGE_CURVE('',#1484,#1485,#1334,.T.);
#1806=EDGE_CURVE('',#1485,#1484,#1335,.T.);
#1807=EDGE_CURVE('',#1485,#1486,#162,.T.);
#1808=EDGE_CURVE('',#1486,#1486,#1336,.T.);
#1809=EDGE_CURVE('',#1487,#1487,#1337,.T.);
#1810=EDGE_CURVE('',#1488,#1488,#1338,.T.);
#1811=EDGE_CURVE('',#1489,#1489,#1339,.T.);
#1812=EDGE_CURVE('',#1489,#1486,#1340,.T.);
#1813=EDGE_CURVE('',#1490,#1490,#1341,.T.);
#1814=EDGE_CURVE('',#1490,#1491,#163,.T.);
#1815=EDGE_CURVE('',#1491,#1491,#1342,.T.);
#1816=EDGE_CURVE('',#1492,#1492,#1343,.T.);
#1817=EDGE_CURVE('',#1492,#1488,#164,.T.);
#1818=EDGE_CURVE('',#1493,#1493,#1344,.T.);
#1819=EDGE_CURVE('',#1493,#1492,#165,.T.);
#1820=EDGE_CURVE('',#1494,#1494,#1345,.T.);
#1821=EDGE_CURVE('',#1494,#1487,#166,.T.);
#1822=EDGE_CURVE('',#1495,#1495,#1346,.T.);
#1823=EDGE_CURVE('',#1495,#1494,#167,.T.);
#1824=EDGE_CURVE('',#1496,#1497,#1347,.T.);
#1825=EDGE_CURVE('',#1497,#1498,#168,.T.);
#1826=EDGE_CURVE('',#1498,#1499,#1348,.T.);
#1827=EDGE_CURVE('',#1499,#1496,#169,.T.);
#1828=EDGE_CURVE('',#1500,#1501,#1349,.T.);
#1829=EDGE_CURVE('',#1501,#1499,#1350,.T.);
#1830=EDGE_CURVE('',#1498,#1500,#1351,.T.);
#1831=EDGE_CURVE('',#1502,#1503,#1352,.T.);
#1832=EDGE_CURVE('',#1503,#1501,#170,.T.);
#1833=EDGE_CURVE('',#1500,#1502,#171,.T.);
#1834=EDGE_CURVE('',#1504,#1505,#1353,.T.);
#1835=EDGE_CURVE('',#1505,#1506,#172,.T.);
#1836=EDGE_CURVE('',#1506,#1502,#1354,.T.);
#1837=EDGE_CURVE('',#1502,#1504,#173,.T.);
#1838=EDGE_CURVE('',#1506,#1503,#1355,.T.);
#1839=EDGE_CURVE('',#1507,#1508,#1356,.T.);
#1840=EDGE_CURVE('',#1508,#1509,#174,.T.);
#1841=EDGE_CURVE('',#1509,#1504,#1357,.T.);
#1842=EDGE_CURVE('',#1504,#1507,#175,.T.);
#1843=EDGE_CURVE('',#1510,#1511,#1358,.T.);
#1844=EDGE_CURVE('',#1511,#1508,#1359,.T.);
#1845=EDGE_CURVE('',#1507,#1510,#1360,.T.);
#1846=EDGE_CURVE('',#1512,#1513,#1361,.T.);
#1847=EDGE_CURVE('',#1513,#1511,#176,.T.);
#1848=EDGE_CURVE('',#1510,#1512,#177,.T.);
#1849=EDGE_CURVE('',#1509,#1505,#1362,.T.);
#1850=EDGE_CURVE('',#1497,#1514,#178,.T.);
#1851=EDGE_CURVE('',#1515,#1514,#179,.T.);
#1852=EDGE_CURVE('',#1498,#1515,#180,.T.);
#1853=EDGE_CURVE('',#1516,#1496,#181,.T.);
#1854=EDGE_CURVE('',#1517,#1516,#182,.T.);
#1855=EDGE_CURVE('',#1518,#1517,#183,.T.);
#1856=EDGE_CURVE('',#1519,#1518,#184,.T.);
#1857=EDGE_CURVE('',#1520,#1519,#185,.T.);
#1858=EDGE_CURVE('',#1521,#1520,#186,.T.);
#1859=EDGE_CURVE('',#1522,#1521,#187,.T.);
#1860=EDGE_CURVE('',#1514,#1522,#1363,.T.);
#1861=EDGE_CURVE('',#1523,#1503,#188,.T.);
#1862=EDGE_CURVE('',#1524,#1523,#189,.T.);
#1863=EDGE_CURVE('',#1525,#1524,#190,.T.);
#1864=EDGE_CURVE('',#1525,#1526,#191,.T.);
#1865=EDGE_CURVE('',#1527,#1526,#192,.T.);
#1866=EDGE_CURVE('',#1527,#1528,#193,.T.);
#1867=EDGE_CURVE('',#1528,#1529,#194,.T.);
#1868=EDGE_CURVE('',#1529,#1530,#195,.T.);
#1869=EDGE_CURVE('',#1531,#1530,#196,.T.);
#1870=EDGE_CURVE('',#1531,#1532,#197,.T.);
#1871=EDGE_CURVE('',#1532,#1516,#198,.T.);
#1872=EDGE_CURVE('',#1506,#1533,#199,.T.);
#1873=EDGE_CURVE('',#1533,#1523,#1364,.T.);
#1874=EDGE_CURVE('',#1534,#1505,#200,.T.);
#1875=EDGE_CURVE('',#1533,#1534,#201,.T.);
#1876=EDGE_CURVE('',#1509,#1535,#202,.T.);
#1877=EDGE_CURVE('',#1535,#1534,#1365,.T.);
#1878=EDGE_CURVE('',#1536,#1537,#1366,.T.);
#1879=EDGE_CURVE('',#1537,#1538,#203,.T.);
#1880=EDGE_CURVE('',#1538,#1539,#1367,.T.);
#1881=EDGE_CURVE('',#1539,#1536,#204,.T.);
#1882=EDGE_CURVE('',#1540,#1541,#1368,.T.);
#1883=EDGE_CURVE('',#1541,#1539,#1369,.T.);
#1884=EDGE_CURVE('',#1538,#1540,#1370,.T.);
#1885=EDGE_CURVE('',#1542,#1543,#1371,.T.);
#1886=EDGE_CURVE('',#1543,#1541,#205,.T.);
#1887=EDGE_CURVE('',#1540,#1542,#206,.T.);
#1888=EDGE_CURVE('',#1544,#1545,#1372,.T.);
#1889=EDGE_CURVE('',#1545,#1546,#207,.T.);
#1890=EDGE_CURVE('',#1546,#1542,#1373,.T.);
#1891=EDGE_CURVE('',#1542,#1544,#208,.T.);
#1892=EDGE_CURVE('',#1546,#1543,#1374,.T.);
#1893=EDGE_CURVE('',#1547,#1548,#1375,.T.);
#1894=EDGE_CURVE('',#1548,#1549,#209,.T.);
#1895=EDGE_CURVE('',#1549,#1544,#1376,.T.);
#1896=EDGE_CURVE('',#1544,#1547,#210,.T.);
#1897=EDGE_CURVE('',#1550,#1551,#1377,.T.);
#1898=EDGE_CURVE('',#1551,#1548,#1378,.T.);
#1899=EDGE_CURVE('',#1547,#1550,#1379,.T.);
#1900=EDGE_CURVE('',#1552,#1553,#1380,.T.);
#1901=EDGE_CURVE('',#1553,#1551,#211,.T.);
#1902=EDGE_CURVE('',#1550,#1552,#212,.T.);
#1903=EDGE_CURVE('',#1549,#1545,#1381,.T.);
#1904=EDGE_CURVE('',#1554,#1537,#213,.T.);
#1905=EDGE_CURVE('',#1555,#1554,#214,.T.);
#1906=EDGE_CURVE('',#1556,#1555,#215,.T.);
#1907=EDGE_CURVE('',#1556,#1557,#216,.T.);
#1908=EDGE_CURVE('',#1558,#1557,#217,.T.);
#1909=EDGE_CURVE('',#1559,#1558,#218,.T.);
#1910=EDGE_CURVE('',#1538,#1559,#219,.T.);
#1911=EDGE_CURVE('',#1536,#1560,#220,.T.);
#1912=EDGE_CURVE('',#1560,#1561,#221,.T.);
#1913=EDGE_CURVE('',#1561,#1562,#222,.T.);
#1914=EDGE_CURVE('',#1562,#1563,#223,.T.);
#1915=EDGE_CURVE('',#1563,#1554,#224,.T.);
#1916=EDGE_CURVE('',#1564,#1543,#225,.T.);
#1917=EDGE_CURVE('',#1565,#1564,#226,.T.);
#1918=EDGE_CURVE('',#1566,#1565,#227,.T.);
#1919=EDGE_CURVE('',#1567,#1566,#228,.T.);
#1920=EDGE_CURVE('',#1567,#1568,#229,.T.);
#1921=EDGE_CURVE('',#1568,#1569,#1382,.T.);
#1922=EDGE_CURVE('',#1569,#1570,#230,.T.);
#1923=EDGE_CURVE('',#1570,#1571,#1383,.T.);
#1924=EDGE_CURVE('',#1571,#1560,#231,.T.);
#1925=EDGE_CURVE('',#1546,#1572,#232,.T.);
#1926=EDGE_CURVE('',#1572,#1564,#1384,.T.);
#1927=EDGE_CURVE('',#1573,#1545,#233,.T.);
#1928=EDGE_CURVE('',#1572,#1573,#234,.T.);
#1929=EDGE_CURVE('',#1549,#1574,#235,.T.);
#1930=EDGE_CURVE('',#1574,#1573,#1385,.T.);
#1931=EDGE_CURVE('',#1575,#1559,#1386,.F.);
#1932=EDGE_CURVE('',#1576,#1575,#1387,.T.);
#1933=EDGE_CURVE('',#1576,#1577,#1388,.T.);
#1934=EDGE_CURVE('',#1559,#1577,#1389,.T.);
#1935=EDGE_CURVE('',#1507,#1576,#236,.T.);
#1936=EDGE_CURVE('',#1575,#1510,#237,.T.);
#1937=EDGE_CURVE('',#1577,#1540,#238,.T.);
#1938=EDGE_CURVE('',#1558,#1578,#1390,.T.);
#1939=EDGE_CURVE('',#1578,#1575,#239,.T.);
#1940=EDGE_CURVE('',#1512,#1578,#240,.T.);
#1941=EDGE_CURVE('',#1557,#1579,#241,.T.);
#1942=EDGE_CURVE('',#1579,#1580,#242,.T.);
#1943=EDGE_CURVE('',#1580,#1581,#243,.T.);
#1944=EDGE_CURVE('',#1581,#1582,#244,.T.);
#1945=EDGE_CURVE('',#1582,#1583,#245,.T.);
#1946=EDGE_CURVE('',#1583,#1513,#246,.T.);
#1947=EDGE_CURVE('',#1584,#1585,#1391,.T.);
#1948=EDGE_CURVE('',#1515,#1585,#1392,.T.);
#1949=EDGE_CURVE('',#1586,#1515,#1393,.F.);
#1950=EDGE_CURVE('',#1584,#1586,#1394,.T.);
#1951=EDGE_CURVE('',#1585,#1500,#247,.T.);
#1952=EDGE_CURVE('',#1522,#1586,#248,.T.);
#1953=EDGE_CURVE('',#1547,#1584,#249,.T.);
#1954=EDGE_CURVE('',#1586,#1550,#250,.T.);
#1955=EDGE_CURVE('',#1587,#1587,#1395,.T.);
#1956=EDGE_CURVE('',#1588,#1588,#1396,.T.);
#1957=EDGE_CURVE('',#1589,#1583,#251,.T.);
#1958=EDGE_CURVE('',#1590,#1589,#252,.T.);
#1959=EDGE_CURVE('',#1590,#1591,#253,.T.);
#1960=EDGE_CURVE('',#1592,#1591,#254,.T.);
#1961=EDGE_CURVE('',#1593,#1592,#255,.T.);
#1962=EDGE_CURVE('',#1594,#1593,#256,.T.);
#1963=EDGE_CURVE('',#1594,#1595,#257,.T.);
#1964=EDGE_CURVE('',#1596,#1595,#258,.T.);
#1965=EDGE_CURVE('',#1597,#1596,#259,.T.);
#1966=EDGE_CURVE('',#1535,#1597,#260,.T.);
#1967=EDGE_CURVE('',#1596,#1566,#1397,.T.);
#1968=EDGE_CURVE('',#1565,#1597,#1398,.T.);
#1969=EDGE_CURVE('',#1574,#1598,#261,.T.);
#1970=EDGE_CURVE('',#1524,#1598,#1399,.T.);
#1971=EDGE_CURVE('',#1599,#1599,#1400,.T.);
#1972=EDGE_CURVE('',#1600,#1600,#1401,.T.);
#1973=EDGE_CURVE('',#1553,#1601,#262,.T.);
#1974=EDGE_CURVE('',#1602,#1601,#263,.T.);
#1975=EDGE_CURVE('',#1603,#1602,#1402,.T.);
#1976=EDGE_CURVE('',#1604,#1603,#264,.T.);
#1977=EDGE_CURVE('',#1605,#1604,#1403,.T.);
#1978=EDGE_CURVE('',#1606,#1605,#265,.T.);
#1979=EDGE_CURVE('',#1606,#1607,#266,.T.);
#1980=EDGE_CURVE('',#1598,#1607,#267,.T.);
#1981=EDGE_CURVE('',#1607,#1525,#1404,.T.);
#1982=EDGE_CURVE('',#1608,#1608,#1405,.T.);
#1983=EDGE_CURVE('',#1608,#1588,#268,.T.);
#1984=EDGE_CURVE('',#1600,#1608,#269,.T.);
#1985=EDGE_CURVE('',#1587,#1609,#270,.T.);
#1986=EDGE_CURVE('',#1609,#1609,#1406,.T.);
#1987=EDGE_CURVE('',#1599,#1609,#271,.T.);
#1988=EDGE_CURVE('',#1610,#1611,#272,.T.);
#1989=EDGE_CURVE('',#1528,#1610,#273,.T.);
#1990=EDGE_CURVE('',#1612,#1527,#274,.T.);
#1991=EDGE_CURVE('',#1613,#1612,#275,.T.);
#1992=EDGE_CURVE('',#1614,#1613,#276,.T.);
#1993=EDGE_CURVE('',#1615,#1614,#277,.T.);
#1994=EDGE_CURVE('',#1616,#1615,#278,.T.);
#1995=EDGE_CURVE('',#1617,#1616,#279,.T.);
#1996=EDGE_CURVE('',#1618,#1617,#280,.T.);
#1997=EDGE_CURVE('',#1619,#1618,#281,.T.);
#1998=EDGE_CURVE('',#1620,#1619,#282,.T.);
#1999=EDGE_CURVE('',#1611,#1620,#283,.T.);
#2000=EDGE_CURVE('',#1618,#1521,#284,.T.);
#2001=EDGE_CURVE('',#1617,#1621,#285,.T.);
#2002=EDGE_CURVE('',#1621,#1552,#286,.T.);
#2003=EDGE_CURVE('',#1622,#1606,#287,.T.);
#2004=EDGE_CURVE('',#1526,#1622,#288,.T.);
#2005=EDGE_CURVE('',#1612,#1622,#289,.T.);
#2006=EDGE_CURVE('',#1605,#1623,#290,.T.);
#2007=EDGE_CURVE('',#1613,#1623,#291,.T.);
#2008=EDGE_CURVE('',#1615,#1624,#292,.T.);
#2009=EDGE_CURVE('',#1624,#1625,#293,.T.);
#2010=EDGE_CURVE('',#1616,#1625,#294,.T.);
#2011=EDGE_CURVE('',#1625,#1621,#295,.T.);
#2012=EDGE_CURVE('',#1530,#1626,#296,.T.);
#2013=EDGE_CURVE('',#1627,#1529,#297,.T.);
#2014=EDGE_CURVE('',#1626,#1627,#298,.T.);
#2015=EDGE_CURVE('',#1610,#1627,#299,.T.);
#2016=EDGE_CURVE('',#1531,#1628,#300,.T.);
#2017=EDGE_CURVE('',#1628,#1626,#301,.T.);
#2018=EDGE_CURVE('',#1619,#1520,#302,.T.);
#2019=EDGE_CURVE('',#1620,#1519,#303,.T.);
#2020=EDGE_CURVE('',#1611,#1518,#304,.T.);
#2021=EDGE_CURVE('',#1629,#1517,#305,.T.);
#2022=EDGE_CURVE('',#1629,#1628,#306,.T.);
#2023=EDGE_CURVE('',#1629,#1532,#307,.T.);
#2024=EDGE_CURVE('',#1630,#1631,#308,.T.);
#2025=EDGE_CURVE('',#1630,#1624,#309,.T.);
#2026=EDGE_CURVE('',#1632,#1614,#1407,.T.);
#2027=EDGE_CURVE('',#1633,#1632,#310,.T.);
#2028=EDGE_CURVE('',#1631,#1633,#1408,.T.);
#2029=EDGE_CURVE('',#1614,#1623,#1409,.T.);
#2030=EDGE_CURVE('',#1601,#1630,#311,.T.);
#2031=EDGE_CURVE('',#1604,#1632,#312,.T.);
#2032=EDGE_CURVE('',#1603,#1633,#313,.T.);
#2033=EDGE_CURVE('',#1602,#1631,#314,.T.);
#2034=EDGE_CURVE('',#1634,#1635,#315,.T.);
#2035=EDGE_CURVE('',#1635,#1636,#316,.T.);
#2036=EDGE_CURVE('',#1636,#1637,#317,.T.);
#2037=EDGE_CURVE('',#1637,#1556,#318,.T.);
#2038=EDGE_CURVE('',#1555,#1638,#319,.T.);
#2039=EDGE_CURVE('',#1638,#1639,#320,.T.);
#2040=EDGE_CURVE('',#1639,#1640,#321,.T.);
#2041=EDGE_CURVE('',#1640,#1641,#322,.T.);
#2042=EDGE_CURVE('',#1641,#1642,#323,.T.);
#2043=EDGE_CURVE('',#1642,#1594,#324,.T.);
#2044=EDGE_CURVE('',#1593,#1634,#325,.T.);
#2045=EDGE_CURVE('',#1595,#1643,#326,.T.);
#2046=EDGE_CURVE('',#1643,#1567,#327,.T.);
#2047=EDGE_CURVE('',#1642,#1643,#328,.T.);
#2048=EDGE_CURVE('',#1641,#1644,#329,.T.);
#2049=EDGE_CURVE('',#1568,#1644,#330,.T.);
#2050=EDGE_CURVE('',#1638,#1563,#331,.T.);
#2051=EDGE_CURVE('',#1639,#1562,#332,.T.);
#2052=EDGE_CURVE('',#1591,#1645,#333,.T.);
#2053=EDGE_CURVE('',#1645,#1646,#334,.T.);
#2054=EDGE_CURVE('',#1646,#1592,#335,.T.);
#2055=EDGE_CURVE('',#1634,#1646,#336,.T.);
#2056=EDGE_CURVE('',#1590,#1647,#337,.T.);
#2057=EDGE_CURVE('',#1647,#1645,#338,.T.);
#2058=EDGE_CURVE('',#1636,#1580,#339,.T.);
#2059=EDGE_CURVE('',#1637,#1579,#340,.T.);
#2060=EDGE_CURVE('',#1635,#1581,#341,.T.);
#2061=EDGE_CURVE('',#1648,#1647,#342,.T.);
#2062=EDGE_CURVE('',#1648,#1582,#343,.T.);
#2063=EDGE_CURVE('',#1648,#1589,#344,.T.);
#2064=EDGE_CURVE('',#1561,#1649,#345,.T.);
#2065=EDGE_CURVE('',#1649,#1650,#1410,.T.);
#2066=EDGE_CURVE('',#1650,#1651,#346,.T.);
#2067=EDGE_CURVE('',#1651,#1640,#1411,.T.);
#2068=EDGE_CURVE('',#1640,#1644,#1412,.T.);
#2069=EDGE_CURVE('',#1569,#1651,#347,.T.);
#2070=EDGE_CURVE('',#1570,#1650,#348,.T.);
#2071=EDGE_CURVE('',#1571,#1649,#349,.T.);
#2072=EDGE_CURVE('',#1652,#1653,#350,.T.);
#2073=EDGE_CURVE('',#1653,#1654,#1413,.T.);
#2074=EDGE_CURVE('',#1654,#1655,#351,.T.);
#2075=EDGE_CURVE('',#1655,#1652,#18,.T.);
#2076=EDGE_CURVE('',#1656,#1657,#1414,.T.);
#2077=EDGE_CURVE('',#1657,#1654,#1415,.T.);
#2078=EDGE_CURVE('',#1653,#1656,#1416,.T.);
#2079=EDGE_CURVE('',#1658,#1659,#1417,.T.);
#2080=EDGE_CURVE('',#1659,#1657,#352,.T.);
#2081=EDGE_CURVE('',#1656,#1658,#353,.T.);
#2082=EDGE_CURVE('',#1660,#1661,#1418,.T.);
#2083=EDGE_CURVE('',#1661,#1659,#1419,.T.);
#2084=EDGE_CURVE('',#1658,#1660,#1420,.T.);
#2085=EDGE_CURVE('',#1662,#1663,#1421,.T.);
#2086=EDGE_CURVE('',#1663,#1661,#354,.T.);
#2087=EDGE_CURVE('',#1660,#1662,#355,.T.);
#2088=EDGE_CURVE('',#1664,#1665,#1422,.T.);
#2089=EDGE_CURVE('',#1665,#1663,#1423,.T.);
#2090=EDGE_CURVE('',#1662,#1664,#1424,.T.);
#2091=EDGE_CURVE('',#1664,#1666,#13,.T.);
#2092=EDGE_CURVE('',#1666,#1667,#1425,.T.);
#2093=EDGE_CURVE('',#1667,#1665,#14,.T.);
#2094=EDGE_CURVE('',#1668,#1669,#1426,.T.);
#2095=EDGE_CURVE('',#1669,#1667,#1427,.T.);
#2096=EDGE_CURVE('',#1666,#1668,#1428,.T.);
#2097=EDGE_CURVE('',#1670,#1671,#1429,.T.);
#2098=EDGE_CURVE('',#1671,#1669,#356,.T.);
#2099=EDGE_CURVE('',#1668,#1670,#357,.T.);
#2100=EDGE_CURVE('',#1672,#1673,#1430,.T.);
#2101=EDGE_CURVE('',#1673,#1671,#1431,.T.);
#2102=EDGE_CURVE('',#1670,#1672,#1432,.T.);
#2103=EDGE_CURVE('',#1655,#1673,#358,.T.);
#2104=EDGE_CURVE('',#1672,#1652,#359,.T.);
#2105=EDGE_CURVE('',#1674,#1655,#360,.T.);
#2106=EDGE_CURVE('',#1675,#1674,#361,.T.);
#2107=EDGE_CURVE('',#1675,#1676,#362,.T.);
#2108=EDGE_CURVE('',#1677,#1676,#363,.T.);
#2109=EDGE_CURVE('',#1667,#1677,#364,.T.);
#2110=EDGE_CURVE('',#1678,#1660,#365,.T.);
#2111=EDGE_CURVE('',#1678,#1679,#366,.T.);
#2112=EDGE_CURVE('',#1680,#1679,#1433,.T.);
#2113=EDGE_CURVE('',#1681,#1680,#367,.T.);
#2114=EDGE_CURVE('',#1664,#1681,#368,.T.);
#2115=EDGE_CURVE('',#1682,#1682,#1434,.T.);
#2116=EDGE_CURVE('',#1658,#1683,#369,.T.);
#2117=EDGE_CURVE('',#1683,#1678,#1435,.T.);
#2118=EDGE_CURVE('',#1684,#1656,#370,.T.);
#2119=EDGE_CURVE('',#1684,#1683,#371,.T.);
#2120=EDGE_CURVE('',#1685,#1686,#372,.T.);
#2121=EDGE_CURVE('',#1686,#1687,#373,.T.);
#2122=EDGE_CURVE('',#1687,#1688,#374,.T.);
#2123=EDGE_CURVE('',#1688,#1689,#375,.T.);
#2124=EDGE_CURVE('',#1689,#1690,#376,.T.);
#2125=EDGE_CURVE('',#1690,#1685,#377,.T.);
#2126=EDGE_CURVE('',#1691,#1692,#378,.T.);
#2127=EDGE_CURVE('',#1693,#1691,#379,.T.);
#2128=EDGE_CURVE('',#1694,#1693,#380,.T.);
#2129=EDGE_CURVE('',#1695,#1694,#381,.T.);
#2130=EDGE_CURVE('',#1696,#1695,#382,.T.);
#2131=EDGE_CURVE('',#1692,#1696,#383,.T.);
#2132=EDGE_CURVE('',#1653,#1697,#384,.T.);
#2133=EDGE_CURVE('',#1697,#1684,#1436,.T.);
#2134=EDGE_CURVE('',#1698,#1675,#1437,.T.);
#2135=EDGE_CURVE('',#1699,#1674,#1438,.T.);
#2136=EDGE_CURVE('',#1700,#1699,#15,.T.);
#2137=EDGE_CURVE('',#1700,#1698,#385,.T.);
#2138=EDGE_CURVE('',#1701,#1702,#386,.T.);
#2139=EDGE_CURVE('',#1703,#1701,#1439,.T.);
#2140=EDGE_CURVE('',#1703,#1704,#387,.T.);
#2141=EDGE_CURVE('',#1676,#1704,#1440,.T.);
#2142=EDGE_CURVE('',#1705,#1698,#1441,.T.);
#2143=EDGE_CURVE('',#1706,#1705,#388,.T.);
#2144=EDGE_CURVE('',#1707,#1706,#1442,.T.);
#2145=EDGE_CURVE('',#1702,#1707,#389,.T.);
#2146=EDGE_CURVE('',#1708,#1708,#1443,.T.);
#2147=EDGE_CURVE('',#1709,#1709,#1444,.T.);
#2148=EDGE_CURVE('',#1710,#1711,#1445,.T.);
#2149=EDGE_CURVE('',#1712,#1711,#1446,.T.);
#2150=EDGE_CURVE('',#1677,#1712,#1447,.F.);
#2151=EDGE_CURVE('',#1710,#1677,#1448,.T.);
#2152=EDGE_CURVE('',#1713,#1714,#1449,.T.);
#2153=EDGE_CURVE('',#1714,#1712,#390,.T.);
#2154=EDGE_CURVE('',#1711,#1713,#391,.T.);
#2155=EDGE_CURVE('',#1712,#1663,#392,.T.);
#2156=EDGE_CURVE('',#1704,#1710,#393,.T.);
#2157=EDGE_CURVE('',#1714,#1715,#394,.T.);
#2158=EDGE_CURVE('',#1699,#1715,#395,.T.);
#2159=EDGE_CURVE('',#1713,#1716,#396,.T.);
#2160=EDGE_CURVE('',#1717,#1716,#1450,.F.);
#2161=EDGE_CURVE('',#1718,#1717,#397,.T.);
#2162=EDGE_CURVE('',#1719,#1718,#1451,.F.);
#2163=EDGE_CURVE('',#1719,#1720,#398,.T.);
#2164=EDGE_CURVE('',#1715,#1720,#1452,.T.);
#2165=EDGE_CURVE('',#1721,#1722,#399,.T.);
#2166=EDGE_CURVE('',#1723,#1721,#400,.T.);
#2167=EDGE_CURVE('',#1724,#1723,#401,.T.);
#2168=EDGE_CURVE('',#1725,#1724,#402,.T.);
#2169=EDGE_CURVE('',#1726,#1725,#403,.T.);
#2170=EDGE_CURVE('',#1722,#1726,#404,.T.);
#2171=EDGE_CURVE('',#1727,#1728,#405,.T.);
#2172=EDGE_CURVE('',#1728,#1729,#406,.T.);
#2173=EDGE_CURVE('',#1729,#1730,#407,.T.);
#2174=EDGE_CURVE('',#1730,#1731,#408,.T.);
#2175=EDGE_CURVE('',#1731,#1732,#409,.T.);
#2176=EDGE_CURVE('',#1732,#1727,#410,.T.);
#2177=EDGE_CURVE('',#1733,#1703,#411,.T.);
#2178=EDGE_CURVE('',#1734,#1733,#1453,.T.);
#2179=EDGE_CURVE('',#1716,#1734,#412,.T.);
#2180=EDGE_CURVE('',#1735,#1735,#1454,.T.);
#2181=EDGE_CURVE('',#1720,#1736,#413,.T.);
#2182=EDGE_CURVE('',#1736,#1700,#16,.F.);
#2183=EDGE_CURVE('',#1705,#1736,#414,.T.);
#2184=EDGE_CURVE('',#1737,#1719,#415,.T.);
#2185=EDGE_CURVE('',#1738,#1737,#1455,.T.);
#2186=EDGE_CURVE('',#1706,#1738,#416,.T.);
#2187=EDGE_CURVE('',#1739,#1740,#417,.T.);
#2188=EDGE_CURVE('',#1740,#1741,#1456,.T.);
#2189=EDGE_CURVE('',#1741,#1742,#418,.T.);
#2190=EDGE_CURVE('',#1742,#1743,#1457,.T.);
#2191=EDGE_CURVE('',#1743,#1744,#419,.T.);
#2192=EDGE_CURVE('',#1744,#1745,#1458,.T.);
#2193=EDGE_CURVE('',#1745,#1746,#420,.T.);
#2194=EDGE_CURVE('',#1746,#1739,#1459,.T.);
#2195=EDGE_CURVE('',#1747,#1748,#1460,.T.);
#2196=EDGE_CURVE('',#1748,#1749,#421,.T.);
#2197=EDGE_CURVE('',#1749,#1750,#1461,.T.);
#2198=EDGE_CURVE('',#1750,#1747,#422,.T.);
#2199=EDGE_CURVE('',#1748,#1751,#423,.T.);
#2200=EDGE_CURVE('',#1751,#1744,#424,.T.);
#2201=EDGE_CURVE('',#1743,#1752,#425,.T.);
#2202=EDGE_CURVE('',#1749,#1752,#426,.T.);
#2203=EDGE_CURVE('',#1753,#1754,#1462,.T.);
#2204=EDGE_CURVE('',#1754,#1755,#427,.T.);
#2205=EDGE_CURVE('',#1755,#1756,#1463,.T.);
#2206=EDGE_CURVE('',#1756,#1753,#428,.T.);
#2207=EDGE_CURVE('',#1755,#1750,#429,.T.);
#2208=EDGE_CURVE('',#1747,#1754,#430,.F.);
#2209=EDGE_CURVE('',#1742,#1757,#431,.T.);
#2210=EDGE_CURVE('',#1752,#1757,#1464,.T.);
#2211=EDGE_CURVE('',#1758,#1672,#432,.T.);
#2212=EDGE_CURVE('',#1759,#1758,#433,.T.);
#2213=EDGE_CURVE('',#1760,#1759,#1465,.T.);
#2214=EDGE_CURVE('',#1697,#1760,#434,.T.);
#2215=EDGE_CURVE('',#1757,#1756,#435,.T.);
#2216=EDGE_CURVE('',#1761,#1761,#1466,.T.);
#2217=EDGE_CURVE('',#1762,#1753,#436,.T.);
#2218=EDGE_CURVE('',#1763,#1762,#1467,.T.);
#2219=EDGE_CURVE('',#1764,#1763,#437,.T.);
#2220=EDGE_CURVE('',#1765,#1764,#1468,.T.);
#2221=EDGE_CURVE('',#1766,#1765,#438,.T.);
#2222=EDGE_CURVE('',#1751,#1766,#1469,.T.);
#2223=EDGE_CURVE('',#1767,#1767,#1470,.T.);
#2224=EDGE_CURVE('',#1727,#1685,#439,.T.);
#2225=EDGE_CURVE('',#1728,#1690,#440,.T.);
#2226=EDGE_CURVE('',#1729,#1689,#441,.T.);
#2227=EDGE_CURVE('',#1730,#1688,#442,.T.);
#2228=EDGE_CURVE('',#1731,#1687,#443,.T.);
#2229=EDGE_CURVE('',#1732,#1686,#444,.T.);
#2230=EDGE_CURVE('',#1734,#1768,#1471,.T.);
#2231=EDGE_CURVE('',#1768,#1717,#445,.T.);
#2232=EDGE_CURVE('',#1733,#1769,#1472,.T.);
#2233=EDGE_CURVE('',#1769,#1768,#1473,.T.);
#2234=EDGE_CURVE('',#1701,#1769,#446,.T.);
#2235=EDGE_CURVE('',#1679,#1768,#447,.T.);
#2236=EDGE_CURVE('',#1770,#1760,#448,.T.);
#2237=EDGE_CURVE('',#1718,#1770,#449,.T.);
#2238=EDGE_CURVE('',#1769,#1680,#450,.T.);
#2239=EDGE_CURVE('',#1771,#1702,#451,.T.);
#2240=EDGE_CURVE('',#1772,#1771,#452,.T.);
#2241=EDGE_CURVE('',#1772,#1681,#1474,.T.);
#2242=EDGE_CURVE('',#1738,#1773,#1475,.T.);
#2243=EDGE_CURVE('',#1773,#1707,#453,.T.);
#2244=EDGE_CURVE('',#1737,#1770,#1476,.T.);
#2245=EDGE_CURVE('',#1770,#1773,#1477,.T.);
#2246=EDGE_CURVE('',#1759,#1773,#454,.T.);
#2247=EDGE_CURVE('',#1758,#1774,#1478,.T.);
#2248=EDGE_CURVE('',#1774,#1771,#455,.T.);
#2249=EDGE_CURVE('',#1670,#1774,#456,.T.);
#2250=EDGE_CURVE('',#1772,#1668,#457,.T.);
#2251=EDGE_CURVE('',#1775,#1776,#458,.T.);
#2252=EDGE_CURVE('',#1777,#1775,#459,.T.);
#2253=EDGE_CURVE('',#1778,#1777,#460,.T.);
#2254=EDGE_CURVE('',#1779,#1778,#461,.T.);
#2255=EDGE_CURVE('',#1780,#1779,#462,.T.);
#2256=EDGE_CURVE('',#1776,#1780,#463,.T.);
#2257=EDGE_CURVE('',#1781,#1782,#464,.T.);
#2258=EDGE_CURVE('',#1783,#1781,#465,.T.);
#2259=EDGE_CURVE('',#1784,#1783,#466,.T.);
#2260=EDGE_CURVE('',#1785,#1784,#467,.T.);
#2261=EDGE_CURVE('',#1786,#1785,#468,.T.);
#2262=EDGE_CURVE('',#1782,#1786,#469,.T.);
#2263=EDGE_CURVE('',#1787,#1777,#470,.T.);
#2264=EDGE_CURVE('',#1787,#1788,#471,.T.);
#2265=EDGE_CURVE('',#1788,#1778,#472,.T.);
#2266=EDGE_CURVE('',#1789,#1775,#473,.T.);
#2267=EDGE_CURVE('',#1789,#1787,#474,.T.);
#2268=EDGE_CURVE('',#1790,#1776,#475,.T.);
#2269=EDGE_CURVE('',#1790,#1789,#476,.T.);
#2270=EDGE_CURVE('',#1791,#1783,#477,.T.);
#2271=EDGE_CURVE('',#1791,#1792,#478,.T.);
#2272=EDGE_CURVE('',#1792,#1784,#479,.T.);
#2273=EDGE_CURVE('',#1793,#1781,#480,.T.);
#2274=EDGE_CURVE('',#1793,#1791,#481,.T.);
#2275=EDGE_CURVE('',#1794,#1782,#482,.T.);
#2276=EDGE_CURVE('',#1794,#1793,#483,.T.);
#2277=EDGE_CURVE('',#1795,#1795,#1479,.T.);
#2278=EDGE_CURVE('',#1795,#1708,#484,.T.);
#2279=EDGE_CURVE('',#1796,#1790,#485,.T.);
#2280=EDGE_CURVE('',#1797,#1796,#486,.T.);
#2281=EDGE_CURVE('',#1788,#1797,#487,.T.);
#2282=EDGE_CURVE('',#1797,#1779,#488,.T.);
#2283=EDGE_CURVE('',#1796,#1780,#489,.T.);
#2284=EDGE_CURVE('',#1798,#1798,#1480,.T.);
#2285=EDGE_CURVE('',#1798,#1709,#490,.T.);
#2286=EDGE_CURVE('',#1799,#1794,#491,.T.);
#2287=EDGE_CURVE('',#1800,#1799,#492,.T.);
#2288=EDGE_CURVE('',#1792,#1800,#493,.T.);
#2289=EDGE_CURVE('',#1800,#1785,#494,.T.);
#2290=EDGE_CURVE('',#1799,#1786,#495,.T.);
#2291=EDGE_CURVE('',#1682,#1735,#496,.T.);
#2292=EDGE_CURVE('',#1746,#1765,#497,.T.);
#2293=EDGE_CURVE('',#1739,#1764,#498,.T.);
#2294=EDGE_CURVE('',#1801,#1801,#1481,.T.);
#2295=EDGE_CURVE('',#1801,#1761,#499,.T.);
#2296=EDGE_CURVE('',#1802,#1802,#1482,.T.);
#2297=EDGE_CURVE('',#1767,#1802,#500,.T.);
#2298=EDGE_CURVE('',#1745,#1766,#501,.F.);
#2299=EDGE_CURVE('',#1740,#1763,#502,.T.);
#2300=EDGE_CURVE('',#1741,#1762,#503,.F.);
#2301=EDGE_CURVE('',#1722,#1691,#504,.T.);
#2302=EDGE_CURVE('',#1721,#1692,#505,.T.);
#2303=EDGE_CURVE('',#1726,#1693,#506,.T.);
#2304=EDGE_CURVE('',#1725,#1694,#507,.T.);
#2305=EDGE_CURVE('',#1724,#1695,#508,.T.);
#2306=EDGE_CURVE('',#1723,#1696,#509,.T.);
#2307=ORIENTED_EDGE('',*,*,#1803,.T.);
#2308=ORIENTED_EDGE('',*,*,#1804,.T.);
#2309=ORIENTED_EDGE('',*,*,#1805,.T.);
#2310=ORIENTED_EDGE('',*,*,#1806,.T.);
#2311=ORIENTED_EDGE('',*,*,#1804,.F.);
#2312=ORIENTED_EDGE('',*,*,#1805,.F.);
#2313=ORIENTED_EDGE('',*,*,#1806,.F.);
#2314=ORIENTED_EDGE('',*,*,#1807,.T.);
#2315=ORIENTED_EDGE('',*,*,#1808,.F.);
#2316=ORIENTED_EDGE('',*,*,#1807,.F.);
#2317=ORIENTED_EDGE('',*,*,#1803,.F.);
#2318=ORIENTED_EDGE('',*,*,#1809,.T.);
#2319=ORIENTED_EDGE('',*,*,#1810,.T.);
#2320=ORIENTED_EDGE('',*,*,#1811,.T.);
#2321=ORIENTED_EDGE('',*,*,#1812,.T.);
#2322=ORIENTED_EDGE('',*,*,#1808,.T.);
#2323=ORIENTED_EDGE('',*,*,#1812,.F.);
#2324=ORIENTED_EDGE('',*,*,#1811,.F.);
#2325=ORIENTED_EDGE('',*,*,#1813,.T.);
#2326=ORIENTED_EDGE('',*,*,#1813,.F.);
#2327=ORIENTED_EDGE('',*,*,#1814,.T.);
#2328=ORIENTED_EDGE('',*,*,#1815,.T.);
#2329=ORIENTED_EDGE('',*,*,#1814,.F.);
#2330=ORIENTED_EDGE('',*,*,#1816,.F.);
#2331=ORIENTED_EDGE('',*,*,#1817,.T.);
#2332=ORIENTED_EDGE('',*,*,#1810,.F.);
#2333=ORIENTED_EDGE('',*,*,#1817,.F.);
#2334=ORIENTED_EDGE('',*,*,#1818,.T.);
#2335=ORIENTED_EDGE('',*,*,#1819,.T.);
#2336=ORIENTED_EDGE('',*,*,#1816,.T.);
#2337=ORIENTED_EDGE('',*,*,#1819,.F.);
#2338=ORIENTED_EDGE('',*,*,#1820,.F.);
#2339=ORIENTED_EDGE('',*,*,#1821,.T.);
#2340=ORIENTED_EDGE('',*,*,#1809,.F.);
#2341=ORIENTED_EDGE('',*,*,#1821,.F.);
#2342=ORIENTED_EDGE('',*,*,#1815,.F.);
#2343=ORIENTED_EDGE('',*,*,#1818,.F.);
#2344=ORIENTED_EDGE('',*,*,#1822,.F.);
#2345=ORIENTED_EDGE('',*,*,#1822,.T.);
#2346=ORIENTED_EDGE('',*,*,#1823,.T.);
#2347=ORIENTED_EDGE('',*,*,#1820,.T.);
#2348=ORIENTED_EDGE('',*,*,#1823,.F.);
#2349=ORIENTED_EDGE('',*,*,#1824,.T.);
#2350=ORIENTED_EDGE('',*,*,#1825,.T.);
#2351=ORIENTED_EDGE('',*,*,#1826,.T.);
#2352=ORIENTED_EDGE('',*,*,#1827,.T.);
#2353=ORIENTED_EDGE('',*,*,#1828,.T.);
#2354=ORIENTED_EDGE('',*,*,#1829,.T.);
#2355=ORIENTED_EDGE('',*,*,#1826,.F.);
#2356=ORIENTED_EDGE('',*,*,#1830,.T.);
#2357=ORIENTED_EDGE('',*,*,#1831,.T.);
#2358=ORIENTED_EDGE('',*,*,#1832,.T.);
#2359=ORIENTED_EDGE('',*,*,#1828,.F.);
#2360=ORIENTED_EDGE('',*,*,#1833,.T.);
#2361=ORIENTED_EDGE('',*,*,#1834,.T.);
#2362=ORIENTED_EDGE('',*,*,#1835,.T.);
#2363=ORIENTED_EDGE('',*,*,#1836,.T.);
#2364=ORIENTED_EDGE('',*,*,#1837,.T.);
#2365=ORIENTED_EDGE('',*,*,#1836,.F.);
#2366=ORIENTED_EDGE('',*,*,#1838,.T.);
#2367=ORIENTED_EDGE('',*,*,#1831,.F.);
#2368=ORIENTED_EDGE('',*,*,#1839,.T.);
#2369=ORIENTED_EDGE('',*,*,#1840,.T.);
#2370=ORIENTED_EDGE('',*,*,#1841,.T.);
#2371=ORIENTED_EDGE('',*,*,#1842,.T.);
#2372=ORIENTED_EDGE('',*,*,#1843,.T.);
#2373=ORIENTED_EDGE('',*,*,#1844,.T.);
#2374=ORIENTED_EDGE('',*,*,#1839,.F.);
#2375=ORIENTED_EDGE('',*,*,#1845,.T.);
#2376=ORIENTED_EDGE('',*,*,#1846,.T.);
#2377=ORIENTED_EDGE('',*,*,#1847,.T.);
#2378=ORIENTED_EDGE('',*,*,#1843,.F.);
#2379=ORIENTED_EDGE('',*,*,#1848,.T.);
#2380=ORIENTED_EDGE('',*,*,#1841,.F.);
#2381=ORIENTED_EDGE('',*,*,#1849,.T.);
#2382=ORIENTED_EDGE('',*,*,#1834,.F.);
#2383=ORIENTED_EDGE('',*,*,#1825,.F.);
#2384=ORIENTED_EDGE('',*,*,#1850,.T.);
#2385=ORIENTED_EDGE('',*,*,#1851,.F.);
#2386=ORIENTED_EDGE('',*,*,#1852,.F.);
#2387=ORIENTED_EDGE('',*,*,#1824,.F.);
#2388=ORIENTED_EDGE('',*,*,#1853,.F.);
#2389=ORIENTED_EDGE('',*,*,#1854,.F.);
#2390=ORIENTED_EDGE('',*,*,#1855,.F.);
#2391=ORIENTED_EDGE('',*,*,#1856,.F.);
#2392=ORIENTED_EDGE('',*,*,#1857,.F.);
#2393=ORIENTED_EDGE('',*,*,#1858,.F.);
#2394=ORIENTED_EDGE('',*,*,#1859,.F.);
#2395=ORIENTED_EDGE('',*,*,#1860,.F.);
#2396=ORIENTED_EDGE('',*,*,#1850,.F.);
#2397=ORIENTED_EDGE('',*,*,#1827,.F.);
#2398=ORIENTED_EDGE('',*,*,#1829,.F.);
#2399=ORIENTED_EDGE('',*,*,#1832,.F.);
#2400=ORIENTED_EDGE('',*,*,#1861,.F.);
#2401=ORIENTED_EDGE('',*,*,#1862,.F.);
#2402=ORIENTED_EDGE('',*,*,#1863,.F.);
#2403=ORIENTED_EDGE('',*,*,#1864,.T.);
#2404=ORIENTED_EDGE('',*,*,#1865,.F.);
#2405=ORIENTED_EDGE('',*,*,#1866,.T.);
#2406=ORIENTED_EDGE('',*,*,#1867,.T.);
#2407=ORIENTED_EDGE('',*,*,#1868,.T.);
#2408=ORIENTED_EDGE('',*,*,#1869,.F.);
#2409=ORIENTED_EDGE('',*,*,#1870,.T.);
#2410=ORIENTED_EDGE('',*,*,#1871,.T.);
#2411=ORIENTED_EDGE('',*,*,#1853,.T.);
#2412=ORIENTED_EDGE('',*,*,#1838,.F.);
#2413=ORIENTED_EDGE('',*,*,#1872,.T.);
#2414=ORIENTED_EDGE('',*,*,#1873,.T.);
#2415=ORIENTED_EDGE('',*,*,#1861,.T.);
#2416=ORIENTED_EDGE('',*,*,#1835,.F.);
#2417=ORIENTED_EDGE('',*,*,#1874,.F.);
#2418=ORIENTED_EDGE('',*,*,#1875,.F.);
#2419=ORIENTED_EDGE('',*,*,#1872,.F.);
#2420=ORIENTED_EDGE('',*,*,#1849,.F.);
#2421=ORIENTED_EDGE('',*,*,#1876,.T.);
#2422=ORIENTED_EDGE('',*,*,#1877,.T.);
#2423=ORIENTED_EDGE('',*,*,#1874,.T.);
#2424=ORIENTED_EDGE('',*,*,#1878,.T.);
#2425=ORIENTED_EDGE('',*,*,#1879,.T.);
#2426=ORIENTED_EDGE('',*,*,#1880,.T.);
#2427=ORIENTED_EDGE('',*,*,#1881,.T.);
#2428=ORIENTED_EDGE('',*,*,#1882,.T.);
#2429=ORIENTED_EDGE('',*,*,#1883,.T.);
#2430=ORIENTED_EDGE('',*,*,#1880,.F.);
#2431=ORIENTED_EDGE('',*,*,#1884,.T.);
#2432=ORIENTED_EDGE('',*,*,#1885,.T.);
#2433=ORIENTED_EDGE('',*,*,#1886,.T.);
#2434=ORIENTED_EDGE('',*,*,#1882,.F.);
#2435=ORIENTED_EDGE('',*,*,#1887,.T.);
#2436=ORIENTED_EDGE('',*,*,#1888,.T.);
#2437=ORIENTED_EDGE('',*,*,#1889,.T.);
#2438=ORIENTED_EDGE('',*,*,#1890,.T.);
#2439=ORIENTED_EDGE('',*,*,#1891,.T.);
#2440=ORIENTED_EDGE('',*,*,#1890,.F.);
#2441=ORIENTED_EDGE('',*,*,#1892,.T.);
#2442=ORIENTED_EDGE('',*,*,#1885,.F.);
#2443=ORIENTED_EDGE('',*,*,#1893,.T.);
#2444=ORIENTED_EDGE('',*,*,#1894,.T.);
#2445=ORIENTED_EDGE('',*,*,#1895,.T.);
#2446=ORIENTED_EDGE('',*,*,#1896,.T.);
#2447=ORIENTED_EDGE('',*,*,#1897,.T.);
#2448=ORIENTED_EDGE('',*,*,#1898,.T.);
#2449=ORIENTED_EDGE('',*,*,#1893,.F.);
#2450=ORIENTED_EDGE('',*,*,#1899,.T.);
#2451=ORIENTED_EDGE('',*,*,#1900,.T.);
#2452=ORIENTED_EDGE('',*,*,#1901,.T.);
#2453=ORIENTED_EDGE('',*,*,#1897,.F.);
#2454=ORIENTED_EDGE('',*,*,#1902,.T.);
#2455=ORIENTED_EDGE('',*,*,#1895,.F.);
#2456=ORIENTED_EDGE('',*,*,#1903,.T.);
#2457=ORIENTED_EDGE('',*,*,#1888,.F.);
#2458=ORIENTED_EDGE('',*,*,#1879,.F.);
#2459=ORIENTED_EDGE('',*,*,#1904,.F.);
#2460=ORIENTED_EDGE('',*,*,#1905,.F.);
#2461=ORIENTED_EDGE('',*,*,#1906,.F.);
#2462=ORIENTED_EDGE('',*,*,#1907,.T.);
#2463=ORIENTED_EDGE('',*,*,#1908,.F.);
#2464=ORIENTED_EDGE('',*,*,#1909,.F.);
#2465=ORIENTED_EDGE('',*,*,#1910,.F.);
#2466=ORIENTED_EDGE('',*,*,#1878,.F.);
#2467=ORIENTED_EDGE('',*,*,#1911,.T.);
#2468=ORIENTED_EDGE('',*,*,#1912,.T.);
#2469=ORIENTED_EDGE('',*,*,#1913,.T.);
#2470=ORIENTED_EDGE('',*,*,#1914,.T.);
#2471=ORIENTED_EDGE('',*,*,#1915,.T.);
#2472=ORIENTED_EDGE('',*,*,#1904,.T.);
#2473=ORIENTED_EDGE('',*,*,#1881,.F.);
#2474=ORIENTED_EDGE('',*,*,#1883,.F.);
#2475=ORIENTED_EDGE('',*,*,#1886,.F.);
#2476=ORIENTED_EDGE('',*,*,#1916,.F.);
#2477=ORIENTED_EDGE('',*,*,#1917,.F.);
#2478=ORIENTED_EDGE('',*,*,#1918,.F.);
#2479=ORIENTED_EDGE('',*,*,#1919,.F.);
#2480=ORIENTED_EDGE('',*,*,#1920,.T.);
#2481=ORIENTED_EDGE('',*,*,#1921,.T.);
#2482=ORIENTED_EDGE('',*,*,#1922,.T.);
#2483=ORIENTED_EDGE('',*,*,#1923,.T.);
#2484=ORIENTED_EDGE('',*,*,#1924,.T.);
#2485=ORIENTED_EDGE('',*,*,#1911,.F.);
#2486=ORIENTED_EDGE('',*,*,#1892,.F.);
#2487=ORIENTED_EDGE('',*,*,#1925,.T.);
#2488=ORIENTED_EDGE('',*,*,#1926,.T.);
#2489=ORIENTED_EDGE('',*,*,#1916,.T.);
#2490=ORIENTED_EDGE('',*,*,#1889,.F.);
#2491=ORIENTED_EDGE('',*,*,#1927,.F.);
#2492=ORIENTED_EDGE('',*,*,#1928,.F.);
#2493=ORIENTED_EDGE('',*,*,#1925,.F.);
#2494=ORIENTED_EDGE('',*,*,#1903,.F.);
#2495=ORIENTED_EDGE('',*,*,#1929,.T.);
#2496=ORIENTED_EDGE('',*,*,#1930,.T.);
#2497=ORIENTED_EDGE('',*,*,#1927,.T.);
#2498=ORIENTED_EDGE('',*,*,#1931,.F.);
#2499=ORIENTED_EDGE('',*,*,#1932,.F.);
#2500=ORIENTED_EDGE('',*,*,#1933,.T.);
#2501=ORIENTED_EDGE('',*,*,#1934,.F.);
#2502=ORIENTED_EDGE('',*,*,#1845,.F.);
#2503=ORIENTED_EDGE('',*,*,#1935,.T.);
#2504=ORIENTED_EDGE('',*,*,#1932,.T.);
#2505=ORIENTED_EDGE('',*,*,#1936,.T.);
#2506=ORIENTED_EDGE('',*,*,#1884,.F.);
#2507=ORIENTED_EDGE('',*,*,#1910,.T.);
#2508=ORIENTED_EDGE('',*,*,#1934,.T.);
#2509=ORIENTED_EDGE('',*,*,#1937,.T.);
#2510=ORIENTED_EDGE('',*,*,#1938,.T.);
#2511=ORIENTED_EDGE('',*,*,#1939,.T.);
#2512=ORIENTED_EDGE('',*,*,#1931,.T.);
#2513=ORIENTED_EDGE('',*,*,#1909,.T.);
#2514=ORIENTED_EDGE('',*,*,#1848,.F.);
#2515=ORIENTED_EDGE('',*,*,#1936,.F.);
#2516=ORIENTED_EDGE('',*,*,#1939,.F.);
#2517=ORIENTED_EDGE('',*,*,#1940,.F.);
#2518=ORIENTED_EDGE('',*,*,#1846,.F.);
#2519=ORIENTED_EDGE('',*,*,#1940,.T.);
#2520=ORIENTED_EDGE('',*,*,#1938,.F.);
#2521=ORIENTED_EDGE('',*,*,#1908,.T.);
#2522=ORIENTED_EDGE('',*,*,#1941,.T.);
#2523=ORIENTED_EDGE('',*,*,#1942,.T.);
#2524=ORIENTED_EDGE('',*,*,#1943,.T.);
#2525=ORIENTED_EDGE('',*,*,#1944,.T.);
#2526=ORIENTED_EDGE('',*,*,#1945,.T.);
#2527=ORIENTED_EDGE('',*,*,#1946,.T.);
#2528=ORIENTED_EDGE('',*,*,#1947,.T.);
#2529=ORIENTED_EDGE('',*,*,#1948,.F.);
#2530=ORIENTED_EDGE('',*,*,#1949,.F.);
#2531=ORIENTED_EDGE('',*,*,#1950,.F.);
#2532=ORIENTED_EDGE('',*,*,#1830,.F.);
#2533=ORIENTED_EDGE('',*,*,#1852,.T.);
#2534=ORIENTED_EDGE('',*,*,#1948,.T.);
#2535=ORIENTED_EDGE('',*,*,#1951,.T.);
#2536=ORIENTED_EDGE('',*,*,#1860,.T.);
#2537=ORIENTED_EDGE('',*,*,#1952,.T.);
#2538=ORIENTED_EDGE('',*,*,#1949,.T.);
#2539=ORIENTED_EDGE('',*,*,#1851,.T.);
#2540=ORIENTED_EDGE('',*,*,#1899,.F.);
#2541=ORIENTED_EDGE('',*,*,#1953,.T.);
#2542=ORIENTED_EDGE('',*,*,#1950,.T.);
#2543=ORIENTED_EDGE('',*,*,#1954,.T.);
#2544=ORIENTED_EDGE('',*,*,#1833,.F.);
#2545=ORIENTED_EDGE('',*,*,#1951,.F.);
#2546=ORIENTED_EDGE('',*,*,#1947,.F.);
#2547=ORIENTED_EDGE('',*,*,#1953,.F.);
#2548=ORIENTED_EDGE('',*,*,#1896,.F.);
#2549=ORIENTED_EDGE('',*,*,#1891,.F.);
#2550=ORIENTED_EDGE('',*,*,#1887,.F.);
#2551=ORIENTED_EDGE('',*,*,#1937,.F.);
#2552=ORIENTED_EDGE('',*,*,#1933,.F.);
#2553=ORIENTED_EDGE('',*,*,#1935,.F.);
#2554=ORIENTED_EDGE('',*,*,#1842,.F.);
#2555=ORIENTED_EDGE('',*,*,#1837,.F.);
#2556=ORIENTED_EDGE('',*,*,#1955,.F.);
#2557=ORIENTED_EDGE('',*,*,#1956,.F.);
#2558=ORIENTED_EDGE('',*,*,#1847,.F.);
#2559=ORIENTED_EDGE('',*,*,#1946,.F.);
#2560=ORIENTED_EDGE('',*,*,#1957,.F.);
#2561=ORIENTED_EDGE('',*,*,#1958,.F.);
#2562=ORIENTED_EDGE('',*,*,#1959,.T.);
#2563=ORIENTED_EDGE('',*,*,#1960,.F.);
#2564=ORIENTED_EDGE('',*,*,#1961,.F.);
#2565=ORIENTED_EDGE('',*,*,#1962,.F.);
#2566=ORIENTED_EDGE('',*,*,#1963,.T.);
#2567=ORIENTED_EDGE('',*,*,#1964,.F.);
#2568=ORIENTED_EDGE('',*,*,#1965,.F.);
#2569=ORIENTED_EDGE('',*,*,#1966,.F.);
#2570=ORIENTED_EDGE('',*,*,#1876,.F.);
#2571=ORIENTED_EDGE('',*,*,#1840,.F.);
#2572=ORIENTED_EDGE('',*,*,#1844,.F.);
#2573=ORIENTED_EDGE('',*,*,#1967,.T.);
#2574=ORIENTED_EDGE('',*,*,#1918,.T.);
#2575=ORIENTED_EDGE('',*,*,#1968,.T.);
#2576=ORIENTED_EDGE('',*,*,#1965,.T.);
#2577=ORIENTED_EDGE('',*,*,#1877,.F.);
#2578=ORIENTED_EDGE('',*,*,#1966,.T.);
#2579=ORIENTED_EDGE('',*,*,#1968,.F.);
#2580=ORIENTED_EDGE('',*,*,#1917,.T.);
#2581=ORIENTED_EDGE('',*,*,#1926,.F.);
#2582=ORIENTED_EDGE('',*,*,#1928,.T.);
#2583=ORIENTED_EDGE('',*,*,#1930,.F.);
#2584=ORIENTED_EDGE('',*,*,#1969,.T.);
#2585=ORIENTED_EDGE('',*,*,#1970,.F.);
#2586=ORIENTED_EDGE('',*,*,#1862,.T.);
#2587=ORIENTED_EDGE('',*,*,#1873,.F.);
#2588=ORIENTED_EDGE('',*,*,#1875,.T.);
#2589=ORIENTED_EDGE('',*,*,#1971,.T.);
#2590=ORIENTED_EDGE('',*,*,#1972,.F.);
#2591=ORIENTED_EDGE('',*,*,#1901,.F.);
#2592=ORIENTED_EDGE('',*,*,#1973,.T.);
#2593=ORIENTED_EDGE('',*,*,#1974,.F.);
#2594=ORIENTED_EDGE('',*,*,#1975,.F.);
#2595=ORIENTED_EDGE('',*,*,#1976,.F.);
#2596=ORIENTED_EDGE('',*,*,#1977,.F.);
#2597=ORIENTED_EDGE('',*,*,#1978,.F.);
#2598=ORIENTED_EDGE('',*,*,#1979,.T.);
#2599=ORIENTED_EDGE('',*,*,#1980,.F.);
#2600=ORIENTED_EDGE('',*,*,#1969,.F.);
#2601=ORIENTED_EDGE('',*,*,#1929,.F.);
#2602=ORIENTED_EDGE('',*,*,#1894,.F.);
#2603=ORIENTED_EDGE('',*,*,#1898,.F.);
#2604=ORIENTED_EDGE('',*,*,#1970,.T.);
#2605=ORIENTED_EDGE('',*,*,#1980,.T.);
#2606=ORIENTED_EDGE('',*,*,#1981,.T.);
#2607=ORIENTED_EDGE('',*,*,#1863,.T.);
#2608=ORIENTED_EDGE('',*,*,#1982,.T.);
#2609=ORIENTED_EDGE('',*,*,#1983,.T.);
#2610=ORIENTED_EDGE('',*,*,#1956,.T.);
#2611=ORIENTED_EDGE('',*,*,#1983,.F.);
#2612=ORIENTED_EDGE('',*,*,#1972,.T.);
#2613=ORIENTED_EDGE('',*,*,#1984,.T.);
#2614=ORIENTED_EDGE('',*,*,#1982,.F.);
#2615=ORIENTED_EDGE('',*,*,#1984,.F.);
#2616=ORIENTED_EDGE('',*,*,#1955,.T.);
#2617=ORIENTED_EDGE('',*,*,#1985,.T.);
#2618=ORIENTED_EDGE('',*,*,#1986,.T.);
#2619=ORIENTED_EDGE('',*,*,#1985,.F.);
#2620=ORIENTED_EDGE('',*,*,#1971,.F.);
#2621=ORIENTED_EDGE('',*,*,#1987,.T.);
#2622=ORIENTED_EDGE('',*,*,#1986,.F.);
#2623=ORIENTED_EDGE('',*,*,#1987,.F.);
#2624=ORIENTED_EDGE('',*,*,#1988,.F.);
#2625=ORIENTED_EDGE('',*,*,#1989,.F.);
#2626=ORIENTED_EDGE('',*,*,#1866,.F.);
#2627=ORIENTED_EDGE('',*,*,#1990,.F.);
#2628=ORIENTED_EDGE('',*,*,#1991,.F.);
#2629=ORIENTED_EDGE('',*,*,#1992,.F.);
#2630=ORIENTED_EDGE('',*,*,#1993,.F.);
#2631=ORIENTED_EDGE('',*,*,#1994,.F.);
#2632=ORIENTED_EDGE('',*,*,#1995,.F.);
#2633=ORIENTED_EDGE('',*,*,#1996,.F.);
#2634=ORIENTED_EDGE('',*,*,#1997,.F.);
#2635=ORIENTED_EDGE('',*,*,#1998,.F.);
#2636=ORIENTED_EDGE('',*,*,#1999,.F.);
#2637=ORIENTED_EDGE('',*,*,#1902,.F.);
#2638=ORIENTED_EDGE('',*,*,#1954,.F.);
#2639=ORIENTED_EDGE('',*,*,#1952,.F.);
#2640=ORIENTED_EDGE('',*,*,#1859,.T.);
#2641=ORIENTED_EDGE('',*,*,#2000,.F.);
#2642=ORIENTED_EDGE('',*,*,#1996,.T.);
#2643=ORIENTED_EDGE('',*,*,#2001,.T.);
#2644=ORIENTED_EDGE('',*,*,#2002,.T.);
#2645=ORIENTED_EDGE('',*,*,#1981,.F.);
#2646=ORIENTED_EDGE('',*,*,#1979,.F.);
#2647=ORIENTED_EDGE('',*,*,#2003,.F.);
#2648=ORIENTED_EDGE('',*,*,#2004,.F.);
#2649=ORIENTED_EDGE('',*,*,#1864,.F.);
#2650=ORIENTED_EDGE('',*,*,#1990,.T.);
#2651=ORIENTED_EDGE('',*,*,#1865,.T.);
#2652=ORIENTED_EDGE('',*,*,#2004,.T.);
#2653=ORIENTED_EDGE('',*,*,#2005,.F.);
#2654=ORIENTED_EDGE('',*,*,#2003,.T.);
#2655=ORIENTED_EDGE('',*,*,#1978,.T.);
#2656=ORIENTED_EDGE('',*,*,#2006,.T.);
#2657=ORIENTED_EDGE('',*,*,#2007,.F.);
#2658=ORIENTED_EDGE('',*,*,#1991,.T.);
#2659=ORIENTED_EDGE('',*,*,#2005,.T.);
#2660=ORIENTED_EDGE('',*,*,#1994,.T.);
#2661=ORIENTED_EDGE('',*,*,#2008,.T.);
#2662=ORIENTED_EDGE('',*,*,#2009,.T.);
#2663=ORIENTED_EDGE('',*,*,#2010,.F.);
#2664=ORIENTED_EDGE('',*,*,#1995,.T.);
#2665=ORIENTED_EDGE('',*,*,#2010,.T.);
#2666=ORIENTED_EDGE('',*,*,#2011,.T.);
#2667=ORIENTED_EDGE('',*,*,#2001,.F.);
#2668=ORIENTED_EDGE('',*,*,#2012,.F.);
#2669=ORIENTED_EDGE('',*,*,#1868,.F.);
#2670=ORIENTED_EDGE('',*,*,#2013,.F.);
#2671=ORIENTED_EDGE('',*,*,#2014,.F.);
#2672=ORIENTED_EDGE('',*,*,#1989,.T.);
#2673=ORIENTED_EDGE('',*,*,#2015,.T.);
#2674=ORIENTED_EDGE('',*,*,#2013,.T.);
#2675=ORIENTED_EDGE('',*,*,#1867,.F.);
#2676=ORIENTED_EDGE('',*,*,#2016,.F.);
#2677=ORIENTED_EDGE('',*,*,#1869,.T.);
#2678=ORIENTED_EDGE('',*,*,#2012,.T.);
#2679=ORIENTED_EDGE('',*,*,#2017,.F.);
#2680=ORIENTED_EDGE('',*,*,#1998,.T.);
#2681=ORIENTED_EDGE('',*,*,#2018,.T.);
#2682=ORIENTED_EDGE('',*,*,#1857,.T.);
#2683=ORIENTED_EDGE('',*,*,#2019,.F.);
#2684=ORIENTED_EDGE('',*,*,#1999,.T.);
#2685=ORIENTED_EDGE('',*,*,#2019,.T.);
#2686=ORIENTED_EDGE('',*,*,#1856,.T.);
#2687=ORIENTED_EDGE('',*,*,#2020,.F.);
#2688=ORIENTED_EDGE('',*,*,#1988,.T.);
#2689=ORIENTED_EDGE('',*,*,#2020,.T.);
#2690=ORIENTED_EDGE('',*,*,#1855,.T.);
#2691=ORIENTED_EDGE('',*,*,#2021,.F.);
#2692=ORIENTED_EDGE('',*,*,#2022,.T.);
#2693=ORIENTED_EDGE('',*,*,#2017,.T.);
#2694=ORIENTED_EDGE('',*,*,#2014,.T.);
#2695=ORIENTED_EDGE('',*,*,#2015,.F.);
#2696=ORIENTED_EDGE('',*,*,#1997,.T.);
#2697=ORIENTED_EDGE('',*,*,#2000,.T.);
#2698=ORIENTED_EDGE('',*,*,#1858,.T.);
#2699=ORIENTED_EDGE('',*,*,#2018,.F.);
#2700=ORIENTED_EDGE('',*,*,#2023,.F.);
#2701=ORIENTED_EDGE('',*,*,#2021,.T.);
#2702=ORIENTED_EDGE('',*,*,#1854,.T.);
#2703=ORIENTED_EDGE('',*,*,#1871,.F.);
#2704=ORIENTED_EDGE('',*,*,#2016,.T.);
#2705=ORIENTED_EDGE('',*,*,#2022,.F.);
#2706=ORIENTED_EDGE('',*,*,#2023,.T.);
#2707=ORIENTED_EDGE('',*,*,#1870,.F.);
#2708=ORIENTED_EDGE('',*,*,#2024,.F.);
#2709=ORIENTED_EDGE('',*,*,#2025,.T.);
#2710=ORIENTED_EDGE('',*,*,#2008,.F.);
#2711=ORIENTED_EDGE('',*,*,#1993,.T.);
#2712=ORIENTED_EDGE('',*,*,#2026,.F.);
#2713=ORIENTED_EDGE('',*,*,#2027,.F.);
#2714=ORIENTED_EDGE('',*,*,#2028,.F.);
#2715=ORIENTED_EDGE('',*,*,#2029,.F.);
#2716=ORIENTED_EDGE('',*,*,#1992,.T.);
#2717=ORIENTED_EDGE('',*,*,#2007,.T.);
#2718=ORIENTED_EDGE('',*,*,#1900,.F.);
#2719=ORIENTED_EDGE('',*,*,#2002,.F.);
#2720=ORIENTED_EDGE('',*,*,#2011,.F.);
#2721=ORIENTED_EDGE('',*,*,#2009,.F.);
#2722=ORIENTED_EDGE('',*,*,#2025,.F.);
#2723=ORIENTED_EDGE('',*,*,#2030,.F.);
#2724=ORIENTED_EDGE('',*,*,#1973,.F.);
#2725=ORIENTED_EDGE('',*,*,#2029,.T.);
#2726=ORIENTED_EDGE('',*,*,#2006,.F.);
#2727=ORIENTED_EDGE('',*,*,#1977,.T.);
#2728=ORIENTED_EDGE('',*,*,#2031,.T.);
#2729=ORIENTED_EDGE('',*,*,#2026,.T.);
#2730=ORIENTED_EDGE('',*,*,#2027,.T.);
#2731=ORIENTED_EDGE('',*,*,#2031,.F.);
#2732=ORIENTED_EDGE('',*,*,#1976,.T.);
#2733=ORIENTED_EDGE('',*,*,#2032,.T.);
#2734=ORIENTED_EDGE('',*,*,#2028,.T.);
#2735=ORIENTED_EDGE('',*,*,#2032,.F.);
#2736=ORIENTED_EDGE('',*,*,#1975,.T.);
#2737=ORIENTED_EDGE('',*,*,#2033,.T.);
#2738=ORIENTED_EDGE('',*,*,#2024,.T.);
#2739=ORIENTED_EDGE('',*,*,#2033,.F.);
#2740=ORIENTED_EDGE('',*,*,#1974,.T.);
#2741=ORIENTED_EDGE('',*,*,#2030,.T.);
#2742=ORIENTED_EDGE('',*,*,#2034,.T.);
#2743=ORIENTED_EDGE('',*,*,#2035,.T.);
#2744=ORIENTED_EDGE('',*,*,#2036,.T.);
#2745=ORIENTED_EDGE('',*,*,#2037,.T.);
#2746=ORIENTED_EDGE('',*,*,#1906,.T.);
#2747=ORIENTED_EDGE('',*,*,#2038,.T.);
#2748=ORIENTED_EDGE('',*,*,#2039,.T.);
#2749=ORIENTED_EDGE('',*,*,#2040,.T.);
#2750=ORIENTED_EDGE('',*,*,#2041,.T.);
#2751=ORIENTED_EDGE('',*,*,#2042,.T.);
#2752=ORIENTED_EDGE('',*,*,#2043,.T.);
#2753=ORIENTED_EDGE('',*,*,#1962,.T.);
#2754=ORIENTED_EDGE('',*,*,#2044,.T.);
#2755=ORIENTED_EDGE('',*,*,#1967,.F.);
#2756=ORIENTED_EDGE('',*,*,#1964,.T.);
#2757=ORIENTED_EDGE('',*,*,#2045,.T.);
#2758=ORIENTED_EDGE('',*,*,#2046,.T.);
#2759=ORIENTED_EDGE('',*,*,#1919,.T.);
#2760=ORIENTED_EDGE('',*,*,#2043,.F.);
#2761=ORIENTED_EDGE('',*,*,#2047,.T.);
#2762=ORIENTED_EDGE('',*,*,#2045,.F.);
#2763=ORIENTED_EDGE('',*,*,#1963,.F.);
#2764=ORIENTED_EDGE('',*,*,#2046,.F.);
#2765=ORIENTED_EDGE('',*,*,#2047,.F.);
#2766=ORIENTED_EDGE('',*,*,#2042,.F.);
#2767=ORIENTED_EDGE('',*,*,#2048,.T.);
#2768=ORIENTED_EDGE('',*,*,#2049,.F.);
#2769=ORIENTED_EDGE('',*,*,#1920,.F.);
#2770=ORIENTED_EDGE('',*,*,#2039,.F.);
#2771=ORIENTED_EDGE('',*,*,#2050,.T.);
#2772=ORIENTED_EDGE('',*,*,#1914,.F.);
#2773=ORIENTED_EDGE('',*,*,#2051,.F.);
#2774=ORIENTED_EDGE('',*,*,#2038,.F.);
#2775=ORIENTED_EDGE('',*,*,#1905,.T.);
#2776=ORIENTED_EDGE('',*,*,#1915,.F.);
#2777=ORIENTED_EDGE('',*,*,#2050,.F.);
#2778=ORIENTED_EDGE('',*,*,#2052,.T.);
#2779=ORIENTED_EDGE('',*,*,#2053,.T.);
#2780=ORIENTED_EDGE('',*,*,#2054,.T.);
#2781=ORIENTED_EDGE('',*,*,#1960,.T.);
#2782=ORIENTED_EDGE('',*,*,#2044,.F.);
#2783=ORIENTED_EDGE('',*,*,#1961,.T.);
#2784=ORIENTED_EDGE('',*,*,#2054,.F.);
#2785=ORIENTED_EDGE('',*,*,#2055,.F.);
#2786=ORIENTED_EDGE('',*,*,#2056,.T.);
#2787=ORIENTED_EDGE('',*,*,#2057,.T.);
#2788=ORIENTED_EDGE('',*,*,#2052,.F.);
#2789=ORIENTED_EDGE('',*,*,#1959,.F.);
#2790=ORIENTED_EDGE('',*,*,#2036,.F.);
#2791=ORIENTED_EDGE('',*,*,#2058,.T.);
#2792=ORIENTED_EDGE('',*,*,#1942,.F.);
#2793=ORIENTED_EDGE('',*,*,#2059,.F.);
#2794=ORIENTED_EDGE('',*,*,#2035,.F.);
#2795=ORIENTED_EDGE('',*,*,#2060,.T.);
#2796=ORIENTED_EDGE('',*,*,#1943,.F.);
#2797=ORIENTED_EDGE('',*,*,#2058,.F.);
#2798=ORIENTED_EDGE('',*,*,#2034,.F.);
#2799=ORIENTED_EDGE('',*,*,#2055,.T.);
#2800=ORIENTED_EDGE('',*,*,#2053,.F.);
#2801=ORIENTED_EDGE('',*,*,#2057,.F.);
#2802=ORIENTED_EDGE('',*,*,#2061,.F.);
#2803=ORIENTED_EDGE('',*,*,#2062,.T.);
#2804=ORIENTED_EDGE('',*,*,#1944,.F.);
#2805=ORIENTED_EDGE('',*,*,#2060,.F.);
#2806=ORIENTED_EDGE('',*,*,#2037,.F.);
#2807=ORIENTED_EDGE('',*,*,#2059,.T.);
#2808=ORIENTED_EDGE('',*,*,#1941,.F.);
#2809=ORIENTED_EDGE('',*,*,#1907,.F.);
#2810=ORIENTED_EDGE('',*,*,#2063,.T.);
#2811=ORIENTED_EDGE('',*,*,#1957,.T.);
#2812=ORIENTED_EDGE('',*,*,#1945,.F.);
#2813=ORIENTED_EDGE('',*,*,#2062,.F.);
#2814=ORIENTED_EDGE('',*,*,#2056,.F.);
#2815=ORIENTED_EDGE('',*,*,#1958,.T.);
#2816=ORIENTED_EDGE('',*,*,#2063,.F.);
#2817=ORIENTED_EDGE('',*,*,#2061,.T.);
#2818=ORIENTED_EDGE('',*,*,#2064,.T.);
#2819=ORIENTED_EDGE('',*,*,#2065,.T.);
#2820=ORIENTED_EDGE('',*,*,#2066,.T.);
#2821=ORIENTED_EDGE('',*,*,#2067,.T.);
#2822=ORIENTED_EDGE('',*,*,#2040,.F.);
#2823=ORIENTED_EDGE('',*,*,#2051,.T.);
#2824=ORIENTED_EDGE('',*,*,#1913,.F.);
#2825=ORIENTED_EDGE('',*,*,#2068,.T.);
#2826=ORIENTED_EDGE('',*,*,#2048,.F.);
#2827=ORIENTED_EDGE('',*,*,#2041,.F.);
#2828=ORIENTED_EDGE('',*,*,#2068,.F.);
#2829=ORIENTED_EDGE('',*,*,#2067,.F.);
#2830=ORIENTED_EDGE('',*,*,#2069,.F.);
#2831=ORIENTED_EDGE('',*,*,#1921,.F.);
#2832=ORIENTED_EDGE('',*,*,#2049,.T.);
#2833=ORIENTED_EDGE('',*,*,#2066,.F.);
#2834=ORIENTED_EDGE('',*,*,#2070,.F.);
#2835=ORIENTED_EDGE('',*,*,#1922,.F.);
#2836=ORIENTED_EDGE('',*,*,#2069,.T.);
#2837=ORIENTED_EDGE('',*,*,#2065,.F.);
#2838=ORIENTED_EDGE('',*,*,#2071,.F.);
#2839=ORIENTED_EDGE('',*,*,#1923,.F.);
#2840=ORIENTED_EDGE('',*,*,#2070,.T.);
#2841=ORIENTED_EDGE('',*,*,#2064,.F.);
#2842=ORIENTED_EDGE('',*,*,#1912,.F.);
#2843=ORIENTED_EDGE('',*,*,#1924,.F.);
#2844=ORIENTED_EDGE('',*,*,#2071,.T.);
#2845=ORIENTED_EDGE('',*,*,#2072,.T.);
#2846=ORIENTED_EDGE('',*,*,#2073,.T.);
#2847=ORIENTED_EDGE('',*,*,#2074,.T.);
#2848=ORIENTED_EDGE('',*,*,#2075,.T.);
#2849=ORIENTED_EDGE('',*,*,#2076,.T.);
#2850=ORIENTED_EDGE('',*,*,#2077,.T.);
#2851=ORIENTED_EDGE('',*,*,#2073,.F.);
#2852=ORIENTED_EDGE('',*,*,#2078,.T.);
#2853=ORIENTED_EDGE('',*,*,#2079,.T.);
#2854=ORIENTED_EDGE('',*,*,#2080,.T.);
#2855=ORIENTED_EDGE('',*,*,#2076,.F.);
#2856=ORIENTED_EDGE('',*,*,#2081,.T.);
#2857=ORIENTED_EDGE('',*,*,#2082,.T.);
#2858=ORIENTED_EDGE('',*,*,#2083,.T.);
#2859=ORIENTED_EDGE('',*,*,#2079,.F.);
#2860=ORIENTED_EDGE('',*,*,#2084,.T.);
#2861=ORIENTED_EDGE('',*,*,#2085,.T.);
#2862=ORIENTED_EDGE('',*,*,#2086,.T.);
#2863=ORIENTED_EDGE('',*,*,#2082,.F.);
#2864=ORIENTED_EDGE('',*,*,#2087,.T.);
#2865=ORIENTED_EDGE('',*,*,#2088,.T.);
#2866=ORIENTED_EDGE('',*,*,#2089,.T.);
#2867=ORIENTED_EDGE('',*,*,#2085,.F.);
#2868=ORIENTED_EDGE('',*,*,#2090,.T.);
#2869=ORIENTED_EDGE('',*,*,#2088,.F.);
#2870=ORIENTED_EDGE('',*,*,#2091,.T.);
#2871=ORIENTED_EDGE('',*,*,#2092,.T.);
#2872=ORIENTED_EDGE('',*,*,#2093,.T.);
#2873=ORIENTED_EDGE('',*,*,#2094,.T.);
#2874=ORIENTED_EDGE('',*,*,#2095,.T.);
#2875=ORIENTED_EDGE('',*,*,#2092,.F.);
#2876=ORIENTED_EDGE('',*,*,#2096,.T.);
#2877=ORIENTED_EDGE('',*,*,#2097,.T.);
#2878=ORIENTED_EDGE('',*,*,#2098,.T.);
#2879=ORIENTED_EDGE('',*,*,#2094,.F.);
#2880=ORIENTED_EDGE('',*,*,#2099,.T.);
#2881=ORIENTED_EDGE('',*,*,#2100,.T.);
#2882=ORIENTED_EDGE('',*,*,#2101,.T.);
#2883=ORIENTED_EDGE('',*,*,#2097,.F.);
#2884=ORIENTED_EDGE('',*,*,#2102,.T.);
#2885=ORIENTED_EDGE('',*,*,#2103,.T.);
#2886=ORIENTED_EDGE('',*,*,#2100,.F.);
#2887=ORIENTED_EDGE('',*,*,#2104,.T.);
#2888=ORIENTED_EDGE('',*,*,#2075,.F.);
#2889=ORIENTED_EDGE('',*,*,#2095,.F.);
#2890=ORIENTED_EDGE('',*,*,#2098,.F.);
#2891=ORIENTED_EDGE('',*,*,#2101,.F.);
#2892=ORIENTED_EDGE('',*,*,#2103,.F.);
#2893=ORIENTED_EDGE('',*,*,#2105,.F.);
#2894=ORIENTED_EDGE('',*,*,#2106,.F.);
#2895=ORIENTED_EDGE('',*,*,#2107,.T.);
#2896=ORIENTED_EDGE('',*,*,#2108,.F.);
#2897=ORIENTED_EDGE('',*,*,#2109,.F.);
#2898=ORIENTED_EDGE('',*,*,#2090,.F.);
#2899=ORIENTED_EDGE('',*,*,#2087,.F.);
#2900=ORIENTED_EDGE('',*,*,#2110,.F.);
#2901=ORIENTED_EDGE('',*,*,#2111,.T.);
#2902=ORIENTED_EDGE('',*,*,#2112,.F.);
#2903=ORIENTED_EDGE('',*,*,#2113,.F.);
#2904=ORIENTED_EDGE('',*,*,#2114,.F.);
#2905=ORIENTED_EDGE('',*,*,#2115,.T.);
#2906=ORIENTED_EDGE('',*,*,#2084,.F.);
#2907=ORIENTED_EDGE('',*,*,#2116,.T.);
#2908=ORIENTED_EDGE('',*,*,#2117,.T.);
#2909=ORIENTED_EDGE('',*,*,#2110,.T.);
#2910=ORIENTED_EDGE('',*,*,#2081,.F.);
#2911=ORIENTED_EDGE('',*,*,#2118,.F.);
#2912=ORIENTED_EDGE('',*,*,#2119,.T.);
#2913=ORIENTED_EDGE('',*,*,#2116,.F.);
#2914=ORIENTED_EDGE('',*,*,#2120,.T.);
#2915=ORIENTED_EDGE('',*,*,#2121,.T.);
#2916=ORIENTED_EDGE('',*,*,#2122,.T.);
#2917=ORIENTED_EDGE('',*,*,#2123,.T.);
#2918=ORIENTED_EDGE('',*,*,#2124,.T.);
#2919=ORIENTED_EDGE('',*,*,#2125,.T.);
#2920=ORIENTED_EDGE('',*,*,#2126,.F.);
#2921=ORIENTED_EDGE('',*,*,#2127,.F.);
#2922=ORIENTED_EDGE('',*,*,#2128,.F.);
#2923=ORIENTED_EDGE('',*,*,#2129,.F.);
#2924=ORIENTED_EDGE('',*,*,#2130,.F.);
#2925=ORIENTED_EDGE('',*,*,#2131,.F.);
#2926=ORIENTED_EDGE('',*,*,#2078,.F.);
#2927=ORIENTED_EDGE('',*,*,#2132,.T.);
#2928=ORIENTED_EDGE('',*,*,#2133,.T.);
#2929=ORIENTED_EDGE('',*,*,#2118,.T.);
#2930=ORIENTED_EDGE('',*,*,#2134,.T.);
#2931=ORIENTED_EDGE('',*,*,#2106,.T.);
#2932=ORIENTED_EDGE('',*,*,#2135,.F.);
#2933=ORIENTED_EDGE('',*,*,#2136,.F.);
#2934=ORIENTED_EDGE('',*,*,#2137,.T.);
#2935=ORIENTED_EDGE('',*,*,#2138,.F.);
#2936=ORIENTED_EDGE('',*,*,#2139,.F.);
#2937=ORIENTED_EDGE('',*,*,#2140,.T.);
#2938=ORIENTED_EDGE('',*,*,#2141,.F.);
#2939=ORIENTED_EDGE('',*,*,#2107,.F.);
#2940=ORIENTED_EDGE('',*,*,#2134,.F.);
#2941=ORIENTED_EDGE('',*,*,#2142,.F.);
#2942=ORIENTED_EDGE('',*,*,#2143,.F.);
#2943=ORIENTED_EDGE('',*,*,#2144,.F.);
#2944=ORIENTED_EDGE('',*,*,#2145,.F.);
#2945=ORIENTED_EDGE('',*,*,#2146,.F.);
#2946=ORIENTED_EDGE('',*,*,#2147,.F.);
#2947=ORIENTED_EDGE('',*,*,#2148,.T.);
#2948=ORIENTED_EDGE('',*,*,#2149,.F.);
#2949=ORIENTED_EDGE('',*,*,#2150,.F.);
#2950=ORIENTED_EDGE('',*,*,#2151,.F.);
#2951=ORIENTED_EDGE('',*,*,#2152,.T.);
#2952=ORIENTED_EDGE('',*,*,#2153,.T.);
#2953=ORIENTED_EDGE('',*,*,#2149,.T.);
#2954=ORIENTED_EDGE('',*,*,#2154,.T.);
#2955=ORIENTED_EDGE('',*,*,#2093,.F.);
#2956=ORIENTED_EDGE('',*,*,#2109,.T.);
#2957=ORIENTED_EDGE('',*,*,#2150,.T.);
#2958=ORIENTED_EDGE('',*,*,#2155,.T.);
#2959=ORIENTED_EDGE('',*,*,#2089,.F.);
#2960=ORIENTED_EDGE('',*,*,#2141,.T.);
#2961=ORIENTED_EDGE('',*,*,#2156,.T.);
#2962=ORIENTED_EDGE('',*,*,#2151,.T.);
#2963=ORIENTED_EDGE('',*,*,#2108,.T.);
#2964=ORIENTED_EDGE('',*,*,#2086,.F.);
#2965=ORIENTED_EDGE('',*,*,#2155,.F.);
#2966=ORIENTED_EDGE('',*,*,#2153,.F.);
#2967=ORIENTED_EDGE('',*,*,#2157,.T.);
#2968=ORIENTED_EDGE('',*,*,#2158,.F.);
#2969=ORIENTED_EDGE('',*,*,#2135,.T.);
#2970=ORIENTED_EDGE('',*,*,#2105,.T.);
#2971=ORIENTED_EDGE('',*,*,#2074,.F.);
#2972=ORIENTED_EDGE('',*,*,#2077,.F.);
#2973=ORIENTED_EDGE('',*,*,#2080,.F.);
#2974=ORIENTED_EDGE('',*,*,#2083,.F.);
#2975=ORIENTED_EDGE('',*,*,#2152,.F.);
#2976=ORIENTED_EDGE('',*,*,#2159,.T.);
#2977=ORIENTED_EDGE('',*,*,#2160,.F.);
#2978=ORIENTED_EDGE('',*,*,#2161,.F.);
#2979=ORIENTED_EDGE('',*,*,#2162,.F.);
#2980=ORIENTED_EDGE('',*,*,#2163,.T.);
#2981=ORIENTED_EDGE('',*,*,#2164,.F.);
#2982=ORIENTED_EDGE('',*,*,#2157,.F.);
#2983=ORIENTED_EDGE('',*,*,#2165,.F.);
#2984=ORIENTED_EDGE('',*,*,#2166,.F.);
#2985=ORIENTED_EDGE('',*,*,#2167,.F.);
#2986=ORIENTED_EDGE('',*,*,#2168,.F.);
#2987=ORIENTED_EDGE('',*,*,#2169,.F.);
#2988=ORIENTED_EDGE('',*,*,#2170,.F.);
#2989=ORIENTED_EDGE('',*,*,#2171,.T.);
#2990=ORIENTED_EDGE('',*,*,#2172,.T.);
#2991=ORIENTED_EDGE('',*,*,#2173,.T.);
#2992=ORIENTED_EDGE('',*,*,#2174,.T.);
#2993=ORIENTED_EDGE('',*,*,#2175,.T.);
#2994=ORIENTED_EDGE('',*,*,#2176,.T.);
#2995=ORIENTED_EDGE('',*,*,#2154,.F.);
#2996=ORIENTED_EDGE('',*,*,#2148,.F.);
#2997=ORIENTED_EDGE('',*,*,#2156,.F.);
#2998=ORIENTED_EDGE('',*,*,#2140,.F.);
#2999=ORIENTED_EDGE('',*,*,#2177,.F.);
#3000=ORIENTED_EDGE('',*,*,#2178,.F.);
#3001=ORIENTED_EDGE('',*,*,#2179,.F.);
#3002=ORIENTED_EDGE('',*,*,#2159,.F.);
#3003=ORIENTED_EDGE('',*,*,#2180,.T.);
#3004=ORIENTED_EDGE('',*,*,#2164,.T.);
#3005=ORIENTED_EDGE('',*,*,#2181,.T.);
#3006=ORIENTED_EDGE('',*,*,#2182,.T.);
#3007=ORIENTED_EDGE('',*,*,#2136,.T.);
#3008=ORIENTED_EDGE('',*,*,#2158,.T.);
#3009=ORIENTED_EDGE('',*,*,#2183,.T.);
#3010=ORIENTED_EDGE('',*,*,#2181,.F.);
#3011=ORIENTED_EDGE('',*,*,#2163,.F.);
#3012=ORIENTED_EDGE('',*,*,#2184,.F.);
#3013=ORIENTED_EDGE('',*,*,#2185,.F.);
#3014=ORIENTED_EDGE('',*,*,#2186,.F.);
#3015=ORIENTED_EDGE('',*,*,#2143,.T.);
#3016=ORIENTED_EDGE('',*,*,#2187,.T.);
#3017=ORIENTED_EDGE('',*,*,#2188,.T.);
#3018=ORIENTED_EDGE('',*,*,#2189,.T.);
#3019=ORIENTED_EDGE('',*,*,#2190,.T.);
#3020=ORIENTED_EDGE('',*,*,#2191,.T.);
#3021=ORIENTED_EDGE('',*,*,#2192,.T.);
#3022=ORIENTED_EDGE('',*,*,#2193,.T.);
#3023=ORIENTED_EDGE('',*,*,#2194,.T.);
#3024=ORIENTED_EDGE('',*,*,#2195,.T.);
#3025=ORIENTED_EDGE('',*,*,#2196,.T.);
#3026=ORIENTED_EDGE('',*,*,#2197,.T.);
#3027=ORIENTED_EDGE('',*,*,#2198,.T.);
#3028=ORIENTED_EDGE('',*,*,#2196,.F.);
#3029=ORIENTED_EDGE('',*,*,#2199,.T.);
#3030=ORIENTED_EDGE('',*,*,#2200,.T.);
#3031=ORIENTED_EDGE('',*,*,#2191,.F.);
#3032=ORIENTED_EDGE('',*,*,#2201,.T.);
#3033=ORIENTED_EDGE('',*,*,#2202,.F.);
#3034=ORIENTED_EDGE('',*,*,#2203,.T.);
#3035=ORIENTED_EDGE('',*,*,#2204,.T.);
#3036=ORIENTED_EDGE('',*,*,#2205,.T.);
#3037=ORIENTED_EDGE('',*,*,#2206,.T.);
#3038=ORIENTED_EDGE('',*,*,#2198,.F.);
#3039=ORIENTED_EDGE('',*,*,#2207,.F.);
#3040=ORIENTED_EDGE('',*,*,#2204,.F.);
#3041=ORIENTED_EDGE('',*,*,#2208,.F.);
#3042=ORIENTED_EDGE('',*,*,#2209,.T.);
#3043=ORIENTED_EDGE('',*,*,#2210,.F.);
#3044=ORIENTED_EDGE('',*,*,#2201,.F.);
#3045=ORIENTED_EDGE('',*,*,#2190,.F.);
#3046=ORIENTED_EDGE('',*,*,#2104,.F.);
#3047=ORIENTED_EDGE('',*,*,#2211,.F.);
#3048=ORIENTED_EDGE('',*,*,#2212,.F.);
#3049=ORIENTED_EDGE('',*,*,#2213,.F.);
#3050=ORIENTED_EDGE('',*,*,#2214,.F.);
#3051=ORIENTED_EDGE('',*,*,#2132,.F.);
#3052=ORIENTED_EDGE('',*,*,#2072,.F.);
#3053=ORIENTED_EDGE('',*,*,#2202,.T.);
#3054=ORIENTED_EDGE('',*,*,#2210,.T.);
#3055=ORIENTED_EDGE('',*,*,#2215,.T.);
#3056=ORIENTED_EDGE('',*,*,#2205,.F.);
#3057=ORIENTED_EDGE('',*,*,#2207,.T.);
#3058=ORIENTED_EDGE('',*,*,#2197,.F.);
#3059=ORIENTED_EDGE('',*,*,#2216,.T.);
#3060=ORIENTED_EDGE('',*,*,#2208,.T.);
#3061=ORIENTED_EDGE('',*,*,#2203,.F.);
#3062=ORIENTED_EDGE('',*,*,#2217,.F.);
#3063=ORIENTED_EDGE('',*,*,#2218,.F.);
#3064=ORIENTED_EDGE('',*,*,#2219,.F.);
#3065=ORIENTED_EDGE('',*,*,#2220,.F.);
#3066=ORIENTED_EDGE('',*,*,#2221,.F.);
#3067=ORIENTED_EDGE('',*,*,#2222,.F.);
#3068=ORIENTED_EDGE('',*,*,#2199,.F.);
#3069=ORIENTED_EDGE('',*,*,#2195,.F.);
#3070=ORIENTED_EDGE('',*,*,#2223,.F.);
#3071=ORIENTED_EDGE('',*,*,#2171,.F.);
#3072=ORIENTED_EDGE('',*,*,#2224,.T.);
#3073=ORIENTED_EDGE('',*,*,#2125,.F.);
#3074=ORIENTED_EDGE('',*,*,#2225,.F.);
#3075=ORIENTED_EDGE('',*,*,#2172,.F.);
#3076=ORIENTED_EDGE('',*,*,#2225,.T.);
#3077=ORIENTED_EDGE('',*,*,#2124,.F.);
#3078=ORIENTED_EDGE('',*,*,#2226,.F.);
#3079=ORIENTED_EDGE('',*,*,#2173,.F.);
#3080=ORIENTED_EDGE('',*,*,#2226,.T.);
#3081=ORIENTED_EDGE('',*,*,#2123,.F.);
#3082=ORIENTED_EDGE('',*,*,#2227,.F.);
#3083=ORIENTED_EDGE('',*,*,#2174,.F.);
#3084=ORIENTED_EDGE('',*,*,#2227,.T.);
#3085=ORIENTED_EDGE('',*,*,#2122,.F.);
#3086=ORIENTED_EDGE('',*,*,#2228,.F.);
#3087=ORIENTED_EDGE('',*,*,#2175,.F.);
#3088=ORIENTED_EDGE('',*,*,#2228,.T.);
#3089=ORIENTED_EDGE('',*,*,#2121,.F.);
#3090=ORIENTED_EDGE('',*,*,#2229,.F.);
#3091=ORIENTED_EDGE('',*,*,#2176,.F.);
#3092=ORIENTED_EDGE('',*,*,#2229,.T.);
#3093=ORIENTED_EDGE('',*,*,#2120,.F.);
#3094=ORIENTED_EDGE('',*,*,#2224,.F.);
#3095=ORIENTED_EDGE('',*,*,#2230,.T.);
#3096=ORIENTED_EDGE('',*,*,#2231,.T.);
#3097=ORIENTED_EDGE('',*,*,#2160,.T.);
#3098=ORIENTED_EDGE('',*,*,#2179,.T.);
#3099=ORIENTED_EDGE('',*,*,#2232,.T.);
#3100=ORIENTED_EDGE('',*,*,#2233,.T.);
#3101=ORIENTED_EDGE('',*,*,#2230,.F.);
#3102=ORIENTED_EDGE('',*,*,#2178,.T.);
#3103=ORIENTED_EDGE('',*,*,#2139,.T.);
#3104=ORIENTED_EDGE('',*,*,#2234,.T.);
#3105=ORIENTED_EDGE('',*,*,#2232,.F.);
#3106=ORIENTED_EDGE('',*,*,#2177,.T.);
#3107=ORIENTED_EDGE('',*,*,#2161,.T.);
#3108=ORIENTED_EDGE('',*,*,#2231,.F.);
#3109=ORIENTED_EDGE('',*,*,#2235,.F.);
#3110=ORIENTED_EDGE('',*,*,#2111,.F.);
#3111=ORIENTED_EDGE('',*,*,#2117,.F.);
#3112=ORIENTED_EDGE('',*,*,#2119,.F.);
#3113=ORIENTED_EDGE('',*,*,#2133,.F.);
#3114=ORIENTED_EDGE('',*,*,#2214,.T.);
#3115=ORIENTED_EDGE('',*,*,#2236,.F.);
#3116=ORIENTED_EDGE('',*,*,#2237,.F.);
#3117=ORIENTED_EDGE('',*,*,#2233,.F.);
#3118=ORIENTED_EDGE('',*,*,#2238,.T.);
#3119=ORIENTED_EDGE('',*,*,#2112,.T.);
#3120=ORIENTED_EDGE('',*,*,#2235,.T.);
#3121=ORIENTED_EDGE('',*,*,#2234,.F.);
#3122=ORIENTED_EDGE('',*,*,#2138,.T.);
#3123=ORIENTED_EDGE('',*,*,#2239,.F.);
#3124=ORIENTED_EDGE('',*,*,#2240,.F.);
#3125=ORIENTED_EDGE('',*,*,#2241,.T.);
#3126=ORIENTED_EDGE('',*,*,#2113,.T.);
#3127=ORIENTED_EDGE('',*,*,#2238,.F.);
#3128=ORIENTED_EDGE('',*,*,#2144,.T.);
#3129=ORIENTED_EDGE('',*,*,#2186,.T.);
#3130=ORIENTED_EDGE('',*,*,#2242,.T.);
#3131=ORIENTED_EDGE('',*,*,#2243,.T.);
#3132=ORIENTED_EDGE('',*,*,#2244,.T.);
#3133=ORIENTED_EDGE('',*,*,#2245,.T.);
#3134=ORIENTED_EDGE('',*,*,#2242,.F.);
#3135=ORIENTED_EDGE('',*,*,#2185,.T.);
#3136=ORIENTED_EDGE('',*,*,#2162,.T.);
#3137=ORIENTED_EDGE('',*,*,#2237,.T.);
#3138=ORIENTED_EDGE('',*,*,#2244,.F.);
#3139=ORIENTED_EDGE('',*,*,#2184,.T.);
#3140=ORIENTED_EDGE('',*,*,#2243,.F.);
#3141=ORIENTED_EDGE('',*,*,#2246,.F.);
#3142=ORIENTED_EDGE('',*,*,#2212,.T.);
#3143=ORIENTED_EDGE('',*,*,#2247,.T.);
#3144=ORIENTED_EDGE('',*,*,#2248,.T.);
#3145=ORIENTED_EDGE('',*,*,#2239,.T.);
#3146=ORIENTED_EDGE('',*,*,#2145,.T.);
#3147=ORIENTED_EDGE('',*,*,#2245,.F.);
#3148=ORIENTED_EDGE('',*,*,#2236,.T.);
#3149=ORIENTED_EDGE('',*,*,#2213,.T.);
#3150=ORIENTED_EDGE('',*,*,#2246,.T.);
#3151=ORIENTED_EDGE('',*,*,#2248,.F.);
#3152=ORIENTED_EDGE('',*,*,#2249,.F.);
#3153=ORIENTED_EDGE('',*,*,#2099,.F.);
#3154=ORIENTED_EDGE('',*,*,#2250,.F.);
#3155=ORIENTED_EDGE('',*,*,#2240,.T.);
#3156=ORIENTED_EDGE('',*,*,#2251,.F.);
#3157=ORIENTED_EDGE('',*,*,#2252,.F.);
#3158=ORIENTED_EDGE('',*,*,#2253,.F.);
#3159=ORIENTED_EDGE('',*,*,#2254,.F.);
#3160=ORIENTED_EDGE('',*,*,#2255,.F.);
#3161=ORIENTED_EDGE('',*,*,#2256,.F.);
#3162=ORIENTED_EDGE('',*,*,#2257,.F.);
#3163=ORIENTED_EDGE('',*,*,#2258,.F.);
#3164=ORIENTED_EDGE('',*,*,#2259,.F.);
#3165=ORIENTED_EDGE('',*,*,#2260,.F.);
#3166=ORIENTED_EDGE('',*,*,#2261,.F.);
#3167=ORIENTED_EDGE('',*,*,#2262,.F.);
#3168=ORIENTED_EDGE('',*,*,#2102,.F.);
#3169=ORIENTED_EDGE('',*,*,#2249,.T.);
#3170=ORIENTED_EDGE('',*,*,#2247,.F.);
#3171=ORIENTED_EDGE('',*,*,#2211,.T.);
#3172=ORIENTED_EDGE('',*,*,#2091,.F.);
#3173=ORIENTED_EDGE('',*,*,#2114,.T.);
#3174=ORIENTED_EDGE('',*,*,#2241,.F.);
#3175=ORIENTED_EDGE('',*,*,#2250,.T.);
#3176=ORIENTED_EDGE('',*,*,#2096,.F.);
#3177=ORIENTED_EDGE('',*,*,#2253,.T.);
#3178=ORIENTED_EDGE('',*,*,#2263,.F.);
#3179=ORIENTED_EDGE('',*,*,#2264,.T.);
#3180=ORIENTED_EDGE('',*,*,#2265,.T.);
#3181=ORIENTED_EDGE('',*,*,#2252,.T.);
#3182=ORIENTED_EDGE('',*,*,#2266,.F.);
#3183=ORIENTED_EDGE('',*,*,#2267,.T.);
#3184=ORIENTED_EDGE('',*,*,#2263,.T.);
#3185=ORIENTED_EDGE('',*,*,#2251,.T.);
#3186=ORIENTED_EDGE('',*,*,#2268,.F.);
#3187=ORIENTED_EDGE('',*,*,#2269,.T.);
#3188=ORIENTED_EDGE('',*,*,#2266,.T.);
#3189=ORIENTED_EDGE('',*,*,#2259,.T.);
#3190=ORIENTED_EDGE('',*,*,#2270,.F.);
#3191=ORIENTED_EDGE('',*,*,#2271,.T.);
#3192=ORIENTED_EDGE('',*,*,#2272,.T.);
#3193=ORIENTED_EDGE('',*,*,#2258,.T.);
#3194=ORIENTED_EDGE('',*,*,#2273,.F.);
#3195=ORIENTED_EDGE('',*,*,#2274,.T.);
#3196=ORIENTED_EDGE('',*,*,#2270,.T.);
#3197=ORIENTED_EDGE('',*,*,#2257,.T.);
#3198=ORIENTED_EDGE('',*,*,#2275,.F.);
#3199=ORIENTED_EDGE('',*,*,#2276,.T.);
#3200=ORIENTED_EDGE('',*,*,#2273,.T.);
#3201=ORIENTED_EDGE('',*,*,#2277,.F.);
#3202=ORIENTED_EDGE('',*,*,#2278,.T.);
#3203=ORIENTED_EDGE('',*,*,#2146,.T.);
#3204=ORIENTED_EDGE('',*,*,#2278,.F.);
#3205=ORIENTED_EDGE('',*,*,#2269,.F.);
#3206=ORIENTED_EDGE('',*,*,#2279,.F.);
#3207=ORIENTED_EDGE('',*,*,#2280,.F.);
#3208=ORIENTED_EDGE('',*,*,#2281,.F.);
#3209=ORIENTED_EDGE('',*,*,#2264,.F.);
#3210=ORIENTED_EDGE('',*,*,#2267,.F.);
#3211=ORIENTED_EDGE('',*,*,#2277,.T.);
#3212=ORIENTED_EDGE('',*,*,#2254,.T.);
#3213=ORIENTED_EDGE('',*,*,#2265,.F.);
#3214=ORIENTED_EDGE('',*,*,#2281,.T.);
#3215=ORIENTED_EDGE('',*,*,#2282,.T.);
#3216=ORIENTED_EDGE('',*,*,#2255,.T.);
#3217=ORIENTED_EDGE('',*,*,#2282,.F.);
#3218=ORIENTED_EDGE('',*,*,#2280,.T.);
#3219=ORIENTED_EDGE('',*,*,#2283,.T.);
#3220=ORIENTED_EDGE('',*,*,#2256,.T.);
#3221=ORIENTED_EDGE('',*,*,#2283,.F.);
#3222=ORIENTED_EDGE('',*,*,#2279,.T.);
#3223=ORIENTED_EDGE('',*,*,#2268,.T.);
#3224=ORIENTED_EDGE('',*,*,#2284,.F.);
#3225=ORIENTED_EDGE('',*,*,#2285,.T.);
#3226=ORIENTED_EDGE('',*,*,#2147,.T.);
#3227=ORIENTED_EDGE('',*,*,#2285,.F.);
#3228=ORIENTED_EDGE('',*,*,#2276,.F.);
#3229=ORIENTED_EDGE('',*,*,#2286,.F.);
#3230=ORIENTED_EDGE('',*,*,#2287,.F.);
#3231=ORIENTED_EDGE('',*,*,#2288,.F.);
#3232=ORIENTED_EDGE('',*,*,#2271,.F.);
#3233=ORIENTED_EDGE('',*,*,#2274,.F.);
#3234=ORIENTED_EDGE('',*,*,#2284,.T.);
#3235=ORIENTED_EDGE('',*,*,#2260,.T.);
#3236=ORIENTED_EDGE('',*,*,#2272,.F.);
#3237=ORIENTED_EDGE('',*,*,#2288,.T.);
#3238=ORIENTED_EDGE('',*,*,#2289,.T.);
#3239=ORIENTED_EDGE('',*,*,#2261,.T.);
#3240=ORIENTED_EDGE('',*,*,#2289,.F.);
#3241=ORIENTED_EDGE('',*,*,#2287,.T.);
#3242=ORIENTED_EDGE('',*,*,#2290,.T.);
#3243=ORIENTED_EDGE('',*,*,#2262,.T.);
#3244=ORIENTED_EDGE('',*,*,#2290,.F.);
#3245=ORIENTED_EDGE('',*,*,#2286,.T.);
#3246=ORIENTED_EDGE('',*,*,#2275,.T.);
#3247=ORIENTED_EDGE('',*,*,#2137,.F.);
#3248=ORIENTED_EDGE('',*,*,#2182,.F.);
#3249=ORIENTED_EDGE('',*,*,#2183,.F.);
#3250=ORIENTED_EDGE('',*,*,#2142,.T.);
#3251=ORIENTED_EDGE('',*,*,#2115,.F.);
#3252=ORIENTED_EDGE('',*,*,#2291,.T.);
#3253=ORIENTED_EDGE('',*,*,#2180,.F.);
#3254=ORIENTED_EDGE('',*,*,#2291,.F.);
#3255=ORIENTED_EDGE('',*,*,#2194,.F.);
#3256=ORIENTED_EDGE('',*,*,#2292,.T.);
#3257=ORIENTED_EDGE('',*,*,#2220,.T.);
#3258=ORIENTED_EDGE('',*,*,#2293,.F.);
#3259=ORIENTED_EDGE('',*,*,#2294,.T.);
#3260=ORIENTED_EDGE('',*,*,#2295,.T.);
#3261=ORIENTED_EDGE('',*,*,#2216,.F.);
#3262=ORIENTED_EDGE('',*,*,#2295,.F.);
#3263=ORIENTED_EDGE('',*,*,#2296,.F.);
#3264=ORIENTED_EDGE('',*,*,#2294,.F.);
#3265=ORIENTED_EDGE('',*,*,#2223,.T.);
#3266=ORIENTED_EDGE('',*,*,#2297,.T.);
#3267=ORIENTED_EDGE('',*,*,#2296,.T.);
#3268=ORIENTED_EDGE('',*,*,#2297,.F.);
#3269=ORIENTED_EDGE('',*,*,#2200,.F.);
#3270=ORIENTED_EDGE('',*,*,#2222,.T.);
#3271=ORIENTED_EDGE('',*,*,#2298,.F.);
#3272=ORIENTED_EDGE('',*,*,#2192,.F.);
#3273=ORIENTED_EDGE('',*,*,#2298,.T.);
#3274=ORIENTED_EDGE('',*,*,#2221,.T.);
#3275=ORIENTED_EDGE('',*,*,#2292,.F.);
#3276=ORIENTED_EDGE('',*,*,#2193,.F.);
#3277=ORIENTED_EDGE('',*,*,#2219,.T.);
#3278=ORIENTED_EDGE('',*,*,#2299,.F.);
#3279=ORIENTED_EDGE('',*,*,#2187,.F.);
#3280=ORIENTED_EDGE('',*,*,#2293,.T.);
#3281=ORIENTED_EDGE('',*,*,#2299,.T.);
#3282=ORIENTED_EDGE('',*,*,#2218,.T.);
#3283=ORIENTED_EDGE('',*,*,#2300,.F.);
#3284=ORIENTED_EDGE('',*,*,#2188,.F.);
#3285=ORIENTED_EDGE('',*,*,#2206,.F.);
#3286=ORIENTED_EDGE('',*,*,#2215,.F.);
#3287=ORIENTED_EDGE('',*,*,#2209,.F.);
#3288=ORIENTED_EDGE('',*,*,#2189,.F.);
#3289=ORIENTED_EDGE('',*,*,#2300,.T.);
#3290=ORIENTED_EDGE('',*,*,#2217,.T.);
#3291=ORIENTED_EDGE('',*,*,#2165,.T.);
#3292=ORIENTED_EDGE('',*,*,#2301,.T.);
#3293=ORIENTED_EDGE('',*,*,#2126,.T.);
#3294=ORIENTED_EDGE('',*,*,#2302,.F.);
#3295=ORIENTED_EDGE('',*,*,#2170,.T.);
#3296=ORIENTED_EDGE('',*,*,#2303,.T.);
#3297=ORIENTED_EDGE('',*,*,#2127,.T.);
#3298=ORIENTED_EDGE('',*,*,#2301,.F.);
#3299=ORIENTED_EDGE('',*,*,#2169,.T.);
#3300=ORIENTED_EDGE('',*,*,#2304,.T.);
#3301=ORIENTED_EDGE('',*,*,#2128,.T.);
#3302=ORIENTED_EDGE('',*,*,#2303,.F.);
#3303=ORIENTED_EDGE('',*,*,#2168,.T.);
#3304=ORIENTED_EDGE('',*,*,#2305,.T.);
#3305=ORIENTED_EDGE('',*,*,#2129,.T.);
#3306=ORIENTED_EDGE('',*,*,#2304,.F.);
#3307=ORIENTED_EDGE('',*,*,#2167,.T.);
#3308=ORIENTED_EDGE('',*,*,#2306,.T.);
#3309=ORIENTED_EDGE('',*,*,#2130,.T.);
#3310=ORIENTED_EDGE('',*,*,#2305,.F.);
#3311=ORIENTED_EDGE('',*,*,#2166,.T.);
#3312=ORIENTED_EDGE('',*,*,#2302,.T.);
#3313=ORIENTED_EDGE('',*,*,#2131,.T.);
#3314=ORIENTED_EDGE('',*,*,#2306,.F.);
#3315=TOROIDAL_SURFACE('',#3539,33.,1.);
#3316=TOROIDAL_SURFACE('',#3549,32.,2.);
#3317=TOROIDAL_SURFACE('',#3568,4.,2.);
#3318=TOROIDAL_SURFACE('',#3582,4.,2.);
#3319=TOROIDAL_SURFACE('',#3602,4.,2.);
#3320=TOROIDAL_SURFACE('',#3616,4.,2.);
#3321=TOROIDAL_SURFACE('',#3634,4.,1.99999999999999);
#3322=TOROIDAL_SURFACE('',#3645,3.99999999999999,1.99999999999999);
#3323=TOROIDAL_SURFACE('',#3728,9.,1.);
#3324=TOROIDAL_SURFACE('',#3734,9.,1.);
#3325=TOROIDAL_SURFACE('',#3740,4.,1.);
#3326=TOROIDAL_SURFACE('',#3745,8.5,1.);
#3327=TOROIDAL_SURFACE('',#3751,8.5,1.);
#3328=TOROIDAL_SURFACE('',#3775,6.,3.);
#3329=TOROIDAL_SURFACE('',#3825,22.,3.);
#3330=TOROIDAL_SURFACE('',#3835,22.,3.);
#3331=ADVANCED_FACE('',(#922),#3315,.T.);
#3332=ADVANCED_FACE('',(#923),#858,.T.);
#3333=ADVANCED_FACE('',(#924,#33,#34),#59,.T.);
#3334=ADVANCED_FACE('',(#925),#3316,.T.);
#3335=ADVANCED_FACE('',(#926,#35),#60,.T.);
#3336=ADVANCED_FACE('',(#927),#859,.F.);
#3337=ADVANCED_FACE('',(#928),#860,.F.);
#3338=ADVANCED_FACE('',(#929),#29,.F.);
#3339=ADVANCED_FACE('',(#930),#861,.F.);
#3340=ADVANCED_FACE('',(#931,#36,#37),#61,.T.);
#3341=ADVANCED_FACE('',(#932),#30,.F.);
#3342=ADVANCED_FACE('',(#933),#862,.T.);
#3343=ADVANCED_FACE('',(#934),#3317,.T.);
#3344=ADVANCED_FACE('',(#935),#863,.T.);
#3345=ADVANCED_FACE('',(#936),#864,.T.);
#3346=ADVANCED_FACE('',(#937),#19,.T.);
#3347=ADVANCED_FACE('',(#938),#865,.T.);
#3348=ADVANCED_FACE('',(#939),#3318,.T.);
#3349=ADVANCED_FACE('',(#940),#866,.T.);
#3350=ADVANCED_FACE('',(#941),#20,.T.);
#3351=ADVANCED_FACE('',(#942),#62,.F.);
#3352=ADVANCED_FACE('',(#943),#63,.F.);
#3353=ADVANCED_FACE('',(#944),#64,.F.);
#3354=ADVANCED_FACE('',(#945),#867,.T.);
#3355=ADVANCED_FACE('',(#946),#65,.T.);
#3356=ADVANCED_FACE('',(#947),#868,.T.);
#3357=ADVANCED_FACE('',(#948),#869,.T.);
#3358=ADVANCED_FACE('',(#949),#3319,.T.);
#3359=ADVANCED_FACE('',(#950),#870,.T.);
#3360=ADVANCED_FACE('',(#951),#871,.T.);
#3361=ADVANCED_FACE('',(#952),#21,.T.);
#3362=ADVANCED_FACE('',(#953),#872,.T.);
#3363=ADVANCED_FACE('',(#954),#3320,.T.);
#3364=ADVANCED_FACE('',(#955),#873,.T.);
#3365=ADVANCED_FACE('',(#956),#22,.T.);
#3366=ADVANCED_FACE('',(#957),#66,.T.);
#3367=ADVANCED_FACE('',(#958),#67,.T.);
#3368=ADVANCED_FACE('',(#959),#68,.T.);
#3369=ADVANCED_FACE('',(#960),#874,.T.);
#3370=ADVANCED_FACE('',(#961),#69,.T.);
#3371=ADVANCED_FACE('',(#962),#875,.T.);
#3372=ADVANCED_FACE('',(#963),#3321,.F.);
#3373=ADVANCED_FACE('',(#964),#876,.F.);
#3374=ADVANCED_FACE('',(#965),#877,.F.);
#3375=ADVANCED_FACE('',(#966),#878,.T.);
#3376=ADVANCED_FACE('',(#967),#70,.T.);
#3377=ADVANCED_FACE('',(#968),#71,.T.);
#3378=ADVANCED_FACE('',(#969),#3322,.F.);
#3379=ADVANCED_FACE('',(#970),#879,.F.);
#3380=ADVANCED_FACE('',(#971),#880,.T.);
#3381=ADVANCED_FACE('',(#972),#881,.F.);
#3382=ADVANCED_FACE('',(#973,#38,#39),#72,.T.);
#3383=ADVANCED_FACE('',(#974),#73,.T.);
#3384=ADVANCED_FACE('',(#975),#882,.T.);
#3385=ADVANCED_FACE('',(#976,#40,#41),#74,.F.);
#3386=ADVANCED_FACE('',(#977),#75,.F.);
#3387=ADVANCED_FACE('',(#978),#883,.T.);
#3388=ADVANCED_FACE('',(#979),#31,.F.);
#3389=ADVANCED_FACE('',(#980),#884,.F.);
#3390=ADVANCED_FACE('',(#981),#32,.F.);
#3391=ADVANCED_FACE('',(#982),#885,.F.);
#3392=ADVANCED_FACE('',(#983),#76,.F.);
#3393=ADVANCED_FACE('',(#984),#77,.F.);
#3394=ADVANCED_FACE('',(#985),#78,.F.);
#3395=ADVANCED_FACE('',(#986),#79,.F.);
#3396=ADVANCED_FACE('',(#987),#80,.F.);
#3397=ADVANCED_FACE('',(#988),#81,.F.);
#3398=ADVANCED_FACE('',(#989),#82,.F.);
#3399=ADVANCED_FACE('',(#990),#83,.F.);
#3400=ADVANCED_FACE('',(#991),#84,.F.);
#3401=ADVANCED_FACE('',(#992),#85,.F.);
#3402=ADVANCED_FACE('',(#993),#86,.F.);
#3403=ADVANCED_FACE('',(#994),#87,.F.);
#3404=ADVANCED_FACE('',(#995),#88,.F.);
#3405=ADVANCED_FACE('',(#996),#89,.F.);
#3406=ADVANCED_FACE('',(#997),#90,.F.);
#3407=ADVANCED_FACE('',(#998),#91,.F.);
#3408=ADVANCED_FACE('',(#999),#92,.F.);
#3409=ADVANCED_FACE('',(#1000),#93,.F.);
#3410=ADVANCED_FACE('',(#1001),#94,.F.);
#3411=ADVANCED_FACE('',(#1002),#886,.F.);
#3412=ADVANCED_FACE('',(#1003),#95,.T.);
#3413=ADVANCED_FACE('',(#1004),#887,.F.);
#3414=ADVANCED_FACE('',(#1005),#96,.T.);
#3415=ADVANCED_FACE('',(#1006),#97,.T.);
#3416=ADVANCED_FACE('',(#1007),#98,.T.);
#3417=ADVANCED_FACE('',(#1008),#99,.T.);
#3418=ADVANCED_FACE('',(#1009),#100,.T.);
#3419=ADVANCED_FACE('',(#1010),#101,.T.);
#3420=ADVANCED_FACE('',(#1011),#102,.T.);
#3421=ADVANCED_FACE('',(#1012),#103,.T.);
#3422=ADVANCED_FACE('',(#1013),#104,.T.);
#3423=ADVANCED_FACE('',(#1014),#105,.T.);
#3424=ADVANCED_FACE('',(#1015),#106,.T.);
#3425=ADVANCED_FACE('',(#1016),#107,.T.);
#3426=ADVANCED_FACE('',(#1017),#108,.T.);
#3427=ADVANCED_FACE('',(#1018),#109,.T.);
#3428=ADVANCED_FACE('',(#1019),#110,.T.);
#3429=ADVANCED_FACE('',(#1020),#111,.T.);
#3430=ADVANCED_FACE('',(#1021),#112,.T.);
#3431=ADVANCED_FACE('',(#1022),#113,.T.);
#3432=ADVANCED_FACE('',(#1023),#888,.F.);
#3433=ADVANCED_FACE('',(#1024),#114,.F.);
#3434=ADVANCED_FACE('',(#1025),#889,.F.);
#3435=ADVANCED_FACE('',(#1026),#115,.F.);
#3436=ADVANCED_FACE('',(#1027),#890,.T.);
#3437=ADVANCED_FACE('',(#1028),#3323,.T.);
#3438=ADVANCED_FACE('',(#1029),#891,.T.);
#3439=ADVANCED_FACE('',(#1030),#3324,.T.);
#3440=ADVANCED_FACE('',(#1031),#892,.T.);
#3441=ADVANCED_FACE('',(#1032),#3325,.T.);
#3442=ADVANCED_FACE('',(#1033),#17,.F.);
#3443=ADVANCED_FACE('',(#1034),#3326,.T.);
#3444=ADVANCED_FACE('',(#1035),#893,.T.);
#3445=ADVANCED_FACE('',(#1036),#3327,.T.);
#3446=ADVANCED_FACE('',(#1037),#894,.T.);
#3447=ADVANCED_FACE('',(#1038),#116,.T.);
#3448=ADVANCED_FACE('',(#1039,#42),#117,.T.);
#3449=ADVANCED_FACE('',(#1040),#895,.F.);
#3450=ADVANCED_FACE('',(#1041,#43,#44),#118,.T.);
#3451=ADVANCED_FACE('',(#1042),#896,.F.);
#3452=ADVANCED_FACE('',(#1043),#897,.T.);
#3453=ADVANCED_FACE('',(#1044,#45,#46),#119,.F.);
#3454=ADVANCED_FACE('',(#1045),#3328,.T.);
#3455=ADVANCED_FACE('',(#1046),#898,.T.);
#3456=ADVANCED_FACE('',(#1047),#899,.F.);
#3457=ADVANCED_FACE('',(#1048),#900,.T.);
#3458=ADVANCED_FACE('',(#1049),#120,.T.);
#3459=ADVANCED_FACE('',(#1050,#47,#48),#121,.F.);
#3460=ADVANCED_FACE('',(#1051,#49),#122,.T.);
#3461=ADVANCED_FACE('',(#1052),#901,.T.);
#3462=ADVANCED_FACE('',(#1053,#50),#123,.T.);
#3463=ADVANCED_FACE('',(#1054),#902,.F.);
#3464=ADVANCED_FACE('',(#1055),#124,.F.);
#3465=ADVANCED_FACE('',(#1056),#903,.F.);
#3466=ADVANCED_FACE('',(#1057),#125,.F.);
#3467=ADVANCED_FACE('',(#1058),#904,.F.);
#3468=ADVANCED_FACE('',(#1059,#51,#52),#126,.T.);
#3469=ADVANCED_FACE('',(#1060,#53),#127,.T.);
#3470=ADVANCED_FACE('',(#1061),#128,.T.);
#3471=ADVANCED_FACE('',(#1062),#129,.T.);
#3472=ADVANCED_FACE('',(#1063),#130,.T.);
#3473=ADVANCED_FACE('',(#1064),#131,.T.);
#3474=ADVANCED_FACE('',(#1065),#132,.T.);
#3475=ADVANCED_FACE('',(#1066),#133,.T.);
#3476=ADVANCED_FACE('',(#1067),#905,.T.);
#3477=ADVANCED_FACE('',(#1068),#3329,.T.);
#3478=ADVANCED_FACE('',(#1069),#906,.T.);
#3479=ADVANCED_FACE('',(#1070),#134,.T.);
#3480=ADVANCED_FACE('',(#1071),#907,.T.);
#3481=ADVANCED_FACE('',(#1072),#135,.T.);
#3482=ADVANCED_FACE('',(#1073),#908,.T.);
#3483=ADVANCED_FACE('',(#1074),#3330,.T.);
#3484=ADVANCED_FACE('',(#1075),#909,.T.);
#3485=ADVANCED_FACE('',(#1076),#136,.T.);
#3486=ADVANCED_FACE('',(#1077),#910,.T.);
#3487=ADVANCED_FACE('',(#1078,#54,#55),#137,.F.);
#3488=ADVANCED_FACE('',(#1079),#911,.F.);
#3489=ADVANCED_FACE('',(#1080),#912,.F.);
#3490=ADVANCED_FACE('',(#1081),#138,.T.);
#3491=ADVANCED_FACE('',(#1082),#139,.T.);
#3492=ADVANCED_FACE('',(#1083),#140,.T.);
#3493=ADVANCED_FACE('',(#1084),#141,.T.);
#3494=ADVANCED_FACE('',(#1085),#142,.T.);
#3495=ADVANCED_FACE('',(#1086),#143,.T.);
#3496=ADVANCED_FACE('',(#1087),#913,.F.);
#3497=ADVANCED_FACE('',(#1088,#56),#144,.T.);
#3498=ADVANCED_FACE('',(#1089),#145,.T.);
#3499=ADVANCED_FACE('',(#1090),#146,.T.);
#3500=ADVANCED_FACE('',(#1091),#147,.T.);
#3501=ADVANCED_FACE('',(#1092),#914,.F.);
#3502=ADVANCED_FACE('',(#1093,#57),#148,.T.);
#3503=ADVANCED_FACE('',(#1094),#149,.T.);
#3504=ADVANCED_FACE('',(#1095),#150,.T.);
#3505=ADVANCED_FACE('',(#1096),#151,.T.);
#3506=ADVANCED_FACE('',(#1097),#915,.T.);
#3507=ADVANCED_FACE('',(#1098),#916,.F.);
#3508=ADVANCED_FACE('',(#1099),#917,.F.);
#3509=ADVANCED_FACE('',(#1100),#918,.F.);
#3510=ADVANCED_FACE('',(#1101,#58),#152,.T.);
#3511=ADVANCED_FACE('',(#1102),#919,.F.);
#3512=ADVANCED_FACE('',(#1103),#920,.F.);
#3513=ADVANCED_FACE('',(#1104),#153,.F.);
#3514=ADVANCED_FACE('',(#1105),#154,.F.);
#3515=ADVANCED_FACE('',(#1106),#921,.F.);
#3516=ADVANCED_FACE('',(#1107),#155,.F.);
#3517=ADVANCED_FACE('',(#1108),#156,.F.);
#3518=ADVANCED_FACE('',(#1109),#157,.F.);
#3519=ADVANCED_FACE('',(#1110),#158,.F.);
#3520=ADVANCED_FACE('',(#1111),#159,.F.);
#3521=ADVANCED_FACE('',(#1112),#160,.F.);
#3522=ADVANCED_FACE('',(#1113),#161,.F.);
#3523=CLOSED_SHELL('',(#3331,#3332,#3333,#3334,#3335,#3336,#3337,#3338,
#3339,#3340,#3341));
#3524=CLOSED_SHELL('',(#3342,#3343,#3344,#3345,#3346,#3347,#3348,#3349,
#3350,#3351,#3352,#3353,#3354,#3355,#3356,#3357,#3358,#3359,#3360,#3361,
#3362,#3363,#3364,#3365,#3366,#3367,#3368,#3369,#3370,#3371,#3372,#3373,
#3374,#3375,#3376,#3377,#3378,#3379,#3380,#3381,#3382,#3383,#3384,#3385,
#3386,#3387,#3388,#3389,#3390,#3391,#3392,#3393,#3394,#3395,#3396,#3397,
#3398,#3399,#3400,#3401,#3402,#3403,#3404,#3405,#3406,#3407,#3408,#3409,
#3410,#3411,#3412,#3413,#3414,#3415,#3416,#3417,#3418,#3419,#3420,#3421,
#3422,#3423,#3424,#3425,#3426,#3427,#3428,#3429,#3430,#3431,#3432,#3433,
#3434,#3435));
#3525=CLOSED_SHELL('',(#3436,#3437,#3438,#3439,#3440,#3441,#3442,#3443,
#3444,#3445,#3446,#3447,#3448,#3449,#3450,#3451,#3452,#3453,#3454,#3455,
#3456,#3457,#3458,#3459,#3460,#3461,#3462,#3463,#3464,#3465,#3466,#3467,
#3468,#3469,#3470,#3471,#3472,#3473,#3474,#3475,#3476,#3477,#3478,#3479,
#3480,#3481,#3482,#3483,#3484,#3485,#3486,#3487,#3488,#3489,#3490,#3491,
#3492,#3493,#3494,#3495,#3496,#3497,#3498,#3499,#3500,#3501,#3502,#3503,
#3504,#3505,#3506,#3507,#3508,#3509,#3510,#3511,#3512,#3513,#3514,#3515,
#3516,#3517,#3518,#3519,#3520,#3521,#3522));
#3526=DERIVED_UNIT_ELEMENT(#3528,1.);
#3527=DERIVED_UNIT_ELEMENT(#5990,-3.);
#3528=(
MASS_UNIT()
NAMED_UNIT(*)
SI_UNIT(.KILO.,.GRAM.)
);
#3529=DERIVED_UNIT((#3526,#3527));
#3530=MEASURE_REPRESENTATION_ITEM('density measure',
POSITIVE_RATIO_MEASURE(7850.),#3529);
#3531=PROPERTY_DEFINITION_REPRESENTATION(#3536,#3533);
#3532=PROPERTY_DEFINITION_REPRESENTATION(#3537,#3534);
#3533=REPRESENTATION('material name',(#3535),#5987);
#3534=REPRESENTATION('density',(#3530),#5987);
#3535=DESCRIPTIVE_REPRESENTATION_ITEM('\X2\AC15CCA0\X0\','\X2\AC15CCA0\X0\');
#3536=PROPERTY_DEFINITION('material property','material name',#5997);
#3537=PROPERTY_DEFINITION('material property','density of part',#5997);
#3538=AXIS2_PLACEMENT_3D('',#4918,#3882,#3883);
#3539=AXIS2_PLACEMENT_3D('',#4919,#3884,#3885);
#3540=AXIS2_PLACEMENT_3D('',#4921,#3886,#3887);
#3541=AXIS2_PLACEMENT_3D('',#4923,#3888,#3889);
#3542=AXIS2_PLACEMENT_3D('',#4925,#3890,#3891);
#3543=AXIS2_PLACEMENT_3D('',#4926,#3892,#3893);
#3544=AXIS2_PLACEMENT_3D('',#4927,#3894,#3895);
#3545=AXIS2_PLACEMENT_3D('',#4930,#3897,#3898);
#3546=AXIS2_PLACEMENT_3D('',#4931,#3899,#3900);
#3547=AXIS2_PLACEMENT_3D('',#4933,#3901,#3902);
#3548=AXIS2_PLACEMENT_3D('',#4935,#3903,#3904);
#3549=AXIS2_PLACEMENT_3D('',#4936,#3905,#3906);
#3550=AXIS2_PLACEMENT_3D('',#4938,#3907,#3908);
#3551=AXIS2_PLACEMENT_3D('',#4939,#3909,#3910);
#3552=AXIS2_PLACEMENT_3D('',#4940,#3911,#3912);
#3553=AXIS2_PLACEMENT_3D('',#4942,#3913,#3914);
#3554=AXIS2_PLACEMENT_3D('',#4943,#3915,#3916);
#3555=AXIS2_PLACEMENT_3D('',#4946,#3918,#3919);
#3556=AXIS2_PLACEMENT_3D('',#4947,#3920,#3921);
#3557=AXIS2_PLACEMENT_3D('',#4949,#3922,#3923);
#3558=AXIS2_PLACEMENT_3D('',#4951,#3925,#3926);
#3559=AXIS2_PLACEMENT_3D('',#4953,#3927,#3928);
#3560=AXIS2_PLACEMENT_3D('',#4955,#3930,#3931);
#3561=AXIS2_PLACEMENT_3D('',#4957,#3932,#3933);
#3562=AXIS2_PLACEMENT_3D('',#4959,#3935,#3936);
#3563=AXIS2_PLACEMENT_3D('',#4961,#3937,#3938);
#3564=AXIS2_PLACEMENT_3D('',#4962,#3939,#3940);
#3565=AXIS2_PLACEMENT_3D('',#4964,#3942,#3943);
#3566=AXIS2_PLACEMENT_3D('',#4967,#3944,#3945);
#3567=AXIS2_PLACEMENT_3D('',#4971,#3947,#3948);
#3568=AXIS2_PLACEMENT_3D('',#4973,#3950,#3951);
#3569=AXIS2_PLACEMENT_3D('',#4976,#3952,#3953);
#3570=AXIS2_PLACEMENT_3D('',#4977,#3954,#3955);
#3571=AXIS2_PLACEMENT_3D('',#4978,#3956,#3957);
#3572=AXIS2_PLACEMENT_3D('',#4979,#3958,#3959);
#3573=AXIS2_PLACEMENT_3D('',#4982,#3960,#3961);
#3574=AXIS2_PLACEMENT_3D('',#4985,#3964,#3965);
#3575=AXIS2_PLACEMENT_3D('',#4988,#3966,#3967);
#3576=AXIS2_PLACEMENT_3D('',#4991,#3969,#3970);
#3577=AXIS2_PLACEMENT_3D('',#4993,#3972,#3973);
#3578=AXIS2_PLACEMENT_3D('',#4994,#3974,#3975);
#3579=AXIS2_PLACEMENT_3D('',#4995,#3976,#3977);
#3580=AXIS2_PLACEMENT_3D('',#4998,#3978,#3979);
#3581=AXIS2_PLACEMENT_3D('',#5001,#3981,#3982);
#3582=AXIS2_PLACEMENT_3D('',#5003,#3984,#3985);
#3583=AXIS2_PLACEMENT_3D('',#5006,#3986,#3987);
#3584=AXIS2_PLACEMENT_3D('',#5007,#3988,#3989);
#3585=AXIS2_PLACEMENT_3D('',#5008,#3990,#3991);
#3586=AXIS2_PLACEMENT_3D('',#5009,#3992,#3993);
#3587=AXIS2_PLACEMENT_3D('',#5012,#3994,#3995);
#3588=AXIS2_PLACEMENT_3D('',#5015,#3998,#3999);
#3589=AXIS2_PLACEMENT_3D('',#5016,#4000,#4001);
#3590=AXIS2_PLACEMENT_3D('',#5017,#4002,#4003);
#3591=AXIS2_PLACEMENT_3D('',#5023,#4007,#4008);
#3592=AXIS2_PLACEMENT_3D('',#5038,#4016,#4017);
#3593=AXIS2_PLACEMENT_3D('',#5039,#4018,#4019);
#3594=AXIS2_PLACEMENT_3D('',#5061,#4031,#4032);
#3595=AXIS2_PLACEMENT_3D('',#5064,#4034,#4035);
#3596=AXIS2_PLACEMENT_3D('',#5065,#4036,#4037);
#3597=AXIS2_PLACEMENT_3D('',#5069,#4040,#4041);
#3598=AXIS2_PLACEMENT_3D('',#5072,#4043,#4044);
#3599=AXIS2_PLACEMENT_3D('',#5073,#4045,#4046);
#3600=AXIS2_PLACEMENT_3D('',#5076,#4047,#4048);
#3601=AXIS2_PLACEMENT_3D('',#5080,#4050,#4051);
#3602=AXIS2_PLACEMENT_3D('',#5082,#4053,#4054);
#3603=AXIS2_PLACEMENT_3D('',#5085,#4055,#4056);
#3604=AXIS2_PLACEMENT_3D('',#5086,#4057,#4058);
#3605=AXIS2_PLACEMENT_3D('',#5087,#4059,#4060);
#3606=AXIS2_PLACEMENT_3D('',#5088,#4061,#4062);
#3607=AXIS2_PLACEMENT_3D('',#5091,#4063,#4064);
#3608=AXIS2_PLACEMENT_3D('',#5094,#4067,#4068);
#3609=AXIS2_PLACEMENT_3D('',#5097,#4069,#4070);
#3610=AXIS2_PLACEMENT_3D('',#5100,#4072,#4073);
#3611=AXIS2_PLACEMENT_3D('',#5102,#4075,#4076);
#3612=AXIS2_PLACEMENT_3D('',#5103,#4077,#4078);
#3613=AXIS2_PLACEMENT_3D('',#5104,#4079,#4080);
#3614=AXIS2_PLACEMENT_3D('',#5107,#4081,#4082);
#3615=AXIS2_PLACEMENT_3D('',#5110,#4084,#4085);
#3616=AXIS2_PLACEMENT_3D('',#5112,#4087,#4088);
#3617=AXIS2_PLACEMENT_3D('',#5115,#4089,#4090);
#3618=AXIS2_PLACEMENT_3D('',#5116,#4091,#4092);
#3619=AXIS2_PLACEMENT_3D('',#5117,#4093,#4094);
#3620=AXIS2_PLACEMENT_3D('',#5118,#4095,#4096);
#3621=AXIS2_PLACEMENT_3D('',#5121,#4097,#4098);
#3622=AXIS2_PLACEMENT_3D('',#5124,#4101,#4102);
#3623=AXIS2_PLACEMENT_3D('',#5125,#4103,#4104);
#3624=AXIS2_PLACEMENT_3D('',#5126,#4105,#4106);
#3625=AXIS2_PLACEMENT_3D('',#5140,#4114,#4115);
#3626=AXIS2_PLACEMENT_3D('',#5150,#4121,#4122);
#3627=AXIS2_PLACEMENT_3D('',#5162,#4128,#4129);
#3628=AXIS2_PLACEMENT_3D('',#5166,#4131,#4132);
#3629=AXIS2_PLACEMENT_3D('',#5168,#4134,#4135);
#3630=AXIS2_PLACEMENT_3D('',#5171,#4137,#4138);
#3631=AXIS2_PLACEMENT_3D('',#5172,#4139,#4140);
#3632=AXIS2_PLACEMENT_3D('',#5176,#4143,#4144);
#3633=AXIS2_PLACEMENT_3D('',#5179,#4146,#4147);
#3634=AXIS2_PLACEMENT_3D('',#5180,#4148,#4149);
#3635=AXIS2_PLACEMENT_3D('',#5182,#4150,#4151);
#3636=AXIS2_PLACEMENT_3D('',#5184,#4152,#4153);
#3637=AXIS2_PLACEMENT_3D('',#5186,#4154,#4155);
#3638=AXIS2_PLACEMENT_3D('',#5187,#4156,#4157);
#3639=AXIS2_PLACEMENT_3D('',#5188,#4158,#4159);
#3640=AXIS2_PLACEMENT_3D('',#5191,#4162,#4163);
#3641=AXIS2_PLACEMENT_3D('',#5193,#4165,#4166);
#3642=AXIS2_PLACEMENT_3D('',#5195,#4167,#4168);
#3643=AXIS2_PLACEMENT_3D('',#5197,#4170,#4171);
#3644=AXIS2_PLACEMENT_3D('',#5199,#4173,#4174);
#3645=AXIS2_PLACEMENT_3D('',#5211,#4181,#4182);
#3646=AXIS2_PLACEMENT_3D('',#5214,#4183,#4184);
#3647=AXIS2_PLACEMENT_3D('',#5215,#4185,#4186);
#3648=AXIS2_PLACEMENT_3D('',#5217,#4187,#4188);
#3649=AXIS2_PLACEMENT_3D('',#5218,#4189,#4190);
#3650=AXIS2_PLACEMENT_3D('',#5219,#4191,#4192);
#3651=AXIS2_PLACEMENT_3D('',#5221,#4194,#4195);
#3652=AXIS2_PLACEMENT_3D('',#5223,#4197,#4198);
#3653=AXIS2_PLACEMENT_3D('',#5226,#4201,#4202);
#3654=AXIS2_PLACEMENT_3D('',#5228,#4203,#4204);
#3655=AXIS2_PLACEMENT_3D('',#5230,#4205,#4206);
#3656=AXIS2_PLACEMENT_3D('',#5231,#4207,#4208);
#3657=AXIS2_PLACEMENT_3D('',#5251,#4219,#4220);
#3658=AXIS2_PLACEMENT_3D('',#5252,#4221,#4222);
#3659=AXIS2_PLACEMENT_3D('',#5253,#4223,#4224);
#3660=AXIS2_PLACEMENT_3D('',#5254,#4225,#4226);
#3661=AXIS2_PLACEMENT_3D('',#5257,#4228,#4229);
#3662=AXIS2_PLACEMENT_3D('',#5259,#4230,#4231);
#3663=AXIS2_PLACEMENT_3D('',#5261,#4232,#4233);
#3664=AXIS2_PLACEMENT_3D('',#5262,#4234,#4235);
#3665=AXIS2_PLACEMENT_3D('',#5268,#4238,#4239);
#3666=AXIS2_PLACEMENT_3D('',#5272,#4241,#4242);
#3667=AXIS2_PLACEMENT_3D('',#5278,#4246,#4247);
#3668=AXIS2_PLACEMENT_3D('',#5279,#4248,#4249);
#3669=AXIS2_PLACEMENT_3D('',#5280,#4250,#4251);
#3670=AXIS2_PLACEMENT_3D('',#5282,#4252,#4253);
#3671=AXIS2_PLACEMENT_3D('',#5284,#4255,#4256);
#3672=AXIS2_PLACEMENT_3D('',#5286,#4258,#4259);
#3673=AXIS2_PLACEMENT_3D('',#5289,#4261,#4262);
#3674=AXIS2_PLACEMENT_3D('',#5290,#4263,#4264);
#3675=AXIS2_PLACEMENT_3D('',#5292,#4266,#4267);
#3676=AXIS2_PLACEMENT_3D('',#5316,#4280,#4281);
#3677=AXIS2_PLACEMENT_3D('',#5321,#4285,#4286);
#3678=AXIS2_PLACEMENT_3D('',#5325,#4289,#4290);
#3679=AXIS2_PLACEMENT_3D('',#5327,#4292,#4293);
#3680=AXIS2_PLACEMENT_3D('',#5331,#4296,#4297);
#3681=AXIS2_PLACEMENT_3D('',#5337,#4301,#4302);
#3682=AXIS2_PLACEMENT_3D('',#5339,#4304,#4305);
#3683=AXIS2_PLACEMENT_3D('',#5345,#4309,#4310);
#3684=AXIS2_PLACEMENT_3D('',#5347,#4312,#4313);
#3685=AXIS2_PLACEMENT_3D('',#5351,#4316,#4317);
#3686=AXIS2_PLACEMENT_3D('',#5354,#4320,#4321);
#3687=AXIS2_PLACEMENT_3D('',#5356,#4323,#4324);
#3688=AXIS2_PLACEMENT_3D('',#5360,#4327,#4328);
#3689=AXIS2_PLACEMENT_3D('',#5361,#4329,#4330);
#3690=AXIS2_PLACEMENT_3D('',#5363,#4332,#4333);
#3691=AXIS2_PLACEMENT_3D('',#5364,#4334,#4335);
#3692=AXIS2_PLACEMENT_3D('',#5370,#4338,#4339);
#3693=AXIS2_PLACEMENT_3D('',#5373,#4341,#4342);
#3694=AXIS2_PLACEMENT_3D('',#5374,#4343,#4344);
#3695=AXIS2_PLACEMENT_3D('',#5375,#4345,#4346);
#3696=AXIS2_PLACEMENT_3D('',#5376,#4347,#4348);
#3697=AXIS2_PLACEMENT_3D('',#5378,#4350,#4351);
#3698=AXIS2_PLACEMENT_3D('',#5380,#4353,#4354);
#3699=AXIS2_PLACEMENT_3D('',#5382,#4356,#4357);
#3700=AXIS2_PLACEMENT_3D('',#5384,#4359,#4360);
#3701=AXIS2_PLACEMENT_3D('',#5385,#4361,#4362);
#3702=AXIS2_PLACEMENT_3D('',#5406,#4374,#4375);
#3703=AXIS2_PLACEMENT_3D('',#5410,#4378,#4379);
#3704=AXIS2_PLACEMENT_3D('',#5412,#4381,#4382);
#3705=AXIS2_PLACEMENT_3D('',#5416,#4385,#4386);
#3706=AXIS2_PLACEMENT_3D('',#5419,#4389,#4390);
#3707=AXIS2_PLACEMENT_3D('',#5420,#4391,#4392);
#3708=AXIS2_PLACEMENT_3D('',#5426,#4396,#4397);
#3709=AXIS2_PLACEMENT_3D('',#5428,#4399,#4400);
#3710=AXIS2_PLACEMENT_3D('',#5432,#4403,#4404);
#3711=AXIS2_PLACEMENT_3D('',#5435,#4407,#4408);
#3712=AXIS2_PLACEMENT_3D('',#5437,#4410,#4411);
#3713=AXIS2_PLACEMENT_3D('',#5441,#4414,#4415);
#3714=AXIS2_PLACEMENT_3D('',#5442,#4416,#4417);
#3715=AXIS2_PLACEMENT_3D('',#5444,#4419,#4420);
#3716=AXIS2_PLACEMENT_3D('',#5445,#4421,#4422);
#3717=AXIS2_PLACEMENT_3D('',#5449,#4424,#4425);
#3718=AXIS2_PLACEMENT_3D('',#5452,#4427,#4428);
#3719=AXIS2_PLACEMENT_3D('',#5453,#4429,#4430);
#3720=AXIS2_PLACEMENT_3D('',#5454,#4431,#4432);
#3721=AXIS2_PLACEMENT_3D('',#5455,#4433,#4434);
#3722=AXIS2_PLACEMENT_3D('',#5457,#4436,#4437);
#3723=AXIS2_PLACEMENT_3D('',#5459,#4439,#4440);
#3724=AXIS2_PLACEMENT_3D('',#5461,#4442,#4443);
#3725=AXIS2_PLACEMENT_3D('',#5462,#4444,#4445);
#3726=AXIS2_PLACEMENT_3D('',#5467,#4447,#4448);
#3727=AXIS2_PLACEMENT_3D('',#5470,#4450,#4451);
#3728=AXIS2_PLACEMENT_3D('',#5471,#4452,#4453);
#3729=AXIS2_PLACEMENT_3D('',#5474,#4454,#4455);
#3730=AXIS2_PLACEMENT_3D('',#5475,#4456,#4457);
#3731=AXIS2_PLACEMENT_3D('',#5476,#4458,#4459);
#3732=AXIS2_PLACEMENT_3D('',#5477,#4460,#4461);
#3733=AXIS2_PLACEMENT_3D('',#5480,#4462,#4463);
#3734=AXIS2_PLACEMENT_3D('',#5483,#4466,#4467);
#3735=AXIS2_PLACEMENT_3D('',#5486,#4468,#4469);
#3736=AXIS2_PLACEMENT_3D('',#5487,#4470,#4471);
#3737=AXIS2_PLACEMENT_3D('',#5488,#4472,#4473);
#3738=AXIS2_PLACEMENT_3D('',#5489,#4474,#4475);
#3739=AXIS2_PLACEMENT_3D('',#5492,#4476,#4477);
#3740=AXIS2_PLACEMENT_3D('',#5495,#4480,#4481);
#3741=AXIS2_PLACEMENT_3D('',#5498,#4482,#4483);
#3742=AXIS2_PLACEMENT_3D('',#5499,#4484,#4485);
#3743=AXIS2_PLACEMENT_3D('',#5500,#4486,#4487);
#3744=AXIS2_PLACEMENT_3D('',#5533,#4488,#4489);
#3745=AXIS2_PLACEMENT_3D('',#5539,#4490,#4491);
#3746=AXIS2_PLACEMENT_3D('',#5542,#4492,#4493);
#3747=AXIS2_PLACEMENT_3D('',#5543,#4494,#4495);
#3748=AXIS2_PLACEMENT_3D('',#5544,#4496,#4497);
#3749=AXIS2_PLACEMENT_3D('',#5545,#4498,#4499);
#3750=AXIS2_PLACEMENT_3D('',#5548,#4500,#4501);
#3751=AXIS2_PLACEMENT_3D('',#5551,#4504,#4505);
#3752=AXIS2_PLACEMENT_3D('',#5554,#4506,#4507);
#3753=AXIS2_PLACEMENT_3D('',#5555,#4508,#4509);
#3754=AXIS2_PLACEMENT_3D('',#5556,#4510,#4511);
#3755=AXIS2_PLACEMENT_3D('',#5557,#4512,#4513);
#3756=AXIS2_PLACEMENT_3D('',#5560,#4516,#4517);
#3757=AXIS2_PLACEMENT_3D('',#5570,#4523,#4524);
#3758=AXIS2_PLACEMENT_3D('',#5576,#4527,#4528);
#3759=AXIS2_PLACEMENT_3D('',#5581,#4531,#4532);
#3760=AXIS2_PLACEMENT_3D('',#5582,#4533,#4534);
#3761=AXIS2_PLACEMENT_3D('',#5585,#4536,#4537);
#3762=AXIS2_PLACEMENT_3D('',#5586,#4538,#4539);
#3763=AXIS2_PLACEMENT_3D('',#5614,#4554,#4555);
#3764=AXIS2_PLACEMENT_3D('',#5617,#4557,#4558);
#3765=AXIS2_PLACEMENT_3D('',#5618,#4559,#4560);
#3766=AXIS2_PLACEMENT_3D('',#5620,#4561,#4562);
#3767=AXIS2_PLACEMENT_3D('',#5622,#4563,#4564);
#3768=AXIS2_PLACEMENT_3D('',#5635,#4566,#4567);
#3769=AXIS2_PLACEMENT_3D('',#5640,#4569,#4570);
#3770=AXIS2_PLACEMENT_3D('',#5643,#4572,#4573);
#3771=AXIS2_PLACEMENT_3D('',#5645,#4574,#4575);
#3772=AXIS2_PLACEMENT_3D('',#5649,#4577,#4578);
#3773=AXIS2_PLACEMENT_3D('',#5652,#4580,#4581);
#3774=AXIS2_PLACEMENT_3D('',#5654,#4582,#4583);
#3775=AXIS2_PLACEMENT_3D('',#5655,#4584,#4585);
#3776=AXIS2_PLACEMENT_3D('',#5658,#4586,#4587);
#3777=AXIS2_PLACEMENT_3D('',#5660,#4588,#4589);
#3778=AXIS2_PLACEMENT_3D('',#5661,#4590,#4591);
#3779=AXIS2_PLACEMENT_3D('',#5662,#4592,#4593);
#3780=AXIS2_PLACEMENT_3D('',#5663,#4594,#4595);
#3781=AXIS2_PLACEMENT_3D('',#5666,#4596,#4597);
#3782=AXIS2_PLACEMENT_3D('',#5669,#4600,#4601);
#3783=AXIS2_PLACEMENT_3D('',#5671,#4603,#4604);
#3784=AXIS2_PLACEMENT_3D('',#5673,#4606,#4607);
#3785=AXIS2_PLACEMENT_3D('',#5677,#4610,#4611);
#3786=AXIS2_PLACEMENT_3D('',#5681,#4613,#4614);
#3787=AXIS2_PLACEMENT_3D('',#5685,#4616,#4617);
#3788=AXIS2_PLACEMENT_3D('',#5688,#4619,#4620);
#3789=AXIS2_PLACEMENT_3D('',#5713,#4633,#4634);
#3790=AXIS2_PLACEMENT_3D('',#5717,#4636,#4637);
#3791=AXIS2_PLACEMENT_3D('',#5720,#4639,#4640);
#3792=AXIS2_PLACEMENT_3D('',#5721,#4641,#4642);
#3793=AXIS2_PLACEMENT_3D('',#5734,#4644,#4645);
#3794=AXIS2_PLACEMENT_3D('',#5739,#4648,#4649);
#3795=AXIS2_PLACEMENT_3D('',#5745,#4652,#4653);
#3796=AXIS2_PLACEMENT_3D('',#5749,#4655,#4656);
#3797=AXIS2_PLACEMENT_3D('',#5753,#4658,#4659);
#3798=AXIS2_PLACEMENT_3D('',#5756,#4661,#4662);
#3799=AXIS2_PLACEMENT_3D('',#5757,#4663,#4664);
#3800=AXIS2_PLACEMENT_3D('',#5760,#4665,#4666);
#3801=AXIS2_PLACEMENT_3D('',#5764,#4668,#4669);
#3802=AXIS2_PLACEMENT_3D('',#5766,#4671,#4672);
#3803=AXIS2_PLACEMENT_3D('',#5773,#4677,#4678);
#3804=AXIS2_PLACEMENT_3D('',#5776,#4679,#4680);
#3805=AXIS2_PLACEMENT_3D('',#5780,#4682,#4683);
#3806=AXIS2_PLACEMENT_3D('',#5782,#4685,#4686);
#3807=AXIS2_PLACEMENT_3D('',#5785,#4689,#4690);
#3808=AXIS2_PLACEMENT_3D('',#5788,#4692,#4693);
#3809=AXIS2_PLACEMENT_3D('',#5789,#4694,#4695);
#3810=AXIS2_PLACEMENT_3D('',#5795,#4698,#4699);
#3811=AXIS2_PLACEMENT_3D('',#5799,#4702,#4703);
#3812=AXIS2_PLACEMENT_3D('',#5800,#4704,#4705);
#3813=AXIS2_PLACEMENT_3D('',#5804,#4707,#4708);
#3814=AXIS2_PLACEMENT_3D('',#5808,#4710,#4711);
#3815=AXIS2_PLACEMENT_3D('',#5811,#4713,#4714);
#3816=AXIS2_PLACEMENT_3D('',#5813,#4715,#4716);
#3817=AXIS2_PLACEMENT_3D('',#5814,#4717,#4718);
#3818=AXIS2_PLACEMENT_3D('',#5817,#4721,#4722);
#3819=AXIS2_PLACEMENT_3D('',#5819,#4724,#4725);
#3820=AXIS2_PLACEMENT_3D('',#5821,#4727,#4728);
#3821=AXIS2_PLACEMENT_3D('',#5823,#4730,#4731);
#3822=AXIS2_PLACEMENT_3D('',#5825,#4733,#4734);
#3823=AXIS2_PLACEMENT_3D('',#5826,#4735,#4736);
#3824=AXIS2_PLACEMENT_3D('',#5828,#4737,#4738);
#3825=AXIS2_PLACEMENT_3D('',#5830,#4740,#4741);
#3826=AXIS2_PLACEMENT_3D('',#5832,#4742,#4743);
#3827=AXIS2_PLACEMENT_3D('',#5833,#4744,#4745);
#3828=AXIS2_PLACEMENT_3D('',#5834,#4746,#4747);
#3829=AXIS2_PLACEMENT_3D('',#5836,#4749,#4750);
#3830=AXIS2_PLACEMENT_3D('',#5841,#4754,#4755);
#3831=AXIS2_PLACEMENT_3D('',#5843,#4757,#4758);
#3832=AXIS2_PLACEMENT_3D('',#5848,#4761,#4762);
#3833=AXIS2_PLACEMENT_3D('',#5849,#4763,#4764);
#3834=AXIS2_PLACEMENT_3D('',#5851,#4765,#4766);
#3835=AXIS2_PLACEMENT_3D('',#5853,#4768,#4769);
#3836=AXIS2_PLACEMENT_3D('',#5854,#4770,#4771);
#3837=AXIS2_PLACEMENT_3D('',#5855,#4772,#4773);
#3838=AXIS2_PLACEMENT_3D('',#5856,#4774,#4775);
#3839=AXIS2_PLACEMENT_3D('',#5857,#4776,#4777);
#3840=AXIS2_PLACEMENT_3D('',#5860,#4779,#4780);
#3841=AXIS2_PLACEMENT_3D('',#5862,#4782,#4783);
#3842=AXIS2_PLACEMENT_3D('',#5863,#4784,#4785);
#3843=AXIS2_PLACEMENT_3D('',#5890,#4800,#4801);
#3844=AXIS2_PLACEMENT_3D('',#5891,#4802,#4803);
#3845=AXIS2_PLACEMENT_3D('',#5892,#4804,#4805);
#3846=AXIS2_PLACEMENT_3D('',#5898,#4809,#4810);
#3847=AXIS2_PLACEMENT_3D('',#5902,#4813,#4814);
#3848=AXIS2_PLACEMENT_3D('',#5906,#4817,#4818);
#3849=AXIS2_PLACEMENT_3D('',#5912,#4822,#4823);
#3850=AXIS2_PLACEMENT_3D('',#5916,#4826,#4827);
#3851=AXIS2_PLACEMENT_3D('',#5920,#4830,#4831);
#3852=AXIS2_PLACEMENT_3D('',#5922,#4832,#4833);
#3853=AXIS2_PLACEMENT_3D('',#5924,#4835,#4836);
#3854=AXIS2_PLACEMENT_3D('',#5930,#4840,#4841);
#3855=AXIS2_PLACEMENT_3D('',#5932,#4843,#4844);
#3856=AXIS2_PLACEMENT_3D('',#5934,#4846,#4847);
#3857=AXIS2_PLACEMENT_3D('',#5935,#4848,#4849);
#3858=AXIS2_PLACEMENT_3D('',#5937,#4850,#4851);
#3859=AXIS2_PLACEMENT_3D('',#5939,#4853,#4854);
#3860=AXIS2_PLACEMENT_3D('',#5945,#4858,#4859);
#3861=AXIS2_PLACEMENT_3D('',#5947,#4861,#4862);
#3862=AXIS2_PLACEMENT_3D('',#5949,#4864,#4865);
#3863=AXIS2_PLACEMENT_3D('',#5950,#4866,#4867);
#3864=AXIS2_PLACEMENT_3D('',#5951,#4868,#4869);
#3865=AXIS2_PLACEMENT_3D('',#5953,#4871,#4872);
#3866=AXIS2_PLACEMENT_3D('',#5956,#4875,#4876);
#3867=AXIS2_PLACEMENT_3D('',#5958,#4877,#4878);
#3868=AXIS2_PLACEMENT_3D('',#5960,#4880,#4881);
#3869=AXIS2_PLACEMENT_3D('',#5962,#4882,#4883);
#3870=AXIS2_PLACEMENT_3D('',#5963,#4884,#4885);
#3871=AXIS2_PLACEMENT_3D('',#5965,#4887,#4888);
#3872=AXIS2_PLACEMENT_3D('',#5967,#4890,#4891);
#3873=AXIS2_PLACEMENT_3D('',#5968,#4892,#4893);
#3874=AXIS2_PLACEMENT_3D('',#5970,#4895,#4896);
#3875=AXIS2_PLACEMENT_3D('',#5972,#4898,#4899);
#3876=AXIS2_PLACEMENT_3D('',#5973,#4900,#4901);
#3877=AXIS2_PLACEMENT_3D('',#5976,#4904,#4905);
#3878=AXIS2_PLACEMENT_3D('',#5978,#4907,#4908);
#3879=AXIS2_PLACEMENT_3D('',#5980,#4910,#4911);
#3880=AXIS2_PLACEMENT_3D('',#5982,#4913,#4914);
#3881=AXIS2_PLACEMENT_3D('',#5984,#4916,#4917);
#3882=DIRECTION('axis',(0.,0.,1.));
#3883=DIRECTION('refdir',(1.,0.,0.));
#3884=DIRECTION('center_axis',(0.,0.,-1.));
#3885=DIRECTION('ref_axis',(-1.,0.,0.));
#3886=DIRECTION('center_axis',(0.,0.,1.));
#3887=DIRECTION('ref_axis',(0.897058823529412,0.441911152979903,0.));
#3888=DIRECTION('center_axis',(-1.22464679914735E-16,-1.,0.));
#3889=DIRECTION('ref_axis',(1.,-1.22464679914735E-16,0.));
#3890=DIRECTION('center_axis',(0.,0.,-1.));
#3891=DIRECTION('ref_axis',(0.897058823529412,0.441911152979903,0.));
#3892=DIRECTION('center_axis',(0.,0.,-1.));
#3893=DIRECTION('ref_axis',(0.897058823529412,0.441911152979903,0.));
#3894=DIRECTION('center_axis',(0.,0.,-1.));
#3895=DIRECTION('ref_axis',(1.,0.,0.));
#3896=DIRECTION('',(0.,0.,1.));
#3897=DIRECTION('center_axis',(0.,0.,1.));
#3898=DIRECTION('ref_axis',(1.,0.,0.));
#3899=DIRECTION('center_axis',(0.,0.,-1.));
#3900=DIRECTION('ref_axis',(-1.,0.,0.));
#3901=DIRECTION('center_axis',(0.,0.,1.));
#3902=DIRECTION('ref_axis',(1.,0.,0.));
#3903=DIRECTION('center_axis',(0.,0.,1.));
#3904=DIRECTION('ref_axis',(1.,0.,0.));
#3905=DIRECTION('center_axis',(0.,0.,1.));
#3906=DIRECTION('ref_axis',(1.,0.,0.));
#3907=DIRECTION('center_axis',(0.,0.,-1.));
#3908=DIRECTION('ref_axis',(1.,0.,0.));
#3909=DIRECTION('center_axis',(1.22464679914735E-16,-1.,0.));
#3910=DIRECTION('ref_axis',(-1.,-1.22464679914735E-16,0.));
#3911=DIRECTION('center_axis',(0.,0.,1.));
#3912=DIRECTION('ref_axis',(1.,0.,0.));
#3913=DIRECTION('center_axis',(0.,0.,-1.));
#3914=DIRECTION('ref_axis',(1.,0.,0.));
#3915=DIRECTION('center_axis',(0.,0.,-1.));
#3916=DIRECTION('ref_axis',(1.,0.,0.));
#3917=DIRECTION('',(0.,0.,-1.));
#3918=DIRECTION('center_axis',(0.,0.,-1.));
#3919=DIRECTION('ref_axis',(1.,0.,0.));
#3920=DIRECTION('center_axis',(0.,0.,-1.));
#3921=DIRECTION('ref_axis',(1.,0.,0.));
#3922=DIRECTION('center_axis',(0.,0.,-1.));
#3923=DIRECTION('ref_axis',(1.,0.,0.));
#3924=DIRECTION('',(0.,0.,-1.));
#3925=DIRECTION('center_axis',(0.,0.,1.));
#3926=DIRECTION('ref_axis',(1.,0.,0.));
#3927=DIRECTION('center_axis',(0.,0.,1.));
#3928=DIRECTION('ref_axis',(1.,0.,0.));
#3929=DIRECTION('',(0.707106781186548,8.65956056235494E-17,-0.707106781186548));
#3930=DIRECTION('center_axis',(0.,0.,-1.));
#3931=DIRECTION('ref_axis',(1.,0.,0.));
#3932=DIRECTION('center_axis',(0.,0.,-1.));
#3933=DIRECTION('ref_axis',(1.,0.,0.));
#3934=DIRECTION('',(0.,0.,-1.));
#3935=DIRECTION('center_axis',(0.,0.,1.));
#3936=DIRECTION('ref_axis',(1.,0.,0.));
#3937=DIRECTION('center_axis',(0.,0.,1.));
#3938=DIRECTION('ref_axis',(1.,0.,0.));
#3939=DIRECTION('center_axis',(0.,0.,1.));
#3940=DIRECTION('ref_axis',(1.,0.,0.));
#3941=DIRECTION('',(0.707106781186547,8.65956056235493E-17,-0.707106781186548));
#3942=DIRECTION('center_axis',(0.,1.,0.));
#3943=DIRECTION('ref_axis',(0.,0.,1.));
#3944=DIRECTION('center_axis',(0.,-1.,0.));
#3945=DIRECTION('ref_axis',(0.,0.,1.));
#3946=DIRECTION('',(0.,-1.,0.));
#3947=DIRECTION('center_axis',(0.,1.,0.));
#3948=DIRECTION('ref_axis',(-0.70710678118655,0.,0.707106781186545));
#3949=DIRECTION('',(0.,1.,0.));
#3950=DIRECTION('center_axis',(0.707106781186547,0.,0.707106781186548));
#3951=DIRECTION('ref_axis',(0.707106781186548,0.,-0.707106781186548));
#3952=DIRECTION('center_axis',(0.707106781186546,0.,-0.707106781186549));
#3953=DIRECTION('ref_axis',(0.,1.,0.));
#3954=DIRECTION('center_axis',(0.707106781186547,0.,0.707106781186548));
#3955=DIRECTION('ref_axis',(0.500000000000002,-0.707106781186545,-0.500000000000002));
#3956=DIRECTION('center_axis',(-0.707106781186547,0.,-0.707106781186548));
#3957=DIRECTION('ref_axis',(0.500000000000002,-0.707106781186545,-0.500000000000002));
#3958=DIRECTION('center_axis',(0.707106781186548,0.,-0.707106781186547));
#3959=DIRECTION('ref_axis',(0.5,0.707106781186546,0.500000000000003));
#3960=DIRECTION('center_axis',(0.707106781186549,0.,-0.707106781186547));
#3961=DIRECTION('ref_axis',(0.,1.,0.));
#3962=DIRECTION('',(0.707106781186548,0.,-0.707106781186547));
#3963=DIRECTION('',(-0.707106781186548,0.,0.707106781186547));
#3964=DIRECTION('center_axis',(1.,0.,0.));
#3965=DIRECTION('ref_axis',(0.,0.707106781186546,0.707106781186549));
#3966=DIRECTION('center_axis',(1.,0.,0.));
#3967=DIRECTION('ref_axis',(0.,1.,0.));
#3968=DIRECTION('',(1.,0.,0.));
#3969=DIRECTION('center_axis',(-1.,0.,0.));
#3970=DIRECTION('ref_axis',(0.,0.,1.));
#3971=DIRECTION('',(-1.,0.,0.));
#3972=DIRECTION('center_axis',(0.182143211721527,-0.879465224064609,0.439732612032305));
#3973=DIRECTION('ref_axis',(0.336556770590778,0.475963149477969,0.812519920068744));
#3974=DIRECTION('center_axis',(0.,1.,0.));
#3975=DIRECTION('ref_axis',(0.38268343236509,0.,0.923879532511287));
#3976=DIRECTION('center_axis',(0.707106781186548,0.,0.707106781186547));
#3977=DIRECTION('ref_axis',(-0.5,0.707106781186546,0.500000000000003));
#3978=DIRECTION('center_axis',(0.707106781186549,1.57009245868378E-15,0.707106781186547));
#3979=DIRECTION('ref_axis',(0.,1.,-2.22044604925032E-15));
#3980=DIRECTION('',(0.707106781186548,0.,0.707106781186547));
#3981=DIRECTION('center_axis',(-0.707106781186549,0.,-0.707106781186547));
#3982=DIRECTION('ref_axis',(-0.707106781186546,0.,0.707106781186549));
#3983=DIRECTION('',(-0.707106781186548,0.,-0.707106781186547));
#3984=DIRECTION('center_axis',(-0.707106781186547,0.,0.707106781186548));
#3985=DIRECTION('ref_axis',(0.707106781186548,0.,0.707106781186548));
#3986=DIRECTION('center_axis',(0.,-1.,0.));
#3987=DIRECTION('ref_axis',(0.707106781186549,0.,0.707106781186546));
#3988=DIRECTION('center_axis',(-0.707106781186547,0.,0.707106781186548));
#3989=DIRECTION('ref_axis',(-0.500000000000002,-0.707106781186545,-0.500000000000002));
#3990=DIRECTION('center_axis',(0.707106781186547,0.,-0.707106781186548));
#3991=DIRECTION('ref_axis',(-0.500000000000002,-0.707106781186545,-0.500000000000002));
#3992=DIRECTION('center_axis',(0.,1.,0.));
#3993=DIRECTION('ref_axis',(0.,0.,1.));
#3994=DIRECTION('center_axis',(0.,-1.,0.));
#3995=DIRECTION('ref_axis',(0.,0.,1.));
#3996=DIRECTION('',(0.,-1.,0.));
#3997=DIRECTION('',(0.,1.,0.));
#3998=DIRECTION('center_axis',(-0.182143211721527,-0.87946522406461,0.439732612032303));
#3999=DIRECTION('ref_axis',(-0.336556770590778,0.475963149477969,0.812519920068744));
#4000=DIRECTION('center_axis',(0.,1.,0.));
#4001=DIRECTION('ref_axis',(-0.382683432365094,0.,0.923879532511285));
#4002=DIRECTION('center_axis',(0.707106781186548,0.,-0.707106781186547));
#4003=DIRECTION('ref_axis',(-0.707106781186547,0.,-0.707106781186548));
#4004=DIRECTION('',(-0.707106781186547,0.,-0.707106781186548));
#4005=DIRECTION('',(0.,1.,0.));
#4006=DIRECTION('',(-0.707106781186547,0.,-0.707106781186548));
#4007=DIRECTION('center_axis',(0.,-1.,0.));
#4008=DIRECTION('ref_axis',(-0.707106781186548,0.,0.707106781186547));
#4009=DIRECTION('',(-0.707106781186548,0.,0.707106781186547));
#4010=DIRECTION('',(0.707106781186547,0.,0.707106781186548));
#4011=DIRECTION('',(0.707106781186548,0.,-0.707106781186547));
#4012=DIRECTION('',(0.707106781186547,0.,0.707106781186548));
#4013=DIRECTION('',(-0.707106781186548,0.,0.707106781186547));
#4014=DIRECTION('',(0.707106781186547,0.,0.707106781186548));
#4015=DIRECTION('',(0.707106781186548,0.,-0.707106781186547));
#4016=DIRECTION('center_axis',(0.,-1.,0.));
#4017=DIRECTION('ref_axis',(-1.,0.,0.));
#4018=DIRECTION('center_axis',(-0.707106781186547,0.,-0.707106781186548));
#4019=DIRECTION('ref_axis',(-0.707106781186548,0.,0.707106781186547));
#4020=DIRECTION('',(0.,1.,0.));
#4021=DIRECTION('',(-0.707106781186548,0.,0.707106781186547));
#4022=DIRECTION('',(0.,-1.,0.));
#4023=DIRECTION('',(-0.707106781186548,0.,0.707106781186547));
#4024=DIRECTION('',(0.,1.,0.));
#4025=DIRECTION('',(-0.707106781186548,0.,0.707106781186547));
#4026=DIRECTION('',(0.,1.,0.));
#4027=DIRECTION('',(-0.707106781186548,0.,0.707106781186547));
#4028=DIRECTION('',(0.,1.,0.));
#4029=DIRECTION('',(-0.707106781186548,0.,0.707106781186547));
#4030=DIRECTION('',(0.,1.,0.));
#4031=DIRECTION('center_axis',(0.,1.,0.));
#4032=DIRECTION('ref_axis',(0.38268343236509,0.,0.923879532511287));
#4033=DIRECTION('',(0.,-1.,0.));
#4034=DIRECTION('center_axis',(0.,1.,0.));
#4035=DIRECTION('ref_axis',(0.38268343236509,0.,0.923879532511287));
#4036=DIRECTION('center_axis',(0.,0.,1.));
#4037=DIRECTION('ref_axis',(-1.,0.,0.));
#4038=DIRECTION('',(0.,1.,0.));
#4039=DIRECTION('',(-1.,0.,0.));
#4040=DIRECTION('center_axis',(0.,-1.,0.));
#4041=DIRECTION('ref_axis',(-0.382683432365093,0.,0.923879532511285));
#4042=DIRECTION('',(0.,-1.,0.));
#4043=DIRECTION('center_axis',(0.,1.,0.));
#4044=DIRECTION('ref_axis',(-0.382683432365093,0.,0.923879532511285));
#4045=DIRECTION('center_axis',(0.,1.,0.));
#4046=DIRECTION('ref_axis',(0.,0.,-1.));
#4047=DIRECTION('center_axis',(0.,-1.,0.));
#4048=DIRECTION('ref_axis',(0.,0.,-1.));
#4049=DIRECTION('',(0.,-1.,0.));
#4050=DIRECTION('center_axis',(0.,1.,0.));
#4051=DIRECTION('ref_axis',(0.707106781186548,0.,-0.707106781186548));
#4052=DIRECTION('',(0.,1.,0.));
#4053=DIRECTION('center_axis',(-0.707106781186548,0.,-0.707106781186547));
#4054=DIRECTION('ref_axis',(-0.707106781186548,0.,0.707106781186548));
#4055=DIRECTION('center_axis',(-0.707106781186548,0.,0.707106781186548));
#4056=DIRECTION('ref_axis',(0.,1.,0.));
#4057=DIRECTION('center_axis',(-0.707106781186548,0.,-0.707106781186547));
#4058=DIRECTION('ref_axis',(-0.500000000000002,-0.707106781186545,0.500000000000002));
#4059=DIRECTION('center_axis',(0.707106781186548,0.,0.707106781186547));
#4060=DIRECTION('ref_axis',(-0.500000000000002,-0.707106781186545,0.500000000000002));
#4061=DIRECTION('center_axis',(-0.707106781186547,0.,0.707106781186548));
#4062=DIRECTION('ref_axis',(-0.5,0.707106781186547,-0.5));
#4063=DIRECTION('center_axis',(-0.707106781186548,0.,0.707106781186548));
#4064=DIRECTION('ref_axis',(0.,1.,0.));
#4065=DIRECTION('',(-0.707106781186547,0.,0.707106781186548));
#4066=DIRECTION('',(0.707106781186547,0.,-0.707106781186548));
#4067=DIRECTION('center_axis',(-1.,0.,0.));
#4068=DIRECTION('ref_axis',(0.,0.707106781186548,-0.707106781186548));
#4069=DIRECTION('center_axis',(-1.,0.,4.44089209850062E-15));
#4070=DIRECTION('ref_axis',(0.,1.,0.));
#4071=DIRECTION('',(-1.,0.,0.));
#4072=DIRECTION('center_axis',(1.,0.,0.));
#4073=DIRECTION('ref_axis',(0.,0.,-1.));
#4074=DIRECTION('',(1.,0.,0.));
#4075=DIRECTION('center_axis',(-0.182143211721528,-0.879465224064611,-0.439732612032302));
#4076=DIRECTION('ref_axis',(-0.336556770590778,0.475963149477969,-0.812519920068744));
#4077=DIRECTION('center_axis',(0.,1.,0.));
#4078=DIRECTION('ref_axis',(-0.38268343236509,0.,-0.923879532511287));
#4079=DIRECTION('center_axis',(-0.707106781186547,0.,-0.707106781186548));
#4080=DIRECTION('ref_axis',(0.5,0.707106781186547,-0.5));
#4081=DIRECTION('center_axis',(-0.707106781186548,3.14018491736756E-15,
-0.707106781186548));
#4082=DIRECTION('ref_axis',(4.44089209850064E-15,1.,0.));
#4083=DIRECTION('',(-0.707106781186547,0.,-0.707106781186548));
#4084=DIRECTION('center_axis',(0.707106781186548,0.,0.707106781186548));
#4085=DIRECTION('ref_axis',(0.707106781186548,0.,-0.707106781186548));
#4086=DIRECTION('',(0.707106781186547,0.,0.707106781186548));
#4087=DIRECTION('center_axis',(0.707106781186548,0.,-0.707106781186547));
#4088=DIRECTION('ref_axis',(-0.707106781186548,0.,-0.707106781186547));
#4089=DIRECTION('center_axis',(0.,-1.,0.));
#4090=DIRECTION('ref_axis',(-0.70710678118655,0.,-0.707106781186545));
#4091=DIRECTION('center_axis',(0.707106781186548,0.,-0.707106781186547));
#4092=DIRECTION('ref_axis',(0.500000000000002,-0.707106781186545,0.500000000000002));
#4093=DIRECTION('center_axis',(-0.707106781186548,0.,0.707106781186547));
#4094=DIRECTION('ref_axis',(0.500000000000002,-0.707106781186545,0.500000000000002));
#4095=DIRECTION('center_axis',(0.,1.,0.));
#4096=DIRECTION('ref_axis',(0.,0.,-1.));
#4097=DIRECTION('center_axis',(0.,-1.,0.));
#4098=DIRECTION('ref_axis',(0.,0.,-1.));
#4099=DIRECTION('',(0.,-1.,0.));
#4100=DIRECTION('',(0.,1.,0.));
#4101=DIRECTION('center_axis',(0.182143211721528,-0.879465224064611,-0.439732612032302));
#4102=DIRECTION('ref_axis',(0.336556770590778,0.475963149477969,-0.812519920068744));
#4103=DIRECTION('center_axis',(0.,1.,0.));
#4104=DIRECTION('ref_axis',(0.38268343236509,0.,-0.923879532511287));
#4105=DIRECTION('center_axis',(0.707106781186547,0.,-0.707106781186548));
#4106=DIRECTION('ref_axis',(-0.707106781186548,0.,-0.707106781186547));
#4107=DIRECTION('',(-0.707106781186548,0.,-0.707106781186547));
#4108=DIRECTION('',(0.,1.,0.));
#4109=DIRECTION('',(-0.707106781186548,0.,-0.707106781186547));
#4110=DIRECTION('',(0.,1.,0.));
#4111=DIRECTION('',(-0.707106781186548,0.,-0.707106781186547));
#4112=DIRECTION('',(0.,1.,0.));
#4113=DIRECTION('',(0.707106781186548,0.,0.707106781186547));
#4114=DIRECTION('center_axis',(0.,1.,0.));
#4115=DIRECTION('ref_axis',(0.707106781186548,0.,0.707106781186547));
#4116=DIRECTION('',(-0.707106781186547,0.,0.707106781186548));
#4117=DIRECTION('',(0.707106781186548,0.,0.707106781186547));
#4118=DIRECTION('',(0.707106781186547,0.,-0.707106781186548));
#4119=DIRECTION('',(0.707106781186548,0.,0.707106781186547));
#4120=DIRECTION('',(0.707106781186547,0.,-0.707106781186548));
#4121=DIRECTION('center_axis',(-0.707106781186548,0.,-0.707106781186547));
#4122=DIRECTION('ref_axis',(-0.707106781186547,0.,0.707106781186548));
#4123=DIRECTION('',(0.,1.,0.));
#4124=DIRECTION('',(0.707106781186548,0.,-0.707106781186547));
#4125=DIRECTION('',(0.,-1.,0.));
#4126=DIRECTION('',(-0.707106781186547,0.,0.707106781186548));
#4127=DIRECTION('',(0.,-1.,0.));
#4128=DIRECTION('center_axis',(0.707106781186548,0.,0.707106781186547));
#4129=DIRECTION('ref_axis',(0.618816970750028,-0.483870967741936,-0.618816970750028));
#4130=DIRECTION('',(0.707106781186547,0.,-0.707106781186548));
#4131=DIRECTION('center_axis',(0.707106781186548,0.,0.707106781186547));
#4132=DIRECTION('ref_axis',(0.707106781186547,0.,-0.707106781186548));
#4133=DIRECTION('',(0.,1.,0.));
#4134=DIRECTION('center_axis',(0.,1.,0.));
#4135=DIRECTION('ref_axis',(-0.38268343236509,0.,-0.923879532511287));
#4136=DIRECTION('',(0.,-1.,0.));
#4137=DIRECTION('center_axis',(0.,1.,0.));
#4138=DIRECTION('ref_axis',(-0.38268343236509,0.,-0.923879532511287));
#4139=DIRECTION('center_axis',(0.,0.,-1.));
#4140=DIRECTION('ref_axis',(1.,0.,0.));
#4141=DIRECTION('',(0.,1.,0.));
#4142=DIRECTION('',(1.,0.,0.));
#4143=DIRECTION('center_axis',(0.,-1.,0.));
#4144=DIRECTION('ref_axis',(0.38268343236509,0.,-0.923879532511287));
#4145=DIRECTION('',(0.,-1.,0.));
#4146=DIRECTION('center_axis',(0.,1.,0.));
#4147=DIRECTION('ref_axis',(0.38268343236509,0.,-0.923879532511287));
#4148=DIRECTION('center_axis',(1.11022302462516E-15,-1.,1.11022302462516E-15));
#4149=DIRECTION('ref_axis',(0.,0.,-1.));
#4150=DIRECTION('center_axis',(0.,-1.,0.));
#4151=DIRECTION('ref_axis',(0.707106781186546,0.,0.707106781186549));
#4152=DIRECTION('center_axis',(0.707106781186548,0.,-0.707106781186548));
#4153=DIRECTION('ref_axis',(0.,-1.,0.));
#4154=DIRECTION('center_axis',(0.,1.,0.));
#4155=DIRECTION('ref_axis',(1.,0.,0.));
#4156=DIRECTION('center_axis',(0.707106781186549,1.57009245868378E-15,0.707106781186546));
#4157=DIRECTION('ref_axis',(-0.707106781186546,0.,0.707106781186549));
#4158=DIRECTION('center_axis',(-0.707106781186547,0.,0.707106781186548));
#4159=DIRECTION('ref_axis',(-0.5,-0.707106781186547,-0.5));
#4160=DIRECTION('',(0.707106781186547,0.,-0.707106781186548));
#4161=DIRECTION('',(-0.707106781186547,0.,0.707106781186548));
#4162=DIRECTION('center_axis',(0.707106781186548,0.,0.707106781186547));
#4163=DIRECTION('ref_axis',(-0.5,-0.707106781186547,0.5));
#4164=DIRECTION('',(-0.707106781186548,0.,-0.707106781186547));
#4165=DIRECTION('center_axis',(0.,1.,0.));
#4166=DIRECTION('ref_axis',(1.,0.,0.));
#4167=DIRECTION('center_axis',(0.,-1.,0.));
#4168=DIRECTION('ref_axis',(1.,0.,0.));
#4169=DIRECTION('',(0.,-1.,0.));
#4170=DIRECTION('center_axis',(0.707106781186548,0.,0.707106781186547));
#4171=DIRECTION('ref_axis',(0.707106781186547,0.,-0.707106781186548));
#4172=DIRECTION('',(0.707106781186547,0.,-0.707106781186548));
#4173=DIRECTION('center_axis',(0.,1.,0.));
#4174=DIRECTION('ref_axis',(0.707106781186548,0.,0.707106781186547));
#4175=DIRECTION('',(-0.707106781186547,0.,0.707106781186548));
#4176=DIRECTION('',(0.707106781186548,0.,0.707106781186547));
#4177=DIRECTION('',(-0.707106781186547,0.,0.707106781186548));
#4178=DIRECTION('',(-0.707106781186548,0.,-0.707106781186547));
#4179=DIRECTION('',(-0.707106781186547,0.,0.707106781186548));
#4180=DIRECTION('',(0.707106781186548,0.,0.707106781186547));
#4181=DIRECTION('center_axis',(1.11022302462516E-15,1.,1.11022302462516E-15));
#4182=DIRECTION('ref_axis',(0.,0.,1.));
#4183=DIRECTION('center_axis',(0.,1.,0.));
#4184=DIRECTION('ref_axis',(-1.,0.,3.14018491736756E-15));
#4185=DIRECTION('center_axis',(-0.707106781186548,1.57009245868378E-15,
-0.707106781186548));
#4186=DIRECTION('ref_axis',(0.707106781186548,0.,-0.707106781186548));
#4187=DIRECTION('center_axis',(0.,-1.,0.));
#4188=DIRECTION('ref_axis',(-0.707106781186548,0.,-0.707106781186548));
#4189=DIRECTION('center_axis',(-0.707106781186549,0.,0.707106781186546));
#4190=DIRECTION('ref_axis',(0.,-1.,0.));
#4191=DIRECTION('center_axis',(-0.707106781186547,0.,-0.707106781186548));
#4192=DIRECTION('ref_axis',(0.5,-0.707106781186547,-0.5));
#4193=DIRECTION('',(0.707106781186547,0.,0.707106781186548));
#4194=DIRECTION('center_axis',(0.,1.,0.));
#4195=DIRECTION('ref_axis',(-1.,0.,0.));
#4196=DIRECTION('',(0.,-1.,0.));
#4197=DIRECTION('center_axis',(0.707106781186548,0.,-0.707106781186547));
#4198=DIRECTION('ref_axis',(0.5,-0.707106781186547,0.5));
#4199=DIRECTION('',(-0.707106781186548,0.,0.707106781186547));
#4200=DIRECTION('',(0.707106781186548,0.,-0.707106781186547));
#4201=DIRECTION('center_axis',(0.,1.,0.));
#4202=DIRECTION('ref_axis',(0.,0.,1.));
#4203=DIRECTION('center_axis',(0.,1.,0.));
#4204=DIRECTION('ref_axis',(1.,0.,0.));
#4205=DIRECTION('center_axis',(0.,1.,0.));
#4206=DIRECTION('ref_axis',(-1.,0.,0.));
#4207=DIRECTION('center_axis',(-0.707106781186547,0.,0.707106781186548));
#4208=DIRECTION('ref_axis',(0.707106781186548,0.,0.707106781186547));
#4209=DIRECTION('',(0.,1.,0.));
#4210=DIRECTION('',(0.707106781186548,0.,0.707106781186547));
#4211=DIRECTION('',(0.,1.,0.));
#4212=DIRECTION('',(0.707106781186548,0.,0.707106781186547));
#4213=DIRECTION('',(0.,1.,0.));
#4214=DIRECTION('',(0.707106781186548,0.,0.707106781186547));
#4215=DIRECTION('',(0.,1.,0.));
#4216=DIRECTION('',(0.707106781186548,0.,0.707106781186547));
#4217=DIRECTION('',(0.,1.,0.));
#4218=DIRECTION('',(-0.707106781186547,0.,-0.707106781186548));
#4219=DIRECTION('center_axis',(0.,1.,0.));
#4220=DIRECTION('ref_axis',(-1.,0.,-6.28036983473511E-15));
#4221=DIRECTION('center_axis',(0.,-1.,0.));
#4222=DIRECTION('ref_axis',(-1.,0.,-6.28036983473511E-15));
#4223=DIRECTION('center_axis',(0.,1.,0.));
#4224=DIRECTION('ref_axis',(-1.,0.,-6.28036983473511E-15));
#4225=DIRECTION('center_axis',(0.,1.,0.));
#4226=DIRECTION('ref_axis',(1.,0.,0.));
#4227=DIRECTION('',(0.707106781186548,0.,0.707106781186547));
#4228=DIRECTION('center_axis',(0.,1.,0.));
#4229=DIRECTION('ref_axis',(1.,0.,-6.28036983473511E-15));
#4230=DIRECTION('center_axis',(0.,1.,0.));
#4231=DIRECTION('ref_axis',(1.,0.,0.));
#4232=DIRECTION('center_axis',(0.,-1.,0.));
#4233=DIRECTION('ref_axis',(-1.,0.,0.));
#4234=DIRECTION('center_axis',(-0.707106781186548,0.,0.707106781186547));
#4235=DIRECTION('ref_axis',(0.707106781186547,0.,0.707106781186548));
#4236=DIRECTION('',(0.707106781186547,0.,0.707106781186548));
#4237=DIRECTION('',(0.,1.,0.));
#4238=DIRECTION('center_axis',(0.707106781186548,0.,-0.707106781186547));
#4239=DIRECTION('ref_axis',(-0.707106781186547,0.,-0.707106781186548));
#4240=DIRECTION('',(-0.707106781186547,0.,-0.707106781186548));
#4241=DIRECTION('center_axis',(0.707106781186548,0.,-0.707106781186547));
#4242=DIRECTION('ref_axis',(-0.618816970750028,-0.483870967741936,-0.618816970750028));
#4243=DIRECTION('',(0.,-1.,0.));
#4244=DIRECTION('',(0.707106781186547,0.,0.707106781186548));
#4245=DIRECTION('',(0.,1.,0.));
#4246=DIRECTION('center_axis',(0.,-1.,0.));
#4247=DIRECTION('ref_axis',(1.,0.,-6.28036983473511E-15));
#4248=DIRECTION('center_axis',(0.,-1.,0.));
#4249=DIRECTION('ref_axis',(1.,0.,-6.28036983473511E-15));
#4250=DIRECTION('center_axis',(0.,1.,0.));
#4251=DIRECTION('ref_axis',(-1.,0.,0.));
#4252=DIRECTION('center_axis',(0.,-1.,0.));
#4253=DIRECTION('ref_axis',(-1.,0.,0.));
#4254=DIRECTION('',(0.707106781186547,0.707106781186548,8.65956056235493E-17));
#4255=DIRECTION('center_axis',(0.,-1.,0.));
#4256=DIRECTION('ref_axis',(-1.,0.,0.));
#4257=DIRECTION('',(0.,1.,0.));
#4258=DIRECTION('center_axis',(0.,1.,0.));
#4259=DIRECTION('ref_axis',(1.,0.,0.));
#4260=DIRECTION('',(0.707106781186547,-0.707106781186548,-8.65956056235493E-17));
#4261=DIRECTION('center_axis',(0.,-1.,0.));
#4262=DIRECTION('ref_axis',(1.,0.,0.));
#4263=DIRECTION('center_axis',(0.,1.,0.));
#4264=DIRECTION('ref_axis',(1.,0.,0.));
#4265=DIRECTION('',(0.,1.,0.));
#4266=DIRECTION('center_axis',(0.,-1.,0.));
#4267=DIRECTION('ref_axis',(-0.707106781186548,0.,0.707106781186547));
#4268=DIRECTION('',(-0.707106781186548,0.,0.707106781186547));
#4269=DIRECTION('',(-0.707106781186547,0.,-0.707106781186548));
#4270=DIRECTION('',(0.707106781186547,0.,0.707106781186548));
#4271=DIRECTION('',(-0.707106781186548,0.,0.707106781186547));
#4272=DIRECTION('',(0.707106781186547,0.,0.707106781186548));
#4273=DIRECTION('',(0.707106781186547,0.,0.707106781186548));
#4274=DIRECTION('',(0.707106781186548,0.,-0.707106781186547));
#4275=DIRECTION('',(0.707106781186547,0.,0.707106781186548));
#4276=DIRECTION('',(0.707106781186548,0.,-0.707106781186547));
#4277=DIRECTION('',(-0.707106781186547,0.,-0.707106781186548));
#4278=DIRECTION('',(0.707106781186548,0.,-0.707106781186547));
#4279=DIRECTION('',(-0.707106781186547,0.,-0.707106781186548));
#4280=DIRECTION('center_axis',(0.707106781186547,0.,0.707106781186548));
#4281=DIRECTION('ref_axis',(0.707106781186548,0.,-0.707106781186547));
#4282=DIRECTION('',(0.,1.,0.));
#4283=DIRECTION('',(0.,1.,0.));
#4284=DIRECTION('',(0.707106781186548,0.,-0.707106781186547));
#4285=DIRECTION('center_axis',(0.,-1.,0.));
#4286=DIRECTION('ref_axis',(-0.707106781186548,0.,0.707106781186547));
#4287=DIRECTION('',(0.707106781186548,0.,-0.707106781186547));
#4288=DIRECTION('',(-0.707106781186547,0.,-0.707106781186548));
#4289=DIRECTION('center_axis',(0.707106781186548,0.,-0.707106781186547));
#4290=DIRECTION('ref_axis',(-0.707106781186547,0.,-0.707106781186548));
#4291=DIRECTION('',(0.,1.,0.));
#4292=DIRECTION('center_axis',(0.707106781186547,0.,0.707106781186548));
#4293=DIRECTION('ref_axis',(0.707106781186548,0.,-0.707106781186547));
#4294=DIRECTION('',(-0.707106781186548,0.,0.707106781186547));
#4295=DIRECTION('',(0.,1.,0.));
#4296=DIRECTION('center_axis',(-0.707106781186547,0.,-0.707106781186548));
#4297=DIRECTION('ref_axis',(-0.707106781186548,0.,0.707106781186547));
#4298=DIRECTION('',(0.,1.,0.));
#4299=DIRECTION('',(-0.707106781186548,0.,0.707106781186547));
#4300=DIRECTION('',(0.,1.,0.));
#4301=DIRECTION('center_axis',(0.707106781186548,0.,-0.707106781186547));
#4302=DIRECTION('ref_axis',(-0.707106781186547,0.,-0.707106781186548));
#4303=DIRECTION('',(-0.707106781186547,0.,-0.707106781186548));
#4304=DIRECTION('center_axis',(0.,-1.,0.));
#4305=DIRECTION('ref_axis',(-0.707106781186548,0.,0.707106781186547));
#4306=DIRECTION('',(-0.707106781186547,0.,-0.707106781186548));
#4307=DIRECTION('',(0.707106781186547,0.,0.707106781186548));
#4308=DIRECTION('',(0.707106781186548,0.,-0.707106781186547));
#4309=DIRECTION('center_axis',(-0.707106781186548,0.,0.707106781186547));
#4310=DIRECTION('ref_axis',(0.707106781186547,0.,0.707106781186548));
#4311=DIRECTION('',(0.,1.,0.));
#4312=DIRECTION('center_axis',(0.707106781186548,0.,-0.707106781186547));
#4313=DIRECTION('ref_axis',(-0.707106781186547,0.,-0.707106781186548));
#4314=DIRECTION('',(-0.707106781186547,0.,-0.707106781186548));
#4315=DIRECTION('',(0.,1.,0.));
#4316=DIRECTION('center_axis',(-0.707106781186547,0.,-0.707106781186548));
#4317=DIRECTION('ref_axis',(-0.707106781186548,0.,0.707106781186547));
#4318=DIRECTION('',(0.,1.,0.));
#4319=DIRECTION('',(0.,1.,0.));
#4320=DIRECTION('center_axis',(-0.707106781186548,0.,0.707106781186547));
#4321=DIRECTION('ref_axis',(0.707106781186547,0.,0.707106781186548));
#4322=DIRECTION('',(0.,1.,0.));
#4323=DIRECTION('center_axis',(0.707106781186547,0.,0.707106781186548));
#4324=DIRECTION('ref_axis',(0.707106781186548,0.,-0.707106781186547));
#4325=DIRECTION('',(0.,1.,0.));
#4326=DIRECTION('',(0.707106781186548,0.,-0.707106781186547));
#4327=DIRECTION('center_axis',(-0.707106781186548,0.,0.707106781186547));
#4328=DIRECTION('ref_axis',(0.707106781186547,0.,0.707106781186548));
#4329=DIRECTION('center_axis',(-0.707106781186548,0.,0.707106781186547));
#4330=DIRECTION('ref_axis',(0.707106781186547,0.,0.707106781186548));
#4331=DIRECTION('',(0.707106781186547,0.,0.707106781186548));
#4332=DIRECTION('center_axis',(0.,-1.,0.));
#4333=DIRECTION('ref_axis',(-0.707106781186548,0.,0.707106781186547));
#4334=DIRECTION('center_axis',(0.707106781186548,0.,-0.707106781186547));
#4335=DIRECTION('ref_axis',(-0.707106781186547,0.,-0.707106781186548));
#4336=DIRECTION('',(0.,-1.,0.));
#4337=DIRECTION('',(-0.707106781186547,0.,-0.707106781186548));
#4338=DIRECTION('center_axis',(-0.707106781186548,0.,0.707106781186547));
#4339=DIRECTION('ref_axis',(-0.618816970750028,-0.483870967741936,-0.618816970750028));
#4340=DIRECTION('',(0.707106781186547,0.,0.707106781186548));
#4341=DIRECTION('center_axis',(-0.707106781186548,0.,0.707106781186547));
#4342=DIRECTION('ref_axis',(-0.707106781186547,0.,-0.707106781186548));
#4343=DIRECTION('center_axis',(0.707106781186548,0.,-0.707106781186547));
#4344=DIRECTION('ref_axis',(-0.707106781186547,0.,-0.707106781186548));
#4345=DIRECTION('center_axis',(-0.707106781186548,0.,0.707106781186547));
#4346=DIRECTION('ref_axis',(-0.618816970750028,-0.483870967741936,-0.618816970750028));
#4347=DIRECTION('center_axis',(0.,-1.,0.));
#4348=DIRECTION('ref_axis',(-0.707106781186548,0.,0.707106781186547));
#4349=DIRECTION('',(-0.707106781186548,0.,0.707106781186547));
#4350=DIRECTION('center_axis',(0.707106781186548,0.,-0.707106781186547));
#4351=DIRECTION('ref_axis',(-0.618816970750028,-0.483870967741936,-0.618816970750028));
#4352=DIRECTION('',(-0.707106781186548,0.,0.707106781186547));
#4353=DIRECTION('center_axis',(0.,1.,0.));
#4354=DIRECTION('ref_axis',(-0.707106781186547,0.,-0.707106781186548));
#4355=DIRECTION('',(-0.707106781186548,0.,0.707106781186547));
#4356=DIRECTION('center_axis',(0.707106781186548,0.,-0.707106781186547));
#4357=DIRECTION('ref_axis',(-0.707106781186547,0.,-0.707106781186548));
#4358=DIRECTION('',(-0.707106781186548,0.,0.707106781186547));
#4359=DIRECTION('center_axis',(0.707106781186547,0.,0.707106781186548));
#4360=DIRECTION('ref_axis',(0.,1.,0.));
#4361=DIRECTION('center_axis',(0.,1.,0.));
#4362=DIRECTION('ref_axis',(0.707106781186548,0.,0.707106781186547));
#4363=DIRECTION('',(0.707106781186548,0.,0.707106781186547));
#4364=DIRECTION('',(0.707106781186547,0.,-0.707106781186548));
#4365=DIRECTION('',(-0.707106781186548,0.,-0.707106781186547));
#4366=DIRECTION('',(0.707106781186547,0.,-0.707106781186548));
#4367=DIRECTION('',(-0.707106781186547,0.,0.707106781186548));
#4368=DIRECTION('',(-0.707106781186548,0.,-0.707106781186547));
#4369=DIRECTION('',(-0.707106781186547,0.,0.707106781186548));
#4370=DIRECTION('',(-0.707106781186547,0.,0.707106781186548));
#4371=DIRECTION('',(0.707106781186548,0.,0.707106781186547));
#4372=DIRECTION('',(-0.707106781186547,0.,0.707106781186548));
#4373=DIRECTION('',(0.707106781186547,0.,-0.707106781186548));
#4374=DIRECTION('center_axis',(0.,1.,0.));
#4375=DIRECTION('ref_axis',(0.707106781186548,0.,0.707106781186547));
#4376=DIRECTION('',(0.707106781186547,0.,-0.707106781186548));
#4377=DIRECTION('',(-0.707106781186548,0.,-0.707106781186547));
#4378=DIRECTION('center_axis',(0.707106781186548,0.,0.707106781186547));
#4379=DIRECTION('ref_axis',(0.707106781186547,0.,-0.707106781186548));
#4380=DIRECTION('',(0.,1.,0.));
#4381=DIRECTION('center_axis',(0.707106781186547,0.,-0.707106781186548));
#4382=DIRECTION('ref_axis',(-0.707106781186548,0.,-0.707106781186547));
#4383=DIRECTION('',(0.,1.,0.));
#4384=DIRECTION('',(0.707106781186548,0.,0.707106781186547));
#4385=DIRECTION('center_axis',(-0.707106781186547,0.,0.707106781186548));
#4386=DIRECTION('ref_axis',(0.707106781186548,0.,0.707106781186547));
#4387=DIRECTION('',(0.,1.,0.));
#4388=DIRECTION('',(0.,1.,0.));
#4389=DIRECTION('center_axis',(0.707106781186548,0.,0.707106781186547));
#4390=DIRECTION('ref_axis',(0.707106781186547,0.,-0.707106781186548));
#4391=DIRECTION('center_axis',(0.,1.,0.));
#4392=DIRECTION('ref_axis',(0.707106781186548,0.,0.707106781186547));
#4393=DIRECTION('',(0.707106781186547,0.,-0.707106781186548));
#4394=DIRECTION('',(-0.707106781186548,0.,-0.707106781186547));
#4395=DIRECTION('',(-0.707106781186547,0.,0.707106781186548));
#4396=DIRECTION('center_axis',(-0.707106781186548,0.,-0.707106781186547));
#4397=DIRECTION('ref_axis',(-0.707106781186547,0.,0.707106781186548));
#4398=DIRECTION('',(0.,1.,0.));
#4399=DIRECTION('center_axis',(0.707106781186548,0.,0.707106781186547));
#4400=DIRECTION('ref_axis',(0.707106781186547,0.,-0.707106781186548));
#4401=DIRECTION('',(0.707106781186547,0.,-0.707106781186548));
#4402=DIRECTION('',(0.,1.,0.));
#4403=DIRECTION('center_axis',(-0.707106781186547,0.,0.707106781186548));
#4404=DIRECTION('ref_axis',(0.707106781186548,0.,0.707106781186547));
#4405=DIRECTION('',(0.,1.,0.));
#4406=DIRECTION('',(0.,1.,0.));
#4407=DIRECTION('center_axis',(-0.707106781186548,0.,-0.707106781186547));
#4408=DIRECTION('ref_axis',(-0.707106781186547,0.,0.707106781186548));
#4409=DIRECTION('',(0.,1.,0.));
#4410=DIRECTION('center_axis',(0.707106781186547,0.,-0.707106781186548));
#4411=DIRECTION('ref_axis',(-0.707106781186548,0.,-0.707106781186547));
#4412=DIRECTION('',(-0.707106781186548,0.,-0.707106781186547));
#4413=DIRECTION('',(0.,1.,0.));
#4414=DIRECTION('center_axis',(-0.707106781186548,0.,-0.707106781186547));
#4415=DIRECTION('ref_axis',(-0.707106781186547,0.,0.707106781186548));
#4416=DIRECTION('center_axis',(-0.707106781186548,0.,-0.707106781186547));
#4417=DIRECTION('ref_axis',(-0.707106781186547,0.,0.707106781186548));
#4418=DIRECTION('',(-0.707106781186547,0.,0.707106781186548));
#4419=DIRECTION('center_axis',(0.,1.,0.));
#4420=DIRECTION('ref_axis',(0.707106781186548,0.,0.707106781186547));
#4421=DIRECTION('center_axis',(0.707106781186548,0.,0.707106781186547));
#4422=DIRECTION('ref_axis',(0.707106781186547,0.,-0.707106781186548));
#4423=DIRECTION('',(0.,-1.,0.));
#4424=DIRECTION('center_axis',(-0.707106781186548,0.,-0.707106781186547));
#4425=DIRECTION('ref_axis',(0.707106781186547,0.,-0.707106781186548));
#4426=DIRECTION('',(-0.707106781186547,0.,0.707106781186548));
#4427=DIRECTION('center_axis',(-0.707106781186548,0.,-0.707106781186547));
#4428=DIRECTION('ref_axis',(0.618816970750028,-0.483870967741936,-0.618816970750028));
#4429=DIRECTION('center_axis',(0.707106781186548,0.,0.707106781186547));
#4430=DIRECTION('ref_axis',(0.707106781186547,0.,-0.707106781186548));
#4431=DIRECTION('center_axis',(-0.707106781186548,0.,-0.707106781186547));
#4432=DIRECTION('ref_axis',(0.618816970750028,-0.483870967741936,-0.618816970750028));
#4433=DIRECTION('center_axis',(0.707106781186548,0.,0.707106781186547));
#4434=DIRECTION('ref_axis',(0.618816970750028,-0.483870967741936,-0.618816970750028));
#4435=DIRECTION('',(0.707106781186548,0.,0.707106781186547));
#4436=DIRECTION('center_axis',(0.,-1.,0.));
#4437=DIRECTION('ref_axis',(0.707106781186547,0.,-0.707106781186548));
#4438=DIRECTION('',(0.707106781186548,0.,0.707106781186547));
#4439=DIRECTION('center_axis',(0.707106781186548,0.,0.707106781186547));
#4440=DIRECTION('ref_axis',(0.707106781186547,0.,-0.707106781186548));
#4441=DIRECTION('',(0.707106781186548,0.,0.707106781186547));
#4442=DIRECTION('center_axis',(0.707106781186547,0.,-0.707106781186548));
#4443=DIRECTION('ref_axis',(0.,1.,0.));
#4444=DIRECTION('center_axis',(0.,1.,0.));
#4445=DIRECTION('ref_axis',(0.707106781186551,0.,0.707106781186544));
#4446=DIRECTION('',(0.,1.,0.));
#4447=DIRECTION('center_axis',(0.,-1.,0.));
#4448=DIRECTION('ref_axis',(1.,0.,0.));
#4449=DIRECTION('',(0.,-1.,0.));
#4450=DIRECTION('center_axis',(0.,0.707106781186546,-0.707106781186549));
#4451=DIRECTION('ref_axis',(0.,-0.707106781186549,-0.707106781186546));
#4452=DIRECTION('center_axis',(0.,0.,1.));
#4453=DIRECTION('ref_axis',(1.,0.,0.));
#4454=DIRECTION('center_axis',(-1.,0.,0.));
#4455=DIRECTION('ref_axis',(0.,-1.,0.));
#4456=DIRECTION('center_axis',(0.,0.,1.));
#4457=DIRECTION('ref_axis',(-0.707106781186548,0.707106781186547,0.));
#4458=DIRECTION('center_axis',(0.,0.,-1.));
#4459=DIRECTION('ref_axis',(-0.707106781186548,0.707106781186547,0.));
#4460=DIRECTION('center_axis',(-1.,0.,0.));
#4461=DIRECTION('ref_axis',(0.,-0.707106781186548,0.707106781186548));
#4462=DIRECTION('center_axis',(-1.,0.,0.));
#4463=DIRECTION('ref_axis',(0.,-1.,0.));
#4464=DIRECTION('',(-1.,0.,0.));
#4465=DIRECTION('',(1.,0.,0.));
#4466=DIRECTION('center_axis',(0.,0.,1.));
#4467=DIRECTION('ref_axis',(1.,0.,0.));
#4468=DIRECTION('center_axis',(0.,1.,0.));
#4469=DIRECTION('ref_axis',(-1.,0.,0.));
#4470=DIRECTION('center_axis',(0.,0.,1.));
#4471=DIRECTION('ref_axis',(0.707106781186548,0.707106781186547,0.));
#4472=DIRECTION('center_axis',(0.,0.,-1.));
#4473=DIRECTION('ref_axis',(0.707106781186548,0.707106781186547,0.));
#4474=DIRECTION('center_axis',(0.,-1.,0.));
#4475=DIRECTION('ref_axis',(-0.707106781186548,0.,0.707106781186548));
#4476=DIRECTION('center_axis',(0.,1.,0.));
#4477=DIRECTION('ref_axis',(-1.,0.,0.));
#4478=DIRECTION('',(0.,1.,0.));
#4479=DIRECTION('',(0.,-1.,0.));
#4480=DIRECTION('center_axis',(1.,0.,3.5527136788005E-16));
#4481=DIRECTION('ref_axis',(0.,0.,-1.));
#4482=DIRECTION('center_axis',(-3.14002788849136E-15,0.700000000000001,
-0.714142842854284));
#4483=DIRECTION('ref_axis',(-1.,-2.22044604925028E-15,2.22044604925028E-15));
#4484=DIRECTION('center_axis',(1.,0.,3.5527136788005E-16));
#4485=DIRECTION('ref_axis',(3.70074341541719E-16,-0.182574185835057,-0.983192080250175));
#4486=DIRECTION('center_axis',(-1.,0.,-3.5527136788005E-16));
#4487=DIRECTION('ref_axis',(3.49299995239312E-16,-0.182574185835057,-0.983192080250175));
#4488=DIRECTION('center_axis',(0.329411764718604,-6.38095269144152E-11,
-0.94418636363007));
#4489=DIRECTION('ref_axis',(-0.94418636363007,0.,-0.329411764718604));
#4490=DIRECTION('center_axis',(0.,1.,0.));
#4491=DIRECTION('ref_axis',(0.,0.,1.));
#4492=DIRECTION('center_axis',(1.,0.,0.));
#4493=DIRECTION('ref_axis',(0.,0.,-1.));
#4494=DIRECTION('center_axis',(0.,1.,0.));
#4495=DIRECTION('ref_axis',(0.559761854124889,0.,0.828653526310404));
#4496=DIRECTION('center_axis',(0.,-1.,0.));
#4497=DIRECTION('ref_axis',(0.559761854124889,0.,0.828653526310404));
#4498=DIRECTION('center_axis',(-1.,0.,0.));
#4499=DIRECTION('ref_axis',(0.,0.707106781186548,-0.707106781186548));
#4500=DIRECTION('center_axis',(1.,0.,0.));
#4501=DIRECTION('ref_axis',(0.,0.,-1.));
#4502=DIRECTION('',(1.,0.,0.));
#4503=DIRECTION('',(-1.,0.,0.));
#4504=DIRECTION('center_axis',(0.,1.,0.));
#4505=DIRECTION('ref_axis',(0.,0.,1.));
#4506=DIRECTION('center_axis',(0.,0.,1.));
#4507=DIRECTION('ref_axis',(1.,0.,0.));
#4508=DIRECTION('center_axis',(0.,1.,0.));
#4509=DIRECTION('ref_axis',(-0.707106781186548,0.,0.707106781186548));
#4510=DIRECTION('center_axis',(0.,-1.,0.));
#4511=DIRECTION('ref_axis',(-0.707106781186547,0.,0.707106781186547));
#4512=DIRECTION('center_axis',(1.77635683940025E-16,0.,-1.));
#4513=DIRECTION('ref_axis',(0.707106781186549,0.707106781186546,0.));
#4514=DIRECTION('',(-1.77635683940025E-16,0.,1.));
#4515=DIRECTION('',(1.77635683940025E-16,0.,-1.));
#4516=DIRECTION('center_axis',(0.,1.,0.));
#4517=DIRECTION('ref_axis',(0.,0.,1.));
#4518=DIRECTION('',(1.,0.,0.));
#4519=DIRECTION('',(0.,0.,-1.));
#4520=DIRECTION('',(1.,0.,0.));
#4521=DIRECTION('',(0.,0.,1.));
#4522=DIRECTION('',(1.,0.,0.));
#4523=DIRECTION('center_axis',(-1.,0.,-3.5527136788005E-16));
#4524=DIRECTION('ref_axis',(-3.5527136788005E-16,0.,1.));
#4525=DIRECTION('',(-3.5527136788005E-16,0.,1.));
#4526=DIRECTION('',(0.,-1.,0.));
#4527=DIRECTION('center_axis',(1.,0.,3.5527136788005E-16));
#4528=DIRECTION('ref_axis',(0.,-0.707106781186548,-0.707106781186547));
#4529=DIRECTION('',(0.,0.,-1.));
#4530=DIRECTION('',(0.,-1.,0.));
#4531=DIRECTION('center_axis',(1.,0.,3.5527136788005E-16));
#4532=DIRECTION('ref_axis',(0.,0.,-1.));
#4533=DIRECTION('center_axis',(3.5527136788005E-16,0.,-1.));
#4534=DIRECTION('ref_axis',(0.707106781186548,0.707106781186547,0.));
#4535=DIRECTION('',(3.5527136788005E-16,0.,-1.));
#4536=DIRECTION('center_axis',(0.,0.,-1.));
#4537=DIRECTION('ref_axis',(0.707106781186548,0.707106781186547,0.));
#4538=DIRECTION('center_axis',(0.,-1.,0.));
#4539=DIRECTION('ref_axis',(0.,0.,-1.));
#4540=DIRECTION('',(-1.77635683940025E-16,0.,1.));
#4541=DIRECTION('',(1.,0.,1.88974131851091E-16));
#4542=DIRECTION('',(0.,0.,1.));
#4543=DIRECTION('',(0.866025403784439,0.,0.5));
#4544=DIRECTION('',(0.866025403784439,0.,-0.5));
#4545=DIRECTION('',(-3.49629579342466E-16,0.,-1.));
#4546=DIRECTION('',(-0.866025403784439,0.,-0.5));
#4547=DIRECTION('',(-0.866025403784439,0.,0.5));
#4548=DIRECTION('',(0.866025403784439,0.,0.5));
#4549=DIRECTION('',(0.866025403784439,0.,-0.5));
#4550=DIRECTION('',(3.49629579342466E-16,0.,-1.));
#4551=DIRECTION('',(-0.866025403784439,0.,-0.5));
#4552=DIRECTION('',(-0.866025403784439,0.,0.5));
#4553=DIRECTION('',(0.,0.,1.));
#4554=DIRECTION('center_axis',(-1.77635683940025E-16,0.,1.));
#4555=DIRECTION('ref_axis',(-0.707106781186548,0.707106781186547,0.));
#4556=DIRECTION('',(1.77635683940025E-16,0.,-1.));
#4557=DIRECTION('center_axis',(0.,0.,-1.));
#4558=DIRECTION('ref_axis',(-0.707106781186548,0.707106781186547,0.));
#4559=DIRECTION('center_axis',(0.,0.,1.));
#4560=DIRECTION('ref_axis',(-0.491869376837965,0.870669004920373,0.));
#4561=DIRECTION('center_axis',(0.,0.,-1.));
#4562=DIRECTION('ref_axis',(-0.491869376837965,0.870669004920373,0.));
#4563=DIRECTION('center_axis',(0.,0.,-1.));
#4564=DIRECTION('ref_axis',(-0.491869376837965,0.870669004920373,0.));
#4565=DIRECTION('',(0.,0.,1.));
#4566=DIRECTION('center_axis',(0.,0.,-1.));
#4567=DIRECTION('ref_axis',(-1.,0.,0.));
#4568=DIRECTION('',(-1.,0.,0.));
#4569=DIRECTION('center_axis',(0.,0.,-1.));
#4570=DIRECTION('ref_axis',(0.707106781186548,-0.707106781186548,0.));
#4571=DIRECTION('',(-1.69307438245434E-16,1.,0.));
#4572=DIRECTION('center_axis',(0.,0.,-1.));
#4573=DIRECTION('ref_axis',(0.707106781186548,0.707106781186547,0.));
#4574=DIRECTION('center_axis',(0.,0.,-1.));
#4575=DIRECTION('ref_axis',(1.,0.,0.));
#4576=DIRECTION('',(0.,1.,0.));
#4577=DIRECTION('center_axis',(0.,0.,-1.));
#4578=DIRECTION('ref_axis',(-0.707106781186548,-0.707106781186548,0.));
#4579=DIRECTION('',(-1.,0.,0.));
#4580=DIRECTION('center_axis',(0.,0.,1.));
#4581=DIRECTION('ref_axis',(-1.,0.,0.));
#4582=DIRECTION('center_axis',(0.,0.,1.));
#4583=DIRECTION('ref_axis',(-1.,0.,0.));
#4584=DIRECTION('center_axis',(1.,0.,0.));
#4585=DIRECTION('ref_axis',(0.,0.,-1.));
#4586=DIRECTION('center_axis',(1.,0.,0.));
#4587=DIRECTION('ref_axis',(0.,-0.707106781186548,-0.707106781186548));
#4588=DIRECTION('center_axis',(0.,1.,0.));
#4589=DIRECTION('ref_axis',(0.,0.,1.));
#4590=DIRECTION('center_axis',(-1.,0.,0.));
#4591=DIRECTION('ref_axis',(0.,-1.,0.));
#4592=DIRECTION('center_axis',(0.,0.,1.));
#4593=DIRECTION('ref_axis',(1.,0.,0.));
#4594=DIRECTION('center_axis',(0.,1.,0.));
#4595=DIRECTION('ref_axis',(0.707106781186548,0.,0.707106781186548));
#4596=DIRECTION('center_axis',(0.,-1.,0.));
#4597=DIRECTION('ref_axis',(0.707106781186548,0.,0.707106781186548));
#4598=DIRECTION('',(0.,-1.,0.));
#4599=DIRECTION('',(0.,1.,0.));
#4600=DIRECTION('center_axis',(1.,0.,0.));
#4601=DIRECTION('ref_axis',(0.,-0.707106781186548,-0.707106781186547));
#4602=DIRECTION('',(-1.,0.,0.));
#4603=DIRECTION('center_axis',(0.,0.,1.));
#4604=DIRECTION('ref_axis',(0.707106781186548,0.707106781186547,0.));
#4605=DIRECTION('',(0.,0.,-1.));
#4606=DIRECTION('center_axis',(0.,0.,1.));
#4607=DIRECTION('ref_axis',(-1.,0.,0.));
#4608=DIRECTION('',(-1.,0.,0.));
#4609=DIRECTION('',(0.,1.,0.));
#4610=DIRECTION('center_axis',(0.,-1.,0.));
#4611=DIRECTION('ref_axis',(0.,0.,-1.));
#4612=DIRECTION('',(0.,0.,-1.));
#4613=DIRECTION('center_axis',(0.,1.,0.));
#4614=DIRECTION('ref_axis',(0.707106781186548,0.,-0.707106781186548));
#4615=DIRECTION('',(1.,0.,0.));
#4616=DIRECTION('center_axis',(0.,1.,0.));
#4617=DIRECTION('ref_axis',(-0.707106781186548,0.,-0.707106781186548));
#4618=DIRECTION('',(0.,0.,1.));
#4619=DIRECTION('center_axis',(0.,-1.,0.));
#4620=DIRECTION('ref_axis',(-0.707106781186548,0.,0.707106781186548));
#4621=DIRECTION('',(-0.866025403784439,0.,-0.5));
#4622=DIRECTION('',(0.,0.,-1.));
#4623=DIRECTION('',(0.866025403784439,0.,-0.5));
#4624=DIRECTION('',(0.866025403784439,0.,0.5));
#4625=DIRECTION('',(-3.49629579342466E-16,0.,1.));
#4626=DIRECTION('',(-0.866025403784439,0.,0.5));
#4627=DIRECTION('',(0.866025403784439,0.,-0.5));
#4628=DIRECTION('',(0.866025403784439,0.,0.5));
#4629=DIRECTION('',(3.49629579342466E-16,0.,1.));
#4630=DIRECTION('',(-0.866025403784439,0.,0.5));
#4631=DIRECTION('',(-0.866025403784439,0.,-0.5));
#4632=DIRECTION('',(0.,0.,-1.));
#4633=DIRECTION('center_axis',(1.,0.,0.));
#4634=DIRECTION('ref_axis',(0.,0.,-1.));
#4635=DIRECTION('',(0.,0.,1.));
#4636=DIRECTION('center_axis',(-1.,0.,0.));
#4637=DIRECTION('ref_axis',(0.,-0.707106781186547,-0.707106781186548));
#4638=DIRECTION('',(0.,-1.,0.));
#4639=DIRECTION('center_axis',(-1.,0.,0.));
#4640=DIRECTION('ref_axis',(0.,0.,-1.));
#4641=DIRECTION('center_axis',(0.,1.,0.));
#4642=DIRECTION('ref_axis',(-0.707106781186548,0.,0.707106781186548));
#4643=DIRECTION('',(0.,-1.,0.));
#4644=DIRECTION('center_axis',(-1.,0.,0.));
#4645=DIRECTION('ref_axis',(0.,0.,1.));
#4646=DIRECTION('',(0.,0.,-1.));
#4647=DIRECTION('',(0.,1.,0.));
#4648=DIRECTION('center_axis',(1.,0.,0.));
#4649=DIRECTION('ref_axis',(0.,-0.707106781186547,-0.707106781186548));
#4650=DIRECTION('',(0.,0.,-1.));
#4651=DIRECTION('',(0.,0.990657335597769,-0.136374643634106));
#4652=DIRECTION('center_axis',(1.,0.,0.));
#4653=DIRECTION('ref_axis',(0.,0.686348585024602,-0.727272727272738));
#4654=DIRECTION('',(0.,0.990657335597774,0.136374643634072));
#4655=DIRECTION('center_axis',(1.,0.,0.));
#4656=DIRECTION('ref_axis',(0.,0.136374643634105,0.990657335597769));
#4657=DIRECTION('',(0.,-0.990657335597769,0.136374643634106));
#4658=DIRECTION('center_axis',(1.,0.,0.));
#4659=DIRECTION('ref_axis',(0.,-0.686348585024602,0.727272727272738));
#4660=DIRECTION('',(0.,-0.990657335597774,-0.136374643634073));
#4661=DIRECTION('center_axis',(1.,0.,0.));
#4662=DIRECTION('ref_axis',(0.,-0.13637464363409,-0.990657335597771));
#4663=DIRECTION('center_axis',(-1.,0.,0.));
#4664=DIRECTION('ref_axis',(0.,-0.657124553020922,0.75378201213418));
#4665=DIRECTION('center_axis',(-1.,0.,0.));
#4666=DIRECTION('ref_axis',(0.,-0.657124553020922,0.75378201213418));
#4667=DIRECTION('',(1.,0.,0.));
#4668=DIRECTION('center_axis',(1.,0.,1.77635683940025E-16));
#4669=DIRECTION('ref_axis',(0.,-0.657124553020922,0.75378201213418));
#4670=DIRECTION('',(-1.,0.,0.));
#4671=DIRECTION('center_axis',(0.,0.136374643634106,0.990657335597769));
#4672=DIRECTION('ref_axis',(0.,-0.990657335597769,0.136374643634106));
#4673=DIRECTION('',(0.,-0.990657335597769,0.136374643634106));
#4674=DIRECTION('',(-1.,0.,0.));
#4675=DIRECTION('',(1.,0.,0.));
#4676=DIRECTION('',(2.42250030940216E-17,0.990657335597769,-0.136374643634106));
#4677=DIRECTION('center_axis',(1.,0.,0.));
#4678=DIRECTION('ref_axis',(0.,-0.657124553020936,-0.753782012134168));
#4679=DIRECTION('center_axis',(-1.,0.,0.));
#4680=DIRECTION('ref_axis',(0.,-0.657124553020936,-0.753782012134168));
#4681=DIRECTION('',(1.,0.,0.));
#4682=DIRECTION('center_axis',(1.,0.,1.77635683940025E-16));
#4683=DIRECTION('ref_axis',(0.,-0.657124553020936,-0.753782012134168));
#4684=DIRECTION('',(-1.,0.,0.));
#4685=DIRECTION('center_axis',(0.,-1.,0.));
#4686=DIRECTION('ref_axis',(0.,0.,-1.));
#4687=DIRECTION('',(-1.77635683940025E-16,0.,1.));
#4688=DIRECTION('',(0.,0.,1.));
#4689=DIRECTION('center_axis',(1.,0.,0.));
#4690=DIRECTION('ref_axis',(0.,0.136374643634105,0.990657335597769));
#4691=DIRECTION('',(1.,0.,0.));
#4692=DIRECTION('center_axis',(-1.,0.,-1.77635683940025E-16));
#4693=DIRECTION('ref_axis',(0.,0.136374643634105,0.990657335597769));
#4694=DIRECTION('center_axis',(1.,0.,1.77635683940025E-16));
#4695=DIRECTION('ref_axis',(1.77635683940025E-16,0.,-1.));
#4696=DIRECTION('',(0.,1.,0.));
#4697=DIRECTION('',(0.,0.,1.));
#4698=DIRECTION('center_axis',(-1.,0.,-1.77635683940025E-16));
#4699=DIRECTION('ref_axis',(0.,-0.707106781186548,-0.707106781186547));
#4700=DIRECTION('',(1.36642833800019E-16,-1.,0.));
#4701=DIRECTION('',(2.42250030940156E-17,-0.990657335597774,-0.136374643634072));
#4702=DIRECTION('center_axis',(-1.,0.,-1.77635683940025E-16));
#4703=DIRECTION('ref_axis',(0.,0.,1.));
#4704=DIRECTION('center_axis',(-1.,0.,0.));
#4705=DIRECTION('ref_axis',(0.,0.,1.));
#4706=DIRECTION('',(0.,0.990657335597774,0.136374643634072));
#4707=DIRECTION('center_axis',(1.,0.,0.));
#4708=DIRECTION('ref_axis',(0.,0.686348585024602,-0.727272727272738));
#4709=DIRECTION('',(0.,0.990657335597769,-0.136374643634106));
#4710=DIRECTION('center_axis',(1.,0.,0.));
#4711=DIRECTION('ref_axis',(0.,-0.13637464363409,-0.990657335597771));
#4712=DIRECTION('',(0.,-0.990657335597774,-0.136374643634073));
#4713=DIRECTION('center_axis',(1.,0.,0.));
#4714=DIRECTION('ref_axis',(0.,-0.686348585024602,0.727272727272738));
#4715=DIRECTION('center_axis',(-1.,0.,0.));
#4716=DIRECTION('ref_axis',(0.,0.,1.));
#4717=DIRECTION('center_axis',(0.5,0.,0.866025403784439));
#4718=DIRECTION('ref_axis',(-0.866025403784439,0.,0.5));
#4719=DIRECTION('',(0.,-1.,0.));
#4720=DIRECTION('',(0.,-1.,0.));
#4721=DIRECTION('center_axis',(-0.5,0.,0.866025403784439));
#4722=DIRECTION('ref_axis',(-0.866025403784439,0.,-0.5));
#4723=DIRECTION('',(0.,-1.,0.));
#4724=DIRECTION('center_axis',(-1.,0.,3.49629579342466E-16));
#4725=DIRECTION('ref_axis',(-3.49629579342466E-16,0.,-1.));
#4726=DIRECTION('',(0.,-1.,0.));
#4727=DIRECTION('center_axis',(-0.5,0.,-0.866025403784439));
#4728=DIRECTION('ref_axis',(0.866025403784439,0.,-0.5));
#4729=DIRECTION('',(0.,-1.,0.));
#4730=DIRECTION('center_axis',(0.5,0.,-0.866025403784439));
#4731=DIRECTION('ref_axis',(0.866025403784439,0.,0.5));
#4732=DIRECTION('',(0.,-1.,0.));
#4733=DIRECTION('center_axis',(1.,0.,0.));
#4734=DIRECTION('ref_axis',(0.,0.,1.));
#4735=DIRECTION('center_axis',(0.,-1.,0.));
#4736=DIRECTION('ref_axis',(0.707106781186548,0.,-0.707106781186548));
#4737=DIRECTION('center_axis',(0.,1.,0.));
#4738=DIRECTION('ref_axis',(1.,0.,0.));
#4739=DIRECTION('',(0.,1.,0.));
#4740=DIRECTION('center_axis',(-1.,0.,0.));
#4741=DIRECTION('ref_axis',(0.,0.,1.));
#4742=DIRECTION('center_axis',(0.,-2.96059473233375E-15,-1.));
#4743=DIRECTION('ref_axis',(1.,0.,0.));
#4744=DIRECTION('center_axis',(1.,0.,0.));
#4745=DIRECTION('ref_axis',(0.,-0.707106781186547,-0.707106781186548));
#4746=DIRECTION('center_axis',(0.,0.,1.));
#4747=DIRECTION('ref_axis',(0.707106781186548,-0.707106781186548,0.));
#4748=DIRECTION('',(0.,0.,-1.));
#4749=DIRECTION('center_axis',(0.,0.,-1.));
#4750=DIRECTION('ref_axis',(1.,0.,0.));
#4751=DIRECTION('',(1.,0.,0.));
#4752=DIRECTION('',(1.,0.,0.));
#4753=DIRECTION('',(0.,-1.,0.));
#4754=DIRECTION('center_axis',(1.,0.,0.));
#4755=DIRECTION('ref_axis',(0.,-0.707106781186548,-0.707106781186547));
#4756=DIRECTION('',(-1.,0.,0.));
#4757=DIRECTION('center_axis',(0.,-1.,0.));
#4758=DIRECTION('ref_axis',(0.,0.,-1.));
#4759=DIRECTION('',(0.,0.,1.));
#4760=DIRECTION('',(1.,0.,0.));
#4761=DIRECTION('center_axis',(0.,1.,0.));
#4762=DIRECTION('ref_axis',(0.707106781186547,0.,0.707106781186548));
#4763=DIRECTION('center_axis',(0.,0.,-1.));
#4764=DIRECTION('ref_axis',(-0.707106781186548,-0.707106781186548,0.));
#4765=DIRECTION('center_axis',(0.,0.,1.));
#4766=DIRECTION('ref_axis',(-1.,0.,0.));
#4767=DIRECTION('',(0.,0.,1.));
#4768=DIRECTION('center_axis',(1.,0.,0.));
#4769=DIRECTION('ref_axis',(0.,0.,-1.));
#4770=DIRECTION('center_axis',(0.,-1.,-7.40148683083438E-16));
#4771=DIRECTION('ref_axis',(-1.,0.,0.));
#4772=DIRECTION('center_axis',(-1.,0.,0.));
#4773=DIRECTION('ref_axis',(0.,-0.707106781186547,-0.707106781186548));
#4774=DIRECTION('center_axis',(0.,-1.,0.));
#4775=DIRECTION('ref_axis',(-0.707106781186548,0.,-0.707106781186548));
#4776=DIRECTION('center_axis',(0.,-1.,0.));
#4777=DIRECTION('ref_axis',(0.,0.,-1.));
#4778=DIRECTION('',(-1.,0.,0.));
#4779=DIRECTION('center_axis',(0.,1.,0.));
#4780=DIRECTION('ref_axis',(-0.707106781186547,0.,0.707106781186547));
#4781=DIRECTION('',(1.,0.,0.));
#4782=DIRECTION('center_axis',(1.,0.,0.));
#4783=DIRECTION('ref_axis',(0.,-0.707106781186548,-0.707106781186547));
#4784=DIRECTION('center_axis',(0.,0.,1.));
#4785=DIRECTION('ref_axis',(1.,0.,0.));
#4786=DIRECTION('',(0.,-1.,0.));
#4787=DIRECTION('',(0.,1.,0.));
#4788=DIRECTION('',(-0.866025403784439,-0.5,0.));
#4789=DIRECTION('',(-5.24444369013699E-16,-1.,0.));
#4790=DIRECTION('',(0.866025403784438,-0.500000000000001,0.));
#4791=DIRECTION('',(0.866025403784439,0.499999999999999,0.));
#4792=DIRECTION('',(6.99259158684932E-16,1.,0.));
#4793=DIRECTION('',(-0.866025403784439,0.5,0.));
#4794=DIRECTION('',(6.99259158684932E-16,-1.,0.));
#4795=DIRECTION('',(0.866025403784439,-0.499999999999999,0.));
#4796=DIRECTION('',(0.866025403784438,0.500000000000001,0.));
#4797=DIRECTION('',(-5.24444369013699E-16,1.,0.));
#4798=DIRECTION('',(-0.866025403784439,0.5,0.));
#4799=DIRECTION('',(-0.866025403784439,-0.5,0.));
#4800=DIRECTION('center_axis',(0.,-1.,0.));
#4801=DIRECTION('ref_axis',(-0.707106781186547,0.,0.707106781186547));
#4802=DIRECTION('center_axis',(0.,1.,0.));
#4803=DIRECTION('ref_axis',(0.707106781186547,0.,0.707106781186548));
#4804=DIRECTION('center_axis',(-0.500000000000001,-0.866025403784438,0.));
#4805=DIRECTION('ref_axis',(-0.866025403784438,0.500000000000001,0.));
#4806=DIRECTION('',(0.,0.,-1.));
#4807=DIRECTION('',(-0.866025403784438,0.500000000000001,0.));
#4808=DIRECTION('',(0.,0.,-1.));
#4809=DIRECTION('center_axis',(-1.,5.24444369013699E-16,0.));
#4810=DIRECTION('ref_axis',(5.24444369013699E-16,1.,0.));
#4811=DIRECTION('',(0.,0.,-1.));
#4812=DIRECTION('',(5.24444369013699E-16,1.,0.));
#4813=DIRECTION('center_axis',(-0.5,0.866025403784439,0.));
#4814=DIRECTION('ref_axis',(0.866025403784439,0.5,0.));
#4815=DIRECTION('',(0.,0.,-1.));
#4816=DIRECTION('',(0.866025403784439,0.5,0.));
#4817=DIRECTION('center_axis',(0.500000000000001,-0.866025403784438,0.));
#4818=DIRECTION('ref_axis',(-0.866025403784438,-0.500000000000001,0.));
#4819=DIRECTION('',(0.,0.,-1.));
#4820=DIRECTION('',(-0.866025403784438,-0.500000000000001,0.));
#4821=DIRECTION('',(0.,0.,-1.));
#4822=DIRECTION('center_axis',(-0.5,-0.866025403784439,0.));
#4823=DIRECTION('ref_axis',(-0.866025403784439,0.499999999999999,0.));
#4824=DIRECTION('',(0.,0.,-1.));
#4825=DIRECTION('',(-0.866025403784439,0.499999999999999,0.));
#4826=DIRECTION('center_axis',(-1.,-6.99259158684932E-16,0.));
#4827=DIRECTION('ref_axis',(-6.99259158684932E-16,1.,0.));
#4828=DIRECTION('',(0.,0.,-1.));
#4829=DIRECTION('',(-6.99259158684932E-16,1.,0.));
#4830=DIRECTION('center_axis',(0.,0.,-1.));
#4831=DIRECTION('ref_axis',(-1.,0.,0.));
#4832=DIRECTION('center_axis',(0.,0.,1.));
#4833=DIRECTION('ref_axis',(-1.,0.,0.));
#4834=DIRECTION('',(0.,0.,1.));
#4835=DIRECTION('center_axis',(0.,0.,-1.));
#4836=DIRECTION('ref_axis',(-1.,0.,0.));
#4837=DIRECTION('',(0.866025403784439,-0.5,0.));
#4838=DIRECTION('',(-6.99259158684932E-16,-1.,0.));
#4839=DIRECTION('',(-0.866025403784439,-0.499999999999999,0.));
#4840=DIRECTION('center_axis',(0.5,-0.866025403784439,0.));
#4841=DIRECTION('ref_axis',(-0.866025403784439,-0.499999999999999,0.));
#4842=DIRECTION('',(0.,0.,-1.));
#4843=DIRECTION('center_axis',(1.,-6.99259158684932E-16,0.));
#4844=DIRECTION('ref_axis',(-6.99259158684932E-16,-1.,0.));
#4845=DIRECTION('',(0.,0.,-1.));
#4846=DIRECTION('center_axis',(0.5,0.866025403784438,0.));
#4847=DIRECTION('ref_axis',(0.866025403784439,-0.5,0.));
#4848=DIRECTION('center_axis',(0.,0.,-1.));
#4849=DIRECTION('ref_axis',(-1.,0.,0.));
#4850=DIRECTION('center_axis',(0.,0.,1.));
#4851=DIRECTION('ref_axis',(-1.,0.,0.));
#4852=DIRECTION('',(0.,0.,1.));
#4853=DIRECTION('center_axis',(0.,0.,-1.));
#4854=DIRECTION('ref_axis',(-1.,0.,0.));
#4855=DIRECTION('',(0.866025403784439,0.5,0.));
#4856=DIRECTION('',(0.866025403784439,-0.5,0.));
#4857=DIRECTION('',(5.24444369013699E-16,-1.,0.));
#4858=DIRECTION('center_axis',(1.,5.24444369013699E-16,0.));
#4859=DIRECTION('ref_axis',(5.24444369013699E-16,-1.,0.));
#4860=DIRECTION('',(0.,0.,-1.));
#4861=DIRECTION('center_axis',(0.5,0.866025403784439,0.));
#4862=DIRECTION('ref_axis',(0.866025403784439,-0.5,0.));
#4863=DIRECTION('',(0.,0.,-1.));
#4864=DIRECTION('center_axis',(-0.5,0.866025403784438,0.));
#4865=DIRECTION('ref_axis',(0.866025403784439,0.5,0.));
#4866=DIRECTION('center_axis',(0.,0.,-1.));
#4867=DIRECTION('ref_axis',(1.,0.,0.));
#4868=DIRECTION('center_axis',(1.,0.,0.));
#4869=DIRECTION('ref_axis',(0.,0.,-1.));
#4870=DIRECTION('',(1.,0.,0.));
#4871=DIRECTION('center_axis',(1.,0.,0.));
#4872=DIRECTION('ref_axis',(0.,-0.13637464363409,-0.990657335597771));
#4873=DIRECTION('',(1.,0.,0.));
#4874=DIRECTION('',(1.,0.,0.));
#4875=DIRECTION('center_axis',(1.,0.,0.));
#4876=DIRECTION('ref_axis',(0.,0.,1.));
#4877=DIRECTION('center_axis',(-1.,0.,0.));
#4878=DIRECTION('ref_axis',(0.,0.,1.));
#4879=DIRECTION('',(1.,0.,0.));
#4880=DIRECTION('center_axis',(-1.,0.,0.));
#4881=DIRECTION('ref_axis',(0.,0.,1.));
#4882=DIRECTION('center_axis',(1.,0.,0.));
#4883=DIRECTION('ref_axis',(0.,0.,1.));
#4884=DIRECTION('center_axis',(1.,0.,0.));
#4885=DIRECTION('ref_axis',(0.,0.,1.));
#4886=DIRECTION('',(1.,0.,0.));
#4887=DIRECTION('center_axis',(1.,0.,0.));
#4888=DIRECTION('ref_axis',(0.,-0.686348585024602,0.727272727272738));
#4889=DIRECTION('',(-1.,0.,0.));
#4890=DIRECTION('center_axis',(0.,-0.136374643634073,0.990657335597774));
#4891=DIRECTION('ref_axis',(0.,-0.990657335597774,-0.136374643634073));
#4892=DIRECTION('center_axis',(0.,-0.136374643634106,-0.990657335597769));
#4893=DIRECTION('ref_axis',(0.,0.990657335597769,-0.136374643634106));
#4894=DIRECTION('',(1.,0.,0.));
#4895=DIRECTION('center_axis',(1.,0.,0.));
#4896=DIRECTION('ref_axis',(0.,0.686348585024602,-0.727272727272738));
#4897=DIRECTION('',(-1.,0.,0.));
#4898=DIRECTION('center_axis',(0.,0.136374643634072,-0.990657335597774));
#4899=DIRECTION('ref_axis',(0.,0.990657335597774,0.136374643634072));
#4900=DIRECTION('center_axis',(0.5,0.,-0.866025403784439));
#4901=DIRECTION('ref_axis',(0.866025403784439,0.,0.5));
#4902=DIRECTION('',(0.,-1.,0.));
#4903=DIRECTION('',(0.,-1.,0.));
#4904=DIRECTION('center_axis',(-0.5,0.,-0.866025403784439));
#4905=DIRECTION('ref_axis',(0.866025403784439,0.,-0.5));
#4906=DIRECTION('',(0.,-1.,0.));
#4907=DIRECTION('center_axis',(-1.,0.,-3.49629579342466E-16));
#4908=DIRECTION('ref_axis',(3.49629579342466E-16,0.,-1.));
#4909=DIRECTION('',(0.,-1.,0.));
#4910=DIRECTION('center_axis',(-0.5,0.,0.866025403784439));
#4911=DIRECTION('ref_axis',(-0.866025403784439,0.,-0.5));
#4912=DIRECTION('',(0.,-1.,0.));
#4913=DIRECTION('center_axis',(0.5,0.,0.866025403784439));
#4914=DIRECTION('ref_axis',(-0.866025403784439,0.,0.5));
#4915=DIRECTION('',(0.,-1.,0.));
#4916=DIRECTION('center_axis',(1.,0.,0.));
#4917=DIRECTION('ref_axis',(0.,0.,1.));
#4918=CARTESIAN_POINT('',(0.,0.,0.));
#4919=CARTESIAN_POINT('Origin',(0.,0.,-6.3));
#4920=CARTESIAN_POINT('',(33.,-4.04133443718627E-15,-7.3));
#4921=CARTESIAN_POINT('Origin',(0.,0.,-7.3));
#4922=CARTESIAN_POINT('',(34.,-4.163799117101E-15,-6.3));
#4923=CARTESIAN_POINT('Origin',(33.,-4.04133443718627E-15,-6.3));
#4924=CARTESIAN_POINT('',(-34.,4.163799117101E-15,-6.3));
#4925=CARTESIAN_POINT('Origin',(0.,0.,-6.3));
#4926=CARTESIAN_POINT('Origin',(0.,0.,-6.3));
#4927=CARTESIAN_POINT('Origin',(0.,0.,0.));
#4928=CARTESIAN_POINT('',(-34.,-4.163799117101E-15,-2.));
#4929=CARTESIAN_POINT('',(-34.,4.163799117101E-15,0.));
#4930=CARTESIAN_POINT('Origin',(0.,0.,-2.));
#4931=CARTESIAN_POINT('Origin',(0.,0.,-7.3));
#4932=CARTESIAN_POINT('',(5.3,-2.0818995585505E-16,-7.3));
#4933=CARTESIAN_POINT('Origin',(7.,0.,-7.3));
#4934=CARTESIAN_POINT('',(-8.7,-2.0818995585505E-16,-7.3));
#4935=CARTESIAN_POINT('Origin',(-7.,0.,-7.3));
#4936=CARTESIAN_POINT('Origin',(0.,0.,-2.));
#4937=CARTESIAN_POINT('',(-32.,3.91886975727153E-15,0.));
#4938=CARTESIAN_POINT('Origin',(0.,0.,0.));
#4939=CARTESIAN_POINT('Origin',(-32.,-3.91886975727153E-15,-2.));
#4940=CARTESIAN_POINT('Origin',(-28.5,0.,0.));
#4941=CARTESIAN_POINT('',(-29.5,3.61270805748469E-15,0.));
#4942=CARTESIAN_POINT('Origin',(0.,0.,0.));
#4943=CARTESIAN_POINT('Origin',(0.,0.,0.));
#4944=CARTESIAN_POINT('',(-29.5,3.61270805748469E-15,-3.3));
#4945=CARTESIAN_POINT('',(-29.5,3.61270805748469E-15,0.));
#4946=CARTESIAN_POINT('Origin',(0.,0.,-3.3));
#4947=CARTESIAN_POINT('Origin',(-7.,0.,-3.3));
#4948=CARTESIAN_POINT('',(-8.7,2.0818995585505E-16,-5.3));
#4949=CARTESIAN_POINT('Origin',(-7.,0.,-5.3));
#4950=CARTESIAN_POINT('',(-8.7,2.0818995585505E-16,-3.3));
#4951=CARTESIAN_POINT('Origin',(-7.,0.,-4.3));
#4952=CARTESIAN_POINT('',(-10.7,-4.53119315684521E-16,-3.3));
#4953=CARTESIAN_POINT('Origin',(-7.,0.,-3.3));
#4954=CARTESIAN_POINT('',(-9.7,-3.30654635769785E-16,-4.3));
#4955=CARTESIAN_POINT('Origin',(7.,0.,-3.3));
#4956=CARTESIAN_POINT('',(5.3,2.0818995585505E-16,-5.3));
#4957=CARTESIAN_POINT('Origin',(7.,0.,-5.3));
#4958=CARTESIAN_POINT('',(5.3,2.0818995585505E-16,-3.3));
#4959=CARTESIAN_POINT('Origin',(0.,0.,-3.3));
#4960=CARTESIAN_POINT('',(3.3,-4.53119315684521E-16,-3.3));
#4961=CARTESIAN_POINT('Origin',(7.,0.,-3.3));
#4962=CARTESIAN_POINT('Origin',(7.,0.,-4.3));
#4963=CARTESIAN_POINT('',(4.3,-3.30654635769785E-16,-4.3));
#4964=CARTESIAN_POINT('Origin',(55.1272384310961,75.,-25.5091576719718));
#4965=CARTESIAN_POINT('',(56.5414519934692,90.5,-24.0949441095987));
#4966=CARTESIAN_POINT('',(53.713024868723,90.5,-24.0949441095987));
#4967=CARTESIAN_POINT('Origin',(55.1272384310961,90.5,-25.5091576719718));
#4968=CARTESIAN_POINT('',(53.713024868723,77.,-24.0949441095987));
#4969=CARTESIAN_POINT('',(53.713024868723,75.,-24.0949441095987));
#4970=CARTESIAN_POINT('',(56.5414519934692,77.,-24.0949441095987));
#4971=CARTESIAN_POINT('Origin',(55.1272384310961,77.,-25.5091576719718));
#4972=CARTESIAN_POINT('',(56.5414519934692,75.,-24.0949441095987));
#4973=CARTESIAN_POINT('Origin',(52.2988113063499,77.,-22.6807305472256));
#4974=CARTESIAN_POINT('',(52.2988113063499,75.,-22.6807305472256));
#4975=CARTESIAN_POINT('',(53.713024868723,73.,-21.2665169848525));
#4976=CARTESIAN_POINT('Origin',(52.2988113063499,73.,-22.6807305472256));
#4977=CARTESIAN_POINT('Origin',(53.713024868723,77.,-21.2665169848525));
#4978=CARTESIAN_POINT('Origin',(52.2988113063499,77.,-22.6807305472256));
#4979=CARTESIAN_POINT('Origin',(51.3877353546185,73.,-21.7696545954942));
#4980=CARTESIAN_POINT('',(51.6180807591243,75.,-22.));
#4981=CARTESIAN_POINT('',(53.0322943214974,73.,-20.5857864376269));
#4982=CARTESIAN_POINT('Origin',(51.6180807591243,73.,-22.));
#4983=CARTESIAN_POINT('',(52.8019489169915,73.,-20.3554410331211));
#4984=CARTESIAN_POINT('',(51.3877353546185,75.,-21.7696545954942));
#4985=CARTESIAN_POINT('Origin',(28.0762716319083,73.,-22.));
#4986=CARTESIAN_POINT('',(-51.6180807591243,75.,-22.));
#4987=CARTESIAN_POINT('',(-51.6180807591243,73.,-20.));
#4988=CARTESIAN_POINT('Origin',(-51.6180807591243,73.,-22.));
#4989=CARTESIAN_POINT('',(51.6180807591243,73.,-20.));
#4990=CARTESIAN_POINT('',(28.0762716319083,73.,-20.));
#4991=CARTESIAN_POINT('Origin',(51.6180807591243,73.,-22.));
#4992=CARTESIAN_POINT('',(28.0762716319083,75.,-22.));
#4993=CARTESIAN_POINT('Origin',(51.6180807591243,73.,-22.));
#4994=CARTESIAN_POINT('Origin',(51.6180807591243,73.,-22.));
#4995=CARTESIAN_POINT('Origin',(-51.3877353546185,73.,-21.7696545954942));
#4996=CARTESIAN_POINT('',(-52.2988113063499,75.,-22.6807305472256));
#4997=CARTESIAN_POINT('',(-53.713024868723,73.,-21.2665169848525));
#4998=CARTESIAN_POINT('Origin',(-52.2988113063499,73.,-22.6807305472256));
#4999=CARTESIAN_POINT('',(-53.0322943214974,73.,-20.5857864376269));
#5000=CARTESIAN_POINT('',(-52.8019489169915,73.,-20.3554410331211));
#5001=CARTESIAN_POINT('Origin',(-51.6180807591243,73.,-22.));
#5002=CARTESIAN_POINT('',(-51.3877353546185,75.,-21.7696545954942));
#5003=CARTESIAN_POINT('Origin',(-52.2988113063499,77.,-22.6807305472256));
#5004=CARTESIAN_POINT('',(-53.713024868723,77.,-24.0949441095987));
#5005=CARTESIAN_POINT('',(-56.5414519934692,77.,-24.0949441095987));
#5006=CARTESIAN_POINT('Origin',(-55.1272384310961,77.,-25.5091576719718));
#5007=CARTESIAN_POINT('Origin',(-53.713024868723,77.,-21.2665169848525));
#5008=CARTESIAN_POINT('Origin',(-52.2988113063499,77.,-22.6807305472256));
#5009=CARTESIAN_POINT('Origin',(-55.1272384310961,75.,-25.5091576719718));
#5010=CARTESIAN_POINT('',(-53.713024868723,90.5,-24.0949441095987));
#5011=CARTESIAN_POINT('',(-56.5414519934692,90.5,-24.0949441095987));
#5012=CARTESIAN_POINT('Origin',(-55.1272384310961,90.5,-25.5091576719718));
#5013=CARTESIAN_POINT('',(-56.5414519934692,75.,-24.0949441095987));
#5014=CARTESIAN_POINT('',(-53.713024868723,75.,-24.0949441095987));
#5015=CARTESIAN_POINT('Origin',(-51.6180807591243,73.,-22.));
#5016=CARTESIAN_POINT('Origin',(-51.6180807591243,73.,-22.));
#5017=CARTESIAN_POINT('Origin',(55.1272384310961,75.,-22.6807305472256));
#5018=CARTESIAN_POINT('',(36.2474873734153,90.5,-41.5604816049064));
#5019=CARTESIAN_POINT('',(34.8332738110422,90.5,-42.9746951672795));
#5020=CARTESIAN_POINT('',(36.2474873734153,77.,-41.5604816049064));
#5021=CARTESIAN_POINT('',(36.2474873734153,75.,-41.5604816049064));
#5022=CARTESIAN_POINT('',(38.5156114601285,77.,-39.2923575181932));
#5023=CARTESIAN_POINT('Origin',(52.6523646969432,90.5,-40.4998214331266));
#5024=CARTESIAN_POINT('',(60.3598286118766,90.5,-27.9133207280061));
#5025=CARTESIAN_POINT('',(55.1272384310961,90.5,-22.6807305472256));
#5026=CARTESIAN_POINT('',(58.2385082683169,90.5,-30.0346410715657));
#5027=CARTESIAN_POINT('',(58.2385082683169,90.5,-30.0346410715657));
#5028=CARTESIAN_POINT('',(55.1272384310961,90.5,-26.9233712343449));
#5029=CARTESIAN_POINT('',(55.1272384310961,90.5,-26.9233712343449));
#5030=CARTESIAN_POINT('',(39.0759144981615,90.5,-42.9746951672795));
#5031=CARTESIAN_POINT('',(39.0759144981615,90.5,-42.9746951672795));
#5032=CARTESIAN_POINT('',(52.2988113063499,90.5,-56.197591975468));
#5033=CARTESIAN_POINT('',(57.1778480965371,90.5,-61.0766287656551));
#5034=CARTESIAN_POINT('',(50.1774909627903,90.5,-58.3189123190276));
#5035=CARTESIAN_POINT('',(50.1774909627903,90.5,-58.3189123190276));
#5036=CARTESIAN_POINT('',(36.2474873734153,90.5,-44.3889087296526));
#5037=CARTESIAN_POINT('',(57.1778480965371,90.5,-65.3192694527744));
#5038=CARTESIAN_POINT('Origin',(37.6617009357884,90.5,-42.9746951672795));
#5039=CARTESIAN_POINT('Origin',(72.3806438920479,75.,-39.9341360081774));
#5040=CARTESIAN_POINT('',(53.0322943214974,71.,-20.5857864376269));
#5041=CARTESIAN_POINT('',(53.0322943214974,75.,-20.5857864376269));
#5042=CARTESIAN_POINT('',(76.0575991542179,71.,-43.6110912703474));
#5043=CARTESIAN_POINT('',(45.3348809129029,71.,-12.8883730290324));
#5044=CARTESIAN_POINT('',(76.0575991542179,90.5,-43.6110912703474));
#5045=CARTESIAN_POINT('',(76.0575991542179,75.,-43.6110912703474));
#5046=CARTESIAN_POINT('',(72.3806438920479,90.5,-39.9341360081774));
#5047=CARTESIAN_POINT('',(55.1272384310961,90.5,-22.6807305472256));
#5048=CARTESIAN_POINT('',(72.3806438920479,77.9,-39.9341360081774));
#5049=CARTESIAN_POINT('',(72.3806438920479,75.,-39.9341360081774));
#5050=CARTESIAN_POINT('',(70.4714555828442,77.9,-38.0249476989737));
#5051=CARTESIAN_POINT('',(70.4714555828442,77.9,-38.0249476989737));
#5052=CARTESIAN_POINT('',(70.4714555828442,90.5,-38.0249476989737));
#5053=CARTESIAN_POINT('',(70.4714555828442,75.,-38.0249476989737));
#5054=CARTESIAN_POINT('',(62.0568848867243,90.5,-29.6103770028538));
#5055=CARTESIAN_POINT('',(55.1272384310961,90.5,-22.6807305472256));
#5056=CARTESIAN_POINT('',(62.0568848867243,81.9,-29.6103770028538));
#5057=CARTESIAN_POINT('',(62.0568848867243,75.,-29.6103770028538));
#5058=CARTESIAN_POINT('',(60.3598286118766,81.9,-27.9133207280061));
#5059=CARTESIAN_POINT('',(60.3598286118766,81.9,-27.9133207280061));
#5060=CARTESIAN_POINT('',(60.3598286118766,75.,-27.9133207280061));
#5061=CARTESIAN_POINT('Origin',(51.6180807591243,75.,-22.));
#5062=CARTESIAN_POINT('',(51.6180807591243,71.,-20.));
#5063=CARTESIAN_POINT('',(51.6180807591243,75.,-20.));
#5064=CARTESIAN_POINT('Origin',(51.6180807591243,71.,-22.));
#5065=CARTESIAN_POINT('Origin',(56.1525432638166,75.,-20.));
#5066=CARTESIAN_POINT('',(-51.6180807591243,71.,-20.));
#5067=CARTESIAN_POINT('',(-51.6180807591243,75.,-20.));
#5068=CARTESIAN_POINT('',(28.0762716319083,71.,-20.));
#5069=CARTESIAN_POINT('Origin',(-51.6180807591243,75.,-22.));
#5070=CARTESIAN_POINT('',(-53.0322943214974,71.,-20.5857864376269));
#5071=CARTESIAN_POINT('',(-53.0322943214974,75.,-20.5857864376269));
#5072=CARTESIAN_POINT('Origin',(-51.6180807591243,71.,-22.));
#5073=CARTESIAN_POINT('Origin',(-57.1778480965371,75.,-62.4908423280282));
#5074=CARTESIAN_POINT('',(-58.5920616589102,90.5,-63.9050558904013));
#5075=CARTESIAN_POINT('',(-55.763634534164,90.5,-63.9050558904013));
#5076=CARTESIAN_POINT('Origin',(-57.1778480965371,90.5,-62.4908423280282));
#5077=CARTESIAN_POINT('',(-55.763634534164,77.,-63.9050558904013));
#5078=CARTESIAN_POINT('',(-55.763634534164,75.,-63.9050558904013));
#5079=CARTESIAN_POINT('',(-58.5920616589102,77.,-63.9050558904013));
#5080=CARTESIAN_POINT('Origin',(-57.1778480965371,77.,-62.4908423280282));
#5081=CARTESIAN_POINT('',(-58.5920616589102,75.,-63.9050558904013));
#5082=CARTESIAN_POINT('Origin',(-54.3494209717909,77.,-65.3192694527744));
#5083=CARTESIAN_POINT('',(-54.3494209717909,75.,-65.3192694527744));
#5084=CARTESIAN_POINT('',(-55.763634534164,73.,-66.7334830151475));
#5085=CARTESIAN_POINT('Origin',(-54.3494209717909,73.,-65.3192694527744));
#5086=CARTESIAN_POINT('Origin',(-55.763634534164,77.,-66.7334830151475));
#5087=CARTESIAN_POINT('Origin',(-54.3494209717909,77.,-65.3192694527744));
#5088=CARTESIAN_POINT('Origin',(-49.2989898732233,73.,-70.369700551342));
#5089=CARTESIAN_POINT('',(-53.6686904245653,75.,-66.));
#5090=CARTESIAN_POINT('',(-55.0829039869384,73.,-67.4142135623731));
#5091=CARTESIAN_POINT('Origin',(-53.6686904245653,73.,-66.));
#5092=CARTESIAN_POINT('',(-50.7132034355964,73.,-71.7839141137151));
#5093=CARTESIAN_POINT('',(-49.2989898732233,75.,-70.369700551342));
#5094=CARTESIAN_POINT('Origin',(-28.0762716319083,73.,-66.));
#5095=CARTESIAN_POINT('',(53.6686904245653,75.,-66.));
#5096=CARTESIAN_POINT('',(53.6686904245653,73.,-68.));
#5097=CARTESIAN_POINT('Origin',(53.6686904245653,73.,-66.));
#5098=CARTESIAN_POINT('',(-53.6686904245653,73.,-68.));
#5099=CARTESIAN_POINT('',(-28.0762716319083,73.,-68.));
#5100=CARTESIAN_POINT('Origin',(-53.6686904245653,73.,-66.));
#5101=CARTESIAN_POINT('',(-28.0762716319083,75.,-66.));
#5102=CARTESIAN_POINT('Origin',(-53.6686904245653,73.,-66.));
#5103=CARTESIAN_POINT('Origin',(-53.6686904245653,73.,-66.));
#5104=CARTESIAN_POINT('Origin',(49.2989898732233,73.,-70.369700551342));
#5105=CARTESIAN_POINT('',(54.3494209717909,75.,-65.3192694527744));
#5106=CARTESIAN_POINT('',(55.763634534164,73.,-66.7334830151475));
#5107=CARTESIAN_POINT('Origin',(54.3494209717909,73.,-65.3192694527744));
#5108=CARTESIAN_POINT('',(55.0829039869384,73.,-67.4142135623731));
#5109=CARTESIAN_POINT('',(50.7132034355964,73.,-71.7839141137151));
#5110=CARTESIAN_POINT('Origin',(53.6686904245653,73.,-66.));
#5111=CARTESIAN_POINT('',(49.2989898732233,75.,-70.369700551342));
#5112=CARTESIAN_POINT('Origin',(54.3494209717909,77.,-65.3192694527744));
#5113=CARTESIAN_POINT('',(55.763634534164,77.,-63.9050558904013));
#5114=CARTESIAN_POINT('',(58.5920616589102,77.,-63.9050558904013));
#5115=CARTESIAN_POINT('Origin',(57.1778480965371,77.,-62.4908423280282));
#5116=CARTESIAN_POINT('Origin',(55.763634534164,77.,-66.7334830151475));
#5117=CARTESIAN_POINT('Origin',(54.3494209717909,77.,-65.3192694527744));
#5118=CARTESIAN_POINT('Origin',(57.1778480965371,75.,-62.4908423280282));
#5119=CARTESIAN_POINT('',(55.763634534164,90.5,-63.9050558904013));
#5120=CARTESIAN_POINT('',(58.5920616589102,90.5,-63.9050558904013));
#5121=CARTESIAN_POINT('Origin',(57.1778480965371,90.5,-62.4908423280282));
#5122=CARTESIAN_POINT('',(58.5920616589102,75.,-63.9050558904013));
#5123=CARTESIAN_POINT('',(55.763634534164,75.,-63.9050558904013));
#5124=CARTESIAN_POINT('Origin',(53.6686904245653,73.,-66.));
#5125=CARTESIAN_POINT('Origin',(53.6686904245653,73.,-66.));
#5126=CARTESIAN_POINT('Origin',(-50.1774909627903,75.,-58.3189123190276));
#5127=CARTESIAN_POINT('',(-52.086679271994,90.5,-60.2281006282313));
#5128=CARTESIAN_POINT('',(-57.1778480965371,90.5,-65.3192694527744));
#5129=CARTESIAN_POINT('',(-52.086679271994,77.9,-60.2281006282313));
#5130=CARTESIAN_POINT('',(-52.086679271994,75.,-60.2281006282313));
#5131=CARTESIAN_POINT('',(-50.1774909627903,77.9,-58.3189123190276));
#5132=CARTESIAN_POINT('',(-52.086679271994,77.9,-60.2281006282313));
#5133=CARTESIAN_POINT('',(-50.1774909627903,90.5,-58.3189123190276));
#5134=CARTESIAN_POINT('',(-50.1774909627903,75.,-58.3189123190276));
#5135=CARTESIAN_POINT('',(-36.2474873734153,90.5,-44.3889087296526));
#5136=CARTESIAN_POINT('',(-57.1778480965371,90.5,-65.3192694527744));
#5137=CARTESIAN_POINT('',(-36.2474873734153,77.,-44.3889087296526));
#5138=CARTESIAN_POINT('',(-36.2474873734153,75.,-44.3889087296526));
#5139=CARTESIAN_POINT('',(-31.5533901423358,77.,-39.6948114985731));
#5140=CARTESIAN_POINT('Origin',(-64.7792459942925,90.5,-52.6267027304759));
#5141=CARTESIAN_POINT('',(-64.9560226895891,90.5,-57.5410948597224));
#5142=CARTESIAN_POINT('',(-77.471812716591,90.5,-45.0253048327205));
#5143=CARTESIAN_POINT('',(-62.8347023460295,90.5,-55.4197745161628));
#5144=CARTESIAN_POINT('',(-63.6832304834533,90.5,-56.2683026535866));
#5145=CARTESIAN_POINT('',(-57.1778480965371,90.5,-61.0766287656551));
#5146=CARTESIAN_POINT('',(-73.2291720294717,90.5,-45.0253048327205));
#5147=CARTESIAN_POINT('',(-54.2079996155536,90.5,-58.1067802846716));
#5148=CARTESIAN_POINT('',(-57.1778480965371,90.5,-61.0766287656551));
#5149=CARTESIAN_POINT('',(-72.3806438920479,90.5,-39.9341360081774));
#5150=CARTESIAN_POINT('Origin',(-57.1778480965371,75.,-65.3192694527744));
#5151=CARTESIAN_POINT('',(-55.0829039869384,71.,-67.4142135623731));
#5152=CARTESIAN_POINT('',(-55.0829039869384,75.,-67.4142135623731));
#5153=CARTESIAN_POINT('',(-76.0575991542179,71.,-46.4395183950936));
#5154=CARTESIAN_POINT('',(-46.8728381619836,71.,-75.6242793873279));
#5155=CARTESIAN_POINT('',(-76.0575991542179,90.5,-46.4395183950936));
#5156=CARTESIAN_POINT('',(-76.0575991542179,75.,-46.4395183950936));
#5157=CARTESIAN_POINT('',(-75.3504923730314,90.5,-47.1466251762802));
#5158=CARTESIAN_POINT('',(-77.471812716591,90.5,-45.0253048327205));
#5159=CARTESIAN_POINT('',(-75.3504923730314,84.1,-47.1466251762802));
#5160=CARTESIAN_POINT('',(-75.3504923730314,82.75,-47.1466251762802));
#5161=CARTESIAN_POINT('',(-67.1297651110246,81.1,-55.3673524382869));
#5162=CARTESIAN_POINT('Origin',(-70.9664303296748,84.1,-51.5306872196368));
#5163=CARTESIAN_POINT('',(-67.0773430331488,81.1,-55.4197745161628));
#5164=CARTESIAN_POINT('',(-62.1538066037809,81.1,-60.3433109455307));
#5165=CARTESIAN_POINT('',(-64.9560226895891,84.1,-57.5410948597224));
#5166=CARTESIAN_POINT('Origin',(-67.0773430331488,84.1,-55.4197745161628));
#5167=CARTESIAN_POINT('',(-64.9560226895891,79.55,-57.5410948597224));
#5168=CARTESIAN_POINT('Origin',(-53.6686904245653,75.,-66.));
#5169=CARTESIAN_POINT('',(-53.6686904245653,71.,-68.));
#5170=CARTESIAN_POINT('',(-53.6686904245653,75.,-68.));
#5171=CARTESIAN_POINT('Origin',(-53.6686904245653,71.,-66.));
#5172=CARTESIAN_POINT('Origin',(-56.1525432638166,75.,-68.));
#5173=CARTESIAN_POINT('',(53.6686904245653,71.,-68.));
#5174=CARTESIAN_POINT('',(53.6686904245653,75.,-68.));
#5175=CARTESIAN_POINT('',(56.1525432638166,71.,-68.));
#5176=CARTESIAN_POINT('Origin',(53.6686904245653,75.,-66.));
#5177=CARTESIAN_POINT('',(55.0829039869384,71.,-67.4142135623731));
#5178=CARTESIAN_POINT('',(55.0829039869384,75.,-67.4142135623731));
#5179=CARTESIAN_POINT('Origin',(53.6686904245653,71.,-66.));
#5180=CARTESIAN_POINT('Origin',(-37.6617009357884,77.,-42.9746951672795));
#5181=CARTESIAN_POINT('',(-36.2474873734153,77.,-41.5604816049064));
#5182=CARTESIAN_POINT('Origin',(-37.6617009357884,77.,-42.9746951672795));
#5183=CARTESIAN_POINT('',(-34.8332738110422,75.,-40.1462680425333));
#5184=CARTESIAN_POINT('Origin',(-34.8332738110422,77.,-40.1462680425333));
#5185=CARTESIAN_POINT('',(-34.8332738110422,75.,-45.8031222920257));
#5186=CARTESIAN_POINT('Origin',(-37.6617009357884,75.,-42.9746951672795));
#5187=CARTESIAN_POINT('Origin',(-34.8332738110422,77.,-45.8031222920257));
#5188=CARTESIAN_POINT('Origin',(-37.1013978977554,77.,-37.8781439558201));
#5189=CARTESIAN_POINT('',(-37.1013978977554,75.,-37.8781439558201));
#5190=CARTESIAN_POINT('',(-38.5156114601285,77.,-39.2923575181932));
#5191=CARTESIAN_POINT('Origin',(-30.1391765799627,77.,-41.1090250609462));
#5192=CARTESIAN_POINT('',(-30.1391765799627,75.,-41.1090250609462));
#5193=CARTESIAN_POINT('Origin',(-37.6617009357884,75.,-42.9746951672795));
#5194=CARTESIAN_POINT('',(-36.2474873734153,90.5,-41.5604816049064));
#5195=CARTESIAN_POINT('Origin',(-37.6617009357884,90.5,-42.9746951672795));
#5196=CARTESIAN_POINT('',(-36.2474873734153,75.,-41.5604816049064));
#5197=CARTESIAN_POINT('Origin',(-55.1272384310961,75.,-22.6807305472256));
#5198=CARTESIAN_POINT('',(-34.8332738110422,90.5,-42.9746951672795));
#5199=CARTESIAN_POINT('Origin',(-52.6523646969432,90.5,-40.4998214331266));
#5200=CARTESIAN_POINT('',(-52.2988113063499,90.5,-56.197591975468));
#5201=CARTESIAN_POINT('',(-50.1774909627903,90.5,-58.3189123190276));
#5202=CARTESIAN_POINT('',(-39.0759144981615,90.5,-42.9746951672795));
#5203=CARTESIAN_POINT('',(-57.1778480965371,90.5,-61.0766287656551));
#5204=CARTESIAN_POINT('',(-55.1272384310961,90.5,-26.9233712343449));
#5205=CARTESIAN_POINT('',(-39.0759144981615,90.5,-42.9746951672795));
#5206=CARTESIAN_POINT('',(-58.2385082683169,90.5,-30.0346410715657));
#5207=CARTESIAN_POINT('',(-55.1272384310961,90.5,-26.9233712343449));
#5208=CARTESIAN_POINT('',(-60.3598286118766,90.5,-27.9133207280061));
#5209=CARTESIAN_POINT('',(-58.2385082683169,90.5,-30.0346410715657));
#5210=CARTESIAN_POINT('',(-55.1272384310961,90.5,-22.6807305472256));
#5211=CARTESIAN_POINT('Origin',(37.6617009357884,77.,-42.9746951672795));
#5212=CARTESIAN_POINT('',(34.8332738110422,75.,-45.8031222920257));
#5213=CARTESIAN_POINT('',(34.8332738110422,75.,-40.1462680425333));
#5214=CARTESIAN_POINT('Origin',(37.6617009357884,75.,-42.9746951672795));
#5215=CARTESIAN_POINT('Origin',(34.8332738110422,77.,-40.1462680425333));
#5216=CARTESIAN_POINT('',(36.2474873734153,77.,-44.3889087296526));
#5217=CARTESIAN_POINT('Origin',(37.6617009357884,77.,-42.9746951672795));
#5218=CARTESIAN_POINT('Origin',(34.8332738110422,77.,-45.8031222920257));
#5219=CARTESIAN_POINT('Origin',(37.1013978977554,77.,-37.8781439558201));
#5220=CARTESIAN_POINT('',(37.1013978977554,75.,-37.8781439558201));
#5221=CARTESIAN_POINT('Origin',(37.6617009357884,75.,-42.9746951672795));
#5222=CARTESIAN_POINT('',(36.2474873734153,75.,-44.3889087296526));
#5223=CARTESIAN_POINT('Origin',(30.1391765799627,77.,-41.1090250609462));
#5224=CARTESIAN_POINT('',(30.1391765799627,75.,-41.1090250609462));
#5225=CARTESIAN_POINT('',(31.5533901423358,77.,-39.6948114985731));
#5226=CARTESIAN_POINT('Origin',(0.,75.,-34.));
#5227=CARTESIAN_POINT('',(-11.7,75.,-43.9835573348992));
#5228=CARTESIAN_POINT('Origin',(-8.00000000000001,75.,-43.9835573348992));
#5229=CARTESIAN_POINT('',(9.7,75.,-43.9835573348992));
#5230=CARTESIAN_POINT('Origin',(6.,75.,-43.9835573348992));
#5231=CARTESIAN_POINT('Origin',(-72.3806438920479,75.,-39.9341360081774));
#5232=CARTESIAN_POINT('',(-60.3598286118766,81.9,-27.9133207280061));
#5233=CARTESIAN_POINT('',(-60.3598286118766,75.,-27.9133207280061));
#5234=CARTESIAN_POINT('',(-62.0568848867243,81.9,-29.6103770028538));
#5235=CARTESIAN_POINT('',(-60.3598286118766,81.9,-27.9133207280061));
#5236=CARTESIAN_POINT('',(-62.0568848867243,90.5,-29.6103770028538));
#5237=CARTESIAN_POINT('',(-62.0568848867243,75.,-29.6103770028538));
#5238=CARTESIAN_POINT('',(-70.4714555828442,90.5,-38.0249476989737));
#5239=CARTESIAN_POINT('',(-55.1272384310961,90.5,-22.6807305472256));
#5240=CARTESIAN_POINT('',(-70.4714555828442,77.9,-38.0249476989737));
#5241=CARTESIAN_POINT('',(-70.4714555828442,75.,-38.0249476989737));
#5242=CARTESIAN_POINT('',(-72.3806438920479,77.9,-39.9341360081774));
#5243=CARTESIAN_POINT('',(-70.4714555828442,77.9,-38.0249476989737));
#5244=CARTESIAN_POINT('',(-72.3806438920479,90.5,-39.9341360081774));
#5245=CARTESIAN_POINT('',(-72.3806438920479,75.,-39.9341360081774));
#5246=CARTESIAN_POINT('',(-76.0575991542179,90.5,-43.6110912703474));
#5247=CARTESIAN_POINT('',(-55.1272384310961,90.5,-22.6807305472256));
#5248=CARTESIAN_POINT('',(-76.0575991542179,71.,-43.6110912703474));
#5249=CARTESIAN_POINT('',(-76.0575991542179,75.,-43.6110912703474));
#5250=CARTESIAN_POINT('',(-57.8475333292631,71.,-25.4010254453926));
#5251=CARTESIAN_POINT('Origin',(-74.6433855918448,75.,-45.0253048327205));
#5252=CARTESIAN_POINT('Origin',(-74.6433855918448,90.5,-45.0253048327205));
#5253=CARTESIAN_POINT('Origin',(-74.6433855918448,71.,-45.0253048327205));
#5254=CARTESIAN_POINT('Origin',(0.,71.,-44.));
#5255=CARTESIAN_POINT('',(76.0575991542179,71.,-46.4395183950936));
#5256=CARTESIAN_POINT('',(58.3601857456234,71.,-64.1369318036881));
#5257=CARTESIAN_POINT('Origin',(74.6433855918448,71.,-45.0253048327205));
#5258=CARTESIAN_POINT('',(-9.7,71.,-43.9835573348992));
#5259=CARTESIAN_POINT('Origin',(-8.00000000000001,71.,-43.9835573348992));
#5260=CARTESIAN_POINT('',(7.7,71.,-43.9835573348992));
#5261=CARTESIAN_POINT('Origin',(6.,71.,-43.9835573348992));
#5262=CARTESIAN_POINT('Origin',(57.1778480965371,75.,-65.3192694527744));
#5263=CARTESIAN_POINT('',(64.9560226895891,90.5,-57.5410948597224));
#5264=CARTESIAN_POINT('',(77.471812716591,90.5,-45.0253048327205));
#5265=CARTESIAN_POINT('',(64.9560226895891,84.1,-57.5410948597224));
#5266=CARTESIAN_POINT('',(64.9560226895891,79.55,-57.5410948597224));
#5267=CARTESIAN_POINT('',(67.0773430331488,81.1,-55.4197745161628));
#5268=CARTESIAN_POINT('Origin',(67.0773430331488,84.1,-55.4197745161628));
#5269=CARTESIAN_POINT('',(67.1297651110246,81.1,-55.3673524382869));
#5270=CARTESIAN_POINT('',(62.1538066037809,81.1,-60.3433109455307));
#5271=CARTESIAN_POINT('',(75.3504923730314,84.1,-47.1466251762802));
#5272=CARTESIAN_POINT('Origin',(70.9664303296748,84.1,-51.5306872196368));
#5273=CARTESIAN_POINT('',(75.3504923730314,90.5,-47.1466251762802));
#5274=CARTESIAN_POINT('',(75.3504923730314,82.75,-47.1466251762802));
#5275=CARTESIAN_POINT('',(76.0575991542179,90.5,-46.4395183950936));
#5276=CARTESIAN_POINT('',(77.471812716591,90.5,-45.0253048327205));
#5277=CARTESIAN_POINT('',(76.0575991542179,75.,-46.4395183950936));
#5278=CARTESIAN_POINT('Origin',(74.6433855918448,75.,-45.0253048327205));
#5279=CARTESIAN_POINT('Origin',(74.6433855918448,90.5,-45.0253048327205));
#5280=CARTESIAN_POINT('Origin',(6.,74.,-43.9835573348992));
#5281=CARTESIAN_POINT('',(7.7,73.,-43.9835573348992));
#5282=CARTESIAN_POINT('Origin',(6.,73.,-43.9835573348992));
#5283=CARTESIAN_POINT('',(8.7,74.,-43.9835573348992));
#5284=CARTESIAN_POINT('Origin',(6.,71.,-43.9835573348992));
#5285=CARTESIAN_POINT('',(7.7,71.,-43.9835573348992));
#5286=CARTESIAN_POINT('Origin',(-8.00000000000001,74.,-43.9835573348992));
#5287=CARTESIAN_POINT('',(-9.7,73.,-43.9835573348992));
#5288=CARTESIAN_POINT('',(-10.7,74.,-43.9835573348992));
#5289=CARTESIAN_POINT('Origin',(-8.00000000000001,73.,-43.9835573348992));
#5290=CARTESIAN_POINT('Origin',(-8.00000000000001,71.,-43.9835573348992));
#5291=CARTESIAN_POINT('',(-9.7,71.,-43.9835573348992));
#5292=CARTESIAN_POINT('Origin',(56.1525432638166,77.9,-44.));
#5293=CARTESIAN_POINT('',(68.3501352392846,77.9,-40.1462680425333));
#5294=CARTESIAN_POINT('',(55.1272384310961,77.9,-26.9233712343449));
#5295=CARTESIAN_POINT('',(55.1272384310961,77.9,-26.9233712343449));
#5296=CARTESIAN_POINT('',(50.1774909627903,77.9,-58.3189123190276));
#5297=CARTESIAN_POINT('',(70.2593235484882,77.9,-42.055456351737));
#5298=CARTESIAN_POINT('',(72.3806438920479,77.9,-39.9341360081774));
#5299=CARTESIAN_POINT('',(73.2291720294717,77.9,-45.0253048327205));
#5300=CARTESIAN_POINT('',(55.1272384310961,77.9,-26.9233712343449));
#5301=CARTESIAN_POINT('',(68.8451099861151,77.9,-49.4093668760771));
#5302=CARTESIAN_POINT('',(73.2291720294717,77.9,-45.0253048327205));
#5303=CARTESIAN_POINT('',(57.1778480965371,77.9,-61.0766287656551));
#5304=CARTESIAN_POINT('',(73.2291720294717,77.9,-45.0253048327205));
#5305=CARTESIAN_POINT('',(54.2079996155536,77.9,-58.1067802846716));
#5306=CARTESIAN_POINT('',(57.1778480965371,77.9,-61.0766287656551));
#5307=CARTESIAN_POINT('',(52.086679271994,77.9,-60.2281006282313));
#5308=CARTESIAN_POINT('',(72.3806438920479,77.9,-39.9341360081774));
#5309=CARTESIAN_POINT('',(50.1774909627903,77.9,-58.3189123190276));
#5310=CARTESIAN_POINT('',(52.086679271994,77.9,-60.2281006282313));
#5311=CARTESIAN_POINT('',(52.2988113063499,77.9,-56.197591975468));
#5312=CARTESIAN_POINT('',(50.1774909627903,77.9,-58.3189123190276));
#5313=CARTESIAN_POINT('',(39.0759144981615,77.9,-42.9746951672795));
#5314=CARTESIAN_POINT('',(57.1778480965371,77.9,-61.0766287656551));
#5315=CARTESIAN_POINT('',(39.0759144981615,77.9,-42.9746951672795));
#5316=CARTESIAN_POINT('Origin',(50.1774909627903,75.,-58.3189123190276));
#5317=CARTESIAN_POINT('',(50.1774909627903,75.,-58.3189123190276));
#5318=CARTESIAN_POINT('',(52.086679271994,90.5,-60.2281006282313));
#5319=CARTESIAN_POINT('',(52.086679271994,75.,-60.2281006282313));
#5320=CARTESIAN_POINT('',(57.1778480965371,90.5,-65.3192694527744));
#5321=CARTESIAN_POINT('Origin',(64.7792459942925,90.5,-52.6267027304759));
#5322=CARTESIAN_POINT('',(70.2593235484882,90.5,-42.055456351737));
#5323=CARTESIAN_POINT('',(55.1272384310961,90.5,-26.9233712343449));
#5324=CARTESIAN_POINT('',(72.3806438920479,90.5,-39.9341360081774));
#5325=CARTESIAN_POINT('Origin',(72.3806438920479,75.,-39.9341360081774));
#5326=CARTESIAN_POINT('',(70.2593235484882,75.,-42.055456351737));
#5327=CARTESIAN_POINT('Origin',(70.2593235484882,75.,-42.055456351737));
#5328=CARTESIAN_POINT('',(73.2291720294717,84.1,-45.0253048327205));
#5329=CARTESIAN_POINT('',(75.3504923730314,84.1,-47.1466251762802));
#5330=CARTESIAN_POINT('',(73.2291720294717,75.,-45.0253048327205));
#5331=CARTESIAN_POINT('Origin',(57.1778480965371,75.,-61.0766287656551));
#5332=CARTESIAN_POINT('',(57.1778480965371,90.5,-61.0766287656551));
#5333=CARTESIAN_POINT('',(57.1778480965371,75.,-61.0766287656551));
#5334=CARTESIAN_POINT('',(54.2079996155536,90.5,-58.1067802846716));
#5335=CARTESIAN_POINT('',(57.1778480965371,90.5,-61.0766287656551));
#5336=CARTESIAN_POINT('',(54.2079996155536,75.,-58.1067802846716));
#5337=CARTESIAN_POINT('Origin',(54.2079996155536,75.,-58.1067802846716));
#5338=CARTESIAN_POINT('',(72.3806438920479,90.5,-39.9341360081774));
#5339=CARTESIAN_POINT('Origin',(65.2035100630044,90.5,-34.8783225226936));
#5340=CARTESIAN_POINT('',(59.9355645431646,90.5,-31.7316973464134));
#5341=CARTESIAN_POINT('',(62.0568848867243,90.5,-29.6103770028538));
#5342=CARTESIAN_POINT('',(68.3501352392846,90.5,-40.1462680425333));
#5343=CARTESIAN_POINT('',(50.1774909627903,90.5,-58.3189123190276));
#5344=CARTESIAN_POINT('',(55.1272384310961,90.5,-26.9233712343449));
#5345=CARTESIAN_POINT('Origin',(68.3501352392846,75.,-40.1462680425333));
#5346=CARTESIAN_POINT('',(68.3501352392846,75.,-40.1462680425333));
#5347=CARTESIAN_POINT('Origin',(62.0568848867243,75.,-29.6103770028538));
#5348=CARTESIAN_POINT('',(59.9355645431646,81.9,-31.7316973464134));
#5349=CARTESIAN_POINT('',(61.5265548008344,81.9,-30.1407070887437));
#5350=CARTESIAN_POINT('',(59.9355645431646,75.,-31.7316973464134));
#5351=CARTESIAN_POINT('Origin',(52.2988113063499,75.,-56.197591975468));
#5352=CARTESIAN_POINT('',(52.2988113063499,75.,-56.197591975468));
#5353=CARTESIAN_POINT('',(39.0759144981615,75.,-42.9746951672795));
#5354=CARTESIAN_POINT('Origin',(39.0759144981615,75.,-42.9746951672795));
#5355=CARTESIAN_POINT('',(55.1272384310961,75.,-26.9233712343449));
#5356=CARTESIAN_POINT('Origin',(55.1272384310961,75.,-26.9233712343449));
#5357=CARTESIAN_POINT('',(58.2385082683169,81.9,-30.0346410715657));
#5358=CARTESIAN_POINT('',(58.2385082683169,75.,-30.0346410715657));
#5359=CARTESIAN_POINT('',(59.9355645431646,81.9,-31.7316973464134));
#5360=CARTESIAN_POINT('Origin',(50.1774909627903,75.,-58.3189123190276));
#5361=CARTESIAN_POINT('Origin',(58.2385082683169,75.,-30.0346410715657));
#5362=CARTESIAN_POINT('',(58.7688383542068,81.9,-29.5043109856758));
#5363=CARTESIAN_POINT('Origin',(60.1476965775206,81.9,-29.8225090372097));
#5364=CARTESIAN_POINT('Origin',(73.2291720294717,75.,-45.0253048327205));
#5365=CARTESIAN_POINT('',(62.8347023460295,90.5,-55.4197745161628));
#5366=CARTESIAN_POINT('',(62.8347023460295,84.1,-55.4197745161628));
#5367=CARTESIAN_POINT('',(62.8347023460295,79.55,-55.4197745161628));
#5368=CARTESIAN_POINT('',(73.2291720294717,90.5,-45.0253048327205));
#5369=CARTESIAN_POINT('',(65.008444767465,81.1,-53.2460320947273));
#5370=CARTESIAN_POINT('Origin',(68.8451099861151,84.1,-49.4093668760771));
#5371=CARTESIAN_POINT('',(64.9560226895891,81.1,-53.2984541726031));
#5372=CARTESIAN_POINT('',(69.1188083984683,81.1,-49.1356684637239));
#5373=CARTESIAN_POINT('Origin',(64.9560226895891,84.1,-53.2984541726031));
#5374=CARTESIAN_POINT('Origin',(73.2291720294717,75.,-45.0253048327205));
#5375=CARTESIAN_POINT('Origin',(68.8451099861151,84.1,-49.4093668760771));
#5376=CARTESIAN_POINT('Origin',(64.7792459942925,90.5,-52.6267027304759));
#5377=CARTESIAN_POINT('',(63.6832304834533,90.5,-56.2683026535866));
#5378=CARTESIAN_POINT('Origin',(70.9664303296748,84.1,-51.5306872196368));
#5379=CARTESIAN_POINT('',(67.1297651110246,81.1,-55.3673524382869));
#5380=CARTESIAN_POINT('Origin',(67.1297651110246,81.1,-55.3673524382869));
#5381=CARTESIAN_POINT('',(67.0773430331488,81.1,-55.4197745161628));
#5382=CARTESIAN_POINT('Origin',(67.0773430331488,84.1,-55.4197745161628));
#5383=CARTESIAN_POINT('',(64.9560226895891,84.1,-57.5410948597224));
#5384=CARTESIAN_POINT('Origin',(64.9560226895891,84.1,-57.5410948597224));
#5385=CARTESIAN_POINT('Origin',(-56.1525432638166,77.9,-44.));
#5386=CARTESIAN_POINT('',(-68.3501352392846,77.9,-40.1462680425333));
#5387=CARTESIAN_POINT('',(-55.1272384310961,77.9,-26.9233712343449));
#5388=CARTESIAN_POINT('',(-55.1272384310961,77.9,-26.9233712343449));
#5389=CARTESIAN_POINT('',(-39.0759144981615,77.9,-42.9746951672795));
#5390=CARTESIAN_POINT('',(-39.0759144981615,77.9,-42.9746951672795));
#5391=CARTESIAN_POINT('',(-52.2988113063499,77.9,-56.197591975468));
#5392=CARTESIAN_POINT('',(-57.1778480965371,77.9,-61.0766287656551));
#5393=CARTESIAN_POINT('',(-50.1774909627903,77.9,-58.3189123190276));
#5394=CARTESIAN_POINT('',(-54.2079996155536,77.9,-58.1067802846716));
#5395=CARTESIAN_POINT('',(-72.3806438920479,77.9,-39.9341360081774));
#5396=CARTESIAN_POINT('',(-57.1778480965371,77.9,-61.0766287656551));
#5397=CARTESIAN_POINT('',(-57.1778480965371,77.9,-61.0766287656551));
#5398=CARTESIAN_POINT('',(-68.8451099861151,77.9,-49.4093668760771));
#5399=CARTESIAN_POINT('',(-73.2291720294717,77.9,-45.0253048327205));
#5400=CARTESIAN_POINT('',(-73.2291720294717,77.9,-45.0253048327205));
#5401=CARTESIAN_POINT('',(-73.2291720294717,77.9,-45.0253048327205));
#5402=CARTESIAN_POINT('',(-70.2593235484882,77.9,-42.055456351737));
#5403=CARTESIAN_POINT('',(-55.1272384310961,77.9,-26.9233712343449));
#5404=CARTESIAN_POINT('',(-72.3806438920479,77.9,-39.9341360081774));
#5405=CARTESIAN_POINT('',(-50.1774909627903,77.9,-58.3189123190276));
#5406=CARTESIAN_POINT('Origin',(-64.7792459942925,90.5,-52.6267027304759));
#5407=CARTESIAN_POINT('',(-70.2593235484882,90.5,-42.055456351737));
#5408=CARTESIAN_POINT('',(-72.3806438920479,90.5,-39.9341360081774));
#5409=CARTESIAN_POINT('',(-55.1272384310961,90.5,-26.9233712343449));
#5410=CARTESIAN_POINT('Origin',(-72.3806438920479,75.,-39.9341360081774));
#5411=CARTESIAN_POINT('',(-70.2593235484882,75.,-42.055456351737));
#5412=CARTESIAN_POINT('Origin',(-70.2593235484882,75.,-42.055456351737));
#5413=CARTESIAN_POINT('',(-73.2291720294717,84.1,-45.0253048327205));
#5414=CARTESIAN_POINT('',(-73.2291720294717,75.,-45.0253048327205));
#5415=CARTESIAN_POINT('',(-75.3504923730314,84.1,-47.1466251762802));
#5416=CARTESIAN_POINT('Origin',(-57.1778480965371,75.,-61.0766287656551));
#5417=CARTESIAN_POINT('',(-54.2079996155536,75.,-58.1067802846716));
#5418=CARTESIAN_POINT('',(-57.1778480965371,75.,-61.0766287656551));
#5419=CARTESIAN_POINT('Origin',(-54.2079996155536,75.,-58.1067802846716));
#5420=CARTESIAN_POINT('Origin',(-65.2035100630044,90.5,-34.8783225226936));
#5421=CARTESIAN_POINT('',(-59.9355645431646,90.5,-31.7316973464134));
#5422=CARTESIAN_POINT('',(-62.0568848867243,90.5,-29.6103770028538));
#5423=CARTESIAN_POINT('',(-68.3501352392846,90.5,-40.1462680425333));
#5424=CARTESIAN_POINT('',(-55.1272384310961,90.5,-26.9233712343449));
#5425=CARTESIAN_POINT('',(-50.1774909627903,90.5,-58.3189123190276));
#5426=CARTESIAN_POINT('Origin',(-68.3501352392846,75.,-40.1462680425333));
#5427=CARTESIAN_POINT('',(-68.3501352392846,75.,-40.1462680425333));
#5428=CARTESIAN_POINT('Origin',(-62.0568848867243,75.,-29.6103770028538));
#5429=CARTESIAN_POINT('',(-59.9355645431646,81.9,-31.7316973464134));
#5430=CARTESIAN_POINT('',(-61.5265548008344,81.9,-30.1407070887437));
#5431=CARTESIAN_POINT('',(-59.9355645431646,75.,-31.7316973464134));
#5432=CARTESIAN_POINT('Origin',(-52.2988113063499,75.,-56.197591975468));
#5433=CARTESIAN_POINT('',(-39.0759144981615,75.,-42.9746951672795));
#5434=CARTESIAN_POINT('',(-52.2988113063499,75.,-56.197591975468));
#5435=CARTESIAN_POINT('Origin',(-39.0759144981615,75.,-42.9746951672795));
#5436=CARTESIAN_POINT('',(-55.1272384310961,75.,-26.9233712343449));
#5437=CARTESIAN_POINT('Origin',(-55.1272384310961,75.,-26.9233712343449));
#5438=CARTESIAN_POINT('',(-58.2385082683169,81.9,-30.0346410715657));
#5439=CARTESIAN_POINT('',(-59.9355645431646,81.9,-31.7316973464134));
#5440=CARTESIAN_POINT('',(-58.2385082683169,75.,-30.0346410715657));
#5441=CARTESIAN_POINT('Origin',(-50.1774909627903,75.,-58.3189123190276));
#5442=CARTESIAN_POINT('Origin',(-58.2385082683169,75.,-30.0346410715657));
#5443=CARTESIAN_POINT('',(-58.7688383542068,81.9,-29.5043109856758));
#5444=CARTESIAN_POINT('Origin',(-60.1476965775206,81.9,-29.8225090372097));
#5445=CARTESIAN_POINT('Origin',(-73.2291720294717,75.,-45.0253048327205));
#5446=CARTESIAN_POINT('',(-62.8347023460295,84.1,-55.4197745161628));
#5447=CARTESIAN_POINT('',(-62.8347023460295,79.55,-55.4197745161628));
#5448=CARTESIAN_POINT('',(-64.9560226895891,81.1,-53.2984541726031));
#5449=CARTESIAN_POINT('Origin',(-64.9560226895891,84.1,-53.2984541726031));
#5450=CARTESIAN_POINT('',(-65.008444767465,81.1,-53.2460320947273));
#5451=CARTESIAN_POINT('',(-69.1188083984683,81.1,-49.1356684637239));
#5452=CARTESIAN_POINT('Origin',(-68.8451099861151,84.1,-49.4093668760771));
#5453=CARTESIAN_POINT('Origin',(-73.2291720294717,75.,-45.0253048327205));
#5454=CARTESIAN_POINT('Origin',(-68.8451099861151,84.1,-49.4093668760771));
#5455=CARTESIAN_POINT('Origin',(-70.9664303296748,84.1,-51.5306872196368));
#5456=CARTESIAN_POINT('',(-67.1297651110246,81.1,-55.3673524382869));
#5457=CARTESIAN_POINT('Origin',(-67.1297651110246,81.1,-55.3673524382869));
#5458=CARTESIAN_POINT('',(-67.0773430331488,81.1,-55.4197745161628));
#5459=CARTESIAN_POINT('Origin',(-67.0773430331488,84.1,-55.4197745161628));
#5460=CARTESIAN_POINT('',(-64.9560226895891,84.1,-57.5410948597224));
#5461=CARTESIAN_POINT('Origin',(-64.9560226895891,84.1,-57.5410948597224));
#5462=CARTESIAN_POINT('Origin',(-24.5,37.5,-21.));
#5463=CARTESIAN_POINT('',(-23.5,18.,-21.));
#5464=CARTESIAN_POINT('',(-23.5,59.,-21.));
#5465=CARTESIAN_POINT('',(-23.5,37.5,-21.));
#5466=CARTESIAN_POINT('',(-24.5,59.,-20.));
#5467=CARTESIAN_POINT('Origin',(-24.5,59.,-21.));
#5468=CARTESIAN_POINT('',(-24.5,19.,-20.));
#5469=CARTESIAN_POINT('',(-24.5,37.5,-20.));
#5470=CARTESIAN_POINT('Origin',(-24.5,18.,-21.));
#5471=CARTESIAN_POINT('Origin',(-15.5,59.,-21.));
#5472=CARTESIAN_POINT('',(-15.5,67.,-21.));
#5473=CARTESIAN_POINT('',(-15.5,68.,-20.));
#5474=CARTESIAN_POINT('Origin',(-15.5,68.,-21.));
#5475=CARTESIAN_POINT('Origin',(-15.5,59.,-20.));
#5476=CARTESIAN_POINT('Origin',(-15.5,59.,-21.));
#5477=CARTESIAN_POINT('Origin',(28.0762716319083,68.,-21.));
#5478=CARTESIAN_POINT('',(15.5,67.,-21.));
#5479=CARTESIAN_POINT('',(15.5,68.,-20.));
#5480=CARTESIAN_POINT('Origin',(15.5,68.,-21.));
#5481=CARTESIAN_POINT('',(28.0762716319083,68.,-20.));
#5482=CARTESIAN_POINT('',(28.0762716319083,67.,-21.));
#5483=CARTESIAN_POINT('Origin',(15.5,59.,-21.));
#5484=CARTESIAN_POINT('',(23.5,59.,-21.));
#5485=CARTESIAN_POINT('',(24.5,59.,-20.));
#5486=CARTESIAN_POINT('Origin',(24.5,59.,-21.));
#5487=CARTESIAN_POINT('Origin',(15.5,59.,-20.));
#5488=CARTESIAN_POINT('Origin',(15.5,59.,-21.));
#5489=CARTESIAN_POINT('Origin',(24.5,37.5,-21.));
#5490=CARTESIAN_POINT('',(23.5,22.,-21.));
#5491=CARTESIAN_POINT('',(24.5,22.,-20.));
#5492=CARTESIAN_POINT('Origin',(24.5,22.,-21.));
#5493=CARTESIAN_POINT('',(24.5,37.5,-20.));
#5494=CARTESIAN_POINT('',(23.5,37.5,-21.));
#5495=CARTESIAN_POINT('Origin',(24.5,22.,-17.));
#5496=CARTESIAN_POINT('',(23.5,19.1434286285829,-19.8));
#5497=CARTESIAN_POINT('',(24.5,19.8575714714371,-19.1));
#5498=CARTESIAN_POINT('Origin',(24.5,19.1434286285829,-19.8));
#5499=CARTESIAN_POINT('Origin',(24.5,22.,-17.));
#5500=CARTESIAN_POINT('Origin',(23.5,22.,-17.));
#5501=CARTESIAN_POINT('Ctrl Pts',(24.0255840908556,19.,-16.9999999999189));
#5502=CARTESIAN_POINT('Ctrl Pts',(24.1987163952101,18.9999999999899,-17.3721842501119));
#5503=CARTESIAN_POINT('Ctrl Pts',(24.4480965510551,19.1425868689524,-18.1432444242161));
#5504=CARTESIAN_POINT('Ctrl Pts',(24.5,19.5816418613828,-18.8184954912116));
#5505=CARTESIAN_POINT('Ctrl Pts',(24.5,19.8575714714371,-19.1));
#5506=CARTESIAN_POINT('Ctrl Pts',(23.7430841914667,18.9999999999973,-17.0985597694465));
#5507=CARTESIAN_POINT('Ctrl Pts',(23.9025867702371,19.012601214103,-17.4554238470359));
#5508=CARTESIAN_POINT('Ctrl Pts',(24.1343709919534,19.1672076290672,-18.1799831922364));
#5509=CARTESIAN_POINT('Ctrl Pts',(24.1947854142543,19.5887423195326,-18.8253928112692));
#5510=CARTESIAN_POINT('Ctrl Pts',(24.2008006996581,19.8575714714371,-19.1));
#5511=CARTESIAN_POINT('Ctrl Pts',(23.2540902601431,18.7487867879134,-17.2691620573554));
#5512=CARTESIAN_POINT('Ctrl Pts',(23.3911261888528,18.7682174846478,-17.6317289564436));
#5513=CARTESIAN_POINT('Ctrl Pts',(23.5937586734356,18.9412269201276,-18.3514197445462));
#5514=CARTESIAN_POINT('Ctrl Pts',(23.6673102969976,19.3895518071054,-18.9964670334339));
#5515=CARTESIAN_POINT('Ctrl Pts',(23.6829008970744,19.6781693539981,-19.2758492484577));
#5516=CARTESIAN_POINT('Ctrl Pts',(23.0813977272274,18.2243994752551,-17.3294117646159));
#5517=CARTESIAN_POINT('Ctrl Pts',(23.2254044316352,18.2301870752425,-17.7424952058582));
#5518=CARTESIAN_POINT('Ctrl Pts',(23.4354196216263,18.4151271221871,-18.5867131171209));
#5519=CARTESIAN_POINT('Ctrl Pts',(23.4929982296355,18.9594991863679,-19.3297236486071));
#5520=CARTESIAN_POINT('Ctrl Pts',(23.5,19.3036819077775,-19.6429203673205));
#5521=CARTESIAN_POINT('Ctrl Pts',(23.0813977272255,18.,-17.3294117646105));
#5522=CARTESIAN_POINT('Ctrl Pts',(23.2341615251854,17.9999999999866,-17.767275588367));
#5523=CARTESIAN_POINT('Ctrl Pts',(23.4542028391663,18.1901158252699,-18.6744052049601));
#5524=CARTESIAN_POINT('Ctrl Pts',(23.5,18.7755224818437,-19.4688182249548));
#5525=CARTESIAN_POINT('Ctrl Pts',(23.5,19.1434286285829,-19.8));
#5526=CARTESIAN_POINT('',(23.0813977272255,18.,-17.3294117646105));
#5527=CARTESIAN_POINT('Ctrl Pts',(23.5,19.1434286285829,-19.8));
#5528=CARTESIAN_POINT('Ctrl Pts',(23.5,18.7755224818437,-19.4688182249548));
#5529=CARTESIAN_POINT('Ctrl Pts',(23.4542028391663,18.1901158252699,-18.6744052049601));
#5530=CARTESIAN_POINT('Ctrl Pts',(23.2341615251854,17.9999999999866,-17.767275588367));
#5531=CARTESIAN_POINT('Ctrl Pts',(23.0813977272255,18.,-17.3294117646105));
#5532=CARTESIAN_POINT('',(24.0255840908556,19.,-16.9999999999595));
#5533=CARTESIAN_POINT('Origin',(24.0255840908556,18.,-16.9999999998919));
#5534=CARTESIAN_POINT('Ctrl Pts',(24.0255840908556,19.,-16.9999999999189));
#5535=CARTESIAN_POINT('Ctrl Pts',(24.1987163952101,18.9999999999899,-17.3721842501119));
#5536=CARTESIAN_POINT('Ctrl Pts',(24.4480965510551,19.1425868689524,-18.1432444242161));
#5537=CARTESIAN_POINT('Ctrl Pts',(24.5,19.5816418613828,-18.8184954912116));
#5538=CARTESIAN_POINT('Ctrl Pts',(24.5,19.8575714714371,-19.1));
#5539=CARTESIAN_POINT('Origin',(16.,18.,-19.8));
#5540=CARTESIAN_POINT('',(16.,18.,-12.3));
#5541=CARTESIAN_POINT('',(16.,19.,-11.3));
#5542=CARTESIAN_POINT('Origin',(16.,18.,-11.3));
#5543=CARTESIAN_POINT('Origin',(16.,19.,-19.8));
#5544=CARTESIAN_POINT('Origin',(16.,18.,-19.8));
#5545=CARTESIAN_POINT('Origin',(13.,18.,-11.3));
#5546=CARTESIAN_POINT('',(-16.,18.,-12.3));
#5547=CARTESIAN_POINT('',(-16.,19.,-11.3));
#5548=CARTESIAN_POINT('Origin',(-16.,18.,-11.3));
#5549=CARTESIAN_POINT('',(13.,19.,-11.3));
#5550=CARTESIAN_POINT('',(13.,18.,-12.3));
#5551=CARTESIAN_POINT('Origin',(-16.,18.,-19.8));
#5552=CARTESIAN_POINT('',(-23.5,18.,-19.8));
#5553=CARTESIAN_POINT('',(-24.5,19.,-19.8));
#5554=CARTESIAN_POINT('Origin',(-24.5,18.,-19.8));
#5555=CARTESIAN_POINT('Origin',(-16.,19.,-19.8));
#5556=CARTESIAN_POINT('Origin',(-16.,18.,-19.8));
#5557=CARTESIAN_POINT('Origin',(-24.5,18.,-12.5));
#5558=CARTESIAN_POINT('',(-24.5,19.,-12.5));
#5559=CARTESIAN_POINT('',(-23.5,18.,-12.5));
#5560=CARTESIAN_POINT('Origin',(26.,19.,-25.));
#5561=CARTESIAN_POINT('',(-26.5518360947035,19.,-20.));
#5562=CARTESIAN_POINT('',(15.0762716319083,19.,-20.));
#5563=CARTESIAN_POINT('',(-26.5518360947035,19.,-7.3));
#5564=CARTESIAN_POINT('',(-26.5518360947035,19.,0.));
#5565=CARTESIAN_POINT('',(25.5,19.,-7.3));
#5566=CARTESIAN_POINT('',(13.,19.,-7.3));
#5567=CARTESIAN_POINT('',(25.5,19.,-17.));
#5568=CARTESIAN_POINT('',(25.5,19.,-12.5));
#5569=CARTESIAN_POINT('',(41.0762716319083,19.,-17.));
#5570=CARTESIAN_POINT('Origin',(23.5,0.,-50.));
#5571=CARTESIAN_POINT('',(23.5,59.,-68.));
#5572=CARTESIAN_POINT('',(23.5,59.,-47.));
#5573=CARTESIAN_POINT('',(23.5,0.,-68.));
#5574=CARTESIAN_POINT('',(23.5,-10.,-68.));
#5575=CARTESIAN_POINT('',(23.5,-25.,-43.));
#5576=CARTESIAN_POINT('Origin',(23.5,0.,-43.));
#5577=CARTESIAN_POINT('',(23.5,-25.,-19.8));
#5578=CARTESIAN_POINT('',(23.5,-25.,-16.15));
#5579=CARTESIAN_POINT('',(23.5,-0.385124054434778,-19.8));
#5580=CARTESIAN_POINT('',(23.5,-4.53119315684521E-16,-39.3));
#5581=CARTESIAN_POINT('Origin',(23.5,0.,-43.));
#5582=CARTESIAN_POINT('Origin',(15.5,59.,-47.));
#5583=CARTESIAN_POINT('',(15.5,67.,-68.));
#5584=CARTESIAN_POINT('',(15.5,67.,-47.));
#5585=CARTESIAN_POINT('Origin',(15.5,59.,-68.));
#5586=CARTESIAN_POINT('Origin',(0.,67.,-44.));
#5587=CARTESIAN_POINT('',(-15.5,67.,-68.));
#5588=CARTESIAN_POINT('',(-15.5,67.,-22.));
#5589=CARTESIAN_POINT('',(-23.5,67.,-68.));
#5590=CARTESIAN_POINT('',(-10.75,67.,-45.5712705751706));
#5591=CARTESIAN_POINT('',(-10.75,67.,-42.3958440946277));
#5592=CARTESIAN_POINT('',(-10.75,67.,-42.3958440946277));
#5593=CARTESIAN_POINT('',(-8.00000000000001,67.,-40.8081308543562));
#5594=CARTESIAN_POINT('',(-8.00000000000001,67.,-40.8081308543562));
#5595=CARTESIAN_POINT('',(-5.25,67.,-42.3958440946277));
#5596=CARTESIAN_POINT('',(-5.25,67.,-42.3958440946277));
#5597=CARTESIAN_POINT('',(-5.25000000000001,67.,-45.5712705751706));
#5598=CARTESIAN_POINT('',(-5.25000000000001,67.,-45.5712705751706));
#5599=CARTESIAN_POINT('',(-8.00000000000001,67.,-47.1589838154421));
#5600=CARTESIAN_POINT('',(-8.00000000000001,67.,-47.1589838154421));
#5601=CARTESIAN_POINT('',(-10.75,67.,-45.5712705751706));
#5602=CARTESIAN_POINT('',(6.,67.,-47.1589838154421));
#5603=CARTESIAN_POINT('',(8.75,67.,-45.5712705751706));
#5604=CARTESIAN_POINT('',(8.75,67.,-45.5712705751706));
#5605=CARTESIAN_POINT('',(3.25,67.,-45.5712705751706));
#5606=CARTESIAN_POINT('',(6.,67.,-47.1589838154421));
#5607=CARTESIAN_POINT('',(3.25,67.,-42.3958440946277));
#5608=CARTESIAN_POINT('',(3.25,67.,-45.5712705751706));
#5609=CARTESIAN_POINT('',(6.,67.,-40.8081308543562));
#5610=CARTESIAN_POINT('',(3.25,67.,-42.3958440946277));
#5611=CARTESIAN_POINT('',(8.75,67.,-42.3958440946277));
#5612=CARTESIAN_POINT('',(6.,67.,-40.8081308543562));
#5613=CARTESIAN_POINT('',(8.75,67.,-42.3958440946277));
#5614=CARTESIAN_POINT('Origin',(-15.5,59.,-22.));
#5615=CARTESIAN_POINT('',(-23.5,59.,-68.));
#5616=CARTESIAN_POINT('',(-23.5,59.,-22.));
#5617=CARTESIAN_POINT('Origin',(-15.5,59.,-68.));
#5618=CARTESIAN_POINT('Origin',(-26.5518360947035,16.,0.));
#5619=CARTESIAN_POINT('',(-29.1213686199974,17.5483870967742,-7.3));
#5620=CARTESIAN_POINT('Origin',(-26.5518360947035,16.,-7.3));
#5621=CARTESIAN_POINT('',(-27.5,18.8462229724133,-20.));
#5622=CARTESIAN_POINT('Origin',(-26.5518360947035,16.,-20.));
#5623=CARTESIAN_POINT('',(-29.1213686198892,17.5483870969538,-20.4758835607703));
#5624=CARTESIAN_POINT('Ctrl Pts',(-29.1213686198785,17.5483870969716,-20.4758835608329));
#5625=CARTESIAN_POINT('Ctrl Pts',(-29.1044260298231,17.5765031516023,-20.4650004718324));
#5626=CARTESIAN_POINT('Ctrl Pts',(-29.0871769220032,17.6040831224401,-20.454162019794));
#5627=CARTESIAN_POINT('Ctrl Pts',(-28.92080827548,17.8608985305062,-20.3520157131589));
#5628=CARTESIAN_POINT('Ctrl Pts',(-28.7262938565134,18.0884133059636,-20.251430779398));
#5629=CARTESIAN_POINT('Ctrl Pts',(-28.2704054492286,18.4771468865519,-20.0905490825635));
#5630=CARTESIAN_POINT('Ctrl Pts',(-28.0085492100584,18.6383418551628,-20.0315643091944));
#5631=CARTESIAN_POINT('Ctrl Pts',(-27.6659836935316,18.7867510220771,-20.0035617675201));
#5632=CARTESIAN_POINT('Ctrl Pts',(-27.5841627227324,18.8181857959025,-20.));
#5633=CARTESIAN_POINT('Ctrl Pts',(-27.5,18.8462229724133,-20.));
#5634=CARTESIAN_POINT('',(-29.1213686199974,17.5483870967742,0.));
#5635=CARTESIAN_POINT('Origin',(0.,28.25,-7.3));
#5636=CARTESIAN_POINT('',(25.5,-25.,-7.3));
#5637=CARTESIAN_POINT('',(23.5,-25.,-7.3));
#5638=CARTESIAN_POINT('',(13.,-25.,-7.3));
#5639=CARTESIAN_POINT('',(28.5,-22.,-7.3));
#5640=CARTESIAN_POINT('Origin',(25.5,-22.,-7.3));
#5641=CARTESIAN_POINT('',(28.5,16.,-7.3));
#5642=CARTESIAN_POINT('',(28.5,18.5404962177392,-7.3));
#5643=CARTESIAN_POINT('Origin',(25.5,16.,-7.3));
#5644=CARTESIAN_POINT('',(-30.5,15.0249792013167,-7.3));
#5645=CARTESIAN_POINT('Origin',(0.,0.,-7.3));
#5646=CARTESIAN_POINT('',(-30.5,-22.0004962177391,-7.3));
#5647=CARTESIAN_POINT('',(-30.5,14.125,-7.3));
#5648=CARTESIAN_POINT('',(-27.5,-25.0004962177391,-7.3));
#5649=CARTESIAN_POINT('Origin',(-27.5,-22.0004962177391,-7.3));
#5650=CARTESIAN_POINT('',(-23.5,-25.0004962177391,-7.3));
#5651=CARTESIAN_POINT('',(-5.3,-2.0818995585505E-16,-7.3));
#5652=CARTESIAN_POINT('Origin',(-7.,0.,-7.3));
#5653=CARTESIAN_POINT('',(8.7,-2.0818995585505E-16,-7.3));
#5654=CARTESIAN_POINT('Origin',(7.,0.,-7.3));
#5655=CARTESIAN_POINT('Origin',(25.5,22.,-17.));
#5656=CARTESIAN_POINT('',(28.5,16.,-17.));
#5657=CARTESIAN_POINT('',(28.5,22.,-23.));
#5658=CARTESIAN_POINT('Origin',(28.5,22.,-17.));
#5659=CARTESIAN_POINT('',(25.5,22.,-20.));
#5660=CARTESIAN_POINT('Origin',(25.5,22.,-23.));
#5661=CARTESIAN_POINT('Origin',(25.5,22.,-17.));
#5662=CARTESIAN_POINT('Origin',(25.5,16.,-17.));
#5663=CARTESIAN_POINT('Origin',(25.5,37.5,-23.));
#5664=CARTESIAN_POINT('',(28.5,71.,-23.));
#5665=CARTESIAN_POINT('',(25.5,71.,-20.));
#5666=CARTESIAN_POINT('Origin',(25.5,71.,-23.));
#5667=CARTESIAN_POINT('',(25.5,37.5,-20.));
#5668=CARTESIAN_POINT('',(28.5,37.5,-23.));
#5669=CARTESIAN_POINT('Origin',(41.0762716319083,22.,-17.));
#5670=CARTESIAN_POINT('',(41.0762716319083,22.,-20.));
#5671=CARTESIAN_POINT('Origin',(25.5,16.,-12.5));
#5672=CARTESIAN_POINT('',(28.5,16.,-12.5));
#5673=CARTESIAN_POINT('Origin',(56.1525432638166,75.,-20.));
#5674=CARTESIAN_POINT('',(-27.5,71.,-20.));
#5675=CARTESIAN_POINT('',(28.0762716319083,71.,-20.));
#5676=CARTESIAN_POINT('',(-27.5,37.5,-20.));
#5677=CARTESIAN_POINT('Origin',(4.44089209850063E-15,71.,-37.65));
#5678=CARTESIAN_POINT('',(28.5,71.,-65.));
#5679=CARTESIAN_POINT('',(28.5,71.,-56.));
#5680=CARTESIAN_POINT('',(25.5,71.,-68.));
#5681=CARTESIAN_POINT('Origin',(25.5,71.,-65.));
#5682=CARTESIAN_POINT('',(-27.5,71.,-68.));
#5683=CARTESIAN_POINT('',(-28.0762716319083,71.,-68.));
#5684=CARTESIAN_POINT('',(-30.5,71.,-65.));
#5685=CARTESIAN_POINT('Origin',(-27.5,71.,-65.));
#5686=CARTESIAN_POINT('',(-30.5,71.,-23.));
#5687=CARTESIAN_POINT('',(-30.5,71.,-47.));
#5688=CARTESIAN_POINT('Origin',(-27.5,71.,-23.));
#5689=CARTESIAN_POINT('',(8.75,71.,-45.5712705751706));
#5690=CARTESIAN_POINT('',(6.,71.,-47.1589838154421));
#5691=CARTESIAN_POINT('',(3.68394005857919,71.,-48.4961616460807));
#5692=CARTESIAN_POINT('',(8.75,71.,-42.3958440946277));
#5693=CARTESIAN_POINT('',(8.75,71.,-44.7856352875853));
#5694=CARTESIAN_POINT('',(6.,71.,-40.8081308543562));
#5695=CARTESIAN_POINT('',(5.06605994142081,71.,-40.2689203101285));
#5696=CARTESIAN_POINT('',(3.25,71.,-42.3958440946277));
#5697=CARTESIAN_POINT('',(2.30894005857919,71.,-42.9391653051306));
#5698=CARTESIAN_POINT('',(3.25,71.,-45.5712705751706));
#5699=CARTESIAN_POINT('',(3.25,71.,-43.1979220473138));
#5700=CARTESIAN_POINT('',(0.941059941420812,71.,-44.2382034108072));
#5701=CARTESIAN_POINT('',(-10.75,71.,-45.5712705751706));
#5702=CARTESIAN_POINT('',(-8.00000000000001,71.,-47.1589838154421));
#5703=CARTESIAN_POINT('',(-5.68394005857919,71.,-48.4961616460807));
#5704=CARTESIAN_POINT('',(-5.25000000000001,71.,-45.5712705751706));
#5705=CARTESIAN_POINT('',(-2.94105994142081,71.,-44.2382034108072));
#5706=CARTESIAN_POINT('',(-5.25,71.,-42.3958440946277));
#5707=CARTESIAN_POINT('',(-5.25000000000001,71.,-43.1979220473138));
#5708=CARTESIAN_POINT('',(-8.00000000000001,71.,-40.8081308543562));
#5709=CARTESIAN_POINT('',(-4.30894005857919,71.,-42.9391653051306));
#5710=CARTESIAN_POINT('',(-10.75,71.,-42.3958440946277));
#5711=CARTESIAN_POINT('',(-7.06605994142081,71.,-40.2689203101285));
#5712=CARTESIAN_POINT('',(-10.75,71.,-44.7856352875853));
#5713=CARTESIAN_POINT('Origin',(28.5,0.,0.));
#5714=CARTESIAN_POINT('',(28.5,-22.,-43.));
#5715=CARTESIAN_POINT('',(28.5,-22.,-12.5));
#5716=CARTESIAN_POINT('',(28.5,0.,-65.));
#5717=CARTESIAN_POINT('Origin',(28.5,0.,-43.));
#5718=CARTESIAN_POINT('',(28.5,37.5,-65.));
#5719=CARTESIAN_POINT('',(28.5,4.53119315684521E-16,-39.3));
#5720=CARTESIAN_POINT('Origin',(28.5,0.,-43.));
#5721=CARTESIAN_POINT('Origin',(-27.5,37.5,-23.));
#5722=CARTESIAN_POINT('',(-30.5,15.0249792013167,-23.));
#5723=CARTESIAN_POINT('',(-30.5,37.5,-23.));
#5724=CARTESIAN_POINT('Ctrl Pts',(-29.1213686198785,17.5483870969716,-20.4758835608329));
#5725=CARTESIAN_POINT('Ctrl Pts',(-29.3991034746032,17.0874889507013,-20.654286811614));
#5726=CARTESIAN_POINT('Ctrl Pts',(-29.6519180543941,16.6423286514573,-20.8804925718486));
#5727=CARTESIAN_POINT('Ctrl Pts',(-30.0283692845564,15.9502519358052,-21.3641403885249));
#5728=CARTESIAN_POINT('Ctrl Pts',(-30.1877817953618,15.6449707693212,-21.6266932014684));
#5729=CARTESIAN_POINT('Ctrl Pts',(-30.3641679934093,15.2981738155909,-22.0922129428308));
#5730=CARTESIAN_POINT('Ctrl Pts',(-30.4127063079041,15.2010899807795,-22.259191457468));
#5731=CARTESIAN_POINT('Ctrl Pts',(-30.4805876657617,15.0645134190462,-22.6142713044138));
#5732=CARTESIAN_POINT('Ctrl Pts',(-30.5,15.0249792013167,-22.802343426181));
#5733=CARTESIAN_POINT('Ctrl Pts',(-30.5,15.0249792013167,-23.));
#5734=CARTESIAN_POINT('Origin',(-30.5,0.,-50.));
#5735=CARTESIAN_POINT('',(-30.5,15.0249792013167,-5.));
#5736=CARTESIAN_POINT('',(-30.5,-0.000496217739114346,-65.));
#5737=CARTESIAN_POINT('',(-30.5,37.5,-65.));
#5738=CARTESIAN_POINT('',(-30.5,-22.0004962177391,-43.));
#5739=CARTESIAN_POINT('Origin',(-30.5,-0.000496217739112126,-43.));
#5740=CARTESIAN_POINT('',(-30.5,-22.0004962177391,-27.5));
#5741=CARTESIAN_POINT('',(-30.5,-16.3454864665389,-45.8729062732335));
#5742=CARTESIAN_POINT('',(-30.5,-4.22011640993512,-47.5420939539595));
#5743=CARTESIAN_POINT('',(-30.5,-4.88343883399716,-47.4507804836551));
#5744=CARTESIAN_POINT('',(-30.5,4.22011640993488,-47.5420939539597));
#5745=CARTESIAN_POINT('Origin',(-30.5,-5.36844874110543E-14,-42.9999999999999));
#5746=CARTESIAN_POINT('',(-30.5,16.3454864665388,-45.8729062732337));
#5747=CARTESIAN_POINT('',(-30.5,1.95964330369658,-47.8532724040962));
#5748=CARTESIAN_POINT('',(-30.5,16.3454864665389,-40.1270937267666));
#5749=CARTESIAN_POINT('Origin',(-30.5,15.9499999999999,-43.0000000000002));
#5750=CARTESIAN_POINT('',(-30.5,4.22011640993504,-38.4579060460403));
#5751=CARTESIAN_POINT('',(-30.5,8.99165775673365,-39.1147600634412));
#5752=CARTESIAN_POINT('',(-30.5,-4.22011640993498,-38.4579060460401));
#5753=CARTESIAN_POINT('Origin',(-30.5,-5.36844874110543E-14,-42.9999999999999));
#5754=CARTESIAN_POINT('',(-30.5,-16.3454864665389,-40.1270937267664));
#5755=CARTESIAN_POINT('',(-30.5,-2.90534709143603,-38.2769138998879));
#5756=CARTESIAN_POINT('Origin',(-30.5,-15.9500000000001,-43.));
#5757=CARTESIAN_POINT('Origin',(-28.1,14.45,-41.3803057749703));
#5758=CARTESIAN_POINT('',(-27.55,12.9499999999999,-41.3803057749703));
#5759=CARTESIAN_POINT('',(-27.55,14.6545619654511,-39.8943197715737));
#5760=CARTESIAN_POINT('Origin',(-27.55,14.45,-41.3803057749703));
#5761=CARTESIAN_POINT('',(-23.5,14.6545619654511,-39.8943197715737));
#5762=CARTESIAN_POINT('',(-28.1,14.6545619654511,-39.8943197715737));
#5763=CARTESIAN_POINT('',(-23.5,12.9499999999999,-41.3803057749703));
#5764=CARTESIAN_POINT('Origin',(-23.5,14.45,-41.3803057749703));
#5765=CARTESIAN_POINT('',(-28.1,12.9499999999999,-41.3803057749703));
#5766=CARTESIAN_POINT('Origin',(-28.5,16.3454864665389,-40.1270937267666));
#5767=CARTESIAN_POINT('',(-27.55,4.22011640993504,-38.4579060460403));
#5768=CARTESIAN_POINT('',(-27.55,10.6533551184116,-39.3435105883538));
#5769=CARTESIAN_POINT('',(-28.5,4.22011640993504,-38.4579060460403));
#5770=CARTESIAN_POINT('',(-23.5,16.3454864665389,-40.1270937267666));
#5771=CARTESIAN_POINT('',(-28.5,16.3454864665389,-40.1270937267666));
#5772=CARTESIAN_POINT('',(-23.5,5.61414422909219,-38.6498089777829));
#5773=CARTESIAN_POINT('Origin',(-28.1,14.4499999999999,-44.61969422503));
#5774=CARTESIAN_POINT('',(-27.55,14.6545619654511,-46.1056802284266));
#5775=CARTESIAN_POINT('',(-27.55,12.9499999999999,-44.61969422503));
#5776=CARTESIAN_POINT('Origin',(-27.55,14.4499999999999,-44.61969422503));
#5777=CARTESIAN_POINT('',(-23.5,12.9499999999999,-44.61969422503));
#5778=CARTESIAN_POINT('',(-28.1,12.9499999999999,-44.61969422503));
#5779=CARTESIAN_POINT('',(-23.5,14.6545619654511,-46.1056802284266));
#5780=CARTESIAN_POINT('Origin',(-23.5,14.4499999999999,-44.61969422503));
#5781=CARTESIAN_POINT('',(-28.1,14.6545619654511,-46.1056802284266));
#5782=CARTESIAN_POINT('Origin',(-27.7,12.9499999999999,-39.8110830885879));
#5783=CARTESIAN_POINT('',(-23.5,12.9499999999999,-19.905541544294));
#5784=CARTESIAN_POINT('',(-27.55,12.9499999999999,-41.4055415442939));
#5785=CARTESIAN_POINT('Origin',(-28.5,15.9499999999999,-43.0000000000002));
#5786=CARTESIAN_POINT('',(-23.5,16.3454864665388,-45.8729062732337));
#5787=CARTESIAN_POINT('',(-28.5,16.3454864665388,-45.8729062732337));
#5788=CARTESIAN_POINT('Origin',(-23.5,15.9499999999999,-43.0000000000002));
#5789=CARTESIAN_POINT('Origin',(-23.5,0.,0.));
#5790=CARTESIAN_POINT('',(-23.5,-25.0004962177391,-19.8));
#5791=CARTESIAN_POINT('',(-23.5,-0.385124054434778,-19.8));
#5792=CARTESIAN_POINT('',(-23.5,-25.0004962177391,-43.));
#5793=CARTESIAN_POINT('',(-23.5,-25.0004962177391,-9.15));
#5794=CARTESIAN_POINT('',(-23.5,-0.000496217739112126,-68.));
#5795=CARTESIAN_POINT('Origin',(-23.5,-0.000496217739112126,-43.));
#5796=CARTESIAN_POINT('',(-23.5,75.,-68.));
#5797=CARTESIAN_POINT('',(-23.5,5.33715683133722,-47.3883213184381));
#5798=CARTESIAN_POINT('',(-23.5,-3.06161699786838E-16,-45.5));
#5799=CARTESIAN_POINT('Origin',(-23.5,0.,-43.));
#5800=CARTESIAN_POINT('Origin',(-27.55,4.34999999999997,-42.9999999999999));
#5801=CARTESIAN_POINT('',(-27.55,4.22011640993488,-47.5420939539597));
#5802=CARTESIAN_POINT('',(-27.55,4.56704445311402,-47.4943355751993));
#5803=CARTESIAN_POINT('',(-27.55,-4.22011640993512,-47.5420939539595));
#5804=CARTESIAN_POINT('Origin',(-27.55,-5.36844874110543E-14,-42.9999999999999));
#5805=CARTESIAN_POINT('',(-27.55,-16.3454864665389,-45.8729062732335));
#5806=CARTESIAN_POINT('',(-27.55,-3.22174147231925,-47.6795310085678));
#5807=CARTESIAN_POINT('',(-27.55,-16.3454864665389,-40.1270937267664));
#5808=CARTESIAN_POINT('Origin',(-27.55,-15.9500000000001,-43.));
#5809=CARTESIAN_POINT('',(-27.55,-4.22011640993498,-38.4579060460401));
#5810=CARTESIAN_POINT('',(-27.55,-0.297945942018594,-37.917977070991));
#5811=CARTESIAN_POINT('Origin',(-27.55,-5.36844874110543E-14,-42.9999999999999));
#5812=CARTESIAN_POINT('',(-27.55,-5.42417017046663E-14,-47.5499999999999));
#5813=CARTESIAN_POINT('Origin',(-27.55,-5.36844874110543E-14,-42.9999999999999));
#5814=CARTESIAN_POINT('Origin',(-8.00000000000001,71.,-47.1589838154421));
#5815=CARTESIAN_POINT('',(-10.75,71.,-45.5712705751706));
#5816=CARTESIAN_POINT('',(-8.00000000000001,71.,-47.1589838154421));
#5817=CARTESIAN_POINT('Origin',(-5.25000000000001,71.,-45.5712705751706));
#5818=CARTESIAN_POINT('',(-5.25000000000001,71.,-45.5712705751706));
#5819=CARTESIAN_POINT('Origin',(-5.25,71.,-42.3958440946277));
#5820=CARTESIAN_POINT('',(-5.25,71.,-42.3958440946277));
#5821=CARTESIAN_POINT('Origin',(-8.00000000000001,71.,-40.8081308543562));
#5822=CARTESIAN_POINT('',(-8.00000000000001,71.,-40.8081308543562));
#5823=CARTESIAN_POINT('Origin',(-10.75,71.,-42.3958440946277));
#5824=CARTESIAN_POINT('',(-10.75,71.,-42.3958440946277));
#5825=CARTESIAN_POINT('Origin',(-10.75,71.,-45.5712705751706));
#5826=CARTESIAN_POINT('Origin',(25.5,37.5,-65.));
#5827=CARTESIAN_POINT('',(25.5,0.,-68.));
#5828=CARTESIAN_POINT('Origin',(25.5,0.,-65.));
#5829=CARTESIAN_POINT('',(25.5,37.5,-68.));
#5830=CARTESIAN_POINT('Origin',(25.5,0.,-43.));
#5831=CARTESIAN_POINT('',(25.5,-25.,-43.));
#5832=CARTESIAN_POINT('Origin',(25.5,-22.,-43.));
#5833=CARTESIAN_POINT('Origin',(25.5,0.,-43.));
#5834=CARTESIAN_POINT('Origin',(25.5,-22.,-12.5));
#5835=CARTESIAN_POINT('',(25.5,-25.,-12.5));
#5836=CARTESIAN_POINT('Origin',(-56.1525432638166,75.,-68.));
#5837=CARTESIAN_POINT('',(-15.0762716319083,0.,-68.));
#5838=CARTESIAN_POINT('',(-27.5,-0.000496217739112126,-68.));
#5839=CARTESIAN_POINT('',(-39.8262716319083,-0.000496217739112126,-68.));
#5840=CARTESIAN_POINT('',(-27.5,37.5,-68.));
#5841=CARTESIAN_POINT('Origin',(-15.0762716319083,0.,-43.));
#5842=CARTESIAN_POINT('',(-15.0762716319083,-25.,-43.));
#5843=CARTESIAN_POINT('Origin',(26.,-25.,-25.));
#5844=CARTESIAN_POINT('',(23.5,-25.,-12.3));
#5845=CARTESIAN_POINT('',(23.5,-25.,-16.15));
#5846=CARTESIAN_POINT('',(16.,-25.,-12.3));
#5847=CARTESIAN_POINT('',(13.,-25.,-12.3));
#5848=CARTESIAN_POINT('Origin',(16.,-25.,-19.8));
#5849=CARTESIAN_POINT('Origin',(-27.5,-22.0004962177391,-27.5));
#5850=CARTESIAN_POINT('',(-27.5,-25.0004962177391,-43.));
#5851=CARTESIAN_POINT('Origin',(-27.5,-22.0004962177391,-43.));
#5852=CARTESIAN_POINT('',(-27.5,-25.0004962177391,-27.5));
#5853=CARTESIAN_POINT('Origin',(-27.5,-0.000496217739112126,-43.));
#5854=CARTESIAN_POINT('Origin',(-27.5,-0.000496217739114346,-65.));
#5855=CARTESIAN_POINT('Origin',(-27.5,-0.000496217739112126,-43.));
#5856=CARTESIAN_POINT('Origin',(-27.5,37.5,-65.));
#5857=CARTESIAN_POINT('Origin',(-23.5,-25.0004962177391,-5.));
#5858=CARTESIAN_POINT('',(-39.8262716319083,-25.0004962177391,-43.));
#5859=CARTESIAN_POINT('',(-16.,-25.0004962177391,-12.3));
#5860=CARTESIAN_POINT('Origin',(-16.,-25.0004962177391,-19.8));
#5861=CARTESIAN_POINT('',(-11.75,-25.0004962177391,-12.3));
#5862=CARTESIAN_POINT('Origin',(-39.8262716319083,-0.000496217739112126,
-43.));
#5863=CARTESIAN_POINT('Origin',(-4.44089209850063E-15,-0.770248108869556,
-12.3));
#5864=CARTESIAN_POINT('',(-16.,-0.385124054434778,-12.3));
#5865=CARTESIAN_POINT('',(16.,-20.54,-12.3));
#5866=CARTESIAN_POINT('',(-4.25,-1.58771324027147,-12.3));
#5867=CARTESIAN_POINT('',(-7.,-3.17542648054294,-12.3));
#5868=CARTESIAN_POINT('',(-3.85426360737449,-1.359234727461,-12.3));
#5869=CARTESIAN_POINT('',(-4.25,1.58771324027147,-12.3));
#5870=CARTESIAN_POINT('',(-4.25,-1.17898067457051,-12.3));
#5871=CARTESIAN_POINT('',(-7.,3.17542648054294,-12.3));
#5872=CARTESIAN_POINT('',(-2.14573639262551,0.372816080107875,-12.3));
#5873=CARTESIAN_POINT('',(-9.75,1.58771324027147,-12.3));
#5874=CARTESIAN_POINT('',(-5.22926360737449,4.19776161348915,-12.3));
#5875=CARTESIAN_POINT('',(-9.75,-1.58771324027147,-12.3));
#5876=CARTESIAN_POINT('',(-9.75,0.408732565700962,-12.3));
#5877=CARTESIAN_POINT('',(-6.27073639262551,-3.5964670205708,-12.3));
#5878=CARTESIAN_POINT('',(9.75,1.58771324027147,-12.3));
#5879=CARTESIAN_POINT('',(9.75,-1.58771324027147,-12.3));
#5880=CARTESIAN_POINT('',(9.75,-1.17898067457051,-12.3));
#5881=CARTESIAN_POINT('',(7.,3.17542648054294,-12.3));
#5882=CARTESIAN_POINT('',(6.60426360737448,3.40390499335341,-12.3));
#5883=CARTESIAN_POINT('',(4.25,1.58771324027147,-12.3));
#5884=CARTESIAN_POINT('',(3.52073639262551,1.16667270024361,-12.3));
#5885=CARTESIAN_POINT('',(4.25,-1.58771324027147,-12.3));
#5886=CARTESIAN_POINT('',(4.25,0.408732565700958,-12.3));
#5887=CARTESIAN_POINT('',(7.,-3.17542648054294,-12.3));
#5888=CARTESIAN_POINT('',(2.47926360737449,-0.565378107325265,-12.3));
#5889=CARTESIAN_POINT('',(4.89573639262551,-4.39032364070654,-12.3));
#5890=CARTESIAN_POINT('Origin',(-16.,-0.385124054434778,-19.8));
#5891=CARTESIAN_POINT('Origin',(16.,-0.385124054434778,-19.8));
#5892=CARTESIAN_POINT('Origin',(-4.25,1.58771324027147,-7.3));
#5893=CARTESIAN_POINT('',(-4.25,1.58771324027147,-9.3));
#5894=CARTESIAN_POINT('',(-4.25,1.58771324027147,-7.3));
#5895=CARTESIAN_POINT('',(-7.,3.17542648054294,-9.3));
#5896=CARTESIAN_POINT('',(-4.9375,1.98464155033934,-9.3));
#5897=CARTESIAN_POINT('',(-7.,3.17542648054294,-7.3));
#5898=CARTESIAN_POINT('Origin',(-4.25,-1.58771324027147,-7.3));
#5899=CARTESIAN_POINT('',(-4.25,-1.58771324027147,-9.3));
#5900=CARTESIAN_POINT('',(-4.25,-1.58771324027147,-7.3));
#5901=CARTESIAN_POINT('',(-4.25,-0.793856620135736,-9.3));
#5902=CARTESIAN_POINT('Origin',(-7.,-3.17542648054294,-7.3));
#5903=CARTESIAN_POINT('',(-7.,-3.17542648054294,-9.3));
#5904=CARTESIAN_POINT('',(-7.,-3.17542648054294,-7.3));
#5905=CARTESIAN_POINT('',(-6.3125,-2.77849817047507,-9.3));
#5906=CARTESIAN_POINT('Origin',(7.,3.17542648054294,-7.3));
#5907=CARTESIAN_POINT('',(7.,3.17542648054294,-9.3));
#5908=CARTESIAN_POINT('',(7.,3.17542648054294,-7.3));
#5909=CARTESIAN_POINT('',(4.25,1.58771324027147,-9.3));
#5910=CARTESIAN_POINT('',(6.3125,2.77849817047507,-9.3));
#5911=CARTESIAN_POINT('',(4.25,1.58771324027147,-7.3));
#5912=CARTESIAN_POINT('Origin',(9.75,1.58771324027147,-7.3));
#5913=CARTESIAN_POINT('',(9.75,1.58771324027147,-9.3));
#5914=CARTESIAN_POINT('',(9.75,1.58771324027147,-7.3));
#5915=CARTESIAN_POINT('',(9.0625,1.98464155033934,-9.3));
#5916=CARTESIAN_POINT('Origin',(9.75,-1.58771324027147,-7.3));
#5917=CARTESIAN_POINT('',(9.75,-1.58771324027147,-9.3));
#5918=CARTESIAN_POINT('',(9.75,-1.58771324027147,-7.3));
#5919=CARTESIAN_POINT('',(9.75,-0.793856620135734,-9.3));
#5920=CARTESIAN_POINT('Origin',(-7.,0.,-7.3));
#5921=CARTESIAN_POINT('',(-5.3,-2.0818995585505E-16,-9.3));
#5922=CARTESIAN_POINT('Origin',(-7.,0.,-9.3));
#5923=CARTESIAN_POINT('',(-5.3,-2.0818995585505E-16,-7.3));
#5924=CARTESIAN_POINT('Origin',(-7.,5.55111512312578E-16,-9.3));
#5925=CARTESIAN_POINT('',(-9.75,-1.58771324027147,-9.3));
#5926=CARTESIAN_POINT('',(-9.0625,-1.98464155033934,-9.3));
#5927=CARTESIAN_POINT('',(-9.75,1.58771324027147,-9.3));
#5928=CARTESIAN_POINT('',(-9.75,0.793856620135738,-9.3));
#5929=CARTESIAN_POINT('',(-7.6875,2.77849817047507,-9.3));
#5930=CARTESIAN_POINT('Origin',(-7.,3.17542648054294,-7.3));
#5931=CARTESIAN_POINT('',(-9.75,1.58771324027147,-7.3));
#5932=CARTESIAN_POINT('Origin',(-9.75,1.58771324027147,-7.3));
#5933=CARTESIAN_POINT('',(-9.75,-1.58771324027147,-7.3));
#5934=CARTESIAN_POINT('Origin',(-9.75,-1.58771324027147,-7.3));
#5935=CARTESIAN_POINT('Origin',(7.,0.,-7.3));
#5936=CARTESIAN_POINT('',(8.7,-2.0818995585505E-16,-9.3));
#5937=CARTESIAN_POINT('Origin',(7.,0.,-9.3));
#5938=CARTESIAN_POINT('',(8.7,-2.0818995585505E-16,-7.3));
#5939=CARTESIAN_POINT('Origin',(7.,5.55111512312578E-16,-9.3));
#5940=CARTESIAN_POINT('',(7.,-3.17542648054294,-9.3));
#5941=CARTESIAN_POINT('',(7.6875,-2.77849817047507,-9.3));
#5942=CARTESIAN_POINT('',(4.25,-1.58771324027147,-9.3));
#5943=CARTESIAN_POINT('',(4.9375,-1.98464155033934,-9.3));
#5944=CARTESIAN_POINT('',(4.25,0.793856620135734,-9.3));
#5945=CARTESIAN_POINT('Origin',(4.25,1.58771324027147,-7.3));
#5946=CARTESIAN_POINT('',(4.25,-1.58771324027147,-7.3));
#5947=CARTESIAN_POINT('Origin',(4.25,-1.58771324027147,-7.3));
#5948=CARTESIAN_POINT('',(7.,-3.17542648054294,-7.3));
#5949=CARTESIAN_POINT('Origin',(7.,-3.17542648054294,-7.3));
#5950=CARTESIAN_POINT('Origin',(0.,0.,0.));
#5951=CARTESIAN_POINT('Origin',(0.,0.,-43.));
#5952=CARTESIAN_POINT('',(0.,-4.53119315684521E-16,-39.3));
#5953=CARTESIAN_POINT('Origin',(-30.5,-15.9500000000001,-43.));
#5954=CARTESIAN_POINT('',(-30.5,-16.3454864665389,-40.1270937267664));
#5955=CARTESIAN_POINT('',(-30.5,-16.3454864665389,-45.8729062732335));
#5956=CARTESIAN_POINT('Origin',(-28.5,0.,-43.));
#5957=CARTESIAN_POINT('',(-24.5,-3.06161699786838E-16,-45.5));
#5958=CARTESIAN_POINT('Origin',(-24.5,0.,-43.));
#5959=CARTESIAN_POINT('',(-28.5,3.06161699786838E-16,-45.5));
#5960=CARTESIAN_POINT('Origin',(-24.5,-5.38458166943201E-14,-42.9999999999999));
#5961=CARTESIAN_POINT('',(-24.5,-5.31272731174423E-14,-47.5499999999999));
#5962=CARTESIAN_POINT('Origin',(-24.5,-5.36844874110543E-14,-42.9999999999999));
#5963=CARTESIAN_POINT('Origin',(-28.5,-5.36844874110543E-14,-42.9999999999999));
#5964=CARTESIAN_POINT('',(-28.5,-5.31272731174423E-14,-47.5499999999999));
#5965=CARTESIAN_POINT('Origin',(-28.5,-5.36844874110543E-14,-42.9999999999999));
#5966=CARTESIAN_POINT('',(-28.5,-4.22011640993498,-38.4579060460401));
#5967=CARTESIAN_POINT('Origin',(-28.5,-4.17286513594401,-38.4514013996602));
#5968=CARTESIAN_POINT('Origin',(-28.5,-10.0204561965451,-46.7436147594575));
#5969=CARTESIAN_POINT('',(-28.5,-4.22011640993513,-47.5420939539595));
#5970=CARTESIAN_POINT('Origin',(-28.5,-5.36844874110543E-14,-42.9999999999999));
#5971=CARTESIAN_POINT('',(-28.5,4.22011640993488,-47.5420939539597));
#5972=CARTESIAN_POINT('Origin',(-28.5,4.1728651359439,-47.5485986003396));
#5973=CARTESIAN_POINT('Origin',(6.,71.,-47.1589838154421));
#5974=CARTESIAN_POINT('',(6.,71.,-47.1589838154421));
#5975=CARTESIAN_POINT('',(8.75,71.,-45.5712705751706));
#5976=CARTESIAN_POINT('Origin',(3.25,71.,-45.5712705751706));
#5977=CARTESIAN_POINT('',(3.25,71.,-45.5712705751706));
#5978=CARTESIAN_POINT('Origin',(3.25,71.,-42.3958440946277));
#5979=CARTESIAN_POINT('',(3.25,71.,-42.3958440946277));
#5980=CARTESIAN_POINT('Origin',(6.,71.,-40.8081308543562));
#5981=CARTESIAN_POINT('',(6.,71.,-40.8081308543562));
#5982=CARTESIAN_POINT('Origin',(8.75,71.,-42.3958440946277));
#5983=CARTESIAN_POINT('',(8.75,71.,-42.3958440946277));
#5984=CARTESIAN_POINT('Origin',(8.75,71.,-45.5712705751706));
#5985=UNCERTAINTY_MEASURE_WITH_UNIT(LENGTH_MEASURE(0.01),#5989,
'DISTANCE_ACCURACY_VALUE',
'Maximum model space distance between geometric entities at asserted c
onnectivities');
#5986=UNCERTAINTY_MEASURE_WITH_UNIT(LENGTH_MEASURE(0.01),#5989,
'DISTANCE_ACCURACY_VALUE',
'Maximum model space distance between geometric entities at asserted c
onnectivities');
#5987=(
GEOMETRIC_REPRESENTATION_CONTEXT(3)
GLOBAL_UNCERTAINTY_ASSIGNED_CONTEXT((#5985))
GLOBAL_UNIT_ASSIGNED_CONTEXT((#5989,#5991,#5992))
REPRESENTATION_CONTEXT('','3D')
);
#5988=(
GEOMETRIC_REPRESENTATION_CONTEXT(3)
GLOBAL_UNCERTAINTY_ASSIGNED_CONTEXT((#5986))
GLOBAL_UNIT_ASSIGNED_CONTEXT((#5989,#5991,#5992))
REPRESENTATION_CONTEXT('','3D')
);
#5989=(
LENGTH_UNIT()
NAMED_UNIT(*)
SI_UNIT(.MILLI.,.METRE.)
);
#5990=(
LENGTH_UNIT()
NAMED_UNIT(*)
SI_UNIT($,.METRE.)
);
#5991=(
NAMED_UNIT(*)
PLANE_ANGLE_UNIT()
SI_UNIT($,.RADIAN.)
);
#5992=(
NAMED_UNIT(*)
SI_UNIT($,.STERADIAN.)
SOLID_ANGLE_UNIT()
);
#5993=SHAPE_DEFINITION_REPRESENTATION(#5994,#5995);
#5994=PRODUCT_DEFINITION_SHAPE('',$,#5997);
#5995=SHAPE_REPRESENTATION('',(#3538),#5987);
#5996=PRODUCT_DEFINITION_CONTEXT('part definition',#6001,'design');
#5997=PRODUCT_DEFINITION('magsafe mount','magsafe mount v43',#5998,#5996);
#5998=PRODUCT_DEFINITION_FORMATION('',$,#6003);
#5999=PRODUCT_RELATED_PRODUCT_CATEGORY('magsafe mount v43',
'magsafe mount v43',(#6003));
#6000=APPLICATION_PROTOCOL_DEFINITION('international standard',
'automotive_design',2009,#6001);
#6001=APPLICATION_CONTEXT(
'Core Data for Automotive Mechanical Design Process');
#6002=PRODUCT_CONTEXT('part definition',#6001,'mechanical');
#6003=PRODUCT('magsafe mount','magsafe mount v43',$,(#6002));
#6004=PRESENTATION_STYLE_ASSIGNMENT((#6005));
#6005=SURFACE_STYLE_USAGE(.BOTH.,#6006);
#6006=SURFACE_SIDE_STYLE('',(#6007));
#6007=SURFACE_STYLE_FILL_AREA(#6008);
#6008=FILL_AREA_STYLE('\X2\AC15CCA0\X0\ - \X2\C0C8D2F4\X0\',(#6009));
#6009=FILL_AREA_STYLE_COLOUR('\X2\AC15CCA0\X0\ - \X2\C0C8D2F4\X0\',#6010);
#6010=COLOUR_RGB('\X2\AC15CCA0\X0\ - \X2\C0C8D2F4\X0\',0.627450980392157,
0.627450980392157,0.627450980392157);
ENDSEC;
END-ISO-10303-21;
