ISO-10303-21;
HEADER;
/* Generated by software containing ST-Developer
 * from STEP Tools, Inc. (www.steptools.com) 
 */

FILE_DESCRIPTION(
/* description */ (''),
/* implementation_level */ '2;1');

FILE_NAME(
/* name */ 'torso v2.step',
/* time_stamp */ '2026-10-07T11:34:10+09:00',
/* author */ (''),
/* organization */ (''),
/* preprocessor_version */ 'ST-DEVELOPER v20.2',
/* originating_system */ 'Autodesk Translation Framework v15.15.0.0',
/* authorisation */ '');

FILE_SCHEMA (('AUTOMOTIVE_DESIGN { 1 0 10303 214 3 1 1 }'));
ENDSEC;

DATA;
#10=MECHANICAL_DESIGN_GEOMETRIC_PRESENTATION_REPRESENTATION('',(#13),#8835);
#11=SHAPE_REPRESENTATION_RELATIONSHIP('SRR','None',#8842,#12);
#12=ADVANCED_BREP_SHAPE_REPRESENTATION('',(#14),#8834);
#13=STYLED_ITEM('',(#8852),#14);
#14=MANIFOLD_SOLID_BREP('torso v2',#5057);
#15=FACE_BOUND('',#735,.T.);
#16=FACE_BOUND('',#736,.T.);
#17=FACE_BOUND('',#737,.T.);
#18=FACE_BOUND('',#738,.T.);
#19=FACE_BOUND('',#740,.T.);
#20=FACE_BOUND('',#745,.T.);
#21=FACE_BOUND('',#752,.T.);
#22=FACE_BOUND('',#753,.T.);
#23=FACE_BOUND('',#754,.T.);
#24=FACE_BOUND('',#755,.T.);
#25=FACE_BOUND('',#756,.T.);
#26=FACE_BOUND('',#758,.T.);
#27=FACE_BOUND('',#790,.T.);
#28=FACE_BOUND('',#792,.T.);
#29=FACE_BOUND('',#794,.T.);
#30=FACE_BOUND('',#796,.T.);
#31=FACE_BOUND('',#798,.T.);
#32=FACE_BOUND('',#800,.T.);
#33=FACE_BOUND('',#803,.T.);
#34=FACE_BOUND('',#805,.T.);
#35=FACE_BOUND('',#808,.T.);
#36=FACE_BOUND('',#836,.T.);
#37=FACE_BOUND('',#848,.T.);
#38=FACE_BOUND('',#850,.T.);
#39=FACE_BOUND('',#862,.T.);
#40=FACE_BOUND('',#864,.T.);
#41=FACE_BOUND('',#876,.T.);
#42=FACE_BOUND('',#878,.T.);
#43=FACE_BOUND('',#884,.T.);
#44=FACE_BOUND('',#889,.T.);
#45=FACE_BOUND('',#890,.T.);
#46=FACE_BOUND('',#891,.T.);
#47=FACE_BOUND('',#892,.T.);
#48=FACE_BOUND('',#893,.T.);
#49=TOROIDAL_SURFACE('',#5280,3.,2.);
#50=TOROIDAL_SURFACE('',#5287,3.,2.);
#51=TOROIDAL_SURFACE('',#5347,3.,2.);
#52=TOROIDAL_SURFACE('',#5354,3.,2.);
#53=B_SPLINE_CURVE_WITH_KNOTS('',3,(#7340,#7341,#7342,#7343,#7344,#7345,
#7346,#7347,#7348,#7349),.UNSPECIFIED.,.F.,.F.,(4,2,2,2,4),(0.,0.00666511833644962,
0.033162982949958,0.0658718241742883,0.0660932306402937),.UNSPECIFIED.);
#54=B_SPLINE_CURVE_WITH_KNOTS('',3,(#7389,#7390,#7391,#7392,#7393,#7394,
#7395,#7396),.UNSPECIFIED.,.F.,.F.,(4,2,2,4),(-0.000329003520732413,0.,
0.0344427180240384,0.0743820908040563),.UNSPECIFIED.);
#55=B_SPLINE_CURVE_WITH_KNOTS('',3,(#7445,#7446,#7447,#7448,#7449,#7450,
#7451,#7452,#7453,#7454),.UNSPECIFIED.,.F.,.F.,(4,2,2,2,4),(0.,0.00666511833644803,
0.0331629829499416,0.0658718249788608,0.0660932314531517),.UNSPECIFIED.);
#56=B_SPLINE_CURVE_WITH_KNOTS('',3,(#7494,#7495,#7496,#7497,#7498,#7499,
#7500,#7501),.UNSPECIFIED.,.F.,.F.,(4,2,2,4),(-0.000329003520732413,0.,
0.0344427180240384,0.0743820908040563),.UNSPECIFIED.);
#57=B_SPLINE_CURVE_WITH_KNOTS('',3,(#7556,#7557,#7558,#7559,#7560,#7561,
#7562,#7563),.UNSPECIFIED.,.F.,.F.,(4,2,2,4),(-0.000329003705930008,0.,
0.0344427227066749,0.074382106574775),.UNSPECIFIED.);
#58=B_SPLINE_CURVE_WITH_KNOTS('',3,(#7602,#7603,#7604,#7605,#7606,#7607,
#7608,#7609,#7610,#7611),.UNSPECIFIED.,.F.,.F.,(4,2,2,2,4),(0.,0.00666511833627082,
0.0423571562366006,0.0741333986838307,0.0744615656173673),.UNSPECIFIED.);
#59=B_SPLINE_CURVE_WITH_KNOTS('',3,(#7666,#7667,#7668,#7669,#7670,#7671,
#7672,#7673),.UNSPECIFIED.,.F.,.F.,(4,2,2,4),(-0.000329003705805207,0.,
0.0344427227003541,0.0743821065533893),.UNSPECIFIED.);
#60=B_SPLINE_CURVE_WITH_KNOTS('',3,(#7712,#7713,#7714,#7715,#7716,#7717,
#7718,#7719,#7720,#7721),.UNSPECIFIED.,.F.,.F.,(4,2,2,2,4),(0.,0.00666511833627082,
0.0423571562366006,0.0741333986838307,0.0744615656173673),.UNSPECIFIED.);
#61=B_SPLINE_CURVE_WITH_KNOTS('',3,(#7888,#7889,#7890,#7891,#7892,#7893,
#7894,#7895),.UNSPECIFIED.,.F.,.F.,(4,2,2,4),(-0.758261311714246,-0.634769519779166,
-0.584607482095621,-0.534445444412075),.UNSPECIFIED.);
#62=B_SPLINE_CURVE_WITH_KNOTS('',3,(#7912,#7913,#7914,#7915,#7916,#7917,
#7918,#7919),.UNSPECIFIED.,.F.,.F.,(4,2,2,4),(-0.758261311714246,-0.634769519779166,
-0.58460748209562,-0.534445444412075),.UNSPECIFIED.);
#63=B_SPLINE_CURVE_WITH_KNOTS('',3,(#8067,#8068,#8069,#8070,#8071,#8072,
#8073,#8074),.UNSPECIFIED.,.F.,.F.,(4,2,2,4),(-0.758261311714246,-0.634769519779166,
-0.584607482095621,-0.534445444412075),.UNSPECIFIED.);
#64=B_SPLINE_CURVE_WITH_KNOTS('',3,(#8092,#8093,#8094,#8095,#8096,#8097,
#8098,#8099),.UNSPECIFIED.,.F.,.F.,(4,2,2,4),(-0.758261311714246,-0.634769519779166,
-0.58460748209562,-0.534445444412075),.UNSPECIFIED.);
#65=ELLIPSE('',#5159,7.18427373979537,2.);
#66=ELLIPSE('',#5160,7.52421352490168,3.);
#67=ELLIPSE('',#5164,7.18427373979537,2.);
#68=ELLIPSE('',#5165,7.52421352490168,3.);
#69=ELLIPSE('',#5177,7.18427373979537,2.);
#70=ELLIPSE('',#5178,7.52421352490168,3.);
#71=ELLIPSE('',#5182,7.18427373979537,2.);
#72=ELLIPSE('',#5183,7.52421352490168,3.);
#73=ELLIPSE('',#5196,7.18427373979537,2.);
#74=ELLIPSE('',#5197,7.52421352490168,3.);
#75=ELLIPSE('',#5200,7.52421352490168,3.);
#76=ELLIPSE('',#5201,7.18427373979537,2.);
#77=ELLIPSE('',#5214,7.18427373979537,2.);
#78=ELLIPSE('',#5215,7.52421352490168,3.);
#79=ELLIPSE('',#5218,7.52421352490168,3.);
#80=ELLIPSE('',#5219,7.18427373979537,2.);
#81=ELLIPSE('',#5260,2.03005199714468,1.);
#82=ELLIPSE('',#5268,4.06010399428936,2.);
#83=ELLIPSE('',#5269,1.14908603611963,1.);
#84=ELLIPSE('',#5270,1.14908603611963,1.);
#85=ELLIPSE('',#5271,4.06010399428936,2.);
#86=ELLIPSE('',#5273,2.03005199714468,1.);
#87=ELLIPSE('',#5277,2.82842712474619,2.);
#88=ELLIPSE('',#5279,2.82842712474619,2.);
#89=ELLIPSE('',#5327,2.03005199714468,1.);
#90=ELLIPSE('',#5335,4.06010399428936,2.);
#91=ELLIPSE('',#5336,1.14908603611963,1.);
#92=ELLIPSE('',#5337,1.14908603611963,1.);
#93=ELLIPSE('',#5338,4.06010399428936,2.);
#94=ELLIPSE('',#5340,2.03005199714468,1.);
#95=ELLIPSE('',#5344,2.82842712474619,2.);
#96=ELLIPSE('',#5346,2.82842712474619,2.);
#97=B_SPLINE_SURFACE_WITH_KNOTS('',3,3,((#7310,#7311,#7312,#7313,#7314),
(#7315,#7316,#7317,#7318,#7319),(#7320,#7321,#7322,#7323,#7324),(#7325,
#7326,#7327,#7328,#7329),(#7330,#7331,#7332,#7333,#7334)),.UNSPECIFIED.,
 .F.,.F.,.F.,(4,1,4),(4,1,4),(0.,0.571428571428571,1.),(0.,0.673198425769241,
1.5707963267949),.UNSPECIFIED.);
#98=B_SPLINE_SURFACE_WITH_KNOTS('',3,3,((#7357,#7358,#7359,#7360,#7361,
#7362),(#7363,#7364,#7365,#7366,#7367,#7368),(#7369,#7370,#7371,#7372,#7373,
#7374),(#7375,#7376,#7377,#7378,#7379,#7380),(#7381,#7382,#7383,#7384,#7385,
#7386)),.UNSPECIFIED.,.F.,.F.,.F.,(4,1,4),(4,1,1,4),(0.,0.571428571428571,
1.),(-1.5707963267949,-0.897597901025655,-0.448798950512826,1.55431223447522E-15),
 .UNSPECIFIED.);
#99=B_SPLINE_SURFACE_WITH_KNOTS('',3,3,((#7415,#7416,#7417,#7418,#7419),
(#7420,#7421,#7422,#7423,#7424),(#7425,#7426,#7427,#7428,#7429),(#7430,
#7431,#7432,#7433,#7434),(#7435,#7436,#7437,#7438,#7439)),.UNSPECIFIED.,
 .F.,.F.,.F.,(4,1,4),(4,1,4),(0.,0.571428571428571,1.),(0.,0.673198425769241,
1.5707963267949),.UNSPECIFIED.);
#100=B_SPLINE_SURFACE_WITH_KNOTS('',3,3,((#7462,#7463,#7464,#7465,#7466,
#7467),(#7468,#7469,#7470,#7471,#7472,#7473),(#7474,#7475,#7476,#7477,#7478,
#7479),(#7480,#7481,#7482,#7483,#7484,#7485),(#7486,#7487,#7488,#7489,#7490,
#7491)),.UNSPECIFIED.,.F.,.F.,.F.,(4,1,4),(4,1,1,4),(0.,0.571428571428571,
1.),(-1.5707963267949,-0.897597901025655,-0.448798950512826,1.55431223447522E-15),
 .UNSPECIFIED.);
#101=B_SPLINE_SURFACE_WITH_KNOTS('',3,3,((#7524,#7525,#7526,#7527,#7528,
#7529),(#7530,#7531,#7532,#7533,#7534,#7535),(#7536,#7537,#7538,#7539,#7540,
#7541),(#7542,#7543,#7544,#7545,#7546,#7547),(#7548,#7549,#7550,#7551,#7552,
#7553)),.UNSPECIFIED.,.F.,.F.,.F.,(4,1,4),(4,1,1,4),(0.,0.571428571428571,
1.),(-1.5707963267949,-0.897597901025656,-0.448798950512828,6.66133814775094E-16),
 .UNSPECIFIED.);
#102=B_SPLINE_SURFACE_WITH_KNOTS('',3,3,((#7570,#7571,#7572,#7573,#7574,
#7575),(#7576,#7577,#7578,#7579,#7580,#7581),(#7582,#7583,#7584,#7585,#7586,
#7587),(#7588,#7589,#7590,#7591,#7592,#7593),(#7594,#7595,#7596,#7597,#7598,
#7599)),.UNSPECIFIED.,.F.,.F.,.F.,(4,1,4),(4,1,1,4),(0.,0.571428571428571,
1.),(-2.22044604925031E-16,0.448798950512828,0.897597901025656,1.5707963267949),
 .UNSPECIFIED.);
#103=B_SPLINE_SURFACE_WITH_KNOTS('',3,3,((#7634,#7635,#7636,#7637,#7638,
#7639),(#7640,#7641,#7642,#7643,#7644,#7645),(#7646,#7647,#7648,#7649,#7650,
#7651),(#7652,#7653,#7654,#7655,#7656,#7657),(#7658,#7659,#7660,#7661,#7662,
#7663)),.UNSPECIFIED.,.F.,.F.,.F.,(4,1,4),(4,1,1,4),(0.,0.571428571428571,
1.),(-1.5707963267949,-0.897597901025656,-0.448798950512828,2.22044604925031E-16),
 .UNSPECIFIED.);
#104=B_SPLINE_SURFACE_WITH_KNOTS('',3,3,((#7680,#7681,#7682,#7683,#7684,
#7685),(#7686,#7687,#7688,#7689,#7690,#7691),(#7692,#7693,#7694,#7695,#7696,
#7697),(#7698,#7699,#7700,#7701,#7702,#7703),(#7704,#7705,#7706,#7707,#7708,
#7709)),.UNSPECIFIED.,.F.,.F.,.F.,(4,1,4),(4,1,1,4),(0.,0.571428571428571,
1.),(-2.22044604925031E-16,0.448798950512828,0.897597901025656,1.5707963267949),
 .UNSPECIFIED.);
#105=PLANE('',#5084);
#106=PLANE('',#5087);
#107=PLANE('',#5090);
#108=PLANE('',#5104);
#109=PLANE('',#5107);
#110=PLANE('',#5110);
#111=PLANE('',#5124);
#112=PLANE('',#5127);
#113=PLANE('',#5130);
#114=PLANE('',#5144);
#115=PLANE('',#5147);
#116=PLANE('',#5150);
#117=PLANE('',#5168);
#118=PLANE('',#5186);
#119=PLANE('',#5204);
#120=PLANE('',#5222);
#121=PLANE('',#5231);
#122=PLANE('',#5232);
#123=PLANE('',#5233);
#124=PLANE('',#5234);
#125=PLANE('',#5235);
#126=PLANE('',#5236);
#127=PLANE('',#5237);
#128=PLANE('',#5238);
#129=PLANE('',#5239);
#130=PLANE('',#5255);
#131=PLANE('',#5258);
#132=PLANE('',#5264);
#133=PLANE('',#5267);
#134=PLANE('',#5299);
#135=PLANE('',#5300);
#136=PLANE('',#5301);
#137=PLANE('',#5302);
#138=PLANE('',#5303);
#139=PLANE('',#5304);
#140=PLANE('',#5305);
#141=PLANE('',#5306);
#142=PLANE('',#5322);
#143=PLANE('',#5325);
#144=PLANE('',#5331);
#145=PLANE('',#5334);
#146=PLANE('',#5366);
#147=PLANE('',#5367);
#148=PLANE('',#5368);
#149=PLANE('',#5369);
#150=PLANE('',#5370);
#151=PLANE('',#5371);
#152=PLANE('',#5372);
#153=PLANE('',#5373);
#154=PLANE('',#5374);
#155=PLANE('',#5378);
#156=PLANE('',#5382);
#157=PLANE('',#5401);
#158=PLANE('',#5404);
#159=PLANE('',#5407);
#160=PLANE('',#5410);
#161=PLANE('',#5413);
#162=PLANE('',#5416);
#163=PLANE('',#5422);
#164=PLANE('',#5425);
#165=PLANE('',#5427);
#166=PLANE('',#5430);
#167=PLANE('',#5434);
#168=PLANE('',#5438);
#169=PLANE('',#5442);
#170=PLANE('',#5446);
#171=PLANE('',#5449);
#172=PLANE('',#5450);
#173=PLANE('',#5451);
#174=PLANE('',#5454);
#175=PLANE('',#5457);
#176=PLANE('',#5458);
#177=PLANE('',#5459);
#178=PLANE('',#5462);
#179=PLANE('',#5463);
#180=PLANE('',#5464);
#181=PLANE('',#5465);
#182=PLANE('',#5466);
#183=PLANE('',#5467);
#184=PLANE('',#5468);
#185=PLANE('',#5469);
#186=PLANE('',#5470);
#187=PLANE('',#5471);
#188=PLANE('',#5472);
#189=PLANE('',#5473);
#190=PLANE('',#5474);
#191=PLANE('',#5475);
#192=PLANE('',#5476);
#193=PLANE('',#5477);
#194=PLANE('',#5478);
#195=PLANE('',#5479);
#196=PLANE('',#5483);
#197=PLANE('',#5491);
#198=PLANE('',#5494);
#199=PLANE('',#5495);
#200=PLANE('',#5496);
#201=PLANE('',#5497);
#202=PLANE('',#5498);
#203=PLANE('',#5499);
#204=PLANE('',#5500);
#205=PLANE('',#5501);
#206=PLANE('',#5502);
#207=PLANE('',#5503);
#208=PLANE('',#5504);
#209=PLANE('',#5505);
#210=PLANE('',#5506);
#211=PLANE('',#5507);
#212=PLANE('',#5508);
#213=PLANE('',#5509);
#214=PLANE('',#5510);
#215=PLANE('',#5511);
#216=PLANE('',#5512);
#217=PLANE('',#5513);
#218=PLANE('',#5514);
#219=PLANE('',#5515);
#220=PLANE('',#5516);
#221=PLANE('',#5517);
#222=PLANE('',#5518);
#223=PLANE('',#5519);
#224=PLANE('',#5520);
#225=PLANE('',#5521);
#226=PLANE('',#5522);
#227=PLANE('',#5524);
#228=PLANE('',#5525);
#229=PLANE('',#5526);
#230=PLANE('',#5527);
#231=PLANE('',#5528);
#232=PLANE('',#5529);
#233=PLANE('',#5530);
#234=PLANE('',#5531);
#235=PLANE('',#5532);
#236=PLANE('',#5533);
#237=PLANE('',#5534);
#238=PLANE('',#5535);
#239=PLANE('',#5537);
#240=PLANE('',#5538);
#241=PLANE('',#5539);
#242=PLANE('',#5540);
#243=PLANE('',#5541);
#244=PLANE('',#5542);
#245=PLANE('',#5543);
#246=PLANE('',#5544);
#247=PLANE('',#5545);
#248=PLANE('',#5546);
#249=PLANE('',#5547);
#250=PLANE('',#5548);
#251=PLANE('',#5559);
#252=PLANE('',#5560);
#253=PLANE('',#5563);
#254=PLANE('',#5564);
#255=SPHERICAL_SURFACE('',#5077,1.);
#256=SPHERICAL_SURFACE('',#5082,1.);
#257=SPHERICAL_SURFACE('',#5097,1.);
#258=SPHERICAL_SURFACE('',#5102,1.);
#259=SPHERICAL_SURFACE('',#5120,1.);
#260=SPHERICAL_SURFACE('',#5122,1.);
#261=SPHERICAL_SURFACE('',#5140,1.);
#262=SPHERICAL_SURFACE('',#5142,1.);
#263=SPHERICAL_SURFACE('',#5151,0.999999999999996);
#264=SPHERICAL_SURFACE('',#5154,1.00000000000001);
#265=SPHERICAL_SURFACE('',#5169,0.999999999999996);
#266=SPHERICAL_SURFACE('',#5172,1.00000000000001);
#267=SPHERICAL_SURFACE('',#5187,1.);
#268=SPHERICAL_SURFACE('',#5190,0.999999999999996);
#269=SPHERICAL_SURFACE('',#5205,1.);
#270=SPHERICAL_SURFACE('',#5208,0.999999999999996);
#271=SPHERICAL_SURFACE('',#5246,1.);
#272=SPHERICAL_SURFACE('',#5251,1.);
#273=SPHERICAL_SURFACE('',#5262,1.);
#274=SPHERICAL_SURFACE('',#5275,1.);
#275=SPHERICAL_SURFACE('',#5313,1.);
#276=SPHERICAL_SURFACE('',#5318,1.);
#277=SPHERICAL_SURFACE('',#5329,1.);
#278=SPHERICAL_SURFACE('',#5342,1.);
#279=FACE_OUTER_BOUND('',#571,.T.);
#280=FACE_OUTER_BOUND('',#572,.T.);
#281=FACE_OUTER_BOUND('',#573,.T.);
#282=FACE_OUTER_BOUND('',#574,.T.);
#283=FACE_OUTER_BOUND('',#575,.T.);
#284=FACE_OUTER_BOUND('',#576,.T.);
#285=FACE_OUTER_BOUND('',#577,.T.);
#286=FACE_OUTER_BOUND('',#578,.T.);
#287=FACE_OUTER_BOUND('',#579,.T.);
#288=FACE_OUTER_BOUND('',#580,.T.);
#289=FACE_OUTER_BOUND('',#581,.T.);
#290=FACE_OUTER_BOUND('',#582,.T.);
#291=FACE_OUTER_BOUND('',#583,.T.);
#292=FACE_OUTER_BOUND('',#584,.T.);
#293=FACE_OUTER_BOUND('',#585,.T.);
#294=FACE_OUTER_BOUND('',#586,.T.);
#295=FACE_OUTER_BOUND('',#587,.T.);
#296=FACE_OUTER_BOUND('',#588,.T.);
#297=FACE_OUTER_BOUND('',#589,.T.);
#298=FACE_OUTER_BOUND('',#590,.T.);
#299=FACE_OUTER_BOUND('',#591,.T.);
#300=FACE_OUTER_BOUND('',#592,.T.);
#301=FACE_OUTER_BOUND('',#593,.T.);
#302=FACE_OUTER_BOUND('',#594,.T.);
#303=FACE_OUTER_BOUND('',#595,.T.);
#304=FACE_OUTER_BOUND('',#596,.T.);
#305=FACE_OUTER_BOUND('',#597,.T.);
#306=FACE_OUTER_BOUND('',#598,.T.);
#307=FACE_OUTER_BOUND('',#599,.T.);
#308=FACE_OUTER_BOUND('',#600,.T.);
#309=FACE_OUTER_BOUND('',#601,.T.);
#310=FACE_OUTER_BOUND('',#602,.T.);
#311=FACE_OUTER_BOUND('',#603,.T.);
#312=FACE_OUTER_BOUND('',#604,.T.);
#313=FACE_OUTER_BOUND('',#605,.T.);
#314=FACE_OUTER_BOUND('',#606,.T.);
#315=FACE_OUTER_BOUND('',#607,.T.);
#316=FACE_OUTER_BOUND('',#608,.T.);
#317=FACE_OUTER_BOUND('',#609,.T.);
#318=FACE_OUTER_BOUND('',#610,.T.);
#319=FACE_OUTER_BOUND('',#611,.T.);
#320=FACE_OUTER_BOUND('',#612,.T.);
#321=FACE_OUTER_BOUND('',#613,.T.);
#322=FACE_OUTER_BOUND('',#614,.T.);
#323=FACE_OUTER_BOUND('',#615,.T.);
#324=FACE_OUTER_BOUND('',#616,.T.);
#325=FACE_OUTER_BOUND('',#617,.T.);
#326=FACE_OUTER_BOUND('',#618,.T.);
#327=FACE_OUTER_BOUND('',#619,.T.);
#328=FACE_OUTER_BOUND('',#620,.T.);
#329=FACE_OUTER_BOUND('',#621,.T.);
#330=FACE_OUTER_BOUND('',#622,.T.);
#331=FACE_OUTER_BOUND('',#623,.T.);
#332=FACE_OUTER_BOUND('',#624,.T.);
#333=FACE_OUTER_BOUND('',#625,.T.);
#334=FACE_OUTER_BOUND('',#626,.T.);
#335=FACE_OUTER_BOUND('',#627,.T.);
#336=FACE_OUTER_BOUND('',#628,.T.);
#337=FACE_OUTER_BOUND('',#629,.T.);
#338=FACE_OUTER_BOUND('',#630,.T.);
#339=FACE_OUTER_BOUND('',#631,.T.);
#340=FACE_OUTER_BOUND('',#632,.T.);
#341=FACE_OUTER_BOUND('',#633,.T.);
#342=FACE_OUTER_BOUND('',#634,.T.);
#343=FACE_OUTER_BOUND('',#635,.T.);
#344=FACE_OUTER_BOUND('',#636,.T.);
#345=FACE_OUTER_BOUND('',#637,.T.);
#346=FACE_OUTER_BOUND('',#638,.T.);
#347=FACE_OUTER_BOUND('',#639,.T.);
#348=FACE_OUTER_BOUND('',#640,.T.);
#349=FACE_OUTER_BOUND('',#641,.T.);
#350=FACE_OUTER_BOUND('',#642,.T.);
#351=FACE_OUTER_BOUND('',#643,.T.);
#352=FACE_OUTER_BOUND('',#644,.T.);
#353=FACE_OUTER_BOUND('',#645,.T.);
#354=FACE_OUTER_BOUND('',#646,.T.);
#355=FACE_OUTER_BOUND('',#647,.T.);
#356=FACE_OUTER_BOUND('',#648,.T.);
#357=FACE_OUTER_BOUND('',#649,.T.);
#358=FACE_OUTER_BOUND('',#650,.T.);
#359=FACE_OUTER_BOUND('',#651,.T.);
#360=FACE_OUTER_BOUND('',#652,.T.);
#361=FACE_OUTER_BOUND('',#653,.T.);
#362=FACE_OUTER_BOUND('',#654,.T.);
#363=FACE_OUTER_BOUND('',#655,.T.);
#364=FACE_OUTER_BOUND('',#656,.T.);
#365=FACE_OUTER_BOUND('',#657,.T.);
#366=FACE_OUTER_BOUND('',#658,.T.);
#367=FACE_OUTER_BOUND('',#659,.T.);
#368=FACE_OUTER_BOUND('',#660,.T.);
#369=FACE_OUTER_BOUND('',#661,.T.);
#370=FACE_OUTER_BOUND('',#662,.T.);
#371=FACE_OUTER_BOUND('',#663,.T.);
#372=FACE_OUTER_BOUND('',#664,.T.);
#373=FACE_OUTER_BOUND('',#665,.T.);
#374=FACE_OUTER_BOUND('',#666,.T.);
#375=FACE_OUTER_BOUND('',#667,.T.);
#376=FACE_OUTER_BOUND('',#668,.T.);
#377=FACE_OUTER_BOUND('',#669,.T.);
#378=FACE_OUTER_BOUND('',#670,.T.);
#379=FACE_OUTER_BOUND('',#671,.T.);
#380=FACE_OUTER_BOUND('',#672,.T.);
#381=FACE_OUTER_BOUND('',#673,.T.);
#382=FACE_OUTER_BOUND('',#674,.T.);
#383=FACE_OUTER_BOUND('',#675,.T.);
#384=FACE_OUTER_BOUND('',#676,.T.);
#385=FACE_OUTER_BOUND('',#677,.T.);
#386=FACE_OUTER_BOUND('',#678,.T.);
#387=FACE_OUTER_BOUND('',#679,.T.);
#388=FACE_OUTER_BOUND('',#680,.T.);
#389=FACE_OUTER_BOUND('',#681,.T.);
#390=FACE_OUTER_BOUND('',#682,.T.);
#391=FACE_OUTER_BOUND('',#683,.T.);
#392=FACE_OUTER_BOUND('',#684,.T.);
#393=FACE_OUTER_BOUND('',#685,.T.);
#394=FACE_OUTER_BOUND('',#686,.T.);
#395=FACE_OUTER_BOUND('',#687,.T.);
#396=FACE_OUTER_BOUND('',#688,.T.);
#397=FACE_OUTER_BOUND('',#689,.T.);
#398=FACE_OUTER_BOUND('',#690,.T.);
#399=FACE_OUTER_BOUND('',#691,.T.);
#400=FACE_OUTER_BOUND('',#692,.T.);
#401=FACE_OUTER_BOUND('',#693,.T.);
#402=FACE_OUTER_BOUND('',#694,.T.);
#403=FACE_OUTER_BOUND('',#695,.T.);
#404=FACE_OUTER_BOUND('',#696,.T.);
#405=FACE_OUTER_BOUND('',#697,.T.);
#406=FACE_OUTER_BOUND('',#698,.T.);
#407=FACE_OUTER_BOUND('',#699,.T.);
#408=FACE_OUTER_BOUND('',#700,.T.);
#409=FACE_OUTER_BOUND('',#701,.T.);
#410=FACE_OUTER_BOUND('',#702,.T.);
#411=FACE_OUTER_BOUND('',#703,.T.);
#412=FACE_OUTER_BOUND('',#704,.T.);
#413=FACE_OUTER_BOUND('',#705,.T.);
#414=FACE_OUTER_BOUND('',#706,.T.);
#415=FACE_OUTER_BOUND('',#707,.T.);
#416=FACE_OUTER_BOUND('',#708,.T.);
#417=FACE_OUTER_BOUND('',#709,.T.);
#418=FACE_OUTER_BOUND('',#710,.T.);
#419=FACE_OUTER_BOUND('',#711,.T.);
#420=FACE_OUTER_BOUND('',#712,.T.);
#421=FACE_OUTER_BOUND('',#713,.T.);
#422=FACE_OUTER_BOUND('',#714,.T.);
#423=FACE_OUTER_BOUND('',#715,.T.);
#424=FACE_OUTER_BOUND('',#716,.T.);
#425=FACE_OUTER_BOUND('',#717,.T.);
#426=FACE_OUTER_BOUND('',#718,.T.);
#427=FACE_OUTER_BOUND('',#719,.T.);
#428=FACE_OUTER_BOUND('',#720,.T.);
#429=FACE_OUTER_BOUND('',#721,.T.);
#430=FACE_OUTER_BOUND('',#722,.T.);
#431=FACE_OUTER_BOUND('',#723,.T.);
#432=FACE_OUTER_BOUND('',#724,.T.);
#433=FACE_OUTER_BOUND('',#725,.T.);
#434=FACE_OUTER_BOUND('',#726,.T.);
#435=FACE_OUTER_BOUND('',#727,.T.);
#436=FACE_OUTER_BOUND('',#728,.T.);
#437=FACE_OUTER_BOUND('',#729,.T.);
#438=FACE_OUTER_BOUND('',#730,.T.);
#439=FACE_OUTER_BOUND('',#731,.T.);
#440=FACE_OUTER_BOUND('',#732,.T.);
#441=FACE_OUTER_BOUND('',#733,.T.);
#442=FACE_OUTER_BOUND('',#734,.T.);
#443=FACE_OUTER_BOUND('',#739,.T.);
#444=FACE_OUTER_BOUND('',#741,.T.);
#445=FACE_OUTER_BOUND('',#742,.T.);
#446=FACE_OUTER_BOUND('',#743,.T.);
#447=FACE_OUTER_BOUND('',#744,.T.);
#448=FACE_OUTER_BOUND('',#746,.T.);
#449=FACE_OUTER_BOUND('',#747,.T.);
#450=FACE_OUTER_BOUND('',#748,.T.);
#451=FACE_OUTER_BOUND('',#749,.T.);
#452=FACE_OUTER_BOUND('',#750,.T.);
#453=FACE_OUTER_BOUND('',#751,.T.);
#454=FACE_OUTER_BOUND('',#757,.T.);
#455=FACE_OUTER_BOUND('',#759,.T.);
#456=FACE_OUTER_BOUND('',#760,.T.);
#457=FACE_OUTER_BOUND('',#761,.T.);
#458=FACE_OUTER_BOUND('',#762,.T.);
#459=FACE_OUTER_BOUND('',#763,.T.);
#460=FACE_OUTER_BOUND('',#764,.T.);
#461=FACE_OUTER_BOUND('',#765,.T.);
#462=FACE_OUTER_BOUND('',#766,.T.);
#463=FACE_OUTER_BOUND('',#767,.T.);
#464=FACE_OUTER_BOUND('',#768,.T.);
#465=FACE_OUTER_BOUND('',#769,.T.);
#466=FACE_OUTER_BOUND('',#770,.T.);
#467=FACE_OUTER_BOUND('',#771,.T.);
#468=FACE_OUTER_BOUND('',#772,.T.);
#469=FACE_OUTER_BOUND('',#773,.T.);
#470=FACE_OUTER_BOUND('',#774,.T.);
#471=FACE_OUTER_BOUND('',#775,.T.);
#472=FACE_OUTER_BOUND('',#776,.T.);
#473=FACE_OUTER_BOUND('',#777,.T.);
#474=FACE_OUTER_BOUND('',#778,.T.);
#475=FACE_OUTER_BOUND('',#779,.T.);
#476=FACE_OUTER_BOUND('',#780,.T.);
#477=FACE_OUTER_BOUND('',#781,.T.);
#478=FACE_OUTER_BOUND('',#782,.T.);
#479=FACE_OUTER_BOUND('',#783,.T.);
#480=FACE_OUTER_BOUND('',#784,.T.);
#481=FACE_OUTER_BOUND('',#785,.T.);
#482=FACE_OUTER_BOUND('',#786,.T.);
#483=FACE_OUTER_BOUND('',#787,.T.);
#484=FACE_OUTER_BOUND('',#788,.T.);
#485=FACE_OUTER_BOUND('',#789,.T.);
#486=FACE_OUTER_BOUND('',#791,.T.);
#487=FACE_OUTER_BOUND('',#793,.T.);
#488=FACE_OUTER_BOUND('',#795,.T.);
#489=FACE_OUTER_BOUND('',#797,.T.);
#490=FACE_OUTER_BOUND('',#799,.T.);
#491=FACE_OUTER_BOUND('',#801,.T.);
#492=FACE_OUTER_BOUND('',#802,.T.);
#493=FACE_OUTER_BOUND('',#804,.T.);
#494=FACE_OUTER_BOUND('',#806,.T.);
#495=FACE_OUTER_BOUND('',#807,.T.);
#496=FACE_OUTER_BOUND('',#809,.T.);
#497=FACE_OUTER_BOUND('',#810,.T.);
#498=FACE_OUTER_BOUND('',#811,.T.);
#499=FACE_OUTER_BOUND('',#812,.T.);
#500=FACE_OUTER_BOUND('',#813,.T.);
#501=FACE_OUTER_BOUND('',#814,.T.);
#502=FACE_OUTER_BOUND('',#815,.T.);
#503=FACE_OUTER_BOUND('',#816,.T.);
#504=FACE_OUTER_BOUND('',#817,.T.);
#505=FACE_OUTER_BOUND('',#818,.T.);
#506=FACE_OUTER_BOUND('',#819,.T.);
#507=FACE_OUTER_BOUND('',#820,.T.);
#508=FACE_OUTER_BOUND('',#821,.T.);
#509=FACE_OUTER_BOUND('',#822,.T.);
#510=FACE_OUTER_BOUND('',#823,.T.);
#511=FACE_OUTER_BOUND('',#824,.T.);
#512=FACE_OUTER_BOUND('',#825,.T.);
#513=FACE_OUTER_BOUND('',#826,.T.);
#514=FACE_OUTER_BOUND('',#827,.T.);
#515=FACE_OUTER_BOUND('',#828,.T.);
#516=FACE_OUTER_BOUND('',#829,.T.);
#517=FACE_OUTER_BOUND('',#830,.T.);
#518=FACE_OUTER_BOUND('',#831,.T.);
#519=FACE_OUTER_BOUND('',#832,.T.);
#520=FACE_OUTER_BOUND('',#833,.T.);
#521=FACE_OUTER_BOUND('',#834,.T.);
#522=FACE_OUTER_BOUND('',#835,.T.);
#523=FACE_OUTER_BOUND('',#837,.T.);
#524=FACE_OUTER_BOUND('',#838,.T.);
#525=FACE_OUTER_BOUND('',#839,.T.);
#526=FACE_OUTER_BOUND('',#840,.T.);
#527=FACE_OUTER_BOUND('',#841,.T.);
#528=FACE_OUTER_BOUND('',#842,.T.);
#529=FACE_OUTER_BOUND('',#843,.T.);
#530=FACE_OUTER_BOUND('',#844,.T.);
#531=FACE_OUTER_BOUND('',#845,.T.);
#532=FACE_OUTER_BOUND('',#846,.T.);
#533=FACE_OUTER_BOUND('',#847,.T.);
#534=FACE_OUTER_BOUND('',#849,.T.);
#535=FACE_OUTER_BOUND('',#851,.T.);
#536=FACE_OUTER_BOUND('',#852,.T.);
#537=FACE_OUTER_BOUND('',#853,.T.);
#538=FACE_OUTER_BOUND('',#854,.T.);
#539=FACE_OUTER_BOUND('',#855,.T.);
#540=FACE_OUTER_BOUND('',#856,.T.);
#541=FACE_OUTER_BOUND('',#857,.T.);
#542=FACE_OUTER_BOUND('',#858,.T.);
#543=FACE_OUTER_BOUND('',#859,.T.);
#544=FACE_OUTER_BOUND('',#860,.T.);
#545=FACE_OUTER_BOUND('',#861,.T.);
#546=FACE_OUTER_BOUND('',#863,.T.);
#547=FACE_OUTER_BOUND('',#865,.T.);
#548=FACE_OUTER_BOUND('',#866,.T.);
#549=FACE_OUTER_BOUND('',#867,.T.);
#550=FACE_OUTER_BOUND('',#868,.T.);
#551=FACE_OUTER_BOUND('',#869,.T.);
#552=FACE_OUTER_BOUND('',#870,.T.);
#553=FACE_OUTER_BOUND('',#871,.T.);
#554=FACE_OUTER_BOUND('',#872,.T.);
#555=FACE_OUTER_BOUND('',#873,.T.);
#556=FACE_OUTER_BOUND('',#874,.T.);
#557=FACE_OUTER_BOUND('',#875,.T.);
#558=FACE_OUTER_BOUND('',#877,.T.);
#559=FACE_OUTER_BOUND('',#879,.T.);
#560=FACE_OUTER_BOUND('',#880,.T.);
#561=FACE_OUTER_BOUND('',#881,.T.);
#562=FACE_OUTER_BOUND('',#882,.T.);
#563=FACE_OUTER_BOUND('',#883,.T.);
#564=FACE_OUTER_BOUND('',#885,.T.);
#565=FACE_OUTER_BOUND('',#886,.T.);
#566=FACE_OUTER_BOUND('',#887,.T.);
#567=FACE_OUTER_BOUND('',#888,.T.);
#568=FACE_OUTER_BOUND('',#894,.T.);
#569=FACE_OUTER_BOUND('',#895,.T.);
#570=FACE_OUTER_BOUND('',#896,.T.);
#571=EDGE_LOOP('',(#3223,#3224,#3225,#3226));
#572=EDGE_LOOP('',(#3227,#3228,#3229,#3230));
#573=EDGE_LOOP('',(#3231,#3232,#3233));
#574=EDGE_LOOP('',(#3234,#3235,#3236,#3237));
#575=EDGE_LOOP('',(#3238,#3239,#3240));
#576=EDGE_LOOP('',(#3241,#3242,#3243,#3244,#3245,#3246));
#577=EDGE_LOOP('',(#3247,#3248,#3249,#3250));
#578=EDGE_LOOP('',(#3251,#3252,#3253,#3254));
#579=EDGE_LOOP('',(#3255,#3256,#3257,#3258));
#580=EDGE_LOOP('',(#3259,#3260,#3261,#3262,#3263,#3264));
#581=EDGE_LOOP('',(#3265,#3266,#3267,#3268));
#582=EDGE_LOOP('',(#3269,#3270,#3271,#3272));
#583=EDGE_LOOP('',(#3273,#3274,#3275));
#584=EDGE_LOOP('',(#3276,#3277,#3278,#3279));
#585=EDGE_LOOP('',(#3280,#3281,#3282));
#586=EDGE_LOOP('',(#3283,#3284,#3285,#3286,#3287,#3288));
#587=EDGE_LOOP('',(#3289,#3290,#3291,#3292));
#588=EDGE_LOOP('',(#3293,#3294,#3295,#3296));
#589=EDGE_LOOP('',(#3297,#3298,#3299,#3300));
#590=EDGE_LOOP('',(#3301,#3302,#3303,#3304,#3305,#3306));
#591=EDGE_LOOP('',(#3307,#3308,#3309,#3310));
#592=EDGE_LOOP('',(#3311,#3312,#3313,#3314));
#593=EDGE_LOOP('',(#3315,#3316,#3317,#3318));
#594=EDGE_LOOP('',(#3319,#3320,#3321));
#595=EDGE_LOOP('',(#3322,#3323,#3324));
#596=EDGE_LOOP('',(#3325,#3326,#3327,#3328,#3329,#3330));
#597=EDGE_LOOP('',(#3331,#3332,#3333,#3334));
#598=EDGE_LOOP('',(#3335,#3336,#3337,#3338));
#599=EDGE_LOOP('',(#3339,#3340,#3341,#3342));
#600=EDGE_LOOP('',(#3343,#3344,#3345,#3346,#3347,#3348));
#601=EDGE_LOOP('',(#3349,#3350,#3351,#3352));
#602=EDGE_LOOP('',(#3353,#3354,#3355,#3356));
#603=EDGE_LOOP('',(#3357,#3358,#3359,#3360));
#604=EDGE_LOOP('',(#3361,#3362,#3363));
#605=EDGE_LOOP('',(#3364,#3365,#3366));
#606=EDGE_LOOP('',(#3367,#3368,#3369,#3370,#3371,#3372));
#607=EDGE_LOOP('',(#3373,#3374,#3375,#3376));
#608=EDGE_LOOP('',(#3377,#3378,#3379,#3380));
#609=EDGE_LOOP('',(#3381,#3382,#3383,#3384));
#610=EDGE_LOOP('',(#3385,#3386,#3387,#3388,#3389,#3390));
#611=EDGE_LOOP('',(#3391,#3392,#3393));
#612=EDGE_LOOP('',(#3394,#3395,#3396));
#613=EDGE_LOOP('',(#3397,#3398,#3399,#3400));
#614=EDGE_LOOP('',(#3401,#3402,#3403,#3404));
#615=EDGE_LOOP('',(#3405,#3406,#3407,#3408));
#616=EDGE_LOOP('',(#3409,#3410,#3411,#3412));
#617=EDGE_LOOP('',(#3413,#3414,#3415,#3416));
#618=EDGE_LOOP('',(#3417,#3418,#3419,#3420));
#619=EDGE_LOOP('',(#3421,#3422,#3423,#3424));
#620=EDGE_LOOP('',(#3425,#3426,#3427));
#621=EDGE_LOOP('',(#3428,#3429,#3430));
#622=EDGE_LOOP('',(#3431,#3432,#3433,#3434));
#623=EDGE_LOOP('',(#3435,#3436,#3437,#3438));
#624=EDGE_LOOP('',(#3439,#3440,#3441,#3442));
#625=EDGE_LOOP('',(#3443,#3444,#3445,#3446));
#626=EDGE_LOOP('',(#3447,#3448,#3449,#3450));
#627=EDGE_LOOP('',(#3451,#3452,#3453,#3454));
#628=EDGE_LOOP('',(#3455,#3456,#3457,#3458));
#629=EDGE_LOOP('',(#3459,#3460,#3461));
#630=EDGE_LOOP('',(#3462,#3463,#3464));
#631=EDGE_LOOP('',(#3465,#3466,#3467,#3468));
#632=EDGE_LOOP('',(#3469,#3470,#3471,#3472));
#633=EDGE_LOOP('',(#3473,#3474,#3475,#3476));
#634=EDGE_LOOP('',(#3477,#3478,#3479,#3480));
#635=EDGE_LOOP('',(#3481,#3482,#3483,#3484));
#636=EDGE_LOOP('',(#3485,#3486,#3487,#3488));
#637=EDGE_LOOP('',(#3489,#3490,#3491,#3492,#3493,#3494));
#638=EDGE_LOOP('',(#3495,#3496,#3497));
#639=EDGE_LOOP('',(#3498,#3499,#3500));
#640=EDGE_LOOP('',(#3501,#3502,#3503,#3504));
#641=EDGE_LOOP('',(#3505,#3506,#3507,#3508));
#642=EDGE_LOOP('',(#3509,#3510,#3511,#3512));
#643=EDGE_LOOP('',(#3513,#3514,#3515,#3516));
#644=EDGE_LOOP('',(#3517,#3518,#3519,#3520));
#645=EDGE_LOOP('',(#3521,#3522,#3523,#3524));
#646=EDGE_LOOP('',(#3525,#3526,#3527,#3528,#3529,#3530));
#647=EDGE_LOOP('',(#3531,#3532,#3533,#3534));
#648=EDGE_LOOP('',(#3535,#3536,#3537,#3538));
#649=EDGE_LOOP('',(#3539,#3540,#3541,#3542));
#650=EDGE_LOOP('',(#3543,#3544,#3545,#3546));
#651=EDGE_LOOP('',(#3547,#3548,#3549,#3550,#3551,#3552));
#652=EDGE_LOOP('',(#3553,#3554,#3555,#3556));
#653=EDGE_LOOP('',(#3557,#3558,#3559,#3560,#3561,#3562));
#654=EDGE_LOOP('',(#3563,#3564,#3565,#3566));
#655=EDGE_LOOP('',(#3567,#3568,#3569,#3570,#3571,#3572));
#656=EDGE_LOOP('',(#3573,#3574,#3575,#3576,#3577,#3578));
#657=EDGE_LOOP('',(#3579,#3580,#3581,#3582,#3583,#3584));
#658=EDGE_LOOP('',(#3585,#3586,#3587,#3588,#3589,#3590));
#659=EDGE_LOOP('',(#3591,#3592,#3593,#3594,#3595,#3596,#3597,#3598,#3599,
#3600,#3601,#3602,#3603,#3604,#3605,#3606));
#660=EDGE_LOOP('',(#3607,#3608,#3609,#3610));
#661=EDGE_LOOP('',(#3611,#3612,#3613,#3614));
#662=EDGE_LOOP('',(#3615,#3616,#3617));
#663=EDGE_LOOP('',(#3618,#3619,#3620,#3621));
#664=EDGE_LOOP('',(#3622,#3623,#3624));
#665=EDGE_LOOP('',(#3625,#3626,#3627,#3628));
#666=EDGE_LOOP('',(#3629,#3630,#3631,#3632));
#667=EDGE_LOOP('',(#3633,#3634,#3635,#3636));
#668=EDGE_LOOP('',(#3637,#3638,#3639,#3640,#3641));
#669=EDGE_LOOP('',(#3642,#3643,#3644,#3645));
#670=EDGE_LOOP('',(#3646,#3647,#3648));
#671=EDGE_LOOP('',(#3649,#3650,#3651,#3652));
#672=EDGE_LOOP('',(#3653,#3654,#3655,#3656));
#673=EDGE_LOOP('',(#3657,#3658,#3659,#3660,#3661,#3662,#3663,#3664,#3665,
#3666,#3667,#3668));
#674=EDGE_LOOP('',(#3669,#3670,#3671,#3672));
#675=EDGE_LOOP('',(#3673,#3674,#3675));
#676=EDGE_LOOP('',(#3676,#3677,#3678,#3679));
#677=EDGE_LOOP('',(#3680,#3681,#3682,#3683));
#678=EDGE_LOOP('',(#3684,#3685,#3686,#3687));
#679=EDGE_LOOP('',(#3688,#3689,#3690,#3691,#3692));
#680=EDGE_LOOP('',(#3693,#3694,#3695,#3696));
#681=EDGE_LOOP('',(#3697,#3698,#3699,#3700));
#682=EDGE_LOOP('',(#3701,#3702,#3703,#3704));
#683=EDGE_LOOP('',(#3705,#3706,#3707,#3708,#3709));
#684=EDGE_LOOP('',(#3710,#3711,#3712));
#685=EDGE_LOOP('',(#3713,#3714,#3715));
#686=EDGE_LOOP('',(#3716,#3717,#3718,#3719));
#687=EDGE_LOOP('',(#3720,#3721,#3722,#3723,#3724));
#688=EDGE_LOOP('',(#3725,#3726,#3727,#3728));
#689=EDGE_LOOP('',(#3729,#3730,#3731,#3732,#3733,#3734));
#690=EDGE_LOOP('',(#3735,#3736,#3737,#3738));
#691=EDGE_LOOP('',(#3739,#3740,#3741,#3742,#3743));
#692=EDGE_LOOP('',(#3744,#3745,#3746,#3747,#3748));
#693=EDGE_LOOP('',(#3749,#3750,#3751,#3752,#3753));
#694=EDGE_LOOP('',(#3754,#3755,#3756,#3757));
#695=EDGE_LOOP('',(#3758,#3759,#3760,#3761));
#696=EDGE_LOOP('',(#3762,#3763,#3764,#3765));
#697=EDGE_LOOP('',(#3766,#3767,#3768));
#698=EDGE_LOOP('',(#3769,#3770,#3771,#3772));
#699=EDGE_LOOP('',(#3773,#3774,#3775));
#700=EDGE_LOOP('',(#3776,#3777,#3778,#3779));
#701=EDGE_LOOP('',(#3780,#3781,#3782,#3783));
#702=EDGE_LOOP('',(#3784,#3785,#3786,#3787));
#703=EDGE_LOOP('',(#3788,#3789,#3790,#3791,#3792));
#704=EDGE_LOOP('',(#3793,#3794,#3795,#3796));
#705=EDGE_LOOP('',(#3797,#3798,#3799));
#706=EDGE_LOOP('',(#3800,#3801,#3802,#3803));
#707=EDGE_LOOP('',(#3804,#3805,#3806,#3807));
#708=EDGE_LOOP('',(#3808,#3809,#3810,#3811,#3812,#3813,#3814,#3815,#3816,
#3817,#3818,#3819));
#709=EDGE_LOOP('',(#3820,#3821,#3822,#3823));
#710=EDGE_LOOP('',(#3824,#3825,#3826));
#711=EDGE_LOOP('',(#3827,#3828,#3829,#3830));
#712=EDGE_LOOP('',(#3831,#3832,#3833,#3834));
#713=EDGE_LOOP('',(#3835,#3836,#3837,#3838));
#714=EDGE_LOOP('',(#3839,#3840,#3841,#3842,#3843));
#715=EDGE_LOOP('',(#3844,#3845,#3846,#3847));
#716=EDGE_LOOP('',(#3848,#3849,#3850,#3851));
#717=EDGE_LOOP('',(#3852,#3853,#3854,#3855));
#718=EDGE_LOOP('',(#3856,#3857,#3858,#3859,#3860));
#719=EDGE_LOOP('',(#3861,#3862,#3863));
#720=EDGE_LOOP('',(#3864,#3865,#3866));
#721=EDGE_LOOP('',(#3867,#3868,#3869,#3870));
#722=EDGE_LOOP('',(#3871,#3872,#3873,#3874,#3875));
#723=EDGE_LOOP('',(#3876,#3877,#3878,#3879));
#724=EDGE_LOOP('',(#3880,#3881,#3882,#3883,#3884,#3885));
#725=EDGE_LOOP('',(#3886,#3887,#3888,#3889));
#726=EDGE_LOOP('',(#3890,#3891,#3892,#3893,#3894));
#727=EDGE_LOOP('',(#3895,#3896,#3897,#3898));
#728=EDGE_LOOP('',(#3899,#3900,#3901,#3902,#3903));
#729=EDGE_LOOP('',(#3904,#3905,#3906,#3907,#3908));
#730=EDGE_LOOP('',(#3909,#3910,#3911,#3912,#3913));
#731=EDGE_LOOP('',(#3914,#3915,#3916,#3917));
#732=EDGE_LOOP('',(#3918,#3919,#3920,#3921));
#733=EDGE_LOOP('',(#3922,#3923,#3924,#3925));
#734=EDGE_LOOP('',(#3926,#3927,#3928,#3929,#3930,#3931,#3932,#3933,#3934,
#3935,#3936,#3937,#3938,#3939,#3940,#3941,#3942,#3943,#3944,#3945,#3946,
#3947,#3948,#3949,#3950,#3951,#3952,#3953,#3954,#3955,#3956,#3957,#3958,
#3959,#3960,#3961,#3962,#3963,#3964,#3965,#3966,#3967,#3968,#3969,#3970,
#3971,#3972,#3973,#3974,#3975,#3976,#3977,#3978,#3979,#3980,#3981,#3982,
#3983,#3984,#3985,#3986,#3987,#3988,#3989,#3990,#3991,#3992,#3993,#3994,
#3995,#3996,#3997));
#735=EDGE_LOOP('',(#3998));
#736=EDGE_LOOP('',(#3999));
#737=EDGE_LOOP('',(#4000));
#738=EDGE_LOOP('',(#4001));
#739=EDGE_LOOP('',(#4002,#4003,#4004,#4005));
#740=EDGE_LOOP('',(#4006,#4007,#4008,#4009));
#741=EDGE_LOOP('',(#4010,#4011,#4012,#4013));
#742=EDGE_LOOP('',(#4014,#4015,#4016,#4017));
#743=EDGE_LOOP('',(#4018,#4019,#4020,#4021));
#744=EDGE_LOOP('',(#4022,#4023,#4024,#4025));
#745=EDGE_LOOP('',(#4026,#4027,#4028,#4029));
#746=EDGE_LOOP('',(#4030,#4031,#4032,#4033));
#747=EDGE_LOOP('',(#4034,#4035,#4036,#4037));
#748=EDGE_LOOP('',(#4038,#4039,#4040,#4041));
#749=EDGE_LOOP('',(#4042,#4043,#4044,#4045));
#750=EDGE_LOOP('',(#4046,#4047,#4048,#4049));
#751=EDGE_LOOP('',(#4050,#4051,#4052,#4053,#4054,#4055,#4056,#4057,#4058,
#4059,#4060,#4061,#4062,#4063,#4064,#4065,#4066,#4067,#4068,#4069,#4070,
#4071,#4072,#4073));
#752=EDGE_LOOP('',(#4074,#4075,#4076,#4077));
#753=EDGE_LOOP('',(#4078,#4079,#4080,#4081));
#754=EDGE_LOOP('',(#4082,#4083,#4084,#4085));
#755=EDGE_LOOP('',(#4086,#4087,#4088,#4089));
#756=EDGE_LOOP('',(#4090,#4091,#4092,#4093));
#757=EDGE_LOOP('',(#4094,#4095,#4096,#4097));
#758=EDGE_LOOP('',(#4098,#4099,#4100,#4101));
#759=EDGE_LOOP('',(#4102,#4103,#4104,#4105));
#760=EDGE_LOOP('',(#4106,#4107,#4108,#4109));
#761=EDGE_LOOP('',(#4110,#4111,#4112,#4113));
#762=EDGE_LOOP('',(#4114,#4115,#4116,#4117));
#763=EDGE_LOOP('',(#4118,#4119,#4120,#4121));
#764=EDGE_LOOP('',(#4122,#4123,#4124,#4125));
#765=EDGE_LOOP('',(#4126,#4127,#4128,#4129));
#766=EDGE_LOOP('',(#4130,#4131,#4132,#4133));
#767=EDGE_LOOP('',(#4134,#4135,#4136,#4137));
#768=EDGE_LOOP('',(#4138));
#769=EDGE_LOOP('',(#4139,#4140,#4141,#4142));
#770=EDGE_LOOP('',(#4143));
#771=EDGE_LOOP('',(#4144,#4145,#4146,#4147));
#772=EDGE_LOOP('',(#4148));
#773=EDGE_LOOP('',(#4149,#4150,#4151,#4152));
#774=EDGE_LOOP('',(#4153));
#775=EDGE_LOOP('',(#4154,#4155,#4156,#4157));
#776=EDGE_LOOP('',(#4158,#4159,#4160,#4161));
#777=EDGE_LOOP('',(#4162,#4163,#4164,#4165));
#778=EDGE_LOOP('',(#4166,#4167,#4168,#4169));
#779=EDGE_LOOP('',(#4170,#4171,#4172,#4173));
#780=EDGE_LOOP('',(#4174,#4175,#4176,#4177));
#781=EDGE_LOOP('',(#4178,#4179,#4180,#4181));
#782=EDGE_LOOP('',(#4182,#4183,#4184,#4185));
#783=EDGE_LOOP('',(#4186,#4187,#4188,#4189));
#784=EDGE_LOOP('',(#4190,#4191,#4192,#4193));
#785=EDGE_LOOP('',(#4194,#4195,#4196,#4197));
#786=EDGE_LOOP('',(#4198,#4199,#4200,#4201));
#787=EDGE_LOOP('',(#4202,#4203,#4204,#4205));
#788=EDGE_LOOP('',(#4206,#4207,#4208,#4209));
#789=EDGE_LOOP('',(#4210,#4211,#4212,#4213,#4214));
#790=EDGE_LOOP('',(#4215));
#791=EDGE_LOOP('',(#4216,#4217,#4218,#4219,#4220));
#792=EDGE_LOOP('',(#4221));
#793=EDGE_LOOP('',(#4222,#4223,#4224,#4225,#4226));
#794=EDGE_LOOP('',(#4227));
#795=EDGE_LOOP('',(#4228,#4229,#4230,#4231,#4232));
#796=EDGE_LOOP('',(#4233));
#797=EDGE_LOOP('',(#4234,#4235,#4236,#4237,#4238));
#798=EDGE_LOOP('',(#4239));
#799=EDGE_LOOP('',(#4240,#4241,#4242,#4243,#4244));
#800=EDGE_LOOP('',(#4245));
#801=EDGE_LOOP('',(#4246,#4247,#4248,#4249));
#802=EDGE_LOOP('',(#4250,#4251,#4252,#4253,#4254));
#803=EDGE_LOOP('',(#4255));
#804=EDGE_LOOP('',(#4256,#4257,#4258,#4259,#4260));
#805=EDGE_LOOP('',(#4261));
#806=EDGE_LOOP('',(#4262,#4263,#4264,#4265));
#807=EDGE_LOOP('',(#4266,#4267,#4268,#4269));
#808=EDGE_LOOP('',(#4270,#4271,#4272,#4273));
#809=EDGE_LOOP('',(#4274,#4275,#4276,#4277));
#810=EDGE_LOOP('',(#4278,#4279,#4280,#4281));
#811=EDGE_LOOP('',(#4282,#4283,#4284,#4285));
#812=EDGE_LOOP('',(#4286,#4287,#4288,#4289));
#813=EDGE_LOOP('',(#4290,#4291,#4292,#4293));
#814=EDGE_LOOP('',(#4294,#4295,#4296,#4297,#4298,#4299,#4300,#4301,#4302,
#4303,#4304,#4305,#4306,#4307,#4308,#4309,#4310,#4311,#4312,#4313,#4314,
#4315,#4316,#4317));
#815=EDGE_LOOP('',(#4318,#4319,#4320,#4321));
#816=EDGE_LOOP('',(#4322,#4323,#4324,#4325));
#817=EDGE_LOOP('',(#4326,#4327,#4328,#4329));
#818=EDGE_LOOP('',(#4330,#4331,#4332,#4333));
#819=EDGE_LOOP('',(#4334,#4335,#4336,#4337));
#820=EDGE_LOOP('',(#4338,#4339,#4340,#4341));
#821=EDGE_LOOP('',(#4342,#4343,#4344,#4345));
#822=EDGE_LOOP('',(#4346,#4347,#4348,#4349));
#823=EDGE_LOOP('',(#4350,#4351,#4352,#4353));
#824=EDGE_LOOP('',(#4354,#4355,#4356,#4357));
#825=EDGE_LOOP('',(#4358,#4359,#4360,#4361));
#826=EDGE_LOOP('',(#4362,#4363,#4364,#4365));
#827=EDGE_LOOP('',(#4366,#4367,#4368,#4369));
#828=EDGE_LOOP('',(#4370,#4371,#4372,#4373));
#829=EDGE_LOOP('',(#4374,#4375,#4376,#4377));
#830=EDGE_LOOP('',(#4378,#4379,#4380,#4381));
#831=EDGE_LOOP('',(#4382,#4383,#4384,#4385));
#832=EDGE_LOOP('',(#4386,#4387,#4388,#4389));
#833=EDGE_LOOP('',(#4390,#4391,#4392,#4393));
#834=EDGE_LOOP('',(#4394,#4395,#4396,#4397));
#835=EDGE_LOOP('',(#4398,#4399,#4400,#4401));
#836=EDGE_LOOP('',(#4402,#4403,#4404,#4405,#4406,#4407));
#837=EDGE_LOOP('',(#4408,#4409,#4410,#4411));
#838=EDGE_LOOP('',(#4412,#4413,#4414,#4415));
#839=EDGE_LOOP('',(#4416,#4417,#4418,#4419));
#840=EDGE_LOOP('',(#4420,#4421,#4422,#4423));
#841=EDGE_LOOP('',(#4424,#4425,#4426,#4427));
#842=EDGE_LOOP('',(#4428,#4429,#4430,#4431));
#843=EDGE_LOOP('',(#4432,#4433,#4434,#4435));
#844=EDGE_LOOP('',(#4436,#4437,#4438,#4439));
#845=EDGE_LOOP('',(#4440,#4441,#4442,#4443));
#846=EDGE_LOOP('',(#4444,#4445,#4446,#4447));
#847=EDGE_LOOP('',(#4448,#4449,#4450,#4451));
#848=EDGE_LOOP('',(#4452,#4453,#4454,#4455,#4456,#4457));
#849=EDGE_LOOP('',(#4458,#4459,#4460,#4461,#4462,#4463));
#850=EDGE_LOOP('',(#4464));
#851=EDGE_LOOP('',(#4465,#4466,#4467,#4468));
#852=EDGE_LOOP('',(#4469,#4470,#4471,#4472));
#853=EDGE_LOOP('',(#4473,#4474,#4475,#4476));
#854=EDGE_LOOP('',(#4477,#4478,#4479,#4480));
#855=EDGE_LOOP('',(#4481,#4482,#4483,#4484));
#856=EDGE_LOOP('',(#4485,#4486,#4487,#4488));
#857=EDGE_LOOP('',(#4489,#4490,#4491,#4492));
#858=EDGE_LOOP('',(#4493,#4494,#4495,#4496));
#859=EDGE_LOOP('',(#4497,#4498,#4499,#4500));
#860=EDGE_LOOP('',(#4501,#4502,#4503,#4504));
#861=EDGE_LOOP('',(#4505,#4506,#4507,#4508));
#862=EDGE_LOOP('',(#4509,#4510,#4511,#4512,#4513,#4514));
#863=EDGE_LOOP('',(#4515,#4516,#4517,#4518,#4519,#4520));
#864=EDGE_LOOP('',(#4521));
#865=EDGE_LOOP('',(#4522,#4523,#4524,#4525));
#866=EDGE_LOOP('',(#4526,#4527,#4528,#4529));
#867=EDGE_LOOP('',(#4530,#4531,#4532,#4533));
#868=EDGE_LOOP('',(#4534,#4535,#4536,#4537));
#869=EDGE_LOOP('',(#4538,#4539,#4540,#4541));
#870=EDGE_LOOP('',(#4542,#4543,#4544,#4545));
#871=EDGE_LOOP('',(#4546,#4547,#4548,#4549));
#872=EDGE_LOOP('',(#4550,#4551,#4552,#4553));
#873=EDGE_LOOP('',(#4554,#4555,#4556,#4557));
#874=EDGE_LOOP('',(#4558,#4559,#4560,#4561));
#875=EDGE_LOOP('',(#4562,#4563,#4564,#4565));
#876=EDGE_LOOP('',(#4566,#4567,#4568,#4569,#4570,#4571));
#877=EDGE_LOOP('',(#4572,#4573,#4574,#4575,#4576,#4577));
#878=EDGE_LOOP('',(#4578));
#879=EDGE_LOOP('',(#4579,#4580,#4581,#4582));
#880=EDGE_LOOP('',(#4583,#4584,#4585,#4586));
#881=EDGE_LOOP('',(#4587,#4588,#4589,#4590));
#882=EDGE_LOOP('',(#4591,#4592,#4593,#4594));
#883=EDGE_LOOP('',(#4595,#4596,#4597,#4598,#4599,#4600));
#884=EDGE_LOOP('',(#4601));
#885=EDGE_LOOP('',(#4602,#4603,#4604,#4605,#4606,#4607,#4608,#4609,#4610,
#4611,#4612,#4613));
#886=EDGE_LOOP('',(#4614,#4615,#4616,#4617));
#887=EDGE_LOOP('',(#4618,#4619,#4620,#4621,#4622));
#888=EDGE_LOOP('',(#4623,#4624,#4625,#4626,#4627,#4628,#4629,#4630,#4631,
#4632,#4633,#4634,#4635,#4636,#4637,#4638));
#889=EDGE_LOOP('',(#4639,#4640,#4641,#4642));
#890=EDGE_LOOP('',(#4643));
#891=EDGE_LOOP('',(#4644));
#892=EDGE_LOOP('',(#4645));
#893=EDGE_LOOP('',(#4646));
#894=EDGE_LOOP('',(#4647,#4648,#4649,#4650));
#895=EDGE_LOOP('',(#4651,#4652,#4653,#4654));
#896=EDGE_LOOP('',(#4655,#4656,#4657,#4658));
#897=LINE('',#7069,#1387);
#898=LINE('',#7072,#1388);
#899=LINE('',#7077,#1389);
#900=LINE('',#7080,#1390);
#901=LINE('',#7088,#1391);
#902=LINE('',#7090,#1392);
#903=LINE('',#7095,#1393);
#904=LINE('',#7097,#1394);
#905=LINE('',#7099,#1395);
#906=LINE('',#7101,#1396);
#907=LINE('',#7102,#1397);
#908=LINE('',#7105,#1398);
#909=LINE('',#7109,#1399);
#910=LINE('',#7110,#1400);
#911=LINE('',#7113,#1401);
#912=LINE('',#7117,#1402);
#913=LINE('',#7119,#1403);
#914=LINE('',#7121,#1404);
#915=LINE('',#7122,#1405);
#916=LINE('',#7128,#1406);
#917=LINE('',#7131,#1407);
#918=LINE('',#7136,#1408);
#919=LINE('',#7139,#1409);
#920=LINE('',#7147,#1410);
#921=LINE('',#7149,#1411);
#922=LINE('',#7154,#1412);
#923=LINE('',#7156,#1413);
#924=LINE('',#7158,#1414);
#925=LINE('',#7160,#1415);
#926=LINE('',#7161,#1416);
#927=LINE('',#7164,#1417);
#928=LINE('',#7168,#1418);
#929=LINE('',#7169,#1419);
#930=LINE('',#7172,#1420);
#931=LINE('',#7176,#1421);
#932=LINE('',#7178,#1422);
#933=LINE('',#7180,#1423);
#934=LINE('',#7181,#1424);
#935=LINE('',#7187,#1425);
#936=LINE('',#7190,#1426);
#937=LINE('',#7196,#1427);
#938=LINE('',#7198,#1428);
#939=LINE('',#7204,#1429);
#940=LINE('',#7206,#1430);
#941=LINE('',#7213,#1431);
#942=LINE('',#7215,#1432);
#943=LINE('',#7217,#1433);
#944=LINE('',#7219,#1434);
#945=LINE('',#7220,#1435);
#946=LINE('',#7223,#1436);
#947=LINE('',#7227,#1437);
#948=LINE('',#7228,#1438);
#949=LINE('',#7231,#1439);
#950=LINE('',#7235,#1440);
#951=LINE('',#7237,#1441);
#952=LINE('',#7239,#1442);
#953=LINE('',#7240,#1443);
#954=LINE('',#7246,#1444);
#955=LINE('',#7249,#1445);
#956=LINE('',#7255,#1446);
#957=LINE('',#7257,#1447);
#958=LINE('',#7263,#1448);
#959=LINE('',#7265,#1449);
#960=LINE('',#7272,#1450);
#961=LINE('',#7274,#1451);
#962=LINE('',#7276,#1452);
#963=LINE('',#7278,#1453);
#964=LINE('',#7279,#1454);
#965=LINE('',#7282,#1455);
#966=LINE('',#7286,#1456);
#967=LINE('',#7287,#1457);
#968=LINE('',#7290,#1458);
#969=LINE('',#7294,#1459);
#970=LINE('',#7296,#1460);
#971=LINE('',#7298,#1461);
#972=LINE('',#7299,#1462);
#973=LINE('',#7309,#1463);
#974=LINE('',#7352,#1464);
#975=LINE('',#7356,#1465);
#976=LINE('',#7402,#1466);
#977=LINE('',#7404,#1467);
#978=LINE('',#7414,#1468);
#979=LINE('',#7457,#1469);
#980=LINE('',#7461,#1470);
#981=LINE('',#7507,#1471);
#982=LINE('',#7509,#1472);
#983=LINE('',#7519,#1473);
#984=LINE('',#7523,#1474);
#985=LINE('',#7569,#1475);
#986=LINE('',#7616,#1476);
#987=LINE('',#7619,#1477);
#988=LINE('',#7629,#1478);
#989=LINE('',#7633,#1479);
#990=LINE('',#7679,#1480);
#991=LINE('',#7726,#1481);
#992=LINE('',#7729,#1482);
#993=LINE('',#7733,#1483);
#994=LINE('',#7737,#1484);
#995=LINE('',#7740,#1485);
#996=LINE('',#7744,#1486);
#997=LINE('',#7747,#1487);
#998=LINE('',#7748,#1488);
#999=LINE('',#7751,#1489);
#1000=LINE('',#7752,#1490);
#1001=LINE('',#7755,#1491);
#1002=LINE('',#7757,#1492);
#1003=LINE('',#7759,#1493);
#1004=LINE('',#7761,#1494);
#1005=LINE('',#7764,#1495);
#1006=LINE('',#7766,#1496);
#1007=LINE('',#7768,#1497);
#1008=LINE('',#7770,#1498);
#1009=LINE('',#7771,#1499);
#1010=LINE('',#7772,#1500);
#1011=LINE('',#7778,#1501);
#1012=LINE('',#7781,#1502);
#1013=LINE('',#7786,#1503);
#1014=LINE('',#7789,#1504);
#1015=LINE('',#7796,#1505);
#1016=LINE('',#7799,#1506);
#1017=LINE('',#7804,#1507);
#1018=LINE('',#7807,#1508);
#1019=LINE('',#7810,#1509);
#1020=LINE('',#7811,#1510);
#1021=LINE('',#7815,#1511);
#1022=LINE('',#7818,#1512);
#1023=LINE('',#7820,#1513);
#1024=LINE('',#7821,#1514);
#1025=LINE('',#7827,#1515);
#1026=LINE('',#7831,#1516);
#1027=LINE('',#7835,#1517);
#1028=LINE('',#7838,#1518);
#1029=LINE('',#7840,#1519);
#1030=LINE('',#7844,#1520);
#1031=LINE('',#7848,#1521);
#1032=LINE('',#7852,#1522);
#1033=LINE('',#7855,#1523);
#1034=LINE('',#7860,#1524);
#1035=LINE('',#7864,#1525);
#1036=LINE('',#7867,#1526);
#1037=LINE('',#7870,#1527);
#1038=LINE('',#7873,#1528);
#1039=LINE('',#7884,#1529);
#1040=LINE('',#7896,#1530);
#1041=LINE('',#7906,#1531);
#1042=LINE('',#7907,#1532);
#1043=LINE('',#7910,#1533);
#1044=LINE('',#7920,#1534);
#1045=LINE('',#7922,#1535);
#1046=LINE('',#7925,#1536);
#1047=LINE('',#7927,#1537);
#1048=LINE('',#7929,#1538);
#1049=LINE('',#7931,#1539);
#1050=LINE('',#7932,#1540);
#1051=LINE('',#7935,#1541);
#1052=LINE('',#7938,#1542);
#1053=LINE('',#7942,#1543);
#1054=LINE('',#7943,#1544);
#1055=LINE('',#7946,#1545);
#1056=LINE('',#7948,#1546);
#1057=LINE('',#7949,#1547);
#1058=LINE('',#7951,#1548);
#1059=LINE('',#7957,#1549);
#1060=LINE('',#7960,#1550);
#1061=LINE('',#7966,#1551);
#1062=LINE('',#7968,#1552);
#1063=LINE('',#7976,#1553);
#1064=LINE('',#7978,#1554);
#1065=LINE('',#7983,#1555);
#1066=LINE('',#7986,#1556);
#1067=LINE('',#7989,#1557);
#1068=LINE('',#7990,#1558);
#1069=LINE('',#7993,#1559);
#1070=LINE('',#7997,#1560);
#1071=LINE('',#7999,#1561);
#1072=LINE('',#8000,#1562);
#1073=LINE('',#8005,#1563);
#1074=LINE('',#8010,#1564);
#1075=LINE('',#8013,#1565);
#1076=LINE('',#8017,#1566);
#1077=LINE('',#8021,#1567);
#1078=LINE('',#8025,#1568);
#1079=LINE('',#8029,#1569);
#1080=LINE('',#8033,#1570);
#1081=LINE('',#8034,#1571);
#1082=LINE('',#8038,#1572);
#1083=LINE('',#8043,#1573);
#1084=LINE('',#8045,#1574);
#1085=LINE('',#8049,#1575);
#1086=LINE('',#8051,#1576);
#1087=LINE('',#8063,#1577);
#1088=LINE('',#8065,#1578);
#1089=LINE('',#8085,#1579);
#1090=LINE('',#8086,#1580);
#1091=LINE('',#8089,#1581);
#1092=LINE('',#8091,#1582);
#1093=LINE('',#8101,#1583);
#1094=LINE('',#8103,#1584);
#1095=LINE('',#8106,#1585);
#1096=LINE('',#8108,#1586);
#1097=LINE('',#8110,#1587);
#1098=LINE('',#8111,#1588);
#1099=LINE('',#8114,#1589);
#1100=LINE('',#8117,#1590);
#1101=LINE('',#8120,#1591);
#1102=LINE('',#8123,#1592);
#1103=LINE('',#8124,#1593);
#1104=LINE('',#8127,#1594);
#1105=LINE('',#8129,#1595);
#1106=LINE('',#8130,#1596);
#1107=LINE('',#8133,#1597);
#1108=LINE('',#8135,#1598);
#1109=LINE('',#8136,#1599);
#1110=LINE('',#8142,#1600);
#1111=LINE('',#8145,#1601);
#1112=LINE('',#8148,#1602);
#1113=LINE('',#8150,#1603);
#1114=LINE('',#8151,#1604);
#1115=LINE('',#8157,#1605);
#1116=LINE('',#8162,#1606);
#1117=LINE('',#8165,#1607);
#1118=LINE('',#8167,#1608);
#1119=LINE('',#8169,#1609);
#1120=LINE('',#8170,#1610);
#1121=LINE('',#8172,#1611);
#1122=LINE('',#8176,#1612);
#1123=LINE('',#8180,#1613);
#1124=LINE('',#8184,#1614);
#1125=LINE('',#8188,#1615);
#1126=LINE('',#8192,#1616);
#1127=LINE('',#8196,#1617);
#1128=LINE('',#8200,#1618);
#1129=LINE('',#8204,#1619);
#1130=LINE('',#8208,#1620);
#1131=LINE('',#8212,#1621);
#1132=LINE('',#8214,#1622);
#1133=LINE('',#8215,#1623);
#1134=LINE('',#8217,#1624);
#1135=LINE('',#8229,#1625);
#1136=LINE('',#8230,#1626);
#1137=LINE('',#8233,#1627);
#1138=LINE('',#8235,#1628);
#1139=LINE('',#8237,#1629);
#1140=LINE('',#8238,#1630);
#1141=LINE('',#8242,#1631);
#1142=LINE('',#8245,#1632);
#1143=LINE('',#8246,#1633);
#1144=LINE('',#8250,#1634);
#1145=LINE('',#8253,#1635);
#1146=LINE('',#8254,#1636);
#1147=LINE('',#8257,#1637);
#1148=LINE('',#8259,#1638);
#1149=LINE('',#8261,#1639);
#1150=LINE('',#8262,#1640);
#1151=LINE('',#8266,#1641);
#1152=LINE('',#8269,#1642);
#1153=LINE('',#8270,#1643);
#1154=LINE('',#8274,#1644);
#1155=LINE('',#8277,#1645);
#1156=LINE('',#8278,#1646);
#1157=LINE('',#8283,#1647);
#1158=LINE('',#8284,#1648);
#1159=LINE('',#8287,#1649);
#1160=LINE('',#8291,#1650);
#1161=LINE('',#8295,#1651);
#1162=LINE('',#8298,#1652);
#1163=LINE('',#8300,#1653);
#1164=LINE('',#8304,#1654);
#1165=LINE('',#8308,#1655);
#1166=LINE('',#8310,#1656);
#1167=LINE('',#8312,#1657);
#1168=LINE('',#8313,#1658);
#1169=LINE('',#8316,#1659);
#1170=LINE('',#8318,#1660);
#1171=LINE('',#8320,#1661);
#1172=LINE('',#8321,#1662);
#1173=LINE('',#8324,#1663);
#1174=LINE('',#8326,#1664);
#1175=LINE('',#8328,#1665);
#1176=LINE('',#8329,#1666);
#1177=LINE('',#8332,#1667);
#1178=LINE('',#8334,#1668);
#1179=LINE('',#8336,#1669);
#1180=LINE('',#8337,#1670);
#1181=LINE('',#8340,#1671);
#1182=LINE('',#8342,#1672);
#1183=LINE('',#8344,#1673);
#1184=LINE('',#8345,#1674);
#1185=LINE('',#8347,#1675);
#1186=LINE('',#8350,#1676);
#1187=LINE('',#8352,#1677);
#1188=LINE('',#8354,#1678);
#1189=LINE('',#8355,#1679);
#1190=LINE('',#8357,#1680);
#1191=LINE('',#8359,#1681);
#1192=LINE('',#8362,#1682);
#1193=LINE('',#8363,#1683);
#1194=LINE('',#8365,#1684);
#1195=LINE('',#8367,#1685);
#1196=LINE('',#8369,#1686);
#1197=LINE('',#8370,#1687);
#1198=LINE('',#8376,#1688);
#1199=LINE('',#8383,#1689);
#1200=LINE('',#8390,#1690);
#1201=LINE('',#8397,#1691);
#1202=LINE('',#8403,#1692);
#1203=LINE('',#8407,#1693);
#1204=LINE('',#8409,#1694);
#1205=LINE('',#8411,#1695);
#1206=LINE('',#8412,#1696);
#1207=LINE('',#8415,#1697);
#1208=LINE('',#8417,#1698);
#1209=LINE('',#8418,#1699);
#1210=LINE('',#8420,#1700);
#1211=LINE('',#8421,#1701);
#1212=LINE('',#8425,#1702);
#1213=LINE('',#8428,#1703);
#1214=LINE('',#8430,#1704);
#1215=LINE('',#8431,#1705);
#1216=LINE('',#8435,#1706);
#1217=LINE('',#8439,#1707);
#1218=LINE('',#8441,#1708);
#1219=LINE('',#8443,#1709);
#1220=LINE('',#8444,#1710);
#1221=LINE('',#8447,#1711);
#1222=LINE('',#8449,#1712);
#1223=LINE('',#8450,#1713);
#1224=LINE('',#8452,#1714);
#1225=LINE('',#8453,#1715);
#1226=LINE('',#8457,#1716);
#1227=LINE('',#8461,#1717);
#1228=LINE('',#8463,#1718);
#1229=LINE('',#8465,#1719);
#1230=LINE('',#8466,#1720);
#1231=LINE('',#8469,#1721);
#1232=LINE('',#8471,#1722);
#1233=LINE('',#8472,#1723);
#1234=LINE('',#8475,#1724);
#1235=LINE('',#8477,#1725);
#1236=LINE('',#8478,#1726);
#1237=LINE('',#8481,#1727);
#1238=LINE('',#8483,#1728);
#1239=LINE('',#8484,#1729);
#1240=LINE('',#8487,#1730);
#1241=LINE('',#8488,#1731);
#1242=LINE('',#8490,#1732);
#1243=LINE('',#8492,#1733);
#1244=LINE('',#8495,#1734);
#1245=LINE('',#8497,#1735);
#1246=LINE('',#8498,#1736);
#1247=LINE('',#8501,#1737);
#1248=LINE('',#8502,#1738);
#1249=LINE('',#8504,#1739);
#1250=LINE('',#8506,#1740);
#1251=LINE('',#8508,#1741);
#1252=LINE('',#8513,#1742);
#1253=LINE('',#8515,#1743);
#1254=LINE('',#8522,#1744);
#1255=LINE('',#8525,#1745);
#1256=LINE('',#8527,#1746);
#1257=LINE('',#8528,#1747);
#1258=LINE('',#8530,#1748);
#1259=LINE('',#8534,#1749);
#1260=LINE('',#8538,#1750);
#1261=LINE('',#8542,#1751);
#1262=LINE('',#8548,#1752);
#1263=LINE('',#8549,#1753);
#1264=LINE('',#8552,#1754);
#1265=LINE('',#8553,#1755);
#1266=LINE('',#8557,#1756);
#1267=LINE('',#8559,#1757);
#1268=LINE('',#8561,#1758);
#1269=LINE('',#8564,#1759);
#1270=LINE('',#8566,#1760);
#1271=LINE('',#8567,#1761);
#1272=LINE('',#8570,#1762);
#1273=LINE('',#8571,#1763);
#1274=LINE('',#8574,#1764);
#1275=LINE('',#8575,#1765);
#1276=LINE('',#8577,#1766);
#1277=LINE('',#8581,#1767);
#1278=LINE('',#8583,#1768);
#1279=LINE('',#8585,#1769);
#1280=LINE('',#8586,#1770);
#1281=LINE('',#8589,#1771);
#1282=LINE('',#8591,#1772);
#1283=LINE('',#8592,#1773);
#1284=LINE('',#8595,#1774);
#1285=LINE('',#8597,#1775);
#1286=LINE('',#8598,#1776);
#1287=LINE('',#8601,#1777);
#1288=LINE('',#8603,#1778);
#1289=LINE('',#8604,#1779);
#1290=LINE('',#8607,#1780);
#1291=LINE('',#8609,#1781);
#1292=LINE('',#8610,#1782);
#1293=LINE('',#8612,#1783);
#1294=LINE('',#8613,#1784);
#1295=LINE('',#8616,#1785);
#1296=LINE('',#8618,#1786);
#1297=LINE('',#8619,#1787);
#1298=LINE('',#8622,#1788);
#1299=LINE('',#8623,#1789);
#1300=LINE('',#8626,#1790);
#1301=LINE('',#8627,#1791);
#1302=LINE('',#8629,#1792);
#1303=LINE('',#8634,#1793);
#1304=LINE('',#8636,#1794);
#1305=LINE('',#8638,#1795);
#1306=LINE('',#8639,#1796);
#1307=LINE('',#8642,#1797);
#1308=LINE('',#8644,#1798);
#1309=LINE('',#8645,#1799);
#1310=LINE('',#8648,#1800);
#1311=LINE('',#8650,#1801);
#1312=LINE('',#8651,#1802);
#1313=LINE('',#8654,#1803);
#1314=LINE('',#8656,#1804);
#1315=LINE('',#8657,#1805);
#1316=LINE('',#8660,#1806);
#1317=LINE('',#8662,#1807);
#1318=LINE('',#8663,#1808);
#1319=LINE('',#8665,#1809);
#1320=LINE('',#8666,#1810);
#1321=LINE('',#8669,#1811);
#1322=LINE('',#8671,#1812);
#1323=LINE('',#8672,#1813);
#1324=LINE('',#8675,#1814);
#1325=LINE('',#8676,#1815);
#1326=LINE('',#8679,#1816);
#1327=LINE('',#8680,#1817);
#1328=LINE('',#8682,#1818);
#1329=LINE('',#8690,#1819);
#1330=LINE('',#8692,#1820);
#1331=LINE('',#8694,#1821);
#1332=LINE('',#8695,#1822);
#1333=LINE('',#8698,#1823);
#1334=LINE('',#8700,#1824);
#1335=LINE('',#8701,#1825);
#1336=LINE('',#8704,#1826);
#1337=LINE('',#8706,#1827);
#1338=LINE('',#8707,#1828);
#1339=LINE('',#8710,#1829);
#1340=LINE('',#8712,#1830);
#1341=LINE('',#8713,#1831);
#1342=LINE('',#8716,#1832);
#1343=LINE('',#8718,#1833);
#1344=LINE('',#8719,#1834);
#1345=LINE('',#8721,#1835);
#1346=LINE('',#8722,#1836);
#1347=LINE('',#8725,#1837);
#1348=LINE('',#8727,#1838);
#1349=LINE('',#8728,#1839);
#1350=LINE('',#8731,#1840);
#1351=LINE('',#8732,#1841);
#1352=LINE('',#8735,#1842);
#1353=LINE('',#8736,#1843);
#1354=LINE('',#8738,#1844);
#1355=LINE('',#8746,#1845);
#1356=LINE('',#8748,#1846);
#1357=LINE('',#8750,#1847);
#1358=LINE('',#8751,#1848);
#1359=LINE('',#8754,#1849);
#1360=LINE('',#8756,#1850);
#1361=LINE('',#8757,#1851);
#1362=LINE('',#8760,#1852);
#1363=LINE('',#8762,#1853);
#1364=LINE('',#8763,#1854);
#1365=LINE('',#8766,#1855);
#1366=LINE('',#8768,#1856);
#1367=LINE('',#8769,#1857);
#1368=LINE('',#8772,#1858);
#1369=LINE('',#8774,#1859);
#1370=LINE('',#8775,#1860);
#1371=LINE('',#8777,#1861);
#1372=LINE('',#8778,#1862);
#1373=LINE('',#8781,#1863);
#1374=LINE('',#8783,#1864);
#1375=LINE('',#8784,#1865);
#1376=LINE('',#8787,#1866);
#1377=LINE('',#8788,#1867);
#1378=LINE('',#8791,#1868);
#1379=LINE('',#8792,#1869);
#1380=LINE('',#8794,#1870);
#1381=LINE('',#8801,#1871);
#1382=LINE('',#8805,#1872);
#1383=LINE('',#8811,#1873);
#1384=LINE('',#8815,#1874);
#1385=LINE('',#8823,#1875);
#1386=LINE('',#8824,#1876);
#1387=VECTOR('',#5577,10.);
#1388=VECTOR('',#5580,10.);
#1389=VECTOR('',#5585,10.);
#1390=VECTOR('',#5588,10.);
#1391=VECTOR('',#5597,10.);
#1392=VECTOR('',#5600,10.);
#1393=VECTOR('',#5607,10.);
#1394=VECTOR('',#5608,10.);
#1395=VECTOR('',#5609,10.);
#1396=VECTOR('',#5610,10.);
#1397=VECTOR('',#5611,10.);
#1398=VECTOR('',#5614,10.);
#1399=VECTOR('',#5619,10.);
#1400=VECTOR('',#5620,10.);
#1401=VECTOR('',#5623,10.);
#1402=VECTOR('',#5628,10.);
#1403=VECTOR('',#5629,10.);
#1404=VECTOR('',#5630,10.);
#1405=VECTOR('',#5631,10.);
#1406=VECTOR('',#5636,10.);
#1407=VECTOR('',#5639,10.);
#1408=VECTOR('',#5644,10.);
#1409=VECTOR('',#5647,10.);
#1410=VECTOR('',#5656,10.);
#1411=VECTOR('',#5659,10.);
#1412=VECTOR('',#5666,10.);
#1413=VECTOR('',#5667,10.);
#1414=VECTOR('',#5668,10.);
#1415=VECTOR('',#5669,10.);
#1416=VECTOR('',#5670,10.);
#1417=VECTOR('',#5673,10.);
#1418=VECTOR('',#5678,10.);
#1419=VECTOR('',#5679,10.);
#1420=VECTOR('',#5682,10.);
#1421=VECTOR('',#5687,10.);
#1422=VECTOR('',#5688,10.);
#1423=VECTOR('',#5689,10.);
#1424=VECTOR('',#5690,10.);
#1425=VECTOR('',#5695,10.);
#1426=VECTOR('',#5698,10.);
#1427=VECTOR('',#5703,10.);
#1428=VECTOR('',#5706,10.);
#1429=VECTOR('',#5711,10.);
#1430=VECTOR('',#5714,10.);
#1431=VECTOR('',#5725,10.);
#1432=VECTOR('',#5726,10.);
#1433=VECTOR('',#5727,10.);
#1434=VECTOR('',#5728,10.);
#1435=VECTOR('',#5729,10.);
#1436=VECTOR('',#5732,10.);
#1437=VECTOR('',#5737,10.);
#1438=VECTOR('',#5738,10.);
#1439=VECTOR('',#5741,10.);
#1440=VECTOR('',#5746,10.);
#1441=VECTOR('',#5747,10.);
#1442=VECTOR('',#5748,10.);
#1443=VECTOR('',#5749,10.);
#1444=VECTOR('',#5754,10.);
#1445=VECTOR('',#5757,10.);
#1446=VECTOR('',#5762,10.);
#1447=VECTOR('',#5765,10.);
#1448=VECTOR('',#5770,10.);
#1449=VECTOR('',#5773,10.);
#1450=VECTOR('',#5784,10.);
#1451=VECTOR('',#5785,10.);
#1452=VECTOR('',#5786,10.);
#1453=VECTOR('',#5787,10.);
#1454=VECTOR('',#5788,10.);
#1455=VECTOR('',#5791,10.);
#1456=VECTOR('',#5796,10.);
#1457=VECTOR('',#5797,10.);
#1458=VECTOR('',#5800,10.);
#1459=VECTOR('',#5805,10.);
#1460=VECTOR('',#5806,10.);
#1461=VECTOR('',#5807,10.);
#1462=VECTOR('',#5808,10.);
#1463=VECTOR('',#5823,10.);
#1464=VECTOR('',#5832,10.);
#1465=VECTOR('',#5837,10.);
#1466=VECTOR('',#5846,10.);
#1467=VECTOR('',#5849,10.);
#1468=VECTOR('',#5864,10.);
#1469=VECTOR('',#5873,10.);
#1470=VECTOR('',#5878,10.);
#1471=VECTOR('',#5887,10.);
#1472=VECTOR('',#5890,10.);
#1473=VECTOR('',#5905,10.);
#1474=VECTOR('',#5910,10.);
#1475=VECTOR('',#5919,10.);
#1476=VECTOR('',#5926,10.);
#1477=VECTOR('',#5931,10.);
#1478=VECTOR('',#5946,10.);
#1479=VECTOR('',#5951,10.);
#1480=VECTOR('',#5960,10.);
#1481=VECTOR('',#5967,10.);
#1482=VECTOR('',#5972,10.);
#1483=VECTOR('',#5977,10.);
#1484=VECTOR('',#5982,10.);
#1485=VECTOR('',#5985,10.);
#1486=VECTOR('',#5990,10.);
#1487=VECTOR('',#5995,10.);
#1488=VECTOR('',#5996,10.);
#1489=VECTOR('',#6001,10.);
#1490=VECTOR('',#6002,10.);
#1491=VECTOR('',#6007,10.);
#1492=VECTOR('',#6010,10.);
#1493=VECTOR('',#6013,10.);
#1494=VECTOR('',#6016,10.);
#1495=VECTOR('',#6019,10.);
#1496=VECTOR('',#6020,10.);
#1497=VECTOR('',#6021,10.);
#1498=VECTOR('',#6022,10.);
#1499=VECTOR('',#6023,10.);
#1500=VECTOR('',#6024,10.);
#1501=VECTOR('',#6029,10.);
#1502=VECTOR('',#6032,10.);
#1503=VECTOR('',#6037,10.);
#1504=VECTOR('',#6040,10.);
#1505=VECTOR('',#6049,10.);
#1506=VECTOR('',#6052,10.);
#1507=VECTOR('',#6059,10.);
#1508=VECTOR('',#6062,10.);
#1509=VECTOR('',#6065,10.);
#1510=VECTOR('',#6066,10.);
#1511=VECTOR('',#6071,10.);
#1512=VECTOR('',#6074,10.);
#1513=VECTOR('',#6075,10.);
#1514=VECTOR('',#6076,10.);
#1515=VECTOR('',#6083,10.);
#1516=VECTOR('',#6090,10.);
#1517=VECTOR('',#6095,10.);
#1518=VECTOR('',#6098,10.);
#1519=VECTOR('',#6099,10.);
#1520=VECTOR('',#6102,10.);
#1521=VECTOR('',#6105,10.);
#1522=VECTOR('',#6108,10.);
#1523=VECTOR('',#6111,10.);
#1524=VECTOR('',#6118,10.);
#1525=VECTOR('',#6123,10.);
#1526=VECTOR('',#6126,10.);
#1527=VECTOR('',#6129,10.);
#1528=VECTOR('',#6132,10.);
#1529=VECTOR('',#6145,10.);
#1530=VECTOR('',#6148,10.);
#1531=VECTOR('',#6161,10.);
#1532=VECTOR('',#6162,10.);
#1533=VECTOR('',#6165,10.);
#1534=VECTOR('',#6166,10.);
#1535=VECTOR('',#6169,10.);
#1536=VECTOR('',#6172,10.);
#1537=VECTOR('',#6175,10.);
#1538=VECTOR('',#6178,10.);
#1539=VECTOR('',#6181,10.);
#1540=VECTOR('',#6182,10.);
#1541=VECTOR('',#6187,10.);
#1542=VECTOR('',#6192,10.);
#1543=VECTOR('',#6197,10.);
#1544=VECTOR('',#6198,10.);
#1545=VECTOR('',#6201,10.);
#1546=VECTOR('',#6202,10.);
#1547=VECTOR('',#6203,10.);
#1548=VECTOR('',#6206,10.);
#1549=VECTOR('',#6211,10.);
#1550=VECTOR('',#6214,10.);
#1551=VECTOR('',#6219,10.);
#1552=VECTOR('',#6222,10.);
#1553=VECTOR('',#6231,10.);
#1554=VECTOR('',#6234,10.);
#1555=VECTOR('',#6241,10.);
#1556=VECTOR('',#6244,10.);
#1557=VECTOR('',#6247,10.);
#1558=VECTOR('',#6248,10.);
#1559=VECTOR('',#6251,10.);
#1560=VECTOR('',#6256,10.);
#1561=VECTOR('',#6257,10.);
#1562=VECTOR('',#6258,10.);
#1563=VECTOR('',#6263,10.);
#1564=VECTOR('',#6272,10.);
#1565=VECTOR('',#6275,10.);
#1566=VECTOR('',#6280,10.);
#1567=VECTOR('',#6283,10.);
#1568=VECTOR('',#6286,10.);
#1569=VECTOR('',#6289,10.);
#1570=VECTOR('',#6292,10.);
#1571=VECTOR('',#6293,10.);
#1572=VECTOR('',#6298,10.);
#1573=VECTOR('',#6305,10.);
#1574=VECTOR('',#6306,10.);
#1575=VECTOR('',#6311,10.);
#1576=VECTOR('',#6312,10.);
#1577=VECTOR('',#6327,10.);
#1578=VECTOR('',#6328,10.);
#1579=VECTOR('',#6343,10.);
#1580=VECTOR('',#6344,10.);
#1581=VECTOR('',#6347,10.);
#1582=VECTOR('',#6348,10.);
#1583=VECTOR('',#6351,10.);
#1584=VECTOR('',#6352,10.);
#1585=VECTOR('',#6357,10.);
#1586=VECTOR('',#6360,10.);
#1587=VECTOR('',#6363,10.);
#1588=VECTOR('',#6364,10.);
#1589=VECTOR('',#6369,10.);
#1590=VECTOR('',#6374,10.);
#1591=VECTOR('',#6379,10.);
#1592=VECTOR('',#6382,10.);
#1593=VECTOR('',#6383,10.);
#1594=VECTOR('',#6386,10.);
#1595=VECTOR('',#6387,10.);
#1596=VECTOR('',#6388,10.);
#1597=VECTOR('',#6391,10.);
#1598=VECTOR('',#6392,10.);
#1599=VECTOR('',#6393,10.);
#1600=VECTOR('',#6398,10.);
#1601=VECTOR('',#6401,10.);
#1602=VECTOR('',#6404,10.);
#1603=VECTOR('',#6405,10.);
#1604=VECTOR('',#6406,10.);
#1605=VECTOR('',#6413,10.);
#1606=VECTOR('',#6420,10.);
#1607=VECTOR('',#6423,10.);
#1608=VECTOR('',#6424,10.);
#1609=VECTOR('',#6425,10.);
#1610=VECTOR('',#6426,10.);
#1611=VECTOR('',#6427,10.);
#1612=VECTOR('',#6430,10.);
#1613=VECTOR('',#6433,10.);
#1614=VECTOR('',#6436,10.);
#1615=VECTOR('',#6439,10.);
#1616=VECTOR('',#6442,10.);
#1617=VECTOR('',#6445,10.);
#1618=VECTOR('',#6448,10.);
#1619=VECTOR('',#6451,10.);
#1620=VECTOR('',#6454,10.);
#1621=VECTOR('',#6457,10.);
#1622=VECTOR('',#6458,10.);
#1623=VECTOR('',#6459,10.);
#1624=VECTOR('',#6460,10.);
#1625=VECTOR('',#6473,10.);
#1626=VECTOR('',#6474,10.);
#1627=VECTOR('',#6475,10.);
#1628=VECTOR('',#6476,10.);
#1629=VECTOR('',#6477,10.);
#1630=VECTOR('',#6478,10.);
#1631=VECTOR('',#6483,10.);
#1632=VECTOR('',#6486,10.);
#1633=VECTOR('',#6487,10.);
#1634=VECTOR('',#6492,10.);
#1635=VECTOR('',#6495,10.);
#1636=VECTOR('',#6496,10.);
#1637=VECTOR('',#6497,10.);
#1638=VECTOR('',#6498,10.);
#1639=VECTOR('',#6499,10.);
#1640=VECTOR('',#6500,10.);
#1641=VECTOR('',#6505,10.);
#1642=VECTOR('',#6508,10.);
#1643=VECTOR('',#6509,10.);
#1644=VECTOR('',#6514,10.);
#1645=VECTOR('',#6517,10.);
#1646=VECTOR('',#6518,10.);
#1647=VECTOR('',#6523,10.);
#1648=VECTOR('',#6524,10.);
#1649=VECTOR('',#6527,10.);
#1650=VECTOR('',#6530,10.);
#1651=VECTOR('',#6533,10.);
#1652=VECTOR('',#6536,10.);
#1653=VECTOR('',#6537,10.);
#1654=VECTOR('',#6540,10.);
#1655=VECTOR('',#6543,10.);
#1656=VECTOR('',#6544,10.);
#1657=VECTOR('',#6545,10.);
#1658=VECTOR('',#6546,10.);
#1659=VECTOR('',#6547,10.);
#1660=VECTOR('',#6548,10.);
#1661=VECTOR('',#6549,10.);
#1662=VECTOR('',#6550,10.);
#1663=VECTOR('',#6551,10.);
#1664=VECTOR('',#6552,10.);
#1665=VECTOR('',#6553,10.);
#1666=VECTOR('',#6554,10.);
#1667=VECTOR('',#6555,10.);
#1668=VECTOR('',#6556,10.);
#1669=VECTOR('',#6557,10.);
#1670=VECTOR('',#6558,10.);
#1671=VECTOR('',#6559,10.);
#1672=VECTOR('',#6560,10.);
#1673=VECTOR('',#6561,10.);
#1674=VECTOR('',#6562,10.);
#1675=VECTOR('',#6565,10.);
#1676=VECTOR('',#6566,10.);
#1677=VECTOR('',#6567,10.);
#1678=VECTOR('',#6568,10.);
#1679=VECTOR('',#6569,10.);
#1680=VECTOR('',#6572,10.);
#1681=VECTOR('',#6575,10.);
#1682=VECTOR('',#6580,10.);
#1683=VECTOR('',#6581,10.);
#1684=VECTOR('',#6584,10.);
#1685=VECTOR('',#6587,10.);
#1686=VECTOR('',#6590,10.);
#1687=VECTOR('',#6591,10.);
#1688=VECTOR('',#6598,2.1);
#1689=VECTOR('',#6607,2.1);
#1690=VECTOR('',#6616,2.1);
#1691=VECTOR('',#6625,2.1);
#1692=VECTOR('',#6634,2.1);
#1693=VECTOR('',#6637,10.);
#1694=VECTOR('',#6638,10.);
#1695=VECTOR('',#6639,10.);
#1696=VECTOR('',#6640,10.);
#1697=VECTOR('',#6643,10.);
#1698=VECTOR('',#6644,10.);
#1699=VECTOR('',#6645,10.);
#1700=VECTOR('',#6648,10.);
#1701=VECTOR('',#6649,10.);
#1702=VECTOR('',#6654,2.1);
#1703=VECTOR('',#6657,10.);
#1704=VECTOR('',#6658,10.);
#1705=VECTOR('',#6659,10.);
#1706=VECTOR('',#6664,2.1);
#1707=VECTOR('',#6667,10.);
#1708=VECTOR('',#6668,10.);
#1709=VECTOR('',#6669,10.);
#1710=VECTOR('',#6670,10.);
#1711=VECTOR('',#6673,10.);
#1712=VECTOR('',#6674,10.);
#1713=VECTOR('',#6675,10.);
#1714=VECTOR('',#6678,10.);
#1715=VECTOR('',#6679,10.);
#1716=VECTOR('',#6684,2.1);
#1717=VECTOR('',#6687,10.);
#1718=VECTOR('',#6688,10.);
#1719=VECTOR('',#6689,10.);
#1720=VECTOR('',#6690,10.);
#1721=VECTOR('',#6693,10.);
#1722=VECTOR('',#6694,10.);
#1723=VECTOR('',#6695,10.);
#1724=VECTOR('',#6698,10.);
#1725=VECTOR('',#6699,10.);
#1726=VECTOR('',#6700,10.);
#1727=VECTOR('',#6703,10.);
#1728=VECTOR('',#6704,10.);
#1729=VECTOR('',#6705,10.);
#1730=VECTOR('',#6708,10.);
#1731=VECTOR('',#6709,10.);
#1732=VECTOR('',#6712,10.);
#1733=VECTOR('',#6715,10.);
#1734=VECTOR('',#6718,10.);
#1735=VECTOR('',#6719,10.);
#1736=VECTOR('',#6720,10.);
#1737=VECTOR('',#6723,10.);
#1738=VECTOR('',#6724,10.);
#1739=VECTOR('',#6727,10.);
#1740=VECTOR('',#6730,10.);
#1741=VECTOR('',#6733,10.);
#1742=VECTOR('',#6742,10.);
#1743=VECTOR('',#6745,10.);
#1744=VECTOR('',#6754,10.);
#1745=VECTOR('',#6757,10.);
#1746=VECTOR('',#6758,10.);
#1747=VECTOR('',#6759,10.);
#1748=VECTOR('',#6760,10.);
#1749=VECTOR('',#6763,10.);
#1750=VECTOR('',#6766,10.);
#1751=VECTOR('',#6771,10.);
#1752=VECTOR('',#6778,10.);
#1753=VECTOR('',#6779,10.);
#1754=VECTOR('',#6782,10.);
#1755=VECTOR('',#6783,10.);
#1756=VECTOR('',#6788,10.);
#1757=VECTOR('',#6791,10.);
#1758=VECTOR('',#6794,10.);
#1759=VECTOR('',#6797,10.);
#1760=VECTOR('',#6798,10.);
#1761=VECTOR('',#6799,10.);
#1762=VECTOR('',#6802,10.);
#1763=VECTOR('',#6803,10.);
#1764=VECTOR('',#6806,10.);
#1765=VECTOR('',#6807,10.);
#1766=VECTOR('',#6810,10.);
#1767=VECTOR('',#6813,10.);
#1768=VECTOR('',#6814,10.);
#1769=VECTOR('',#6815,10.);
#1770=VECTOR('',#6816,10.);
#1771=VECTOR('',#6819,10.);
#1772=VECTOR('',#6820,10.);
#1773=VECTOR('',#6821,10.);
#1774=VECTOR('',#6824,10.);
#1775=VECTOR('',#6825,10.);
#1776=VECTOR('',#6826,10.);
#1777=VECTOR('',#6829,10.);
#1778=VECTOR('',#6830,10.);
#1779=VECTOR('',#6831,10.);
#1780=VECTOR('',#6834,10.);
#1781=VECTOR('',#6835,10.);
#1782=VECTOR('',#6836,10.);
#1783=VECTOR('',#6839,10.);
#1784=VECTOR('',#6840,10.);
#1785=VECTOR('',#6843,10.);
#1786=VECTOR('',#6844,10.);
#1787=VECTOR('',#6845,10.);
#1788=VECTOR('',#6848,10.);
#1789=VECTOR('',#6849,10.);
#1790=VECTOR('',#6852,10.);
#1791=VECTOR('',#6853,10.);
#1792=VECTOR('',#6856,10.);
#1793=VECTOR('',#6861,10.);
#1794=VECTOR('',#6862,10.);
#1795=VECTOR('',#6863,10.);
#1796=VECTOR('',#6864,10.);
#1797=VECTOR('',#6867,10.);
#1798=VECTOR('',#6868,10.);
#1799=VECTOR('',#6869,10.);
#1800=VECTOR('',#6872,10.);
#1801=VECTOR('',#6873,10.);
#1802=VECTOR('',#6874,10.);
#1803=VECTOR('',#6877,10.);
#1804=VECTOR('',#6878,10.);
#1805=VECTOR('',#6879,10.);
#1806=VECTOR('',#6882,10.);
#1807=VECTOR('',#6883,10.);
#1808=VECTOR('',#6884,10.);
#1809=VECTOR('',#6887,10.);
#1810=VECTOR('',#6888,10.);
#1811=VECTOR('',#6891,10.);
#1812=VECTOR('',#6892,10.);
#1813=VECTOR('',#6893,10.);
#1814=VECTOR('',#6896,10.);
#1815=VECTOR('',#6897,10.);
#1816=VECTOR('',#6900,10.);
#1817=VECTOR('',#6901,10.);
#1818=VECTOR('',#6904,10.);
#1819=VECTOR('',#6913,10.);
#1820=VECTOR('',#6914,10.);
#1821=VECTOR('',#6915,10.);
#1822=VECTOR('',#6916,10.);
#1823=VECTOR('',#6919,10.);
#1824=VECTOR('',#6920,10.);
#1825=VECTOR('',#6921,10.);
#1826=VECTOR('',#6924,10.);
#1827=VECTOR('',#6925,10.);
#1828=VECTOR('',#6926,10.);
#1829=VECTOR('',#6929,10.);
#1830=VECTOR('',#6930,10.);
#1831=VECTOR('',#6931,10.);
#1832=VECTOR('',#6934,10.);
#1833=VECTOR('',#6935,10.);
#1834=VECTOR('',#6936,10.);
#1835=VECTOR('',#6939,10.);
#1836=VECTOR('',#6940,10.);
#1837=VECTOR('',#6943,10.);
#1838=VECTOR('',#6944,10.);
#1839=VECTOR('',#6945,10.);
#1840=VECTOR('',#6948,10.);
#1841=VECTOR('',#6949,10.);
#1842=VECTOR('',#6952,10.);
#1843=VECTOR('',#6953,10.);
#1844=VECTOR('',#6956,10.);
#1845=VECTOR('',#6965,10.);
#1846=VECTOR('',#6966,10.);
#1847=VECTOR('',#6967,10.);
#1848=VECTOR('',#6968,10.);
#1849=VECTOR('',#6971,10.);
#1850=VECTOR('',#6972,10.);
#1851=VECTOR('',#6973,10.);
#1852=VECTOR('',#6976,10.);
#1853=VECTOR('',#6977,10.);
#1854=VECTOR('',#6978,10.);
#1855=VECTOR('',#6981,10.);
#1856=VECTOR('',#6982,10.);
#1857=VECTOR('',#6983,10.);
#1858=VECTOR('',#6986,10.);
#1859=VECTOR('',#6987,10.);
#1860=VECTOR('',#6988,10.);
#1861=VECTOR('',#6991,10.);
#1862=VECTOR('',#6992,10.);
#1863=VECTOR('',#6995,10.);
#1864=VECTOR('',#6996,10.);
#1865=VECTOR('',#6997,10.);
#1866=VECTOR('',#7000,10.);
#1867=VECTOR('',#7001,10.);
#1868=VECTOR('',#7004,10.);
#1869=VECTOR('',#7005,10.);
#1870=VECTOR('',#7008,10.);
#1871=VECTOR('',#7017,2.1);
#1872=VECTOR('',#7022,2.1);
#1873=VECTOR('',#7029,2.1);
#1874=VECTOR('',#7034,2.1);
#1875=VECTOR('',#7047,10.);
#1876=VECTOR('',#7048,10.);
#1877=CIRCLE('',#5072,1.);
#1878=CIRCLE('',#5073,0.999999999999996);
#1879=CIRCLE('',#5075,0.999999999999996);
#1880=CIRCLE('',#5076,0.999999999999996);
#1881=CIRCLE('',#5078,0.999999999999998);
#1882=CIRCLE('',#5080,1.);
#1883=CIRCLE('',#5081,0.999999999999996);
#1884=CIRCLE('',#5083,0.999999999999998);
#1885=CIRCLE('',#5086,0.999999999999996);
#1886=CIRCLE('',#5089,0.999999999999996);
#1887=CIRCLE('',#5092,1.);
#1888=CIRCLE('',#5093,0.999999999999996);
#1889=CIRCLE('',#5095,0.999999999999996);
#1890=CIRCLE('',#5096,0.999999999999996);
#1891=CIRCLE('',#5098,1.);
#1892=CIRCLE('',#5100,1.);
#1893=CIRCLE('',#5101,1.);
#1894=CIRCLE('',#5103,1.);
#1895=CIRCLE('',#5106,0.999999999999996);
#1896=CIRCLE('',#5109,1.);
#1897=CIRCLE('',#5112,1.);
#1898=CIRCLE('',#5113,0.999999999999996);
#1899=CIRCLE('',#5115,0.999999999999996);
#1900=CIRCLE('',#5116,1.);
#1901=CIRCLE('',#5118,1.);
#1902=CIRCLE('',#5119,1.);
#1903=CIRCLE('',#5121,1.);
#1904=CIRCLE('',#5123,0.999999999999998);
#1905=CIRCLE('',#5126,0.999999999999996);
#1906=CIRCLE('',#5129,1.);
#1907=CIRCLE('',#5132,1.);
#1908=CIRCLE('',#5133,0.999999999999996);
#1909=CIRCLE('',#5135,0.999999999999996);
#1910=CIRCLE('',#5136,1.);
#1911=CIRCLE('',#5138,1.);
#1912=CIRCLE('',#5139,1.);
#1913=CIRCLE('',#5141,1.);
#1914=CIRCLE('',#5143,1.);
#1915=CIRCLE('',#5146,0.999999999999996);
#1916=CIRCLE('',#5149,1.);
#1917=CIRCLE('',#5152,0.999999999999996);
#1918=CIRCLE('',#5153,1.);
#1919=CIRCLE('',#5155,0.999999999999994);
#1920=CIRCLE('',#5156,1.00000000000001);
#1921=CIRCLE('',#5158,0.999999999999996);
#1922=CIRCLE('',#5163,0.999999999999994);
#1923=CIRCLE('',#5167,2.);
#1924=CIRCLE('',#5170,0.999999999999996);
#1925=CIRCLE('',#5171,0.999999999999996);
#1926=CIRCLE('',#5173,0.999999999999994);
#1927=CIRCLE('',#5174,1.00000000000001);
#1928=CIRCLE('',#5176,0.999999999999996);
#1929=CIRCLE('',#5181,0.999999999999994);
#1930=CIRCLE('',#5185,2.);
#1931=CIRCLE('',#5188,1.);
#1932=CIRCLE('',#5189,1.);
#1933=CIRCLE('',#5191,0.999999999999996);
#1934=CIRCLE('',#5192,0.999999999999996);
#1935=CIRCLE('',#5195,1.);
#1936=CIRCLE('',#5199,1.);
#1937=CIRCLE('',#5203,2.);
#1938=CIRCLE('',#5206,1.);
#1939=CIRCLE('',#5207,1.);
#1940=CIRCLE('',#5209,0.999999999999996);
#1941=CIRCLE('',#5210,1.);
#1942=CIRCLE('',#5213,1.);
#1943=CIRCLE('',#5217,1.);
#1944=CIRCLE('',#5221,2.);
#1945=CIRCLE('',#5224,2.);
#1946=CIRCLE('',#5226,2.);
#1947=CIRCLE('',#5228,2.);
#1948=CIRCLE('',#5230,2.);
#1949=CIRCLE('',#5241,1.);
#1950=CIRCLE('',#5242,0.999999999999996);
#1951=CIRCLE('',#5244,0.999999999999996);
#1952=CIRCLE('',#5245,0.999999999999996);
#1953=CIRCLE('',#5247,1.);
#1954=CIRCLE('',#5249,1.);
#1955=CIRCLE('',#5250,1.00000000000001);
#1956=CIRCLE('',#5252,1.);
#1957=CIRCLE('',#5254,0.999999999999996);
#1958=CIRCLE('',#5257,1.00000000000001);
#1959=CIRCLE('',#5261,1.00000000000001);
#1960=CIRCLE('',#5263,0.999999999999995);
#1961=CIRCLE('',#5266,0.999999999999995);
#1962=CIRCLE('',#5274,1.);
#1963=CIRCLE('',#5281,3.);
#1964=CIRCLE('',#5282,2.);
#1965=CIRCLE('',#5283,1.);
#1966=CIRCLE('',#5284,1.99999999999999);
#1967=CIRCLE('',#5286,2.);
#1968=CIRCLE('',#5288,2.);
#1969=CIRCLE('',#5289,2.99999999999999);
#1970=CIRCLE('',#5290,2.);
#1971=CIRCLE('',#5291,0.999999999999996);
#1972=CIRCLE('',#5295,2.);
#1973=CIRCLE('',#5308,1.);
#1974=CIRCLE('',#5309,0.999999999999996);
#1975=CIRCLE('',#5311,0.999999999999996);
#1976=CIRCLE('',#5312,0.999999999999996);
#1977=CIRCLE('',#5314,1.);
#1978=CIRCLE('',#5316,1.);
#1979=CIRCLE('',#5317,1.00000000000001);
#1980=CIRCLE('',#5319,1.);
#1981=CIRCLE('',#5321,0.999999999999996);
#1982=CIRCLE('',#5324,1.00000000000001);
#1983=CIRCLE('',#5328,1.00000000000001);
#1984=CIRCLE('',#5330,0.999999999999995);
#1985=CIRCLE('',#5333,0.999999999999995);
#1986=CIRCLE('',#5341,1.);
#1987=CIRCLE('',#5348,3.);
#1988=CIRCLE('',#5349,1.99999999999999);
#1989=CIRCLE('',#5350,1.);
#1990=CIRCLE('',#5351,2.);
#1991=CIRCLE('',#5353,2.);
#1992=CIRCLE('',#5355,2.);
#1993=CIRCLE('',#5356,0.999999999999996);
#1994=CIRCLE('',#5357,2.);
#1995=CIRCLE('',#5358,2.99999999999999);
#1996=CIRCLE('',#5362,2.);
#1997=CIRCLE('',#5376,1.);
#1998=CIRCLE('',#5377,1.);
#1999=CIRCLE('',#5380,1.);
#2000=CIRCLE('',#5381,1.);
#2001=CIRCLE('',#5383,8.);
#2002=CIRCLE('',#5384,8.);
#2003=CIRCLE('',#5385,8.);
#2004=CIRCLE('',#5386,1.);
#2005=CIRCLE('',#5387,1.);
#2006=CIRCLE('',#5388,1.);
#2007=CIRCLE('',#5389,1.);
#2008=CIRCLE('',#5390,1.);
#2009=CIRCLE('',#5391,1.);
#2010=CIRCLE('',#5392,1.);
#2011=CIRCLE('',#5393,1.);
#2012=CIRCLE('',#5394,1.);
#2013=CIRCLE('',#5395,1.);
#2014=CIRCLE('',#5396,8.);
#2015=CIRCLE('',#5397,2.1);
#2016=CIRCLE('',#5398,2.1);
#2017=CIRCLE('',#5399,2.1);
#2018=CIRCLE('',#5400,2.1);
#2019=CIRCLE('',#5403,1.);
#2020=CIRCLE('',#5406,1.);
#2021=CIRCLE('',#5409,1.);
#2022=CIRCLE('',#5412,1.);
#2023=CIRCLE('',#5415,1.);
#2024=CIRCLE('',#5417,1.);
#2025=CIRCLE('',#5418,1.);
#2026=CIRCLE('',#5419,1.);
#2027=CIRCLE('',#5420,1.);
#2028=CIRCLE('',#5421,1.);
#2029=CIRCLE('',#5432,2.1);
#2030=CIRCLE('',#5433,2.1);
#2031=CIRCLE('',#5436,2.1);
#2032=CIRCLE('',#5437,2.1);
#2033=CIRCLE('',#5440,2.1);
#2034=CIRCLE('',#5441,2.1);
#2035=CIRCLE('',#5444,2.1);
#2036=CIRCLE('',#5445,2.1);
#2037=CIRCLE('',#5448,2.1);
#2038=CIRCLE('',#5453,2.1);
#2039=CIRCLE('',#5456,2.1);
#2040=CIRCLE('',#5461,2.1);
#2041=CIRCLE('',#5481,2.);
#2042=CIRCLE('',#5482,2.);
#2043=CIRCLE('',#5484,2.);
#2044=CIRCLE('',#5485,2.);
#2045=CIRCLE('',#5486,2.);
#2046=CIRCLE('',#5488,2.);
#2047=CIRCLE('',#5490,2.);
#2048=CIRCLE('',#5493,2.);
#2049=CIRCLE('',#5523,2.1);
#2050=CIRCLE('',#5536,2.1);
#2051=CIRCLE('',#5549,2.1);
#2052=CIRCLE('',#5551,2.1);
#2053=CIRCLE('',#5553,2.1);
#2054=CIRCLE('',#5555,2.1);
#2055=CIRCLE('',#5556,2.1);
#2056=CIRCLE('',#5558,2.1);
#2057=CIRCLE('',#5562,8.);
#2058=CIRCLE('',#5565,8.);
#2059=CIRCLE('',#5566,8.);
#2060=CIRCLE('',#5567,8.);
#2061=VERTEX_POINT('',#7065);
#2062=VERTEX_POINT('',#7066);
#2063=VERTEX_POINT('',#7068);
#2064=VERTEX_POINT('',#7070);
#2065=VERTEX_POINT('',#7074);
#2066=VERTEX_POINT('',#7076);
#2067=VERTEX_POINT('',#7078);
#2068=VERTEX_POINT('',#7084);
#2069=VERTEX_POINT('',#7085);
#2070=VERTEX_POINT('',#7087);
#2071=VERTEX_POINT('',#7094);
#2072=VERTEX_POINT('',#7096);
#2073=VERTEX_POINT('',#7098);
#2074=VERTEX_POINT('',#7100);
#2075=VERTEX_POINT('',#7104);
#2076=VERTEX_POINT('',#7108);
#2077=VERTEX_POINT('',#7112);
#2078=VERTEX_POINT('',#7116);
#2079=VERTEX_POINT('',#7118);
#2080=VERTEX_POINT('',#7120);
#2081=VERTEX_POINT('',#7124);
#2082=VERTEX_POINT('',#7125);
#2083=VERTEX_POINT('',#7127);
#2084=VERTEX_POINT('',#7129);
#2085=VERTEX_POINT('',#7133);
#2086=VERTEX_POINT('',#7135);
#2087=VERTEX_POINT('',#7137);
#2088=VERTEX_POINT('',#7143);
#2089=VERTEX_POINT('',#7144);
#2090=VERTEX_POINT('',#7146);
#2091=VERTEX_POINT('',#7153);
#2092=VERTEX_POINT('',#7155);
#2093=VERTEX_POINT('',#7157);
#2094=VERTEX_POINT('',#7159);
#2095=VERTEX_POINT('',#7163);
#2096=VERTEX_POINT('',#7167);
#2097=VERTEX_POINT('',#7171);
#2098=VERTEX_POINT('',#7175);
#2099=VERTEX_POINT('',#7177);
#2100=VERTEX_POINT('',#7179);
#2101=VERTEX_POINT('',#7183);
#2102=VERTEX_POINT('',#7184);
#2103=VERTEX_POINT('',#7186);
#2104=VERTEX_POINT('',#7188);
#2105=VERTEX_POINT('',#7192);
#2106=VERTEX_POINT('',#7193);
#2107=VERTEX_POINT('',#7195);
#2108=VERTEX_POINT('',#7200);
#2109=VERTEX_POINT('',#7201);
#2110=VERTEX_POINT('',#7203);
#2111=VERTEX_POINT('',#7212);
#2112=VERTEX_POINT('',#7214);
#2113=VERTEX_POINT('',#7216);
#2114=VERTEX_POINT('',#7218);
#2115=VERTEX_POINT('',#7222);
#2116=VERTEX_POINT('',#7226);
#2117=VERTEX_POINT('',#7230);
#2118=VERTEX_POINT('',#7234);
#2119=VERTEX_POINT('',#7236);
#2120=VERTEX_POINT('',#7238);
#2121=VERTEX_POINT('',#7242);
#2122=VERTEX_POINT('',#7243);
#2123=VERTEX_POINT('',#7245);
#2124=VERTEX_POINT('',#7247);
#2125=VERTEX_POINT('',#7251);
#2126=VERTEX_POINT('',#7252);
#2127=VERTEX_POINT('',#7254);
#2128=VERTEX_POINT('',#7259);
#2129=VERTEX_POINT('',#7260);
#2130=VERTEX_POINT('',#7262);
#2131=VERTEX_POINT('',#7271);
#2132=VERTEX_POINT('',#7273);
#2133=VERTEX_POINT('',#7275);
#2134=VERTEX_POINT('',#7277);
#2135=VERTEX_POINT('',#7281);
#2136=VERTEX_POINT('',#7285);
#2137=VERTEX_POINT('',#7289);
#2138=VERTEX_POINT('',#7293);
#2139=VERTEX_POINT('',#7295);
#2140=VERTEX_POINT('',#7297);
#2141=VERTEX_POINT('',#7301);
#2142=VERTEX_POINT('',#7305);
#2143=VERTEX_POINT('',#7335);
#2144=VERTEX_POINT('',#7337);
#2145=VERTEX_POINT('',#7339);
#2146=VERTEX_POINT('',#7354);
#2147=VERTEX_POINT('',#7387);
#2148=VERTEX_POINT('',#7388);
#2149=VERTEX_POINT('',#7400);
#2150=VERTEX_POINT('',#7406);
#2151=VERTEX_POINT('',#7410);
#2152=VERTEX_POINT('',#7440);
#2153=VERTEX_POINT('',#7442);
#2154=VERTEX_POINT('',#7444);
#2155=VERTEX_POINT('',#7459);
#2156=VERTEX_POINT('',#7492);
#2157=VERTEX_POINT('',#7493);
#2158=VERTEX_POINT('',#7505);
#2159=VERTEX_POINT('',#7511);
#2160=VERTEX_POINT('',#7515);
#2161=VERTEX_POINT('',#7521);
#2162=VERTEX_POINT('',#7554);
#2163=VERTEX_POINT('',#7555);
#2164=VERTEX_POINT('',#7567);
#2165=VERTEX_POINT('',#7600);
#2166=VERTEX_POINT('',#7601);
#2167=VERTEX_POINT('',#7615);
#2168=VERTEX_POINT('',#7621);
#2169=VERTEX_POINT('',#7625);
#2170=VERTEX_POINT('',#7631);
#2171=VERTEX_POINT('',#7664);
#2172=VERTEX_POINT('',#7665);
#2173=VERTEX_POINT('',#7677);
#2174=VERTEX_POINT('',#7710);
#2175=VERTEX_POINT('',#7711);
#2176=VERTEX_POINT('',#7725);
#2177=VERTEX_POINT('',#7731);
#2178=VERTEX_POINT('',#7735);
#2179=VERTEX_POINT('',#7739);
#2180=VERTEX_POINT('',#7743);
#2181=VERTEX_POINT('',#7763);
#2182=VERTEX_POINT('',#7765);
#2183=VERTEX_POINT('',#7767);
#2184=VERTEX_POINT('',#7769);
#2185=VERTEX_POINT('',#7774);
#2186=VERTEX_POINT('',#7775);
#2187=VERTEX_POINT('',#7777);
#2188=VERTEX_POINT('',#7779);
#2189=VERTEX_POINT('',#7783);
#2190=VERTEX_POINT('',#7784);
#2191=VERTEX_POINT('',#7787);
#2192=VERTEX_POINT('',#7793);
#2193=VERTEX_POINT('',#7794);
#2194=VERTEX_POINT('',#7797);
#2195=VERTEX_POINT('',#7803);
#2196=VERTEX_POINT('',#7805);
#2197=VERTEX_POINT('',#7809);
#2198=VERTEX_POINT('',#7813);
#2199=VERTEX_POINT('',#7817);
#2200=VERTEX_POINT('',#7819);
#2201=VERTEX_POINT('',#7823);
#2202=VERTEX_POINT('',#7825);
#2203=VERTEX_POINT('',#7833);
#2204=VERTEX_POINT('',#7837);
#2205=VERTEX_POINT('',#7839);
#2206=VERTEX_POINT('',#7841);
#2207=VERTEX_POINT('',#7843);
#2208=VERTEX_POINT('',#7845);
#2209=VERTEX_POINT('',#7847);
#2210=VERTEX_POINT('',#7849);
#2211=VERTEX_POINT('',#7851);
#2212=VERTEX_POINT('',#7853);
#2213=VERTEX_POINT('',#7857);
#2214=VERTEX_POINT('',#7863);
#2215=VERTEX_POINT('',#7865);
#2216=VERTEX_POINT('',#7869);
#2217=VERTEX_POINT('',#7871);
#2218=VERTEX_POINT('',#7875);
#2219=VERTEX_POINT('',#7877);
#2220=VERTEX_POINT('',#7879);
#2221=VERTEX_POINT('',#7883);
#2222=VERTEX_POINT('',#7885);
#2223=VERTEX_POINT('',#7887);
#2224=VERTEX_POINT('',#7898);
#2225=VERTEX_POINT('',#7900);
#2226=VERTEX_POINT('',#7902);
#2227=VERTEX_POINT('',#7909);
#2228=VERTEX_POINT('',#7911);
#2229=VERTEX_POINT('',#7923);
#2230=VERTEX_POINT('',#7941);
#2231=VERTEX_POINT('',#7945);
#2232=VERTEX_POINT('',#7947);
#2233=VERTEX_POINT('',#7953);
#2234=VERTEX_POINT('',#7954);
#2235=VERTEX_POINT('',#7956);
#2236=VERTEX_POINT('',#7958);
#2237=VERTEX_POINT('',#7962);
#2238=VERTEX_POINT('',#7963);
#2239=VERTEX_POINT('',#7965);
#2240=VERTEX_POINT('',#7972);
#2241=VERTEX_POINT('',#7973);
#2242=VERTEX_POINT('',#7975);
#2243=VERTEX_POINT('',#7982);
#2244=VERTEX_POINT('',#7984);
#2245=VERTEX_POINT('',#7988);
#2246=VERTEX_POINT('',#7992);
#2247=VERTEX_POINT('',#7996);
#2248=VERTEX_POINT('',#7998);
#2249=VERTEX_POINT('',#8002);
#2250=VERTEX_POINT('',#8004);
#2251=VERTEX_POINT('',#8012);
#2252=VERTEX_POINT('',#8016);
#2253=VERTEX_POINT('',#8018);
#2254=VERTEX_POINT('',#8020);
#2255=VERTEX_POINT('',#8022);
#2256=VERTEX_POINT('',#8024);
#2257=VERTEX_POINT('',#8026);
#2258=VERTEX_POINT('',#8028);
#2259=VERTEX_POINT('',#8030);
#2260=VERTEX_POINT('',#8032);
#2261=VERTEX_POINT('',#8036);
#2262=VERTEX_POINT('',#8042);
#2263=VERTEX_POINT('',#8044);
#2264=VERTEX_POINT('',#8048);
#2265=VERTEX_POINT('',#8050);
#2266=VERTEX_POINT('',#8054);
#2267=VERTEX_POINT('',#8056);
#2268=VERTEX_POINT('',#8058);
#2269=VERTEX_POINT('',#8062);
#2270=VERTEX_POINT('',#8064);
#2271=VERTEX_POINT('',#8066);
#2272=VERTEX_POINT('',#8077);
#2273=VERTEX_POINT('',#8079);
#2274=VERTEX_POINT('',#8081);
#2275=VERTEX_POINT('',#8088);
#2276=VERTEX_POINT('',#8090);
#2277=VERTEX_POINT('',#8102);
#2278=VERTEX_POINT('',#8122);
#2279=VERTEX_POINT('',#8126);
#2280=VERTEX_POINT('',#8128);
#2281=VERTEX_POINT('',#8132);
#2282=VERTEX_POINT('',#8134);
#2283=VERTEX_POINT('',#8138);
#2284=VERTEX_POINT('',#8139);
#2285=VERTEX_POINT('',#8141);
#2286=VERTEX_POINT('',#8143);
#2287=VERTEX_POINT('',#8147);
#2288=VERTEX_POINT('',#8149);
#2289=VERTEX_POINT('',#8153);
#2290=VERTEX_POINT('',#8155);
#2291=VERTEX_POINT('',#8161);
#2292=VERTEX_POINT('',#8163);
#2293=VERTEX_POINT('',#8166);
#2294=VERTEX_POINT('',#8168);
#2295=VERTEX_POINT('',#8171);
#2296=VERTEX_POINT('',#8173);
#2297=VERTEX_POINT('',#8175);
#2298=VERTEX_POINT('',#8177);
#2299=VERTEX_POINT('',#8179);
#2300=VERTEX_POINT('',#8181);
#2301=VERTEX_POINT('',#8183);
#2302=VERTEX_POINT('',#8185);
#2303=VERTEX_POINT('',#8187);
#2304=VERTEX_POINT('',#8189);
#2305=VERTEX_POINT('',#8191);
#2306=VERTEX_POINT('',#8193);
#2307=VERTEX_POINT('',#8195);
#2308=VERTEX_POINT('',#8197);
#2309=VERTEX_POINT('',#8199);
#2310=VERTEX_POINT('',#8201);
#2311=VERTEX_POINT('',#8203);
#2312=VERTEX_POINT('',#8205);
#2313=VERTEX_POINT('',#8207);
#2314=VERTEX_POINT('',#8209);
#2315=VERTEX_POINT('',#8211);
#2316=VERTEX_POINT('',#8213);
#2317=VERTEX_POINT('',#8216);
#2318=VERTEX_POINT('',#8219);
#2319=VERTEX_POINT('',#8221);
#2320=VERTEX_POINT('',#8223);
#2321=VERTEX_POINT('',#8225);
#2322=VERTEX_POINT('',#8228);
#2323=VERTEX_POINT('',#8231);
#2324=VERTEX_POINT('',#8232);
#2325=VERTEX_POINT('',#8234);
#2326=VERTEX_POINT('',#8236);
#2327=VERTEX_POINT('',#8240);
#2328=VERTEX_POINT('',#8244);
#2329=VERTEX_POINT('',#8248);
#2330=VERTEX_POINT('',#8252);
#2331=VERTEX_POINT('',#8255);
#2332=VERTEX_POINT('',#8256);
#2333=VERTEX_POINT('',#8258);
#2334=VERTEX_POINT('',#8260);
#2335=VERTEX_POINT('',#8264);
#2336=VERTEX_POINT('',#8268);
#2337=VERTEX_POINT('',#8272);
#2338=VERTEX_POINT('',#8276);
#2339=VERTEX_POINT('',#8280);
#2340=VERTEX_POINT('',#8281);
#2341=VERTEX_POINT('',#8286);
#2342=VERTEX_POINT('',#8288);
#2343=VERTEX_POINT('',#8290);
#2344=VERTEX_POINT('',#8292);
#2345=VERTEX_POINT('',#8294);
#2346=VERTEX_POINT('',#8296);
#2347=VERTEX_POINT('',#8299);
#2348=VERTEX_POINT('',#8301);
#2349=VERTEX_POINT('',#8303);
#2350=VERTEX_POINT('',#8306);
#2351=VERTEX_POINT('',#8307);
#2352=VERTEX_POINT('',#8309);
#2353=VERTEX_POINT('',#8311);
#2354=VERTEX_POINT('',#8314);
#2355=VERTEX_POINT('',#8315);
#2356=VERTEX_POINT('',#8317);
#2357=VERTEX_POINT('',#8319);
#2358=VERTEX_POINT('',#8322);
#2359=VERTEX_POINT('',#8323);
#2360=VERTEX_POINT('',#8325);
#2361=VERTEX_POINT('',#8327);
#2362=VERTEX_POINT('',#8330);
#2363=VERTEX_POINT('',#8331);
#2364=VERTEX_POINT('',#8333);
#2365=VERTEX_POINT('',#8335);
#2366=VERTEX_POINT('',#8338);
#2367=VERTEX_POINT('',#8339);
#2368=VERTEX_POINT('',#8341);
#2369=VERTEX_POINT('',#8343);
#2370=VERTEX_POINT('',#8348);
#2371=VERTEX_POINT('',#8349);
#2372=VERTEX_POINT('',#8351);
#2373=VERTEX_POINT('',#8353);
#2374=VERTEX_POINT('',#8373);
#2375=VERTEX_POINT('',#8375);
#2376=VERTEX_POINT('',#8380);
#2377=VERTEX_POINT('',#8382);
#2378=VERTEX_POINT('',#8387);
#2379=VERTEX_POINT('',#8389);
#2380=VERTEX_POINT('',#8394);
#2381=VERTEX_POINT('',#8396);
#2382=VERTEX_POINT('',#8401);
#2383=VERTEX_POINT('',#8405);
#2384=VERTEX_POINT('',#8406);
#2385=VERTEX_POINT('',#8408);
#2386=VERTEX_POINT('',#8410);
#2387=VERTEX_POINT('',#8414);
#2388=VERTEX_POINT('',#8416);
#2389=VERTEX_POINT('',#8423);
#2390=VERTEX_POINT('',#8427);
#2391=VERTEX_POINT('',#8429);
#2392=VERTEX_POINT('',#8433);
#2393=VERTEX_POINT('',#8437);
#2394=VERTEX_POINT('',#8438);
#2395=VERTEX_POINT('',#8440);
#2396=VERTEX_POINT('',#8442);
#2397=VERTEX_POINT('',#8446);
#2398=VERTEX_POINT('',#8448);
#2399=VERTEX_POINT('',#8455);
#2400=VERTEX_POINT('',#8459);
#2401=VERTEX_POINT('',#8460);
#2402=VERTEX_POINT('',#8462);
#2403=VERTEX_POINT('',#8464);
#2404=VERTEX_POINT('',#8468);
#2405=VERTEX_POINT('',#8470);
#2406=VERTEX_POINT('',#8474);
#2407=VERTEX_POINT('',#8476);
#2408=VERTEX_POINT('',#8480);
#2409=VERTEX_POINT('',#8482);
#2410=VERTEX_POINT('',#8486);
#2411=VERTEX_POINT('',#8494);
#2412=VERTEX_POINT('',#8496);
#2413=VERTEX_POINT('',#8500);
#2414=VERTEX_POINT('',#8518);
#2415=VERTEX_POINT('',#8520);
#2416=VERTEX_POINT('',#8524);
#2417=VERTEX_POINT('',#8526);
#2418=VERTEX_POINT('',#8529);
#2419=VERTEX_POINT('',#8531);
#2420=VERTEX_POINT('',#8533);
#2421=VERTEX_POINT('',#8535);
#2422=VERTEX_POINT('',#8537);
#2423=VERTEX_POINT('',#8541);
#2424=VERTEX_POINT('',#8545);
#2425=VERTEX_POINT('',#8546);
#2426=VERTEX_POINT('',#8551);
#2427=VERTEX_POINT('',#8555);
#2428=VERTEX_POINT('',#8563);
#2429=VERTEX_POINT('',#8565);
#2430=VERTEX_POINT('',#8569);
#2431=VERTEX_POINT('',#8573);
#2432=VERTEX_POINT('',#8579);
#2433=VERTEX_POINT('',#8580);
#2434=VERTEX_POINT('',#8582);
#2435=VERTEX_POINT('',#8584);
#2436=VERTEX_POINT('',#8588);
#2437=VERTEX_POINT('',#8590);
#2438=VERTEX_POINT('',#8594);
#2439=VERTEX_POINT('',#8596);
#2440=VERTEX_POINT('',#8600);
#2441=VERTEX_POINT('',#8602);
#2442=VERTEX_POINT('',#8606);
#2443=VERTEX_POINT('',#8608);
#2444=VERTEX_POINT('',#8615);
#2445=VERTEX_POINT('',#8617);
#2446=VERTEX_POINT('',#8621);
#2447=VERTEX_POINT('',#8625);
#2448=VERTEX_POINT('',#8632);
#2449=VERTEX_POINT('',#8633);
#2450=VERTEX_POINT('',#8635);
#2451=VERTEX_POINT('',#8637);
#2452=VERTEX_POINT('',#8641);
#2453=VERTEX_POINT('',#8643);
#2454=VERTEX_POINT('',#8647);
#2455=VERTEX_POINT('',#8649);
#2456=VERTEX_POINT('',#8653);
#2457=VERTEX_POINT('',#8655);
#2458=VERTEX_POINT('',#8659);
#2459=VERTEX_POINT('',#8661);
#2460=VERTEX_POINT('',#8668);
#2461=VERTEX_POINT('',#8670);
#2462=VERTEX_POINT('',#8674);
#2463=VERTEX_POINT('',#8678);
#2464=VERTEX_POINT('',#8685);
#2465=VERTEX_POINT('',#8688);
#2466=VERTEX_POINT('',#8689);
#2467=VERTEX_POINT('',#8691);
#2468=VERTEX_POINT('',#8693);
#2469=VERTEX_POINT('',#8697);
#2470=VERTEX_POINT('',#8699);
#2471=VERTEX_POINT('',#8703);
#2472=VERTEX_POINT('',#8705);
#2473=VERTEX_POINT('',#8709);
#2474=VERTEX_POINT('',#8711);
#2475=VERTEX_POINT('',#8715);
#2476=VERTEX_POINT('',#8717);
#2477=VERTEX_POINT('',#8724);
#2478=VERTEX_POINT('',#8726);
#2479=VERTEX_POINT('',#8730);
#2480=VERTEX_POINT('',#8734);
#2481=VERTEX_POINT('',#8741);
#2482=VERTEX_POINT('',#8744);
#2483=VERTEX_POINT('',#8745);
#2484=VERTEX_POINT('',#8747);
#2485=VERTEX_POINT('',#8749);
#2486=VERTEX_POINT('',#8753);
#2487=VERTEX_POINT('',#8755);
#2488=VERTEX_POINT('',#8759);
#2489=VERTEX_POINT('',#8761);
#2490=VERTEX_POINT('',#8765);
#2491=VERTEX_POINT('',#8767);
#2492=VERTEX_POINT('',#8771);
#2493=VERTEX_POINT('',#8773);
#2494=VERTEX_POINT('',#8780);
#2495=VERTEX_POINT('',#8782);
#2496=VERTEX_POINT('',#8786);
#2497=VERTEX_POINT('',#8790);
#2498=VERTEX_POINT('',#8797);
#2499=VERTEX_POINT('',#8800);
#2500=VERTEX_POINT('',#8804);
#2501=VERTEX_POINT('',#8808);
#2502=VERTEX_POINT('',#8810);
#2503=VERTEX_POINT('',#8814);
#2504=VERTEX_POINT('',#8822);
#2505=EDGE_CURVE('',#2061,#2062,#1877,.F.);
#2506=EDGE_CURVE('',#2062,#2063,#897,.T.);
#2507=EDGE_CURVE('',#2063,#2064,#1878,.T.);
#2508=EDGE_CURVE('',#2064,#2061,#898,.T.);
#2509=EDGE_CURVE('',#2065,#2063,#1879,.T.);
#2510=EDGE_CURVE('',#2063,#2066,#899,.T.);
#2511=EDGE_CURVE('',#2066,#2067,#1880,.T.);
#2512=EDGE_CURVE('',#2067,#2065,#900,.T.);
#2513=EDGE_CURVE('',#2065,#2064,#1881,.T.);
#2514=EDGE_CURVE('',#2068,#2069,#1882,.F.);
#2515=EDGE_CURVE('',#2069,#2070,#901,.T.);
#2516=EDGE_CURVE('',#2070,#2066,#1883,.T.);
#2517=EDGE_CURVE('',#2066,#2068,#902,.T.);
#2518=EDGE_CURVE('',#2070,#2067,#1884,.T.);
#2519=EDGE_CURVE('',#2071,#2064,#903,.T.);
#2520=EDGE_CURVE('',#2072,#2071,#904,.T.);
#2521=EDGE_CURVE('',#2073,#2072,#905,.T.);
#2522=EDGE_CURVE('',#2073,#2074,#906,.T.);
#2523=EDGE_CURVE('',#2074,#2061,#907,.F.);
#2524=EDGE_CURVE('',#2065,#2075,#908,.T.);
#2525=EDGE_CURVE('',#2075,#2071,#1885,.F.);
#2526=EDGE_CURVE('',#2076,#2067,#909,.T.);
#2527=EDGE_CURVE('',#2075,#2076,#910,.T.);
#2528=EDGE_CURVE('',#2070,#2077,#911,.T.);
#2529=EDGE_CURVE('',#2077,#2076,#1886,.F.);
#2530=EDGE_CURVE('',#2069,#2078,#912,.F.);
#2531=EDGE_CURVE('',#2078,#2079,#913,.T.);
#2532=EDGE_CURVE('',#2080,#2079,#914,.T.);
#2533=EDGE_CURVE('',#2077,#2080,#915,.T.);
#2534=EDGE_CURVE('',#2081,#2082,#1887,.F.);
#2535=EDGE_CURVE('',#2082,#2083,#916,.T.);
#2536=EDGE_CURVE('',#2083,#2084,#1888,.T.);
#2537=EDGE_CURVE('',#2084,#2081,#917,.T.);
#2538=EDGE_CURVE('',#2085,#2083,#1889,.T.);
#2539=EDGE_CURVE('',#2083,#2086,#918,.T.);
#2540=EDGE_CURVE('',#2086,#2087,#1890,.T.);
#2541=EDGE_CURVE('',#2087,#2085,#919,.T.);
#2542=EDGE_CURVE('',#2085,#2084,#1891,.T.);
#2543=EDGE_CURVE('',#2088,#2089,#1892,.F.);
#2544=EDGE_CURVE('',#2089,#2090,#920,.T.);
#2545=EDGE_CURVE('',#2090,#2086,#1893,.T.);
#2546=EDGE_CURVE('',#2086,#2088,#921,.T.);
#2547=EDGE_CURVE('',#2090,#2087,#1894,.T.);
#2548=EDGE_CURVE('',#2091,#2084,#922,.T.);
#2549=EDGE_CURVE('',#2092,#2091,#923,.T.);
#2550=EDGE_CURVE('',#2093,#2092,#924,.T.);
#2551=EDGE_CURVE('',#2093,#2094,#925,.T.);
#2552=EDGE_CURVE('',#2094,#2081,#926,.F.);
#2553=EDGE_CURVE('',#2085,#2095,#927,.T.);
#2554=EDGE_CURVE('',#2095,#2091,#1895,.F.);
#2555=EDGE_CURVE('',#2096,#2087,#928,.T.);
#2556=EDGE_CURVE('',#2095,#2096,#929,.T.);
#2557=EDGE_CURVE('',#2090,#2097,#930,.T.);
#2558=EDGE_CURVE('',#2097,#2096,#1896,.F.);
#2559=EDGE_CURVE('',#2089,#2098,#931,.F.);
#2560=EDGE_CURVE('',#2098,#2099,#932,.T.);
#2561=EDGE_CURVE('',#2100,#2099,#933,.T.);
#2562=EDGE_CURVE('',#2097,#2100,#934,.T.);
#2563=EDGE_CURVE('',#2101,#2102,#1897,.F.);
#2564=EDGE_CURVE('',#2102,#2103,#935,.T.);
#2565=EDGE_CURVE('',#2103,#2104,#1898,.T.);
#2566=EDGE_CURVE('',#2104,#2101,#936,.T.);
#2567=EDGE_CURVE('',#2105,#2106,#1899,.T.);
#2568=EDGE_CURVE('',#2106,#2107,#937,.T.);
#2569=EDGE_CURVE('',#2107,#2103,#1900,.T.);
#2570=EDGE_CURVE('',#2103,#2105,#938,.T.);
#2571=EDGE_CURVE('',#2108,#2109,#1901,.F.);
#2572=EDGE_CURVE('',#2109,#2110,#939,.T.);
#2573=EDGE_CURVE('',#2110,#2105,#1902,.T.);
#2574=EDGE_CURVE('',#2105,#2108,#940,.T.);
#2575=EDGE_CURVE('',#2110,#2106,#1903,.T.);
#2576=EDGE_CURVE('',#2107,#2104,#1904,.T.);
#2577=EDGE_CURVE('',#2111,#2104,#941,.T.);
#2578=EDGE_CURVE('',#2112,#2111,#942,.T.);
#2579=EDGE_CURVE('',#2113,#2112,#943,.T.);
#2580=EDGE_CURVE('',#2113,#2114,#944,.T.);
#2581=EDGE_CURVE('',#2101,#2114,#945,.T.);
#2582=EDGE_CURVE('',#2107,#2115,#946,.T.);
#2583=EDGE_CURVE('',#2115,#2111,#1905,.F.);
#2584=EDGE_CURVE('',#2116,#2106,#947,.T.);
#2585=EDGE_CURVE('',#2115,#2116,#948,.T.);
#2586=EDGE_CURVE('',#2110,#2117,#949,.T.);
#2587=EDGE_CURVE('',#2117,#2116,#1906,.F.);
#2588=EDGE_CURVE('',#2118,#2109,#950,.T.);
#2589=EDGE_CURVE('',#2118,#2119,#951,.T.);
#2590=EDGE_CURVE('',#2120,#2119,#952,.T.);
#2591=EDGE_CURVE('',#2117,#2120,#953,.T.);
#2592=EDGE_CURVE('',#2121,#2122,#1907,.F.);
#2593=EDGE_CURVE('',#2122,#2123,#954,.T.);
#2594=EDGE_CURVE('',#2123,#2124,#1908,.T.);
#2595=EDGE_CURVE('',#2124,#2121,#955,.T.);
#2596=EDGE_CURVE('',#2125,#2126,#1909,.T.);
#2597=EDGE_CURVE('',#2126,#2127,#956,.T.);
#2598=EDGE_CURVE('',#2127,#2123,#1910,.T.);
#2599=EDGE_CURVE('',#2123,#2125,#957,.T.);
#2600=EDGE_CURVE('',#2128,#2129,#1911,.F.);
#2601=EDGE_CURVE('',#2129,#2130,#958,.T.);
#2602=EDGE_CURVE('',#2130,#2125,#1912,.T.);
#2603=EDGE_CURVE('',#2125,#2128,#959,.T.);
#2604=EDGE_CURVE('',#2130,#2126,#1913,.T.);
#2605=EDGE_CURVE('',#2127,#2124,#1914,.T.);
#2606=EDGE_CURVE('',#2131,#2124,#960,.T.);
#2607=EDGE_CURVE('',#2132,#2131,#961,.T.);
#2608=EDGE_CURVE('',#2133,#2132,#962,.T.);
#2609=EDGE_CURVE('',#2133,#2134,#963,.T.);
#2610=EDGE_CURVE('',#2121,#2134,#964,.T.);
#2611=EDGE_CURVE('',#2127,#2135,#965,.T.);
#2612=EDGE_CURVE('',#2135,#2131,#1915,.F.);
#2613=EDGE_CURVE('',#2136,#2126,#966,.T.);
#2614=EDGE_CURVE('',#2135,#2136,#967,.T.);
#2615=EDGE_CURVE('',#2130,#2137,#968,.T.);
#2616=EDGE_CURVE('',#2137,#2136,#1916,.F.);
#2617=EDGE_CURVE('',#2138,#2129,#969,.T.);
#2618=EDGE_CURVE('',#2138,#2139,#970,.T.);
#2619=EDGE_CURVE('',#2140,#2139,#971,.T.);
#2620=EDGE_CURVE('',#2137,#2140,#972,.T.);
#2621=EDGE_CURVE('',#2141,#2095,#1917,.F.);
#2622=EDGE_CURVE('',#2091,#2141,#1918,.F.);
#2623=EDGE_CURVE('',#2142,#2097,#1919,.F.);
#2624=EDGE_CURVE('',#2096,#2142,#1920,.F.);
#2625=EDGE_CURVE('',#2142,#2141,#973,.T.);
#2626=EDGE_CURVE('',#2143,#2100,#1921,.T.);
#2627=EDGE_CURVE('',#2100,#2144,#65,.T.);
#2628=EDGE_CURVE('',#2144,#2145,#53,.F.);
#2629=EDGE_CURVE('',#2145,#2143,#66,.T.);
#2630=EDGE_CURVE('',#2143,#2142,#974,.T.);
#2631=EDGE_CURVE('',#2146,#2092,#1922,.T.);
#2632=EDGE_CURVE('',#2141,#2146,#975,.T.);
#2633=EDGE_CURVE('',#2147,#2148,#54,.F.);
#2634=EDGE_CURVE('',#2148,#2092,#67,.T.);
#2635=EDGE_CURVE('',#2146,#2147,#68,.T.);
#2636=EDGE_CURVE('',#2099,#2149,#1923,.T.);
#2637=EDGE_CURVE('',#2149,#2144,#976,.T.);
#2638=EDGE_CURVE('',#2082,#2088,#977,.F.);
#2639=EDGE_CURVE('',#2150,#2075,#1924,.F.);
#2640=EDGE_CURVE('',#2071,#2150,#1925,.F.);
#2641=EDGE_CURVE('',#2151,#2077,#1926,.F.);
#2642=EDGE_CURVE('',#2076,#2151,#1927,.F.);
#2643=EDGE_CURVE('',#2151,#2150,#978,.T.);
#2644=EDGE_CURVE('',#2152,#2080,#1928,.T.);
#2645=EDGE_CURVE('',#2080,#2153,#69,.T.);
#2646=EDGE_CURVE('',#2153,#2154,#55,.F.);
#2647=EDGE_CURVE('',#2154,#2152,#70,.T.);
#2648=EDGE_CURVE('',#2152,#2151,#979,.T.);
#2649=EDGE_CURVE('',#2155,#2072,#1929,.T.);
#2650=EDGE_CURVE('',#2150,#2155,#980,.T.);
#2651=EDGE_CURVE('',#2156,#2157,#56,.F.);
#2652=EDGE_CURVE('',#2157,#2072,#71,.T.);
#2653=EDGE_CURVE('',#2155,#2156,#72,.T.);
#2654=EDGE_CURVE('',#2079,#2158,#1930,.T.);
#2655=EDGE_CURVE('',#2158,#2153,#981,.T.);
#2656=EDGE_CURVE('',#2062,#2068,#982,.F.);
#2657=EDGE_CURVE('',#2159,#2117,#1931,.F.);
#2658=EDGE_CURVE('',#2116,#2159,#1932,.F.);
#2659=EDGE_CURVE('',#2111,#2160,#1933,.F.);
#2660=EDGE_CURVE('',#2160,#2115,#1934,.F.);
#2661=EDGE_CURVE('',#2159,#2160,#983,.T.);
#2662=EDGE_CURVE('',#2161,#2112,#1935,.T.);
#2663=EDGE_CURVE('',#2160,#2161,#984,.T.);
#2664=EDGE_CURVE('',#2162,#2163,#57,.F.);
#2665=EDGE_CURVE('',#2163,#2112,#73,.T.);
#2666=EDGE_CURVE('',#2161,#2162,#74,.T.);
#2667=EDGE_CURVE('',#2120,#2164,#1936,.T.);
#2668=EDGE_CURVE('',#2164,#2159,#985,.T.);
#2669=EDGE_CURVE('',#2165,#2166,#58,.F.);
#2670=EDGE_CURVE('',#2166,#2164,#75,.T.);
#2671=EDGE_CURVE('',#2120,#2165,#76,.T.);
#2672=EDGE_CURVE('',#2163,#2167,#986,.T.);
#2673=EDGE_CURVE('',#2113,#2167,#1937,.F.);
#2674=EDGE_CURVE('',#2162,#2166,#987,.T.);
#2675=EDGE_CURVE('',#2168,#2137,#1938,.F.);
#2676=EDGE_CURVE('',#2136,#2168,#1939,.F.);
#2677=EDGE_CURVE('',#2169,#2135,#1940,.F.);
#2678=EDGE_CURVE('',#2131,#2169,#1941,.F.);
#2679=EDGE_CURVE('',#2168,#2169,#988,.T.);
#2680=EDGE_CURVE('',#2170,#2132,#1942,.T.);
#2681=EDGE_CURVE('',#2169,#2170,#989,.T.);
#2682=EDGE_CURVE('',#2171,#2172,#59,.F.);
#2683=EDGE_CURVE('',#2172,#2132,#77,.T.);
#2684=EDGE_CURVE('',#2170,#2171,#78,.T.);
#2685=EDGE_CURVE('',#2140,#2173,#1943,.T.);
#2686=EDGE_CURVE('',#2173,#2168,#990,.T.);
#2687=EDGE_CURVE('',#2174,#2175,#60,.F.);
#2688=EDGE_CURVE('',#2175,#2173,#79,.T.);
#2689=EDGE_CURVE('',#2140,#2174,#80,.T.);
#2690=EDGE_CURVE('',#2172,#2176,#991,.T.);
#2691=EDGE_CURVE('',#2133,#2176,#1944,.F.);
#2692=EDGE_CURVE('',#2171,#2175,#992,.T.);
#2693=EDGE_CURVE('',#2139,#2177,#1945,.T.);
#2694=EDGE_CURVE('',#2177,#2174,#993,.T.);
#2695=EDGE_CURVE('',#2119,#2178,#1946,.T.);
#2696=EDGE_CURVE('',#2178,#2165,#994,.T.);
#2697=EDGE_CURVE('',#2148,#2179,#995,.T.);
#2698=EDGE_CURVE('',#2093,#2179,#1947,.F.);
#2699=EDGE_CURVE('',#2157,#2180,#996,.T.);
#2700=EDGE_CURVE('',#2073,#2180,#1948,.F.);
#2701=EDGE_CURVE('',#2118,#2114,#997,.T.);
#2702=EDGE_CURVE('',#2108,#2102,#998,.T.);
#2703=EDGE_CURVE('',#2138,#2134,#999,.T.);
#2704=EDGE_CURVE('',#2128,#2122,#1000,.T.);
#2705=EDGE_CURVE('',#2147,#2145,#1001,.T.);
#2706=EDGE_CURVE('',#2098,#2094,#1002,.T.);
#2707=EDGE_CURVE('',#2156,#2154,#1003,.T.);
#2708=EDGE_CURVE('',#2078,#2074,#1004,.T.);
#2709=EDGE_CURVE('',#2181,#2177,#1005,.T.);
#2710=EDGE_CURVE('',#2182,#2181,#1006,.T.);
#2711=EDGE_CURVE('',#2182,#2183,#1007,.T.);
#2712=EDGE_CURVE('',#2184,#2183,#1008,.T.);
#2713=EDGE_CURVE('',#2167,#2184,#1009,.T.);
#2714=EDGE_CURVE('',#2176,#2178,#1010,.T.);
#2715=EDGE_CURVE('',#2185,#2186,#1949,.F.);
#2716=EDGE_CURVE('',#2187,#2185,#1011,.T.);
#2717=EDGE_CURVE('',#2188,#2187,#1950,.T.);
#2718=EDGE_CURVE('',#2186,#2188,#1012,.T.);
#2719=EDGE_CURVE('',#2189,#2190,#1951,.T.);
#2720=EDGE_CURVE('',#2188,#2189,#1013,.T.);
#2721=EDGE_CURVE('',#2191,#2188,#1952,.T.);
#2722=EDGE_CURVE('',#2190,#2191,#1014,.T.);
#2723=EDGE_CURVE('',#2191,#2187,#1953,.T.);
#2724=EDGE_CURVE('',#2192,#2193,#1954,.T.);
#2725=EDGE_CURVE('',#2189,#2193,#1015,.T.);
#2726=EDGE_CURVE('',#2194,#2189,#1955,.T.);
#2727=EDGE_CURVE('',#2192,#2194,#1016,.T.);
#2728=EDGE_CURVE('',#2194,#2190,#1956,.T.);
#2729=EDGE_CURVE('',#2195,#2187,#1017,.T.);
#2730=EDGE_CURVE('',#2196,#2195,#1957,.T.);
#2731=EDGE_CURVE('',#2191,#2196,#1018,.T.);
#2732=EDGE_CURVE('',#2196,#2197,#1019,.T.);
#2733=EDGE_CURVE('',#2197,#2190,#1020,.T.);
#2734=EDGE_CURVE('',#2198,#2197,#1958,.T.);
#2735=EDGE_CURVE('',#2194,#2198,#1021,.T.);
#2736=EDGE_CURVE('',#2198,#2199,#1022,.T.);
#2737=EDGE_CURVE('',#2200,#2199,#1023,.T.);
#2738=EDGE_CURVE('',#2200,#2192,#1024,.T.);
#2739=EDGE_CURVE('',#2199,#2201,#81,.T.);
#2740=EDGE_CURVE('',#2202,#2198,#1959,.T.);
#2741=EDGE_CURVE('',#2201,#2202,#1025,.T.);
#2742=EDGE_CURVE('',#2202,#2197,#1960,.T.);
#2743=EDGE_CURVE('',#2186,#2193,#1026,.T.);
#2744=EDGE_CURVE('',#2196,#2203,#1961,.T.);
#2745=EDGE_CURVE('',#2202,#2203,#1027,.T.);
#2746=EDGE_CURVE('',#2203,#2204,#1028,.T.);
#2747=EDGE_CURVE('',#2204,#2205,#1029,.T.);
#2748=EDGE_CURVE('',#2205,#2206,#82,.T.);
#2749=EDGE_CURVE('',#2207,#2206,#1030,.T.);
#2750=EDGE_CURVE('',#2207,#2208,#83,.T.);
#2751=EDGE_CURVE('',#2209,#2208,#1031,.T.);
#2752=EDGE_CURVE('',#2209,#2210,#84,.T.);
#2753=EDGE_CURVE('',#2211,#2210,#1032,.T.);
#2754=EDGE_CURVE('',#2212,#2211,#85,.F.);
#2755=EDGE_CURVE('',#2212,#2201,#1033,.T.);
#2756=EDGE_CURVE('',#2204,#2213,#86,.T.);
#2757=EDGE_CURVE('',#2195,#2203,#1962,.T.);
#2758=EDGE_CURVE('',#2213,#2195,#1034,.T.);
#2759=EDGE_CURVE('',#2205,#2214,#1035,.T.);
#2760=EDGE_CURVE('',#2215,#2214,#87,.T.);
#2761=EDGE_CURVE('',#2206,#2215,#1036,.T.);
#2762=EDGE_CURVE('',#2216,#2211,#1037,.T.);
#2763=EDGE_CURVE('',#2217,#2216,#88,.T.);
#2764=EDGE_CURVE('',#2217,#2212,#1038,.T.);
#2765=EDGE_CURVE('',#2215,#2218,#1963,.T.);
#2766=EDGE_CURVE('',#2215,#2219,#1964,.T.);
#2767=EDGE_CURVE('',#2219,#2220,#1965,.F.);
#2768=EDGE_CURVE('',#2220,#2218,#1966,.T.);
#2769=EDGE_CURVE('',#2221,#2220,#1039,.T.);
#2770=EDGE_CURVE('',#2221,#2222,#1967,.T.);
#2771=EDGE_CURVE('',#2223,#2222,#61,.T.);
#2772=EDGE_CURVE('',#2218,#2223,#1040,.T.);
#2773=EDGE_CURVE('',#2224,#2216,#1968,.T.);
#2774=EDGE_CURVE('',#2225,#2216,#1969,.T.);
#2775=EDGE_CURVE('',#2225,#2226,#1970,.T.);
#2776=EDGE_CURVE('',#2226,#2224,#1971,.F.);
#2777=EDGE_CURVE('',#2224,#2219,#1041,.T.);
#2778=EDGE_CURVE('',#2220,#2226,#1042,.T.);
#2779=EDGE_CURVE('',#2227,#2209,#1043,.T.);
#2780=EDGE_CURVE('',#2228,#2227,#62,.T.);
#2781=EDGE_CURVE('',#2210,#2228,#1044,.T.);
#2782=EDGE_CURVE('',#2228,#2225,#1045,.T.);
#2783=EDGE_CURVE('',#2227,#2229,#1972,.T.);
#2784=EDGE_CURVE('',#2226,#2229,#1046,.T.);
#2785=EDGE_CURVE('',#2217,#2224,#1047,.T.);
#2786=EDGE_CURVE('',#2219,#2214,#1048,.T.);
#2787=EDGE_CURVE('',#2223,#2207,#1049,.T.);
#2788=EDGE_CURVE('',#2208,#2222,#1050,.T.);
#2789=EDGE_CURVE('',#2229,#2221,#1051,.T.);
#2790=EDGE_CURVE('',#2217,#2214,#1052,.T.);
#2791=EDGE_CURVE('',#2185,#2230,#1053,.T.);
#2792=EDGE_CURVE('',#2213,#2230,#1054,.T.);
#2793=EDGE_CURVE('',#2231,#2230,#1055,.T.);
#2794=EDGE_CURVE('',#2232,#2231,#1056,.T.);
#2795=EDGE_CURVE('',#2232,#2204,#1057,.T.);
#2796=EDGE_CURVE('',#2205,#2212,#1058,.T.);
#2797=EDGE_CURVE('',#2233,#2234,#1973,.F.);
#2798=EDGE_CURVE('',#2234,#2235,#1059,.T.);
#2799=EDGE_CURVE('',#2235,#2236,#1974,.T.);
#2800=EDGE_CURVE('',#2236,#2233,#1060,.T.);
#2801=EDGE_CURVE('',#2237,#2238,#1975,.T.);
#2802=EDGE_CURVE('',#2238,#2239,#1061,.T.);
#2803=EDGE_CURVE('',#2239,#2235,#1976,.T.);
#2804=EDGE_CURVE('',#2235,#2237,#1062,.T.);
#2805=EDGE_CURVE('',#2239,#2236,#1977,.T.);
#2806=EDGE_CURVE('',#2240,#2241,#1978,.T.);
#2807=EDGE_CURVE('',#2240,#2242,#1063,.T.);
#2808=EDGE_CURVE('',#2242,#2237,#1979,.T.);
#2809=EDGE_CURVE('',#2237,#2241,#1064,.T.);
#2810=EDGE_CURVE('',#2242,#2238,#1980,.T.);
#2811=EDGE_CURVE('',#2239,#2243,#1065,.T.);
#2812=EDGE_CURVE('',#2243,#2244,#1981,.T.);
#2813=EDGE_CURVE('',#2244,#2236,#1066,.T.);
#2814=EDGE_CURVE('',#2245,#2238,#1067,.T.);
#2815=EDGE_CURVE('',#2243,#2245,#1068,.T.);
#2816=EDGE_CURVE('',#2242,#2246,#1069,.T.);
#2817=EDGE_CURVE('',#2246,#2245,#1982,.T.);
#2818=EDGE_CURVE('',#2247,#2240,#1070,.T.);
#2819=EDGE_CURVE('',#2248,#2247,#1071,.T.);
#2820=EDGE_CURVE('',#2246,#2248,#1072,.T.);
#2821=EDGE_CURVE('',#2249,#2248,#89,.T.);
#2822=EDGE_CURVE('',#2249,#2250,#1073,.T.);
#2823=EDGE_CURVE('',#2250,#2246,#1983,.T.);
#2824=EDGE_CURVE('',#2250,#2245,#1984,.T.);
#2825=EDGE_CURVE('',#2241,#2234,#1074,.T.);
#2826=EDGE_CURVE('',#2250,#2251,#1075,.T.);
#2827=EDGE_CURVE('',#2243,#2251,#1985,.T.);
#2828=EDGE_CURVE('',#2249,#2252,#1076,.T.);
#2829=EDGE_CURVE('',#2252,#2253,#90,.F.);
#2830=EDGE_CURVE('',#2253,#2254,#1077,.T.);
#2831=EDGE_CURVE('',#2255,#2254,#91,.T.);
#2832=EDGE_CURVE('',#2255,#2256,#1078,.T.);
#2833=EDGE_CURVE('',#2257,#2256,#92,.T.);
#2834=EDGE_CURVE('',#2257,#2258,#1079,.T.);
#2835=EDGE_CURVE('',#2259,#2258,#93,.T.);
#2836=EDGE_CURVE('',#2259,#2260,#1080,.T.);
#2837=EDGE_CURVE('',#2251,#2260,#1081,.T.);
#2838=EDGE_CURVE('',#2260,#2261,#94,.F.);
#2839=EDGE_CURVE('',#2261,#2244,#1082,.T.);
#2840=EDGE_CURVE('',#2244,#2251,#1986,.T.);
#2841=EDGE_CURVE('',#2262,#2259,#1083,.T.);
#2842=EDGE_CURVE('',#2258,#2263,#1084,.T.);
#2843=EDGE_CURVE('',#2263,#2262,#95,.T.);
#2844=EDGE_CURVE('',#2264,#2253,#1085,.T.);
#2845=EDGE_CURVE('',#2252,#2265,#1086,.T.);
#2846=EDGE_CURVE('',#2265,#2264,#96,.T.);
#2847=EDGE_CURVE('',#2263,#2266,#1987,.T.);
#2848=EDGE_CURVE('',#2267,#2266,#1988,.T.);
#2849=EDGE_CURVE('',#2268,#2267,#1989,.F.);
#2850=EDGE_CURVE('',#2263,#2268,#1990,.T.);
#2851=EDGE_CURVE('',#2269,#2267,#1087,.T.);
#2852=EDGE_CURVE('',#2266,#2270,#1088,.T.);
#2853=EDGE_CURVE('',#2270,#2271,#63,.T.);
#2854=EDGE_CURVE('',#2269,#2271,#1991,.T.);
#2855=EDGE_CURVE('',#2272,#2264,#1992,.T.);
#2856=EDGE_CURVE('',#2273,#2272,#1993,.F.);
#2857=EDGE_CURVE('',#2274,#2273,#1994,.T.);
#2858=EDGE_CURVE('',#2274,#2264,#1995,.T.);
#2859=EDGE_CURVE('',#2267,#2273,#1089,.T.);
#2860=EDGE_CURVE('',#2272,#2268,#1090,.T.);
#2861=EDGE_CURVE('',#2275,#2255,#1091,.T.);
#2862=EDGE_CURVE('',#2254,#2276,#1092,.T.);
#2863=EDGE_CURVE('',#2276,#2275,#64,.T.);
#2864=EDGE_CURVE('',#2276,#2274,#1093,.T.);
#2865=EDGE_CURVE('',#2273,#2277,#1094,.T.);
#2866=EDGE_CURVE('',#2275,#2277,#1996,.T.);
#2867=EDGE_CURVE('',#2265,#2272,#1095,.T.);
#2868=EDGE_CURVE('',#2268,#2262,#1096,.T.);
#2869=EDGE_CURVE('',#2270,#2257,#1097,.T.);
#2870=EDGE_CURVE('',#2256,#2271,#1098,.T.);
#2871=EDGE_CURVE('',#2277,#2269,#1099,.T.);
#2872=EDGE_CURVE('',#2262,#2265,#1100,.T.);
#2873=EDGE_CURVE('',#2252,#2259,#1101,.T.);
#2874=EDGE_CURVE('',#2278,#2261,#1102,.T.);
#2875=EDGE_CURVE('',#2233,#2278,#1103,.T.);
#2876=EDGE_CURVE('',#2279,#2247,#1104,.T.);
#2877=EDGE_CURVE('',#2280,#2279,#1105,.T.);
#2878=EDGE_CURVE('',#2280,#2249,#1106,.T.);
#2879=EDGE_CURVE('',#2260,#2281,#1107,.T.);
#2880=EDGE_CURVE('',#2282,#2281,#1108,.T.);
#2881=EDGE_CURVE('',#2278,#2282,#1109,.T.);
#2882=EDGE_CURVE('',#2283,#2284,#1997,.T.);
#2883=EDGE_CURVE('',#2283,#2285,#1110,.T.);
#2884=EDGE_CURVE('',#2285,#2286,#1998,.T.);
#2885=EDGE_CURVE('',#2286,#2284,#1111,.T.);
#2886=EDGE_CURVE('',#2287,#2283,#1112,.T.);
#2887=EDGE_CURVE('',#2288,#2287,#1113,.T.);
#2888=EDGE_CURVE('',#2285,#2288,#1114,.T.);
#2889=EDGE_CURVE('',#2289,#2288,#1999,.T.);
#2890=EDGE_CURVE('',#2287,#2290,#2000,.F.);
#2891=EDGE_CURVE('',#2290,#2289,#1115,.T.);
#2892=EDGE_CURVE('',#2181,#2282,#2001,.T.);
#2893=EDGE_CURVE('',#2231,#2184,#2002,.T.);
#2894=EDGE_CURVE('',#2200,#2291,#1116,.T.);
#2895=EDGE_CURVE('',#2292,#2291,#2003,.T.);
#2896=EDGE_CURVE('',#2292,#2158,#1117,.T.);
#2897=EDGE_CURVE('',#2180,#2293,#1118,.T.);
#2898=EDGE_CURVE('',#2294,#2293,#1119,.T.);
#2899=EDGE_CURVE('',#2294,#2286,#1120,.T.);
#2900=EDGE_CURVE('',#2289,#2295,#1121,.T.);
#2901=EDGE_CURVE('',#2296,#2295,#2004,.T.);
#2902=EDGE_CURVE('',#2296,#2297,#1122,.T.);
#2903=EDGE_CURVE('',#2298,#2297,#2005,.T.);
#2904=EDGE_CURVE('',#2299,#2298,#1123,.T.);
#2905=EDGE_CURVE('',#2300,#2299,#2006,.T.);
#2906=EDGE_CURVE('',#2301,#2300,#1124,.T.);
#2907=EDGE_CURVE('',#2302,#2301,#2007,.T.);
#2908=EDGE_CURVE('',#2302,#2303,#1125,.T.);
#2909=EDGE_CURVE('',#2304,#2303,#2008,.T.);
#2910=EDGE_CURVE('',#2304,#2305,#1126,.T.);
#2911=EDGE_CURVE('',#2306,#2305,#2009,.T.);
#2912=EDGE_CURVE('',#2306,#2307,#1127,.T.);
#2913=EDGE_CURVE('',#2308,#2307,#2010,.T.);
#2914=EDGE_CURVE('',#2308,#2309,#1128,.T.);
#2915=EDGE_CURVE('',#2310,#2309,#2011,.T.);
#2916=EDGE_CURVE('',#2311,#2310,#1129,.T.);
#2917=EDGE_CURVE('',#2312,#2311,#2012,.T.);
#2918=EDGE_CURVE('',#2313,#2312,#1130,.T.);
#2919=EDGE_CURVE('',#2314,#2313,#2013,.T.);
#2920=EDGE_CURVE('',#2314,#2315,#1131,.T.);
#2921=EDGE_CURVE('',#2316,#2315,#1132,.T.);
#2922=EDGE_CURVE('',#2316,#2149,#1133,.T.);
#2923=EDGE_CURVE('',#2179,#2317,#1134,.T.);
#2924=EDGE_CURVE('',#2279,#2317,#2014,.T.);
#2925=EDGE_CURVE('',#2318,#2318,#2015,.T.);
#2926=EDGE_CURVE('',#2319,#2319,#2016,.T.);
#2927=EDGE_CURVE('',#2320,#2320,#2017,.T.);
#2928=EDGE_CURVE('',#2321,#2321,#2018,.T.);
#2929=EDGE_CURVE('',#2322,#2290,#1135,.T.);
#2930=EDGE_CURVE('',#2295,#2322,#1136,.T.);
#2931=EDGE_CURVE('',#2323,#2324,#1137,.T.);
#2932=EDGE_CURVE('',#2324,#2325,#1138,.T.);
#2933=EDGE_CURVE('',#2325,#2326,#1139,.T.);
#2934=EDGE_CURVE('',#2323,#2326,#1140,.T.);
#2935=EDGE_CURVE('',#2327,#2322,#2019,.T.);
#2936=EDGE_CURVE('',#2327,#2296,#1141,.T.);
#2937=EDGE_CURVE('',#2327,#2328,#1142,.T.);
#2938=EDGE_CURVE('',#2297,#2328,#1143,.T.);
#2939=EDGE_CURVE('',#2329,#2328,#2020,.T.);
#2940=EDGE_CURVE('',#2329,#2298,#1144,.T.);
#2941=EDGE_CURVE('',#2330,#2329,#1145,.T.);
#2942=EDGE_CURVE('',#2299,#2330,#1146,.T.);
#2943=EDGE_CURVE('',#2331,#2332,#1147,.T.);
#2944=EDGE_CURVE('',#2332,#2333,#1148,.T.);
#2945=EDGE_CURVE('',#2333,#2334,#1149,.T.);
#2946=EDGE_CURVE('',#2331,#2334,#1150,.T.);
#2947=EDGE_CURVE('',#2330,#2335,#2021,.F.);
#2948=EDGE_CURVE('',#2335,#2300,#1151,.T.);
#2949=EDGE_CURVE('',#2336,#2335,#1152,.T.);
#2950=EDGE_CURVE('',#2301,#2336,#1153,.T.);
#2951=EDGE_CURVE('',#2337,#2336,#2022,.T.);
#2952=EDGE_CURVE('',#2337,#2302,#1154,.T.);
#2953=EDGE_CURVE('',#2337,#2338,#1155,.T.);
#2954=EDGE_CURVE('',#2303,#2338,#1156,.T.);
#2955=EDGE_CURVE('',#2339,#2340,#2023,.T.);
#2956=EDGE_CURVE('',#2339,#2308,#1157,.T.);
#2957=EDGE_CURVE('',#2307,#2340,#1158,.T.);
#2958=EDGE_CURVE('',#2341,#2284,#1159,.T.);
#2959=EDGE_CURVE('',#2341,#2342,#2024,.T.);
#2960=EDGE_CURVE('',#2342,#2343,#1160,.T.);
#2961=EDGE_CURVE('',#2344,#2343,#2025,.F.);
#2962=EDGE_CURVE('',#2344,#2345,#1161,.T.);
#2963=EDGE_CURVE('',#2345,#2346,#2026,.T.);
#2964=EDGE_CURVE('',#2339,#2346,#1162,.T.);
#2965=EDGE_CURVE('',#2340,#2347,#1163,.T.);
#2966=EDGE_CURVE('',#2348,#2347,#2027,.F.);
#2967=EDGE_CURVE('',#2348,#2349,#1164,.T.);
#2968=EDGE_CURVE('',#2349,#2338,#2028,.T.);
#2969=EDGE_CURVE('',#2350,#2351,#1165,.T.);
#2970=EDGE_CURVE('',#2351,#2352,#1166,.T.);
#2971=EDGE_CURVE('',#2352,#2353,#1167,.T.);
#2972=EDGE_CURVE('',#2353,#2350,#1168,.T.);
#2973=EDGE_CURVE('',#2354,#2355,#1169,.T.);
#2974=EDGE_CURVE('',#2355,#2356,#1170,.T.);
#2975=EDGE_CURVE('',#2356,#2357,#1171,.T.);
#2976=EDGE_CURVE('',#2357,#2354,#1172,.T.);
#2977=EDGE_CURVE('',#2358,#2359,#1173,.T.);
#2978=EDGE_CURVE('',#2359,#2360,#1174,.T.);
#2979=EDGE_CURVE('',#2360,#2361,#1175,.T.);
#2980=EDGE_CURVE('',#2361,#2358,#1176,.T.);
#2981=EDGE_CURVE('',#2362,#2363,#1177,.T.);
#2982=EDGE_CURVE('',#2363,#2364,#1178,.T.);
#2983=EDGE_CURVE('',#2364,#2365,#1179,.T.);
#2984=EDGE_CURVE('',#2365,#2362,#1180,.T.);
#2985=EDGE_CURVE('',#2366,#2367,#1181,.T.);
#2986=EDGE_CURVE('',#2367,#2368,#1182,.T.);
#2987=EDGE_CURVE('',#2368,#2369,#1183,.T.);
#2988=EDGE_CURVE('',#2369,#2366,#1184,.T.);
#2989=EDGE_CURVE('',#2347,#2306,#1185,.T.);
#2990=EDGE_CURVE('',#2370,#2371,#1186,.T.);
#2991=EDGE_CURVE('',#2371,#2372,#1187,.T.);
#2992=EDGE_CURVE('',#2372,#2373,#1188,.T.);
#2993=EDGE_CURVE('',#2370,#2373,#1189,.T.);
#2994=EDGE_CURVE('',#2305,#2348,#1190,.T.);
#2995=EDGE_CURVE('',#2349,#2304,#1191,.T.);
#2996=EDGE_CURVE('',#2341,#2314,#1192,.T.);
#2997=EDGE_CURVE('',#2313,#2342,#1193,.T.);
#2998=EDGE_CURVE('',#2343,#2312,#1194,.T.);
#2999=EDGE_CURVE('',#2311,#2344,#1195,.T.);
#3000=EDGE_CURVE('',#2345,#2310,#1196,.T.);
#3001=EDGE_CURVE('',#2309,#2346,#1197,.T.);
#3002=EDGE_CURVE('',#2374,#2374,#2029,.T.);
#3003=EDGE_CURVE('',#2374,#2375,#1198,.T.);
#3004=EDGE_CURVE('',#2375,#2375,#2030,.T.);
#3005=EDGE_CURVE('',#2376,#2376,#2031,.T.);
#3006=EDGE_CURVE('',#2376,#2377,#1199,.T.);
#3007=EDGE_CURVE('',#2377,#2377,#2032,.T.);
#3008=EDGE_CURVE('',#2378,#2378,#2033,.T.);
#3009=EDGE_CURVE('',#2378,#2379,#1200,.T.);
#3010=EDGE_CURVE('',#2379,#2379,#2034,.T.);
#3011=EDGE_CURVE('',#2380,#2380,#2035,.T.);
#3012=EDGE_CURVE('',#2380,#2381,#1201,.T.);
#3013=EDGE_CURVE('',#2381,#2381,#2036,.T.);
#3014=EDGE_CURVE('',#2382,#2382,#2037,.T.);
#3015=EDGE_CURVE('',#2382,#2318,#1202,.T.);
#3016=EDGE_CURVE('',#2383,#2384,#1203,.T.);
#3017=EDGE_CURVE('',#2384,#2385,#1204,.T.);
#3018=EDGE_CURVE('',#2386,#2385,#1205,.T.);
#3019=EDGE_CURVE('',#2383,#2386,#1206,.T.);
#3020=EDGE_CURVE('',#2384,#2387,#1207,.T.);
#3021=EDGE_CURVE('',#2387,#2388,#1208,.T.);
#3022=EDGE_CURVE('',#2385,#2388,#1209,.T.);
#3023=EDGE_CURVE('',#2387,#2324,#1210,.T.);
#3024=EDGE_CURVE('',#2388,#2323,#1211,.T.);
#3025=EDGE_CURVE('',#2389,#2389,#2038,.T.);
#3026=EDGE_CURVE('',#2389,#2319,#1212,.T.);
#3027=EDGE_CURVE('',#2372,#2390,#1213,.T.);
#3028=EDGE_CURVE('',#2390,#2391,#1214,.T.);
#3029=EDGE_CURVE('',#2373,#2391,#1215,.T.);
#3030=EDGE_CURVE('',#2392,#2392,#2039,.T.);
#3031=EDGE_CURVE('',#2392,#2320,#1216,.T.);
#3032=EDGE_CURVE('',#2393,#2394,#1217,.T.);
#3033=EDGE_CURVE('',#2394,#2395,#1218,.T.);
#3034=EDGE_CURVE('',#2396,#2395,#1219,.T.);
#3035=EDGE_CURVE('',#2393,#2396,#1220,.T.);
#3036=EDGE_CURVE('',#2394,#2397,#1221,.T.);
#3037=EDGE_CURVE('',#2397,#2398,#1222,.T.);
#3038=EDGE_CURVE('',#2395,#2398,#1223,.T.);
#3039=EDGE_CURVE('',#2397,#2332,#1224,.T.);
#3040=EDGE_CURVE('',#2398,#2331,#1225,.T.);
#3041=EDGE_CURVE('',#2399,#2399,#2040,.T.);
#3042=EDGE_CURVE('',#2399,#2321,#1226,.T.);
#3043=EDGE_CURVE('',#2400,#2401,#1227,.T.);
#3044=EDGE_CURVE('',#2401,#2402,#1228,.T.);
#3045=EDGE_CURVE('',#2403,#2402,#1229,.T.);
#3046=EDGE_CURVE('',#2400,#2403,#1230,.T.);
#3047=EDGE_CURVE('',#2401,#2404,#1231,.T.);
#3048=EDGE_CURVE('',#2404,#2405,#1232,.T.);
#3049=EDGE_CURVE('',#2402,#2405,#1233,.T.);
#3050=EDGE_CURVE('',#2406,#2404,#1234,.T.);
#3051=EDGE_CURVE('',#2407,#2406,#1235,.T.);
#3052=EDGE_CURVE('',#2405,#2407,#1236,.T.);
#3053=EDGE_CURVE('',#2408,#2370,#1237,.T.);
#3054=EDGE_CURVE('',#2391,#2409,#1238,.T.);
#3055=EDGE_CURVE('',#2409,#2408,#1239,.T.);
#3056=EDGE_CURVE('',#2407,#2410,#1240,.T.);
#3057=EDGE_CURVE('',#2410,#2403,#1241,.T.);
#3058=EDGE_CURVE('',#2334,#2396,#1242,.T.);
#3059=EDGE_CURVE('',#2326,#2386,#1243,.T.);
#3060=EDGE_CURVE('',#2371,#2411,#1244,.T.);
#3061=EDGE_CURVE('',#2412,#2411,#1245,.T.);
#3062=EDGE_CURVE('',#2390,#2412,#1246,.T.);
#3063=EDGE_CURVE('',#2406,#2413,#1247,.T.);
#3064=EDGE_CURVE('',#2413,#2400,#1248,.T.);
#3065=EDGE_CURVE('',#2413,#2410,#1249,.T.);
#3066=EDGE_CURVE('',#2333,#2393,#1250,.T.);
#3067=EDGE_CURVE('',#2325,#2383,#1251,.T.);
#3068=EDGE_CURVE('',#2411,#2408,#1252,.T.);
#3069=EDGE_CURVE('',#2412,#2409,#1253,.T.);
#3070=EDGE_CURVE('',#2414,#2316,#2041,.T.);
#3071=EDGE_CURVE('',#2315,#2415,#2042,.T.);
#3072=EDGE_CURVE('',#2415,#2414,#1254,.T.);
#3073=EDGE_CURVE('',#2416,#2292,#1255,.T.);
#3074=EDGE_CURVE('',#2416,#2417,#1256,.T.);
#3075=EDGE_CURVE('',#2317,#2417,#1257,.T.);
#3076=EDGE_CURVE('',#2414,#2418,#1258,.T.);
#3077=EDGE_CURVE('',#2419,#2418,#2043,.T.);
#3078=EDGE_CURVE('',#2419,#2420,#1259,.T.);
#3079=EDGE_CURVE('',#2421,#2420,#2044,.T.);
#3080=EDGE_CURVE('',#2421,#2422,#1260,.T.);
#3081=EDGE_CURVE('',#2293,#2422,#2045,.T.);
#3082=EDGE_CURVE('',#2422,#2423,#1261,.T.);
#3083=EDGE_CURVE('',#2423,#2294,#2046,.T.);
#3084=EDGE_CURVE('',#2424,#2425,#2047,.T.);
#3085=EDGE_CURVE('',#2425,#2419,#1262,.T.);
#3086=EDGE_CURVE('',#2418,#2424,#1263,.T.);
#3087=EDGE_CURVE('',#2426,#2425,#1264,.T.);
#3088=EDGE_CURVE('',#2420,#2426,#1265,.T.);
#3089=EDGE_CURVE('',#2426,#2427,#2048,.T.);
#3090=EDGE_CURVE('',#2427,#2421,#1266,.T.);
#3091=EDGE_CURVE('',#2423,#2427,#1267,.T.);
#3092=EDGE_CURVE('',#2424,#2415,#1268,.T.);
#3093=EDGE_CURVE('',#2428,#2352,#1269,.T.);
#3094=EDGE_CURVE('',#2429,#2428,#1270,.T.);
#3095=EDGE_CURVE('',#2429,#2353,#1271,.T.);
#3096=EDGE_CURVE('',#2430,#2429,#1272,.T.);
#3097=EDGE_CURVE('',#2430,#2350,#1273,.T.);
#3098=EDGE_CURVE('',#2431,#2430,#1274,.T.);
#3099=EDGE_CURVE('',#2431,#2351,#1275,.T.);
#3100=EDGE_CURVE('',#2428,#2431,#1276,.T.);
#3101=EDGE_CURVE('',#2432,#2433,#1277,.T.);
#3102=EDGE_CURVE('',#2432,#2434,#1278,.T.);
#3103=EDGE_CURVE('',#2435,#2434,#1279,.T.);
#3104=EDGE_CURVE('',#2433,#2435,#1280,.T.);
#3105=EDGE_CURVE('',#2433,#2436,#1281,.T.);
#3106=EDGE_CURVE('',#2437,#2435,#1282,.T.);
#3107=EDGE_CURVE('',#2436,#2437,#1283,.T.);
#3108=EDGE_CURVE('',#2436,#2438,#1284,.T.);
#3109=EDGE_CURVE('',#2439,#2437,#1285,.T.);
#3110=EDGE_CURVE('',#2438,#2439,#1286,.T.);
#3111=EDGE_CURVE('',#2438,#2440,#1287,.T.);
#3112=EDGE_CURVE('',#2441,#2439,#1288,.T.);
#3113=EDGE_CURVE('',#2440,#2441,#1289,.T.);
#3114=EDGE_CURVE('',#2440,#2442,#1290,.T.);
#3115=EDGE_CURVE('',#2443,#2441,#1291,.T.);
#3116=EDGE_CURVE('',#2442,#2443,#1292,.T.);
#3117=EDGE_CURVE('',#2442,#2432,#1293,.T.);
#3118=EDGE_CURVE('',#2434,#2443,#1294,.T.);
#3119=EDGE_CURVE('',#2366,#2444,#1295,.T.);
#3120=EDGE_CURVE('',#2445,#2444,#1296,.T.);
#3121=EDGE_CURVE('',#2367,#2445,#1297,.T.);
#3122=EDGE_CURVE('',#2446,#2445,#1298,.T.);
#3123=EDGE_CURVE('',#2368,#2446,#1299,.T.);
#3124=EDGE_CURVE('',#2447,#2446,#1300,.T.);
#3125=EDGE_CURVE('',#2369,#2447,#1301,.T.);
#3126=EDGE_CURVE('',#2444,#2447,#1302,.T.);
#3127=EDGE_CURVE('',#2448,#2449,#1303,.T.);
#3128=EDGE_CURVE('',#2448,#2450,#1304,.T.);
#3129=EDGE_CURVE('',#2451,#2450,#1305,.T.);
#3130=EDGE_CURVE('',#2449,#2451,#1306,.T.);
#3131=EDGE_CURVE('',#2449,#2452,#1307,.T.);
#3132=EDGE_CURVE('',#2453,#2451,#1308,.T.);
#3133=EDGE_CURVE('',#2452,#2453,#1309,.T.);
#3134=EDGE_CURVE('',#2452,#2454,#1310,.T.);
#3135=EDGE_CURVE('',#2455,#2453,#1311,.T.);
#3136=EDGE_CURVE('',#2454,#2455,#1312,.T.);
#3137=EDGE_CURVE('',#2454,#2456,#1313,.T.);
#3138=EDGE_CURVE('',#2457,#2455,#1314,.T.);
#3139=EDGE_CURVE('',#2456,#2457,#1315,.T.);
#3140=EDGE_CURVE('',#2456,#2458,#1316,.T.);
#3141=EDGE_CURVE('',#2459,#2457,#1317,.T.);
#3142=EDGE_CURVE('',#2458,#2459,#1318,.T.);
#3143=EDGE_CURVE('',#2458,#2448,#1319,.T.);
#3144=EDGE_CURVE('',#2450,#2459,#1320,.T.);
#3145=EDGE_CURVE('',#2354,#2460,#1321,.T.);
#3146=EDGE_CURVE('',#2461,#2460,#1322,.T.);
#3147=EDGE_CURVE('',#2355,#2461,#1323,.T.);
#3148=EDGE_CURVE('',#2462,#2461,#1324,.T.);
#3149=EDGE_CURVE('',#2356,#2462,#1325,.T.);
#3150=EDGE_CURVE('',#2463,#2462,#1326,.T.);
#3151=EDGE_CURVE('',#2357,#2463,#1327,.T.);
#3152=EDGE_CURVE('',#2460,#2463,#1328,.T.);
#3153=EDGE_CURVE('',#2464,#2464,#2049,.T.);
#3154=EDGE_CURVE('',#2465,#2466,#1329,.T.);
#3155=EDGE_CURVE('',#2465,#2467,#1330,.T.);
#3156=EDGE_CURVE('',#2468,#2467,#1331,.T.);
#3157=EDGE_CURVE('',#2466,#2468,#1332,.T.);
#3158=EDGE_CURVE('',#2466,#2469,#1333,.T.);
#3159=EDGE_CURVE('',#2470,#2468,#1334,.T.);
#3160=EDGE_CURVE('',#2469,#2470,#1335,.T.);
#3161=EDGE_CURVE('',#2469,#2471,#1336,.T.);
#3162=EDGE_CURVE('',#2472,#2470,#1337,.T.);
#3163=EDGE_CURVE('',#2471,#2472,#1338,.T.);
#3164=EDGE_CURVE('',#2471,#2473,#1339,.T.);
#3165=EDGE_CURVE('',#2474,#2472,#1340,.T.);
#3166=EDGE_CURVE('',#2473,#2474,#1341,.T.);
#3167=EDGE_CURVE('',#2473,#2475,#1342,.T.);
#3168=EDGE_CURVE('',#2476,#2474,#1343,.T.);
#3169=EDGE_CURVE('',#2475,#2476,#1344,.T.);
#3170=EDGE_CURVE('',#2475,#2465,#1345,.T.);
#3171=EDGE_CURVE('',#2467,#2476,#1346,.T.);
#3172=EDGE_CURVE('',#2362,#2477,#1347,.T.);
#3173=EDGE_CURVE('',#2478,#2477,#1348,.T.);
#3174=EDGE_CURVE('',#2363,#2478,#1349,.T.);
#3175=EDGE_CURVE('',#2479,#2478,#1350,.T.);
#3176=EDGE_CURVE('',#2364,#2479,#1351,.T.);
#3177=EDGE_CURVE('',#2480,#2479,#1352,.T.);
#3178=EDGE_CURVE('',#2365,#2480,#1353,.T.);
#3179=EDGE_CURVE('',#2477,#2480,#1354,.T.);
#3180=EDGE_CURVE('',#2481,#2481,#2050,.T.);
#3181=EDGE_CURVE('',#2482,#2483,#1355,.T.);
#3182=EDGE_CURVE('',#2482,#2484,#1356,.T.);
#3183=EDGE_CURVE('',#2485,#2484,#1357,.T.);
#3184=EDGE_CURVE('',#2483,#2485,#1358,.T.);
#3185=EDGE_CURVE('',#2483,#2486,#1359,.T.);
#3186=EDGE_CURVE('',#2487,#2485,#1360,.T.);
#3187=EDGE_CURVE('',#2486,#2487,#1361,.T.);
#3188=EDGE_CURVE('',#2486,#2488,#1362,.T.);
#3189=EDGE_CURVE('',#2489,#2487,#1363,.T.);
#3190=EDGE_CURVE('',#2488,#2489,#1364,.T.);
#3191=EDGE_CURVE('',#2488,#2490,#1365,.T.);
#3192=EDGE_CURVE('',#2491,#2489,#1366,.T.);
#3193=EDGE_CURVE('',#2490,#2491,#1367,.T.);
#3194=EDGE_CURVE('',#2490,#2492,#1368,.T.);
#3195=EDGE_CURVE('',#2493,#2491,#1369,.T.);
#3196=EDGE_CURVE('',#2492,#2493,#1370,.T.);
#3197=EDGE_CURVE('',#2492,#2482,#1371,.T.);
#3198=EDGE_CURVE('',#2484,#2493,#1372,.T.);
#3199=EDGE_CURVE('',#2358,#2494,#1373,.T.);
#3200=EDGE_CURVE('',#2495,#2494,#1374,.T.);
#3201=EDGE_CURVE('',#2359,#2495,#1375,.T.);
#3202=EDGE_CURVE('',#2496,#2495,#1376,.T.);
#3203=EDGE_CURVE('',#2360,#2496,#1377,.T.);
#3204=EDGE_CURVE('',#2497,#2496,#1378,.T.);
#3205=EDGE_CURVE('',#2361,#2497,#1379,.T.);
#3206=EDGE_CURVE('',#2494,#2497,#1380,.T.);
#3207=EDGE_CURVE('',#2498,#2498,#2051,.T.);
#3208=EDGE_CURVE('',#2481,#2499,#1381,.T.);
#3209=EDGE_CURVE('',#2499,#2499,#2052,.T.);
#3210=EDGE_CURVE('',#2498,#2500,#1382,.T.);
#3211=EDGE_CURVE('',#2500,#2500,#2053,.T.);
#3212=EDGE_CURVE('',#2501,#2501,#2054,.T.);
#3213=EDGE_CURVE('',#2501,#2502,#1383,.T.);
#3214=EDGE_CURVE('',#2502,#2502,#2055,.T.);
#3215=EDGE_CURVE('',#2464,#2503,#1384,.T.);
#3216=EDGE_CURVE('',#2503,#2503,#2056,.T.);
#3217=EDGE_CURVE('',#2183,#2232,#2057,.T.);
#3218=EDGE_CURVE('',#2201,#2504,#1385,.T.);
#3219=EDGE_CURVE('',#2291,#2504,#1386,.T.);
#3220=EDGE_CURVE('',#2281,#2182,#2058,.T.);
#3221=EDGE_CURVE('',#2417,#2280,#2059,.T.);
#3222=EDGE_CURVE('',#2504,#2416,#2060,.T.);
#3223=ORIENTED_EDGE('',*,*,#2505,.T.);
#3224=ORIENTED_EDGE('',*,*,#2506,.T.);
#3225=ORIENTED_EDGE('',*,*,#2507,.T.);
#3226=ORIENTED_EDGE('',*,*,#2508,.T.);
#3227=ORIENTED_EDGE('',*,*,#2509,.T.);
#3228=ORIENTED_EDGE('',*,*,#2510,.T.);
#3229=ORIENTED_EDGE('',*,*,#2511,.T.);
#3230=ORIENTED_EDGE('',*,*,#2512,.T.);
#3231=ORIENTED_EDGE('',*,*,#2509,.F.);
#3232=ORIENTED_EDGE('',*,*,#2513,.T.);
#3233=ORIENTED_EDGE('',*,*,#2507,.F.);
#3234=ORIENTED_EDGE('',*,*,#2514,.T.);
#3235=ORIENTED_EDGE('',*,*,#2515,.T.);
#3236=ORIENTED_EDGE('',*,*,#2516,.T.);
#3237=ORIENTED_EDGE('',*,*,#2517,.T.);
#3238=ORIENTED_EDGE('',*,*,#2516,.F.);
#3239=ORIENTED_EDGE('',*,*,#2518,.T.);
#3240=ORIENTED_EDGE('',*,*,#2511,.F.);
#3241=ORIENTED_EDGE('',*,*,#2508,.F.);
#3242=ORIENTED_EDGE('',*,*,#2519,.F.);
#3243=ORIENTED_EDGE('',*,*,#2520,.F.);
#3244=ORIENTED_EDGE('',*,*,#2521,.F.);
#3245=ORIENTED_EDGE('',*,*,#2522,.T.);
#3246=ORIENTED_EDGE('',*,*,#2523,.T.);
#3247=ORIENTED_EDGE('',*,*,#2513,.F.);
#3248=ORIENTED_EDGE('',*,*,#2524,.T.);
#3249=ORIENTED_EDGE('',*,*,#2525,.T.);
#3250=ORIENTED_EDGE('',*,*,#2519,.T.);
#3251=ORIENTED_EDGE('',*,*,#2512,.F.);
#3252=ORIENTED_EDGE('',*,*,#2526,.F.);
#3253=ORIENTED_EDGE('',*,*,#2527,.F.);
#3254=ORIENTED_EDGE('',*,*,#2524,.F.);
#3255=ORIENTED_EDGE('',*,*,#2518,.F.);
#3256=ORIENTED_EDGE('',*,*,#2528,.T.);
#3257=ORIENTED_EDGE('',*,*,#2529,.T.);
#3258=ORIENTED_EDGE('',*,*,#2526,.T.);
#3259=ORIENTED_EDGE('',*,*,#2515,.F.);
#3260=ORIENTED_EDGE('',*,*,#2530,.T.);
#3261=ORIENTED_EDGE('',*,*,#2531,.T.);
#3262=ORIENTED_EDGE('',*,*,#2532,.F.);
#3263=ORIENTED_EDGE('',*,*,#2533,.F.);
#3264=ORIENTED_EDGE('',*,*,#2528,.F.);
#3265=ORIENTED_EDGE('',*,*,#2534,.T.);
#3266=ORIENTED_EDGE('',*,*,#2535,.T.);
#3267=ORIENTED_EDGE('',*,*,#2536,.T.);
#3268=ORIENTED_EDGE('',*,*,#2537,.T.);
#3269=ORIENTED_EDGE('',*,*,#2538,.T.);
#3270=ORIENTED_EDGE('',*,*,#2539,.T.);
#3271=ORIENTED_EDGE('',*,*,#2540,.T.);
#3272=ORIENTED_EDGE('',*,*,#2541,.T.);
#3273=ORIENTED_EDGE('',*,*,#2538,.F.);
#3274=ORIENTED_EDGE('',*,*,#2542,.T.);
#3275=ORIENTED_EDGE('',*,*,#2536,.F.);
#3276=ORIENTED_EDGE('',*,*,#2543,.T.);
#3277=ORIENTED_EDGE('',*,*,#2544,.T.);
#3278=ORIENTED_EDGE('',*,*,#2545,.T.);
#3279=ORIENTED_EDGE('',*,*,#2546,.T.);
#3280=ORIENTED_EDGE('',*,*,#2545,.F.);
#3281=ORIENTED_EDGE('',*,*,#2547,.T.);
#3282=ORIENTED_EDGE('',*,*,#2540,.F.);
#3283=ORIENTED_EDGE('',*,*,#2537,.F.);
#3284=ORIENTED_EDGE('',*,*,#2548,.F.);
#3285=ORIENTED_EDGE('',*,*,#2549,.F.);
#3286=ORIENTED_EDGE('',*,*,#2550,.F.);
#3287=ORIENTED_EDGE('',*,*,#2551,.T.);
#3288=ORIENTED_EDGE('',*,*,#2552,.T.);
#3289=ORIENTED_EDGE('',*,*,#2542,.F.);
#3290=ORIENTED_EDGE('',*,*,#2553,.T.);
#3291=ORIENTED_EDGE('',*,*,#2554,.T.);
#3292=ORIENTED_EDGE('',*,*,#2548,.T.);
#3293=ORIENTED_EDGE('',*,*,#2541,.F.);
#3294=ORIENTED_EDGE('',*,*,#2555,.F.);
#3295=ORIENTED_EDGE('',*,*,#2556,.F.);
#3296=ORIENTED_EDGE('',*,*,#2553,.F.);
#3297=ORIENTED_EDGE('',*,*,#2547,.F.);
#3298=ORIENTED_EDGE('',*,*,#2557,.T.);
#3299=ORIENTED_EDGE('',*,*,#2558,.T.);
#3300=ORIENTED_EDGE('',*,*,#2555,.T.);
#3301=ORIENTED_EDGE('',*,*,#2544,.F.);
#3302=ORIENTED_EDGE('',*,*,#2559,.T.);
#3303=ORIENTED_EDGE('',*,*,#2560,.T.);
#3304=ORIENTED_EDGE('',*,*,#2561,.F.);
#3305=ORIENTED_EDGE('',*,*,#2562,.F.);
#3306=ORIENTED_EDGE('',*,*,#2557,.F.);
#3307=ORIENTED_EDGE('',*,*,#2563,.T.);
#3308=ORIENTED_EDGE('',*,*,#2564,.T.);
#3309=ORIENTED_EDGE('',*,*,#2565,.T.);
#3310=ORIENTED_EDGE('',*,*,#2566,.T.);
#3311=ORIENTED_EDGE('',*,*,#2567,.T.);
#3312=ORIENTED_EDGE('',*,*,#2568,.T.);
#3313=ORIENTED_EDGE('',*,*,#2569,.T.);
#3314=ORIENTED_EDGE('',*,*,#2570,.T.);
#3315=ORIENTED_EDGE('',*,*,#2571,.T.);
#3316=ORIENTED_EDGE('',*,*,#2572,.T.);
#3317=ORIENTED_EDGE('',*,*,#2573,.T.);
#3318=ORIENTED_EDGE('',*,*,#2574,.T.);
#3319=ORIENTED_EDGE('',*,*,#2573,.F.);
#3320=ORIENTED_EDGE('',*,*,#2575,.T.);
#3321=ORIENTED_EDGE('',*,*,#2567,.F.);
#3322=ORIENTED_EDGE('',*,*,#2569,.F.);
#3323=ORIENTED_EDGE('',*,*,#2576,.T.);
#3324=ORIENTED_EDGE('',*,*,#2565,.F.);
#3325=ORIENTED_EDGE('',*,*,#2566,.F.);
#3326=ORIENTED_EDGE('',*,*,#2577,.F.);
#3327=ORIENTED_EDGE('',*,*,#2578,.F.);
#3328=ORIENTED_EDGE('',*,*,#2579,.F.);
#3329=ORIENTED_EDGE('',*,*,#2580,.T.);
#3330=ORIENTED_EDGE('',*,*,#2581,.F.);
#3331=ORIENTED_EDGE('',*,*,#2576,.F.);
#3332=ORIENTED_EDGE('',*,*,#2582,.T.);
#3333=ORIENTED_EDGE('',*,*,#2583,.T.);
#3334=ORIENTED_EDGE('',*,*,#2577,.T.);
#3335=ORIENTED_EDGE('',*,*,#2568,.F.);
#3336=ORIENTED_EDGE('',*,*,#2584,.F.);
#3337=ORIENTED_EDGE('',*,*,#2585,.F.);
#3338=ORIENTED_EDGE('',*,*,#2582,.F.);
#3339=ORIENTED_EDGE('',*,*,#2575,.F.);
#3340=ORIENTED_EDGE('',*,*,#2586,.T.);
#3341=ORIENTED_EDGE('',*,*,#2587,.T.);
#3342=ORIENTED_EDGE('',*,*,#2584,.T.);
#3343=ORIENTED_EDGE('',*,*,#2572,.F.);
#3344=ORIENTED_EDGE('',*,*,#2588,.F.);
#3345=ORIENTED_EDGE('',*,*,#2589,.T.);
#3346=ORIENTED_EDGE('',*,*,#2590,.F.);
#3347=ORIENTED_EDGE('',*,*,#2591,.F.);
#3348=ORIENTED_EDGE('',*,*,#2586,.F.);
#3349=ORIENTED_EDGE('',*,*,#2592,.T.);
#3350=ORIENTED_EDGE('',*,*,#2593,.T.);
#3351=ORIENTED_EDGE('',*,*,#2594,.T.);
#3352=ORIENTED_EDGE('',*,*,#2595,.T.);
#3353=ORIENTED_EDGE('',*,*,#2596,.T.);
#3354=ORIENTED_EDGE('',*,*,#2597,.T.);
#3355=ORIENTED_EDGE('',*,*,#2598,.T.);
#3356=ORIENTED_EDGE('',*,*,#2599,.T.);
#3357=ORIENTED_EDGE('',*,*,#2600,.T.);
#3358=ORIENTED_EDGE('',*,*,#2601,.T.);
#3359=ORIENTED_EDGE('',*,*,#2602,.T.);
#3360=ORIENTED_EDGE('',*,*,#2603,.T.);
#3361=ORIENTED_EDGE('',*,*,#2602,.F.);
#3362=ORIENTED_EDGE('',*,*,#2604,.T.);
#3363=ORIENTED_EDGE('',*,*,#2596,.F.);
#3364=ORIENTED_EDGE('',*,*,#2598,.F.);
#3365=ORIENTED_EDGE('',*,*,#2605,.T.);
#3366=ORIENTED_EDGE('',*,*,#2594,.F.);
#3367=ORIENTED_EDGE('',*,*,#2595,.F.);
#3368=ORIENTED_EDGE('',*,*,#2606,.F.);
#3369=ORIENTED_EDGE('',*,*,#2607,.F.);
#3370=ORIENTED_EDGE('',*,*,#2608,.F.);
#3371=ORIENTED_EDGE('',*,*,#2609,.T.);
#3372=ORIENTED_EDGE('',*,*,#2610,.F.);
#3373=ORIENTED_EDGE('',*,*,#2605,.F.);
#3374=ORIENTED_EDGE('',*,*,#2611,.T.);
#3375=ORIENTED_EDGE('',*,*,#2612,.T.);
#3376=ORIENTED_EDGE('',*,*,#2606,.T.);
#3377=ORIENTED_EDGE('',*,*,#2597,.F.);
#3378=ORIENTED_EDGE('',*,*,#2613,.F.);
#3379=ORIENTED_EDGE('',*,*,#2614,.F.);
#3380=ORIENTED_EDGE('',*,*,#2611,.F.);
#3381=ORIENTED_EDGE('',*,*,#2604,.F.);
#3382=ORIENTED_EDGE('',*,*,#2615,.T.);
#3383=ORIENTED_EDGE('',*,*,#2616,.T.);
#3384=ORIENTED_EDGE('',*,*,#2613,.T.);
#3385=ORIENTED_EDGE('',*,*,#2601,.F.);
#3386=ORIENTED_EDGE('',*,*,#2617,.F.);
#3387=ORIENTED_EDGE('',*,*,#2618,.T.);
#3388=ORIENTED_EDGE('',*,*,#2619,.F.);
#3389=ORIENTED_EDGE('',*,*,#2620,.F.);
#3390=ORIENTED_EDGE('',*,*,#2615,.F.);
#3391=ORIENTED_EDGE('',*,*,#2554,.F.);
#3392=ORIENTED_EDGE('',*,*,#2621,.F.);
#3393=ORIENTED_EDGE('',*,*,#2622,.F.);
#3394=ORIENTED_EDGE('',*,*,#2623,.F.);
#3395=ORIENTED_EDGE('',*,*,#2624,.F.);
#3396=ORIENTED_EDGE('',*,*,#2558,.F.);
#3397=ORIENTED_EDGE('',*,*,#2621,.T.);
#3398=ORIENTED_EDGE('',*,*,#2556,.T.);
#3399=ORIENTED_EDGE('',*,*,#2624,.T.);
#3400=ORIENTED_EDGE('',*,*,#2625,.T.);
#3401=ORIENTED_EDGE('',*,*,#2626,.T.);
#3402=ORIENTED_EDGE('',*,*,#2627,.T.);
#3403=ORIENTED_EDGE('',*,*,#2628,.T.);
#3404=ORIENTED_EDGE('',*,*,#2629,.T.);
#3405=ORIENTED_EDGE('',*,*,#2623,.T.);
#3406=ORIENTED_EDGE('',*,*,#2562,.T.);
#3407=ORIENTED_EDGE('',*,*,#2626,.F.);
#3408=ORIENTED_EDGE('',*,*,#2630,.T.);
#3409=ORIENTED_EDGE('',*,*,#2631,.T.);
#3410=ORIENTED_EDGE('',*,*,#2549,.T.);
#3411=ORIENTED_EDGE('',*,*,#2622,.T.);
#3412=ORIENTED_EDGE('',*,*,#2632,.T.);
#3413=ORIENTED_EDGE('',*,*,#2633,.T.);
#3414=ORIENTED_EDGE('',*,*,#2634,.T.);
#3415=ORIENTED_EDGE('',*,*,#2631,.F.);
#3416=ORIENTED_EDGE('',*,*,#2635,.T.);
#3417=ORIENTED_EDGE('',*,*,#2627,.F.);
#3418=ORIENTED_EDGE('',*,*,#2561,.T.);
#3419=ORIENTED_EDGE('',*,*,#2636,.T.);
#3420=ORIENTED_EDGE('',*,*,#2637,.T.);
#3421=ORIENTED_EDGE('',*,*,#2535,.F.);
#3422=ORIENTED_EDGE('',*,*,#2638,.T.);
#3423=ORIENTED_EDGE('',*,*,#2546,.F.);
#3424=ORIENTED_EDGE('',*,*,#2539,.F.);
#3425=ORIENTED_EDGE('',*,*,#2525,.F.);
#3426=ORIENTED_EDGE('',*,*,#2639,.F.);
#3427=ORIENTED_EDGE('',*,*,#2640,.F.);
#3428=ORIENTED_EDGE('',*,*,#2641,.F.);
#3429=ORIENTED_EDGE('',*,*,#2642,.F.);
#3430=ORIENTED_EDGE('',*,*,#2529,.F.);
#3431=ORIENTED_EDGE('',*,*,#2639,.T.);
#3432=ORIENTED_EDGE('',*,*,#2527,.T.);
#3433=ORIENTED_EDGE('',*,*,#2642,.T.);
#3434=ORIENTED_EDGE('',*,*,#2643,.T.);
#3435=ORIENTED_EDGE('',*,*,#2644,.T.);
#3436=ORIENTED_EDGE('',*,*,#2645,.T.);
#3437=ORIENTED_EDGE('',*,*,#2646,.T.);
#3438=ORIENTED_EDGE('',*,*,#2647,.T.);
#3439=ORIENTED_EDGE('',*,*,#2641,.T.);
#3440=ORIENTED_EDGE('',*,*,#2533,.T.);
#3441=ORIENTED_EDGE('',*,*,#2644,.F.);
#3442=ORIENTED_EDGE('',*,*,#2648,.T.);
#3443=ORIENTED_EDGE('',*,*,#2649,.T.);
#3444=ORIENTED_EDGE('',*,*,#2520,.T.);
#3445=ORIENTED_EDGE('',*,*,#2640,.T.);
#3446=ORIENTED_EDGE('',*,*,#2650,.T.);
#3447=ORIENTED_EDGE('',*,*,#2651,.T.);
#3448=ORIENTED_EDGE('',*,*,#2652,.T.);
#3449=ORIENTED_EDGE('',*,*,#2649,.F.);
#3450=ORIENTED_EDGE('',*,*,#2653,.T.);
#3451=ORIENTED_EDGE('',*,*,#2645,.F.);
#3452=ORIENTED_EDGE('',*,*,#2532,.T.);
#3453=ORIENTED_EDGE('',*,*,#2654,.T.);
#3454=ORIENTED_EDGE('',*,*,#2655,.T.);
#3455=ORIENTED_EDGE('',*,*,#2506,.F.);
#3456=ORIENTED_EDGE('',*,*,#2656,.T.);
#3457=ORIENTED_EDGE('',*,*,#2517,.F.);
#3458=ORIENTED_EDGE('',*,*,#2510,.F.);
#3459=ORIENTED_EDGE('',*,*,#2657,.F.);
#3460=ORIENTED_EDGE('',*,*,#2658,.F.);
#3461=ORIENTED_EDGE('',*,*,#2587,.F.);
#3462=ORIENTED_EDGE('',*,*,#2659,.F.);
#3463=ORIENTED_EDGE('',*,*,#2583,.F.);
#3464=ORIENTED_EDGE('',*,*,#2660,.F.);
#3465=ORIENTED_EDGE('',*,*,#2658,.T.);
#3466=ORIENTED_EDGE('',*,*,#2661,.T.);
#3467=ORIENTED_EDGE('',*,*,#2660,.T.);
#3468=ORIENTED_EDGE('',*,*,#2585,.T.);
#3469=ORIENTED_EDGE('',*,*,#2662,.T.);
#3470=ORIENTED_EDGE('',*,*,#2578,.T.);
#3471=ORIENTED_EDGE('',*,*,#2659,.T.);
#3472=ORIENTED_EDGE('',*,*,#2663,.T.);
#3473=ORIENTED_EDGE('',*,*,#2664,.T.);
#3474=ORIENTED_EDGE('',*,*,#2665,.T.);
#3475=ORIENTED_EDGE('',*,*,#2662,.F.);
#3476=ORIENTED_EDGE('',*,*,#2666,.T.);
#3477=ORIENTED_EDGE('',*,*,#2667,.T.);
#3478=ORIENTED_EDGE('',*,*,#2668,.T.);
#3479=ORIENTED_EDGE('',*,*,#2657,.T.);
#3480=ORIENTED_EDGE('',*,*,#2591,.T.);
#3481=ORIENTED_EDGE('',*,*,#2669,.T.);
#3482=ORIENTED_EDGE('',*,*,#2670,.T.);
#3483=ORIENTED_EDGE('',*,*,#2667,.F.);
#3484=ORIENTED_EDGE('',*,*,#2671,.T.);
#3485=ORIENTED_EDGE('',*,*,#2665,.F.);
#3486=ORIENTED_EDGE('',*,*,#2672,.T.);
#3487=ORIENTED_EDGE('',*,*,#2673,.F.);
#3488=ORIENTED_EDGE('',*,*,#2579,.T.);
#3489=ORIENTED_EDGE('',*,*,#2666,.F.);
#3490=ORIENTED_EDGE('',*,*,#2663,.F.);
#3491=ORIENTED_EDGE('',*,*,#2661,.F.);
#3492=ORIENTED_EDGE('',*,*,#2668,.F.);
#3493=ORIENTED_EDGE('',*,*,#2670,.F.);
#3494=ORIENTED_EDGE('',*,*,#2674,.F.);
#3495=ORIENTED_EDGE('',*,*,#2675,.F.);
#3496=ORIENTED_EDGE('',*,*,#2676,.F.);
#3497=ORIENTED_EDGE('',*,*,#2616,.F.);
#3498=ORIENTED_EDGE('',*,*,#2612,.F.);
#3499=ORIENTED_EDGE('',*,*,#2677,.F.);
#3500=ORIENTED_EDGE('',*,*,#2678,.F.);
#3501=ORIENTED_EDGE('',*,*,#2676,.T.);
#3502=ORIENTED_EDGE('',*,*,#2679,.T.);
#3503=ORIENTED_EDGE('',*,*,#2677,.T.);
#3504=ORIENTED_EDGE('',*,*,#2614,.T.);
#3505=ORIENTED_EDGE('',*,*,#2680,.T.);
#3506=ORIENTED_EDGE('',*,*,#2607,.T.);
#3507=ORIENTED_EDGE('',*,*,#2678,.T.);
#3508=ORIENTED_EDGE('',*,*,#2681,.T.);
#3509=ORIENTED_EDGE('',*,*,#2682,.T.);
#3510=ORIENTED_EDGE('',*,*,#2683,.T.);
#3511=ORIENTED_EDGE('',*,*,#2680,.F.);
#3512=ORIENTED_EDGE('',*,*,#2684,.T.);
#3513=ORIENTED_EDGE('',*,*,#2685,.T.);
#3514=ORIENTED_EDGE('',*,*,#2686,.T.);
#3515=ORIENTED_EDGE('',*,*,#2675,.T.);
#3516=ORIENTED_EDGE('',*,*,#2620,.T.);
#3517=ORIENTED_EDGE('',*,*,#2687,.T.);
#3518=ORIENTED_EDGE('',*,*,#2688,.T.);
#3519=ORIENTED_EDGE('',*,*,#2685,.F.);
#3520=ORIENTED_EDGE('',*,*,#2689,.T.);
#3521=ORIENTED_EDGE('',*,*,#2683,.F.);
#3522=ORIENTED_EDGE('',*,*,#2690,.T.);
#3523=ORIENTED_EDGE('',*,*,#2691,.F.);
#3524=ORIENTED_EDGE('',*,*,#2608,.T.);
#3525=ORIENTED_EDGE('',*,*,#2684,.F.);
#3526=ORIENTED_EDGE('',*,*,#2681,.F.);
#3527=ORIENTED_EDGE('',*,*,#2679,.F.);
#3528=ORIENTED_EDGE('',*,*,#2686,.F.);
#3529=ORIENTED_EDGE('',*,*,#2688,.F.);
#3530=ORIENTED_EDGE('',*,*,#2692,.F.);
#3531=ORIENTED_EDGE('',*,*,#2689,.F.);
#3532=ORIENTED_EDGE('',*,*,#2619,.T.);
#3533=ORIENTED_EDGE('',*,*,#2693,.T.);
#3534=ORIENTED_EDGE('',*,*,#2694,.T.);
#3535=ORIENTED_EDGE('',*,*,#2671,.F.);
#3536=ORIENTED_EDGE('',*,*,#2590,.T.);
#3537=ORIENTED_EDGE('',*,*,#2695,.T.);
#3538=ORIENTED_EDGE('',*,*,#2696,.T.);
#3539=ORIENTED_EDGE('',*,*,#2634,.F.);
#3540=ORIENTED_EDGE('',*,*,#2697,.T.);
#3541=ORIENTED_EDGE('',*,*,#2698,.F.);
#3542=ORIENTED_EDGE('',*,*,#2550,.T.);
#3543=ORIENTED_EDGE('',*,*,#2652,.F.);
#3544=ORIENTED_EDGE('',*,*,#2699,.T.);
#3545=ORIENTED_EDGE('',*,*,#2700,.F.);
#3546=ORIENTED_EDGE('',*,*,#2521,.T.);
#3547=ORIENTED_EDGE('',*,*,#2563,.F.);
#3548=ORIENTED_EDGE('',*,*,#2581,.T.);
#3549=ORIENTED_EDGE('',*,*,#2701,.F.);
#3550=ORIENTED_EDGE('',*,*,#2588,.T.);
#3551=ORIENTED_EDGE('',*,*,#2571,.F.);
#3552=ORIENTED_EDGE('',*,*,#2702,.T.);
#3553=ORIENTED_EDGE('',*,*,#2564,.F.);
#3554=ORIENTED_EDGE('',*,*,#2702,.F.);
#3555=ORIENTED_EDGE('',*,*,#2574,.F.);
#3556=ORIENTED_EDGE('',*,*,#2570,.F.);
#3557=ORIENTED_EDGE('',*,*,#2592,.F.);
#3558=ORIENTED_EDGE('',*,*,#2610,.T.);
#3559=ORIENTED_EDGE('',*,*,#2703,.F.);
#3560=ORIENTED_EDGE('',*,*,#2617,.T.);
#3561=ORIENTED_EDGE('',*,*,#2600,.F.);
#3562=ORIENTED_EDGE('',*,*,#2704,.T.);
#3563=ORIENTED_EDGE('',*,*,#2593,.F.);
#3564=ORIENTED_EDGE('',*,*,#2704,.F.);
#3565=ORIENTED_EDGE('',*,*,#2603,.F.);
#3566=ORIENTED_EDGE('',*,*,#2599,.F.);
#3567=ORIENTED_EDGE('',*,*,#2629,.F.);
#3568=ORIENTED_EDGE('',*,*,#2705,.F.);
#3569=ORIENTED_EDGE('',*,*,#2635,.F.);
#3570=ORIENTED_EDGE('',*,*,#2632,.F.);
#3571=ORIENTED_EDGE('',*,*,#2625,.F.);
#3572=ORIENTED_EDGE('',*,*,#2630,.F.);
#3573=ORIENTED_EDGE('',*,*,#2534,.F.);
#3574=ORIENTED_EDGE('',*,*,#2552,.F.);
#3575=ORIENTED_EDGE('',*,*,#2706,.F.);
#3576=ORIENTED_EDGE('',*,*,#2559,.F.);
#3577=ORIENTED_EDGE('',*,*,#2543,.F.);
#3578=ORIENTED_EDGE('',*,*,#2638,.F.);
#3579=ORIENTED_EDGE('',*,*,#2647,.F.);
#3580=ORIENTED_EDGE('',*,*,#2707,.F.);
#3581=ORIENTED_EDGE('',*,*,#2653,.F.);
#3582=ORIENTED_EDGE('',*,*,#2650,.F.);
#3583=ORIENTED_EDGE('',*,*,#2643,.F.);
#3584=ORIENTED_EDGE('',*,*,#2648,.F.);
#3585=ORIENTED_EDGE('',*,*,#2505,.F.);
#3586=ORIENTED_EDGE('',*,*,#2523,.F.);
#3587=ORIENTED_EDGE('',*,*,#2708,.F.);
#3588=ORIENTED_EDGE('',*,*,#2530,.F.);
#3589=ORIENTED_EDGE('',*,*,#2514,.F.);
#3590=ORIENTED_EDGE('',*,*,#2656,.F.);
#3591=ORIENTED_EDGE('',*,*,#2694,.F.);
#3592=ORIENTED_EDGE('',*,*,#2709,.F.);
#3593=ORIENTED_EDGE('',*,*,#2710,.F.);
#3594=ORIENTED_EDGE('',*,*,#2711,.T.);
#3595=ORIENTED_EDGE('',*,*,#2712,.F.);
#3596=ORIENTED_EDGE('',*,*,#2713,.F.);
#3597=ORIENTED_EDGE('',*,*,#2672,.F.);
#3598=ORIENTED_EDGE('',*,*,#2664,.F.);
#3599=ORIENTED_EDGE('',*,*,#2674,.T.);
#3600=ORIENTED_EDGE('',*,*,#2669,.F.);
#3601=ORIENTED_EDGE('',*,*,#2696,.F.);
#3602=ORIENTED_EDGE('',*,*,#2714,.F.);
#3603=ORIENTED_EDGE('',*,*,#2690,.F.);
#3604=ORIENTED_EDGE('',*,*,#2682,.F.);
#3605=ORIENTED_EDGE('',*,*,#2692,.T.);
#3606=ORIENTED_EDGE('',*,*,#2687,.F.);
#3607=ORIENTED_EDGE('',*,*,#2715,.F.);
#3608=ORIENTED_EDGE('',*,*,#2716,.F.);
#3609=ORIENTED_EDGE('',*,*,#2717,.F.);
#3610=ORIENTED_EDGE('',*,*,#2718,.F.);
#3611=ORIENTED_EDGE('',*,*,#2719,.F.);
#3612=ORIENTED_EDGE('',*,*,#2720,.F.);
#3613=ORIENTED_EDGE('',*,*,#2721,.F.);
#3614=ORIENTED_EDGE('',*,*,#2722,.F.);
#3615=ORIENTED_EDGE('',*,*,#2721,.T.);
#3616=ORIENTED_EDGE('',*,*,#2717,.T.);
#3617=ORIENTED_EDGE('',*,*,#2723,.F.);
#3618=ORIENTED_EDGE('',*,*,#2724,.T.);
#3619=ORIENTED_EDGE('',*,*,#2725,.F.);
#3620=ORIENTED_EDGE('',*,*,#2726,.F.);
#3621=ORIENTED_EDGE('',*,*,#2727,.F.);
#3622=ORIENTED_EDGE('',*,*,#2726,.T.);
#3623=ORIENTED_EDGE('',*,*,#2719,.T.);
#3624=ORIENTED_EDGE('',*,*,#2728,.F.);
#3625=ORIENTED_EDGE('',*,*,#2723,.T.);
#3626=ORIENTED_EDGE('',*,*,#2729,.F.);
#3627=ORIENTED_EDGE('',*,*,#2730,.F.);
#3628=ORIENTED_EDGE('',*,*,#2731,.F.);
#3629=ORIENTED_EDGE('',*,*,#2722,.T.);
#3630=ORIENTED_EDGE('',*,*,#2731,.T.);
#3631=ORIENTED_EDGE('',*,*,#2732,.T.);
#3632=ORIENTED_EDGE('',*,*,#2733,.T.);
#3633=ORIENTED_EDGE('',*,*,#2728,.T.);
#3634=ORIENTED_EDGE('',*,*,#2733,.F.);
#3635=ORIENTED_EDGE('',*,*,#2734,.F.);
#3636=ORIENTED_EDGE('',*,*,#2735,.F.);
#3637=ORIENTED_EDGE('',*,*,#2727,.T.);
#3638=ORIENTED_EDGE('',*,*,#2735,.T.);
#3639=ORIENTED_EDGE('',*,*,#2736,.T.);
#3640=ORIENTED_EDGE('',*,*,#2737,.F.);
#3641=ORIENTED_EDGE('',*,*,#2738,.T.);
#3642=ORIENTED_EDGE('',*,*,#2739,.F.);
#3643=ORIENTED_EDGE('',*,*,#2736,.F.);
#3644=ORIENTED_EDGE('',*,*,#2740,.F.);
#3645=ORIENTED_EDGE('',*,*,#2741,.F.);
#3646=ORIENTED_EDGE('',*,*,#2740,.T.);
#3647=ORIENTED_EDGE('',*,*,#2734,.T.);
#3648=ORIENTED_EDGE('',*,*,#2742,.F.);
#3649=ORIENTED_EDGE('',*,*,#2718,.T.);
#3650=ORIENTED_EDGE('',*,*,#2720,.T.);
#3651=ORIENTED_EDGE('',*,*,#2725,.T.);
#3652=ORIENTED_EDGE('',*,*,#2743,.F.);
#3653=ORIENTED_EDGE('',*,*,#2742,.T.);
#3654=ORIENTED_EDGE('',*,*,#2732,.F.);
#3655=ORIENTED_EDGE('',*,*,#2744,.T.);
#3656=ORIENTED_EDGE('',*,*,#2745,.F.);
#3657=ORIENTED_EDGE('',*,*,#2741,.T.);
#3658=ORIENTED_EDGE('',*,*,#2745,.T.);
#3659=ORIENTED_EDGE('',*,*,#2746,.T.);
#3660=ORIENTED_EDGE('',*,*,#2747,.T.);
#3661=ORIENTED_EDGE('',*,*,#2748,.T.);
#3662=ORIENTED_EDGE('',*,*,#2749,.F.);
#3663=ORIENTED_EDGE('',*,*,#2750,.T.);
#3664=ORIENTED_EDGE('',*,*,#2751,.F.);
#3665=ORIENTED_EDGE('',*,*,#2752,.T.);
#3666=ORIENTED_EDGE('',*,*,#2753,.F.);
#3667=ORIENTED_EDGE('',*,*,#2754,.F.);
#3668=ORIENTED_EDGE('',*,*,#2755,.T.);
#3669=ORIENTED_EDGE('',*,*,#2756,.F.);
#3670=ORIENTED_EDGE('',*,*,#2746,.F.);
#3671=ORIENTED_EDGE('',*,*,#2757,.F.);
#3672=ORIENTED_EDGE('',*,*,#2758,.F.);
#3673=ORIENTED_EDGE('',*,*,#2730,.T.);
#3674=ORIENTED_EDGE('',*,*,#2757,.T.);
#3675=ORIENTED_EDGE('',*,*,#2744,.F.);
#3676=ORIENTED_EDGE('',*,*,#2759,.T.);
#3677=ORIENTED_EDGE('',*,*,#2760,.F.);
#3678=ORIENTED_EDGE('',*,*,#2761,.F.);
#3679=ORIENTED_EDGE('',*,*,#2748,.F.);
#3680=ORIENTED_EDGE('',*,*,#2762,.F.);
#3681=ORIENTED_EDGE('',*,*,#2763,.F.);
#3682=ORIENTED_EDGE('',*,*,#2764,.T.);
#3683=ORIENTED_EDGE('',*,*,#2754,.T.);
#3684=ORIENTED_EDGE('',*,*,#2765,.F.);
#3685=ORIENTED_EDGE('',*,*,#2766,.T.);
#3686=ORIENTED_EDGE('',*,*,#2767,.T.);
#3687=ORIENTED_EDGE('',*,*,#2768,.T.);
#3688=ORIENTED_EDGE('',*,*,#2769,.F.);
#3689=ORIENTED_EDGE('',*,*,#2770,.T.);
#3690=ORIENTED_EDGE('',*,*,#2771,.F.);
#3691=ORIENTED_EDGE('',*,*,#2772,.F.);
#3692=ORIENTED_EDGE('',*,*,#2768,.F.);
#3693=ORIENTED_EDGE('',*,*,#2773,.T.);
#3694=ORIENTED_EDGE('',*,*,#2774,.F.);
#3695=ORIENTED_EDGE('',*,*,#2775,.T.);
#3696=ORIENTED_EDGE('',*,*,#2776,.T.);
#3697=ORIENTED_EDGE('',*,*,#2767,.F.);
#3698=ORIENTED_EDGE('',*,*,#2777,.F.);
#3699=ORIENTED_EDGE('',*,*,#2776,.F.);
#3700=ORIENTED_EDGE('',*,*,#2778,.F.);
#3701=ORIENTED_EDGE('',*,*,#2779,.F.);
#3702=ORIENTED_EDGE('',*,*,#2780,.F.);
#3703=ORIENTED_EDGE('',*,*,#2781,.F.);
#3704=ORIENTED_EDGE('',*,*,#2752,.F.);
#3705=ORIENTED_EDGE('',*,*,#2782,.F.);
#3706=ORIENTED_EDGE('',*,*,#2780,.T.);
#3707=ORIENTED_EDGE('',*,*,#2783,.T.);
#3708=ORIENTED_EDGE('',*,*,#2784,.F.);
#3709=ORIENTED_EDGE('',*,*,#2775,.F.);
#3710=ORIENTED_EDGE('',*,*,#2763,.T.);
#3711=ORIENTED_EDGE('',*,*,#2773,.F.);
#3712=ORIENTED_EDGE('',*,*,#2785,.F.);
#3713=ORIENTED_EDGE('',*,*,#2766,.F.);
#3714=ORIENTED_EDGE('',*,*,#2760,.T.);
#3715=ORIENTED_EDGE('',*,*,#2786,.F.);
#3716=ORIENTED_EDGE('',*,*,#2787,.F.);
#3717=ORIENTED_EDGE('',*,*,#2771,.T.);
#3718=ORIENTED_EDGE('',*,*,#2788,.F.);
#3719=ORIENTED_EDGE('',*,*,#2750,.F.);
#3720=ORIENTED_EDGE('',*,*,#2762,.T.);
#3721=ORIENTED_EDGE('',*,*,#2753,.T.);
#3722=ORIENTED_EDGE('',*,*,#2781,.T.);
#3723=ORIENTED_EDGE('',*,*,#2782,.T.);
#3724=ORIENTED_EDGE('',*,*,#2774,.T.);
#3725=ORIENTED_EDGE('',*,*,#2784,.T.);
#3726=ORIENTED_EDGE('',*,*,#2789,.T.);
#3727=ORIENTED_EDGE('',*,*,#2769,.T.);
#3728=ORIENTED_EDGE('',*,*,#2778,.T.);
#3729=ORIENTED_EDGE('',*,*,#2779,.T.);
#3730=ORIENTED_EDGE('',*,*,#2751,.T.);
#3731=ORIENTED_EDGE('',*,*,#2788,.T.);
#3732=ORIENTED_EDGE('',*,*,#2770,.F.);
#3733=ORIENTED_EDGE('',*,*,#2789,.F.);
#3734=ORIENTED_EDGE('',*,*,#2783,.F.);
#3735=ORIENTED_EDGE('',*,*,#2785,.T.);
#3736=ORIENTED_EDGE('',*,*,#2777,.T.);
#3737=ORIENTED_EDGE('',*,*,#2786,.T.);
#3738=ORIENTED_EDGE('',*,*,#2790,.F.);
#3739=ORIENTED_EDGE('',*,*,#2761,.T.);
#3740=ORIENTED_EDGE('',*,*,#2765,.T.);
#3741=ORIENTED_EDGE('',*,*,#2772,.T.);
#3742=ORIENTED_EDGE('',*,*,#2787,.T.);
#3743=ORIENTED_EDGE('',*,*,#2749,.T.);
#3744=ORIENTED_EDGE('',*,*,#2716,.T.);
#3745=ORIENTED_EDGE('',*,*,#2791,.T.);
#3746=ORIENTED_EDGE('',*,*,#2792,.F.);
#3747=ORIENTED_EDGE('',*,*,#2758,.T.);
#3748=ORIENTED_EDGE('',*,*,#2729,.T.);
#3749=ORIENTED_EDGE('',*,*,#2756,.T.);
#3750=ORIENTED_EDGE('',*,*,#2792,.T.);
#3751=ORIENTED_EDGE('',*,*,#2793,.F.);
#3752=ORIENTED_EDGE('',*,*,#2794,.F.);
#3753=ORIENTED_EDGE('',*,*,#2795,.T.);
#3754=ORIENTED_EDGE('',*,*,#2764,.F.);
#3755=ORIENTED_EDGE('',*,*,#2790,.T.);
#3756=ORIENTED_EDGE('',*,*,#2759,.F.);
#3757=ORIENTED_EDGE('',*,*,#2796,.T.);
#3758=ORIENTED_EDGE('',*,*,#2797,.T.);
#3759=ORIENTED_EDGE('',*,*,#2798,.T.);
#3760=ORIENTED_EDGE('',*,*,#2799,.T.);
#3761=ORIENTED_EDGE('',*,*,#2800,.T.);
#3762=ORIENTED_EDGE('',*,*,#2801,.T.);
#3763=ORIENTED_EDGE('',*,*,#2802,.T.);
#3764=ORIENTED_EDGE('',*,*,#2803,.T.);
#3765=ORIENTED_EDGE('',*,*,#2804,.T.);
#3766=ORIENTED_EDGE('',*,*,#2803,.F.);
#3767=ORIENTED_EDGE('',*,*,#2805,.T.);
#3768=ORIENTED_EDGE('',*,*,#2799,.F.);
#3769=ORIENTED_EDGE('',*,*,#2806,.F.);
#3770=ORIENTED_EDGE('',*,*,#2807,.T.);
#3771=ORIENTED_EDGE('',*,*,#2808,.T.);
#3772=ORIENTED_EDGE('',*,*,#2809,.T.);
#3773=ORIENTED_EDGE('',*,*,#2808,.F.);
#3774=ORIENTED_EDGE('',*,*,#2810,.T.);
#3775=ORIENTED_EDGE('',*,*,#2801,.F.);
#3776=ORIENTED_EDGE('',*,*,#2805,.F.);
#3777=ORIENTED_EDGE('',*,*,#2811,.T.);
#3778=ORIENTED_EDGE('',*,*,#2812,.T.);
#3779=ORIENTED_EDGE('',*,*,#2813,.T.);
#3780=ORIENTED_EDGE('',*,*,#2802,.F.);
#3781=ORIENTED_EDGE('',*,*,#2814,.F.);
#3782=ORIENTED_EDGE('',*,*,#2815,.F.);
#3783=ORIENTED_EDGE('',*,*,#2811,.F.);
#3784=ORIENTED_EDGE('',*,*,#2810,.F.);
#3785=ORIENTED_EDGE('',*,*,#2816,.T.);
#3786=ORIENTED_EDGE('',*,*,#2817,.T.);
#3787=ORIENTED_EDGE('',*,*,#2814,.T.);
#3788=ORIENTED_EDGE('',*,*,#2807,.F.);
#3789=ORIENTED_EDGE('',*,*,#2818,.F.);
#3790=ORIENTED_EDGE('',*,*,#2819,.F.);
#3791=ORIENTED_EDGE('',*,*,#2820,.F.);
#3792=ORIENTED_EDGE('',*,*,#2816,.F.);
#3793=ORIENTED_EDGE('',*,*,#2821,.F.);
#3794=ORIENTED_EDGE('',*,*,#2822,.T.);
#3795=ORIENTED_EDGE('',*,*,#2823,.T.);
#3796=ORIENTED_EDGE('',*,*,#2820,.T.);
#3797=ORIENTED_EDGE('',*,*,#2823,.F.);
#3798=ORIENTED_EDGE('',*,*,#2824,.T.);
#3799=ORIENTED_EDGE('',*,*,#2817,.F.);
#3800=ORIENTED_EDGE('',*,*,#2798,.F.);
#3801=ORIENTED_EDGE('',*,*,#2825,.F.);
#3802=ORIENTED_EDGE('',*,*,#2809,.F.);
#3803=ORIENTED_EDGE('',*,*,#2804,.F.);
#3804=ORIENTED_EDGE('',*,*,#2824,.F.);
#3805=ORIENTED_EDGE('',*,*,#2826,.T.);
#3806=ORIENTED_EDGE('',*,*,#2827,.F.);
#3807=ORIENTED_EDGE('',*,*,#2815,.T.);
#3808=ORIENTED_EDGE('',*,*,#2822,.F.);
#3809=ORIENTED_EDGE('',*,*,#2828,.T.);
#3810=ORIENTED_EDGE('',*,*,#2829,.T.);
#3811=ORIENTED_EDGE('',*,*,#2830,.T.);
#3812=ORIENTED_EDGE('',*,*,#2831,.F.);
#3813=ORIENTED_EDGE('',*,*,#2832,.T.);
#3814=ORIENTED_EDGE('',*,*,#2833,.F.);
#3815=ORIENTED_EDGE('',*,*,#2834,.T.);
#3816=ORIENTED_EDGE('',*,*,#2835,.F.);
#3817=ORIENTED_EDGE('',*,*,#2836,.T.);
#3818=ORIENTED_EDGE('',*,*,#2837,.F.);
#3819=ORIENTED_EDGE('',*,*,#2826,.F.);
#3820=ORIENTED_EDGE('',*,*,#2838,.T.);
#3821=ORIENTED_EDGE('',*,*,#2839,.T.);
#3822=ORIENTED_EDGE('',*,*,#2840,.T.);
#3823=ORIENTED_EDGE('',*,*,#2837,.T.);
#3824=ORIENTED_EDGE('',*,*,#2812,.F.);
#3825=ORIENTED_EDGE('',*,*,#2827,.T.);
#3826=ORIENTED_EDGE('',*,*,#2840,.F.);
#3827=ORIENTED_EDGE('',*,*,#2841,.T.);
#3828=ORIENTED_EDGE('',*,*,#2835,.T.);
#3829=ORIENTED_EDGE('',*,*,#2842,.T.);
#3830=ORIENTED_EDGE('',*,*,#2843,.T.);
#3831=ORIENTED_EDGE('',*,*,#2844,.T.);
#3832=ORIENTED_EDGE('',*,*,#2829,.F.);
#3833=ORIENTED_EDGE('',*,*,#2845,.T.);
#3834=ORIENTED_EDGE('',*,*,#2846,.T.);
#3835=ORIENTED_EDGE('',*,*,#2847,.T.);
#3836=ORIENTED_EDGE('',*,*,#2848,.F.);
#3837=ORIENTED_EDGE('',*,*,#2849,.F.);
#3838=ORIENTED_EDGE('',*,*,#2850,.F.);
#3839=ORIENTED_EDGE('',*,*,#2851,.T.);
#3840=ORIENTED_EDGE('',*,*,#2848,.T.);
#3841=ORIENTED_EDGE('',*,*,#2852,.T.);
#3842=ORIENTED_EDGE('',*,*,#2853,.T.);
#3843=ORIENTED_EDGE('',*,*,#2854,.F.);
#3844=ORIENTED_EDGE('',*,*,#2855,.F.);
#3845=ORIENTED_EDGE('',*,*,#2856,.F.);
#3846=ORIENTED_EDGE('',*,*,#2857,.F.);
#3847=ORIENTED_EDGE('',*,*,#2858,.T.);
#3848=ORIENTED_EDGE('',*,*,#2849,.T.);
#3849=ORIENTED_EDGE('',*,*,#2859,.T.);
#3850=ORIENTED_EDGE('',*,*,#2856,.T.);
#3851=ORIENTED_EDGE('',*,*,#2860,.T.);
#3852=ORIENTED_EDGE('',*,*,#2861,.T.);
#3853=ORIENTED_EDGE('',*,*,#2831,.T.);
#3854=ORIENTED_EDGE('',*,*,#2862,.T.);
#3855=ORIENTED_EDGE('',*,*,#2863,.T.);
#3856=ORIENTED_EDGE('',*,*,#2864,.T.);
#3857=ORIENTED_EDGE('',*,*,#2857,.T.);
#3858=ORIENTED_EDGE('',*,*,#2865,.T.);
#3859=ORIENTED_EDGE('',*,*,#2866,.F.);
#3860=ORIENTED_EDGE('',*,*,#2863,.F.);
#3861=ORIENTED_EDGE('',*,*,#2846,.F.);
#3862=ORIENTED_EDGE('',*,*,#2867,.T.);
#3863=ORIENTED_EDGE('',*,*,#2855,.T.);
#3864=ORIENTED_EDGE('',*,*,#2850,.T.);
#3865=ORIENTED_EDGE('',*,*,#2868,.T.);
#3866=ORIENTED_EDGE('',*,*,#2843,.F.);
#3867=ORIENTED_EDGE('',*,*,#2869,.T.);
#3868=ORIENTED_EDGE('',*,*,#2833,.T.);
#3869=ORIENTED_EDGE('',*,*,#2870,.T.);
#3870=ORIENTED_EDGE('',*,*,#2853,.F.);
#3871=ORIENTED_EDGE('',*,*,#2844,.F.);
#3872=ORIENTED_EDGE('',*,*,#2858,.F.);
#3873=ORIENTED_EDGE('',*,*,#2864,.F.);
#3874=ORIENTED_EDGE('',*,*,#2862,.F.);
#3875=ORIENTED_EDGE('',*,*,#2830,.F.);
#3876=ORIENTED_EDGE('',*,*,#2865,.F.);
#3877=ORIENTED_EDGE('',*,*,#2859,.F.);
#3878=ORIENTED_EDGE('',*,*,#2851,.F.);
#3879=ORIENTED_EDGE('',*,*,#2871,.F.);
#3880=ORIENTED_EDGE('',*,*,#2861,.F.);
#3881=ORIENTED_EDGE('',*,*,#2866,.T.);
#3882=ORIENTED_EDGE('',*,*,#2871,.T.);
#3883=ORIENTED_EDGE('',*,*,#2854,.T.);
#3884=ORIENTED_EDGE('',*,*,#2870,.F.);
#3885=ORIENTED_EDGE('',*,*,#2832,.F.);
#3886=ORIENTED_EDGE('',*,*,#2867,.F.);
#3887=ORIENTED_EDGE('',*,*,#2872,.F.);
#3888=ORIENTED_EDGE('',*,*,#2868,.F.);
#3889=ORIENTED_EDGE('',*,*,#2860,.F.);
#3890=ORIENTED_EDGE('',*,*,#2842,.F.);
#3891=ORIENTED_EDGE('',*,*,#2834,.F.);
#3892=ORIENTED_EDGE('',*,*,#2869,.F.);
#3893=ORIENTED_EDGE('',*,*,#2852,.F.);
#3894=ORIENTED_EDGE('',*,*,#2847,.F.);
#3895=ORIENTED_EDGE('',*,*,#2845,.F.);
#3896=ORIENTED_EDGE('',*,*,#2873,.T.);
#3897=ORIENTED_EDGE('',*,*,#2841,.F.);
#3898=ORIENTED_EDGE('',*,*,#2872,.T.);
#3899=ORIENTED_EDGE('',*,*,#2800,.F.);
#3900=ORIENTED_EDGE('',*,*,#2813,.F.);
#3901=ORIENTED_EDGE('',*,*,#2839,.F.);
#3902=ORIENTED_EDGE('',*,*,#2874,.F.);
#3903=ORIENTED_EDGE('',*,*,#2875,.F.);
#3904=ORIENTED_EDGE('',*,*,#2819,.T.);
#3905=ORIENTED_EDGE('',*,*,#2876,.F.);
#3906=ORIENTED_EDGE('',*,*,#2877,.F.);
#3907=ORIENTED_EDGE('',*,*,#2878,.T.);
#3908=ORIENTED_EDGE('',*,*,#2821,.T.);
#3909=ORIENTED_EDGE('',*,*,#2874,.T.);
#3910=ORIENTED_EDGE('',*,*,#2838,.F.);
#3911=ORIENTED_EDGE('',*,*,#2879,.T.);
#3912=ORIENTED_EDGE('',*,*,#2880,.F.);
#3913=ORIENTED_EDGE('',*,*,#2881,.F.);
#3914=ORIENTED_EDGE('',*,*,#2882,.F.);
#3915=ORIENTED_EDGE('',*,*,#2883,.T.);
#3916=ORIENTED_EDGE('',*,*,#2884,.T.);
#3917=ORIENTED_EDGE('',*,*,#2885,.T.);
#3918=ORIENTED_EDGE('',*,*,#2883,.F.);
#3919=ORIENTED_EDGE('',*,*,#2886,.F.);
#3920=ORIENTED_EDGE('',*,*,#2887,.F.);
#3921=ORIENTED_EDGE('',*,*,#2888,.F.);
#3922=ORIENTED_EDGE('',*,*,#2889,.T.);
#3923=ORIENTED_EDGE('',*,*,#2887,.T.);
#3924=ORIENTED_EDGE('',*,*,#2890,.T.);
#3925=ORIENTED_EDGE('',*,*,#2891,.T.);
#3926=ORIENTED_EDGE('',*,*,#2818,.T.);
#3927=ORIENTED_EDGE('',*,*,#2806,.T.);
#3928=ORIENTED_EDGE('',*,*,#2825,.T.);
#3929=ORIENTED_EDGE('',*,*,#2797,.F.);
#3930=ORIENTED_EDGE('',*,*,#2875,.T.);
#3931=ORIENTED_EDGE('',*,*,#2881,.T.);
#3932=ORIENTED_EDGE('',*,*,#2892,.F.);
#3933=ORIENTED_EDGE('',*,*,#2709,.T.);
#3934=ORIENTED_EDGE('',*,*,#2693,.F.);
#3935=ORIENTED_EDGE('',*,*,#2618,.F.);
#3936=ORIENTED_EDGE('',*,*,#2703,.T.);
#3937=ORIENTED_EDGE('',*,*,#2609,.F.);
#3938=ORIENTED_EDGE('',*,*,#2691,.T.);
#3939=ORIENTED_EDGE('',*,*,#2714,.T.);
#3940=ORIENTED_EDGE('',*,*,#2695,.F.);
#3941=ORIENTED_EDGE('',*,*,#2589,.F.);
#3942=ORIENTED_EDGE('',*,*,#2701,.T.);
#3943=ORIENTED_EDGE('',*,*,#2580,.F.);
#3944=ORIENTED_EDGE('',*,*,#2673,.T.);
#3945=ORIENTED_EDGE('',*,*,#2713,.T.);
#3946=ORIENTED_EDGE('',*,*,#2893,.F.);
#3947=ORIENTED_EDGE('',*,*,#2793,.T.);
#3948=ORIENTED_EDGE('',*,*,#2791,.F.);
#3949=ORIENTED_EDGE('',*,*,#2715,.T.);
#3950=ORIENTED_EDGE('',*,*,#2743,.T.);
#3951=ORIENTED_EDGE('',*,*,#2724,.F.);
#3952=ORIENTED_EDGE('',*,*,#2738,.F.);
#3953=ORIENTED_EDGE('',*,*,#2894,.T.);
#3954=ORIENTED_EDGE('',*,*,#2895,.F.);
#3955=ORIENTED_EDGE('',*,*,#2896,.T.);
#3956=ORIENTED_EDGE('',*,*,#2654,.F.);
#3957=ORIENTED_EDGE('',*,*,#2531,.F.);
#3958=ORIENTED_EDGE('',*,*,#2708,.T.);
#3959=ORIENTED_EDGE('',*,*,#2522,.F.);
#3960=ORIENTED_EDGE('',*,*,#2700,.T.);
#3961=ORIENTED_EDGE('',*,*,#2897,.T.);
#3962=ORIENTED_EDGE('',*,*,#2898,.F.);
#3963=ORIENTED_EDGE('',*,*,#2899,.T.);
#3964=ORIENTED_EDGE('',*,*,#2884,.F.);
#3965=ORIENTED_EDGE('',*,*,#2888,.T.);
#3966=ORIENTED_EDGE('',*,*,#2889,.F.);
#3967=ORIENTED_EDGE('',*,*,#2900,.T.);
#3968=ORIENTED_EDGE('',*,*,#2901,.F.);
#3969=ORIENTED_EDGE('',*,*,#2902,.T.);
#3970=ORIENTED_EDGE('',*,*,#2903,.F.);
#3971=ORIENTED_EDGE('',*,*,#2904,.F.);
#3972=ORIENTED_EDGE('',*,*,#2905,.F.);
#3973=ORIENTED_EDGE('',*,*,#2906,.F.);
#3974=ORIENTED_EDGE('',*,*,#2907,.F.);
#3975=ORIENTED_EDGE('',*,*,#2908,.T.);
#3976=ORIENTED_EDGE('',*,*,#2909,.F.);
#3977=ORIENTED_EDGE('',*,*,#2910,.T.);
#3978=ORIENTED_EDGE('',*,*,#2911,.F.);
#3979=ORIENTED_EDGE('',*,*,#2912,.T.);
#3980=ORIENTED_EDGE('',*,*,#2913,.F.);
#3981=ORIENTED_EDGE('',*,*,#2914,.T.);
#3982=ORIENTED_EDGE('',*,*,#2915,.F.);
#3983=ORIENTED_EDGE('',*,*,#2916,.F.);
#3984=ORIENTED_EDGE('',*,*,#2917,.F.);
#3985=ORIENTED_EDGE('',*,*,#2918,.F.);
#3986=ORIENTED_EDGE('',*,*,#2919,.F.);
#3987=ORIENTED_EDGE('',*,*,#2920,.T.);
#3988=ORIENTED_EDGE('',*,*,#2921,.F.);
#3989=ORIENTED_EDGE('',*,*,#2922,.T.);
#3990=ORIENTED_EDGE('',*,*,#2636,.F.);
#3991=ORIENTED_EDGE('',*,*,#2560,.F.);
#3992=ORIENTED_EDGE('',*,*,#2706,.T.);
#3993=ORIENTED_EDGE('',*,*,#2551,.F.);
#3994=ORIENTED_EDGE('',*,*,#2698,.T.);
#3995=ORIENTED_EDGE('',*,*,#2923,.T.);
#3996=ORIENTED_EDGE('',*,*,#2924,.F.);
#3997=ORIENTED_EDGE('',*,*,#2876,.T.);
#3998=ORIENTED_EDGE('',*,*,#2925,.T.);
#3999=ORIENTED_EDGE('',*,*,#2926,.T.);
#4000=ORIENTED_EDGE('',*,*,#2927,.T.);
#4001=ORIENTED_EDGE('',*,*,#2928,.T.);
#4002=ORIENTED_EDGE('',*,*,#2891,.F.);
#4003=ORIENTED_EDGE('',*,*,#2929,.F.);
#4004=ORIENTED_EDGE('',*,*,#2930,.F.);
#4005=ORIENTED_EDGE('',*,*,#2900,.F.);
#4006=ORIENTED_EDGE('',*,*,#2931,.T.);
#4007=ORIENTED_EDGE('',*,*,#2932,.T.);
#4008=ORIENTED_EDGE('',*,*,#2933,.T.);
#4009=ORIENTED_EDGE('',*,*,#2934,.F.);
#4010=ORIENTED_EDGE('',*,*,#2935,.F.);
#4011=ORIENTED_EDGE('',*,*,#2936,.T.);
#4012=ORIENTED_EDGE('',*,*,#2901,.T.);
#4013=ORIENTED_EDGE('',*,*,#2930,.T.);
#4014=ORIENTED_EDGE('',*,*,#2936,.F.);
#4015=ORIENTED_EDGE('',*,*,#2937,.T.);
#4016=ORIENTED_EDGE('',*,*,#2938,.F.);
#4017=ORIENTED_EDGE('',*,*,#2902,.F.);
#4018=ORIENTED_EDGE('',*,*,#2939,.F.);
#4019=ORIENTED_EDGE('',*,*,#2940,.T.);
#4020=ORIENTED_EDGE('',*,*,#2903,.T.);
#4021=ORIENTED_EDGE('',*,*,#2938,.T.);
#4022=ORIENTED_EDGE('',*,*,#2940,.F.);
#4023=ORIENTED_EDGE('',*,*,#2941,.F.);
#4024=ORIENTED_EDGE('',*,*,#2942,.F.);
#4025=ORIENTED_EDGE('',*,*,#2904,.T.);
#4026=ORIENTED_EDGE('',*,*,#2943,.T.);
#4027=ORIENTED_EDGE('',*,*,#2944,.T.);
#4028=ORIENTED_EDGE('',*,*,#2945,.T.);
#4029=ORIENTED_EDGE('',*,*,#2946,.F.);
#4030=ORIENTED_EDGE('',*,*,#2905,.T.);
#4031=ORIENTED_EDGE('',*,*,#2942,.T.);
#4032=ORIENTED_EDGE('',*,*,#2947,.T.);
#4033=ORIENTED_EDGE('',*,*,#2948,.T.);
#4034=ORIENTED_EDGE('',*,*,#2948,.F.);
#4035=ORIENTED_EDGE('',*,*,#2949,.F.);
#4036=ORIENTED_EDGE('',*,*,#2950,.F.);
#4037=ORIENTED_EDGE('',*,*,#2906,.T.);
#4038=ORIENTED_EDGE('',*,*,#2951,.F.);
#4039=ORIENTED_EDGE('',*,*,#2952,.T.);
#4040=ORIENTED_EDGE('',*,*,#2907,.T.);
#4041=ORIENTED_EDGE('',*,*,#2950,.T.);
#4042=ORIENTED_EDGE('',*,*,#2952,.F.);
#4043=ORIENTED_EDGE('',*,*,#2953,.T.);
#4044=ORIENTED_EDGE('',*,*,#2954,.F.);
#4045=ORIENTED_EDGE('',*,*,#2908,.F.);
#4046=ORIENTED_EDGE('',*,*,#2955,.F.);
#4047=ORIENTED_EDGE('',*,*,#2956,.T.);
#4048=ORIENTED_EDGE('',*,*,#2913,.T.);
#4049=ORIENTED_EDGE('',*,*,#2957,.T.);
#4050=ORIENTED_EDGE('',*,*,#2882,.T.);
#4051=ORIENTED_EDGE('',*,*,#2958,.F.);
#4052=ORIENTED_EDGE('',*,*,#2959,.T.);
#4053=ORIENTED_EDGE('',*,*,#2960,.T.);
#4054=ORIENTED_EDGE('',*,*,#2961,.F.);
#4055=ORIENTED_EDGE('',*,*,#2962,.T.);
#4056=ORIENTED_EDGE('',*,*,#2963,.T.);
#4057=ORIENTED_EDGE('',*,*,#2964,.F.);
#4058=ORIENTED_EDGE('',*,*,#2955,.T.);
#4059=ORIENTED_EDGE('',*,*,#2965,.T.);
#4060=ORIENTED_EDGE('',*,*,#2966,.F.);
#4061=ORIENTED_EDGE('',*,*,#2967,.T.);
#4062=ORIENTED_EDGE('',*,*,#2968,.T.);
#4063=ORIENTED_EDGE('',*,*,#2953,.F.);
#4064=ORIENTED_EDGE('',*,*,#2951,.T.);
#4065=ORIENTED_EDGE('',*,*,#2949,.T.);
#4066=ORIENTED_EDGE('',*,*,#2947,.F.);
#4067=ORIENTED_EDGE('',*,*,#2941,.T.);
#4068=ORIENTED_EDGE('',*,*,#2939,.T.);
#4069=ORIENTED_EDGE('',*,*,#2937,.F.);
#4070=ORIENTED_EDGE('',*,*,#2935,.T.);
#4071=ORIENTED_EDGE('',*,*,#2929,.T.);
#4072=ORIENTED_EDGE('',*,*,#2890,.F.);
#4073=ORIENTED_EDGE('',*,*,#2886,.T.);
#4074=ORIENTED_EDGE('',*,*,#2969,.T.);
#4075=ORIENTED_EDGE('',*,*,#2970,.T.);
#4076=ORIENTED_EDGE('',*,*,#2971,.T.);
#4077=ORIENTED_EDGE('',*,*,#2972,.T.);
#4078=ORIENTED_EDGE('',*,*,#2973,.T.);
#4079=ORIENTED_EDGE('',*,*,#2974,.T.);
#4080=ORIENTED_EDGE('',*,*,#2975,.T.);
#4081=ORIENTED_EDGE('',*,*,#2976,.T.);
#4082=ORIENTED_EDGE('',*,*,#2977,.T.);
#4083=ORIENTED_EDGE('',*,*,#2978,.T.);
#4084=ORIENTED_EDGE('',*,*,#2979,.T.);
#4085=ORIENTED_EDGE('',*,*,#2980,.T.);
#4086=ORIENTED_EDGE('',*,*,#2981,.T.);
#4087=ORIENTED_EDGE('',*,*,#2982,.T.);
#4088=ORIENTED_EDGE('',*,*,#2983,.T.);
#4089=ORIENTED_EDGE('',*,*,#2984,.T.);
#4090=ORIENTED_EDGE('',*,*,#2985,.T.);
#4091=ORIENTED_EDGE('',*,*,#2986,.T.);
#4092=ORIENTED_EDGE('',*,*,#2987,.T.);
#4093=ORIENTED_EDGE('',*,*,#2988,.T.);
#4094=ORIENTED_EDGE('',*,*,#2957,.F.);
#4095=ORIENTED_EDGE('',*,*,#2912,.F.);
#4096=ORIENTED_EDGE('',*,*,#2989,.F.);
#4097=ORIENTED_EDGE('',*,*,#2965,.F.);
#4098=ORIENTED_EDGE('',*,*,#2990,.T.);
#4099=ORIENTED_EDGE('',*,*,#2991,.T.);
#4100=ORIENTED_EDGE('',*,*,#2992,.T.);
#4101=ORIENTED_EDGE('',*,*,#2993,.F.);
#4102=ORIENTED_EDGE('',*,*,#2911,.T.);
#4103=ORIENTED_EDGE('',*,*,#2994,.T.);
#4104=ORIENTED_EDGE('',*,*,#2966,.T.);
#4105=ORIENTED_EDGE('',*,*,#2989,.T.);
#4106=ORIENTED_EDGE('',*,*,#2968,.F.);
#4107=ORIENTED_EDGE('',*,*,#2995,.T.);
#4108=ORIENTED_EDGE('',*,*,#2909,.T.);
#4109=ORIENTED_EDGE('',*,*,#2954,.T.);
#4110=ORIENTED_EDGE('',*,*,#2994,.F.);
#4111=ORIENTED_EDGE('',*,*,#2910,.F.);
#4112=ORIENTED_EDGE('',*,*,#2995,.F.);
#4113=ORIENTED_EDGE('',*,*,#2967,.F.);
#4114=ORIENTED_EDGE('',*,*,#2959,.F.);
#4115=ORIENTED_EDGE('',*,*,#2996,.T.);
#4116=ORIENTED_EDGE('',*,*,#2919,.T.);
#4117=ORIENTED_EDGE('',*,*,#2997,.T.);
#4118=ORIENTED_EDGE('',*,*,#2997,.F.);
#4119=ORIENTED_EDGE('',*,*,#2918,.T.);
#4120=ORIENTED_EDGE('',*,*,#2998,.F.);
#4121=ORIENTED_EDGE('',*,*,#2960,.F.);
#4122=ORIENTED_EDGE('',*,*,#2917,.T.);
#4123=ORIENTED_EDGE('',*,*,#2999,.T.);
#4124=ORIENTED_EDGE('',*,*,#2961,.T.);
#4125=ORIENTED_EDGE('',*,*,#2998,.T.);
#4126=ORIENTED_EDGE('',*,*,#2963,.F.);
#4127=ORIENTED_EDGE('',*,*,#3000,.T.);
#4128=ORIENTED_EDGE('',*,*,#2915,.T.);
#4129=ORIENTED_EDGE('',*,*,#3001,.T.);
#4130=ORIENTED_EDGE('',*,*,#2956,.F.);
#4131=ORIENTED_EDGE('',*,*,#2964,.T.);
#4132=ORIENTED_EDGE('',*,*,#3001,.F.);
#4133=ORIENTED_EDGE('',*,*,#2914,.F.);
#4134=ORIENTED_EDGE('',*,*,#3002,.F.);
#4135=ORIENTED_EDGE('',*,*,#3003,.T.);
#4136=ORIENTED_EDGE('',*,*,#3004,.T.);
#4137=ORIENTED_EDGE('',*,*,#3003,.F.);
#4138=ORIENTED_EDGE('',*,*,#3004,.F.);
#4139=ORIENTED_EDGE('',*,*,#3005,.F.);
#4140=ORIENTED_EDGE('',*,*,#3006,.T.);
#4141=ORIENTED_EDGE('',*,*,#3007,.T.);
#4142=ORIENTED_EDGE('',*,*,#3006,.F.);
#4143=ORIENTED_EDGE('',*,*,#3007,.F.);
#4144=ORIENTED_EDGE('',*,*,#3008,.F.);
#4145=ORIENTED_EDGE('',*,*,#3009,.T.);
#4146=ORIENTED_EDGE('',*,*,#3010,.T.);
#4147=ORIENTED_EDGE('',*,*,#3009,.F.);
#4148=ORIENTED_EDGE('',*,*,#3010,.F.);
#4149=ORIENTED_EDGE('',*,*,#3011,.F.);
#4150=ORIENTED_EDGE('',*,*,#3012,.T.);
#4151=ORIENTED_EDGE('',*,*,#3013,.T.);
#4152=ORIENTED_EDGE('',*,*,#3012,.F.);
#4153=ORIENTED_EDGE('',*,*,#3013,.F.);
#4154=ORIENTED_EDGE('',*,*,#3014,.F.);
#4155=ORIENTED_EDGE('',*,*,#3015,.T.);
#4156=ORIENTED_EDGE('',*,*,#2925,.F.);
#4157=ORIENTED_EDGE('',*,*,#3015,.F.);
#4158=ORIENTED_EDGE('',*,*,#3016,.T.);
#4159=ORIENTED_EDGE('',*,*,#3017,.T.);
#4160=ORIENTED_EDGE('',*,*,#3018,.F.);
#4161=ORIENTED_EDGE('',*,*,#3019,.F.);
#4162=ORIENTED_EDGE('',*,*,#3020,.T.);
#4163=ORIENTED_EDGE('',*,*,#3021,.T.);
#4164=ORIENTED_EDGE('',*,*,#3022,.F.);
#4165=ORIENTED_EDGE('',*,*,#3017,.F.);
#4166=ORIENTED_EDGE('',*,*,#3023,.T.);
#4167=ORIENTED_EDGE('',*,*,#2931,.F.);
#4168=ORIENTED_EDGE('',*,*,#3024,.F.);
#4169=ORIENTED_EDGE('',*,*,#3021,.F.);
#4170=ORIENTED_EDGE('',*,*,#3025,.F.);
#4171=ORIENTED_EDGE('',*,*,#3026,.T.);
#4172=ORIENTED_EDGE('',*,*,#2926,.F.);
#4173=ORIENTED_EDGE('',*,*,#3026,.F.);
#4174=ORIENTED_EDGE('',*,*,#3027,.T.);
#4175=ORIENTED_EDGE('',*,*,#3028,.T.);
#4176=ORIENTED_EDGE('',*,*,#3029,.F.);
#4177=ORIENTED_EDGE('',*,*,#2992,.F.);
#4178=ORIENTED_EDGE('',*,*,#3030,.F.);
#4179=ORIENTED_EDGE('',*,*,#3031,.T.);
#4180=ORIENTED_EDGE('',*,*,#2927,.F.);
#4181=ORIENTED_EDGE('',*,*,#3031,.F.);
#4182=ORIENTED_EDGE('',*,*,#3032,.T.);
#4183=ORIENTED_EDGE('',*,*,#3033,.T.);
#4184=ORIENTED_EDGE('',*,*,#3034,.F.);
#4185=ORIENTED_EDGE('',*,*,#3035,.F.);
#4186=ORIENTED_EDGE('',*,*,#3036,.T.);
#4187=ORIENTED_EDGE('',*,*,#3037,.T.);
#4188=ORIENTED_EDGE('',*,*,#3038,.F.);
#4189=ORIENTED_EDGE('',*,*,#3033,.F.);
#4190=ORIENTED_EDGE('',*,*,#3039,.T.);
#4191=ORIENTED_EDGE('',*,*,#2943,.F.);
#4192=ORIENTED_EDGE('',*,*,#3040,.F.);
#4193=ORIENTED_EDGE('',*,*,#3037,.F.);
#4194=ORIENTED_EDGE('',*,*,#3041,.F.);
#4195=ORIENTED_EDGE('',*,*,#3042,.T.);
#4196=ORIENTED_EDGE('',*,*,#2928,.F.);
#4197=ORIENTED_EDGE('',*,*,#3042,.F.);
#4198=ORIENTED_EDGE('',*,*,#3043,.T.);
#4199=ORIENTED_EDGE('',*,*,#3044,.T.);
#4200=ORIENTED_EDGE('',*,*,#3045,.F.);
#4201=ORIENTED_EDGE('',*,*,#3046,.F.);
#4202=ORIENTED_EDGE('',*,*,#3047,.T.);
#4203=ORIENTED_EDGE('',*,*,#3048,.T.);
#4204=ORIENTED_EDGE('',*,*,#3049,.F.);
#4205=ORIENTED_EDGE('',*,*,#3044,.F.);
#4206=ORIENTED_EDGE('',*,*,#3050,.F.);
#4207=ORIENTED_EDGE('',*,*,#3051,.F.);
#4208=ORIENTED_EDGE('',*,*,#3052,.F.);
#4209=ORIENTED_EDGE('',*,*,#3048,.F.);
#4210=ORIENTED_EDGE('',*,*,#3053,.T.);
#4211=ORIENTED_EDGE('',*,*,#2993,.T.);
#4212=ORIENTED_EDGE('',*,*,#3029,.T.);
#4213=ORIENTED_EDGE('',*,*,#3054,.T.);
#4214=ORIENTED_EDGE('',*,*,#3055,.T.);
#4215=ORIENTED_EDGE('',*,*,#3005,.T.);
#4216=ORIENTED_EDGE('',*,*,#3052,.T.);
#4217=ORIENTED_EDGE('',*,*,#3056,.T.);
#4218=ORIENTED_EDGE('',*,*,#3057,.T.);
#4219=ORIENTED_EDGE('',*,*,#3045,.T.);
#4220=ORIENTED_EDGE('',*,*,#3049,.T.);
#4221=ORIENTED_EDGE('',*,*,#3011,.T.);
#4222=ORIENTED_EDGE('',*,*,#3040,.T.);
#4223=ORIENTED_EDGE('',*,*,#2946,.T.);
#4224=ORIENTED_EDGE('',*,*,#3058,.T.);
#4225=ORIENTED_EDGE('',*,*,#3034,.T.);
#4226=ORIENTED_EDGE('',*,*,#3038,.T.);
#4227=ORIENTED_EDGE('',*,*,#3008,.T.);
#4228=ORIENTED_EDGE('',*,*,#3024,.T.);
#4229=ORIENTED_EDGE('',*,*,#2934,.T.);
#4230=ORIENTED_EDGE('',*,*,#3059,.T.);
#4231=ORIENTED_EDGE('',*,*,#3018,.T.);
#4232=ORIENTED_EDGE('',*,*,#3022,.T.);
#4233=ORIENTED_EDGE('',*,*,#3002,.T.);
#4234=ORIENTED_EDGE('',*,*,#3060,.T.);
#4235=ORIENTED_EDGE('',*,*,#3061,.F.);
#4236=ORIENTED_EDGE('',*,*,#3062,.F.);
#4237=ORIENTED_EDGE('',*,*,#3027,.F.);
#4238=ORIENTED_EDGE('',*,*,#2991,.F.);
#4239=ORIENTED_EDGE('',*,*,#3025,.T.);
#4240=ORIENTED_EDGE('',*,*,#3063,.F.);
#4241=ORIENTED_EDGE('',*,*,#3050,.T.);
#4242=ORIENTED_EDGE('',*,*,#3047,.F.);
#4243=ORIENTED_EDGE('',*,*,#3043,.F.);
#4244=ORIENTED_EDGE('',*,*,#3064,.F.);
#4245=ORIENTED_EDGE('',*,*,#3041,.T.);
#4246=ORIENTED_EDGE('',*,*,#3064,.T.);
#4247=ORIENTED_EDGE('',*,*,#3046,.T.);
#4248=ORIENTED_EDGE('',*,*,#3057,.F.);
#4249=ORIENTED_EDGE('',*,*,#3065,.F.);
#4250=ORIENTED_EDGE('',*,*,#2944,.F.);
#4251=ORIENTED_EDGE('',*,*,#3039,.F.);
#4252=ORIENTED_EDGE('',*,*,#3036,.F.);
#4253=ORIENTED_EDGE('',*,*,#3032,.F.);
#4254=ORIENTED_EDGE('',*,*,#3066,.F.);
#4255=ORIENTED_EDGE('',*,*,#3030,.T.);
#4256=ORIENTED_EDGE('',*,*,#3067,.F.);
#4257=ORIENTED_EDGE('',*,*,#2932,.F.);
#4258=ORIENTED_EDGE('',*,*,#3023,.F.);
#4259=ORIENTED_EDGE('',*,*,#3020,.F.);
#4260=ORIENTED_EDGE('',*,*,#3016,.F.);
#4261=ORIENTED_EDGE('',*,*,#3014,.T.);
#4262=ORIENTED_EDGE('',*,*,#3067,.T.);
#4263=ORIENTED_EDGE('',*,*,#3019,.T.);
#4264=ORIENTED_EDGE('',*,*,#3059,.F.);
#4265=ORIENTED_EDGE('',*,*,#2933,.F.);
#4266=ORIENTED_EDGE('',*,*,#2999,.F.);
#4267=ORIENTED_EDGE('',*,*,#2916,.T.);
#4268=ORIENTED_EDGE('',*,*,#3000,.F.);
#4269=ORIENTED_EDGE('',*,*,#2962,.F.);
#4270=ORIENTED_EDGE('',*,*,#3051,.T.);
#4271=ORIENTED_EDGE('',*,*,#3063,.T.);
#4272=ORIENTED_EDGE('',*,*,#3065,.T.);
#4273=ORIENTED_EDGE('',*,*,#3056,.F.);
#4274=ORIENTED_EDGE('',*,*,#3066,.T.);
#4275=ORIENTED_EDGE('',*,*,#3035,.T.);
#4276=ORIENTED_EDGE('',*,*,#3058,.F.);
#4277=ORIENTED_EDGE('',*,*,#2945,.F.);
#4278=ORIENTED_EDGE('',*,*,#3060,.F.);
#4279=ORIENTED_EDGE('',*,*,#2990,.F.);
#4280=ORIENTED_EDGE('',*,*,#3053,.F.);
#4281=ORIENTED_EDGE('',*,*,#3068,.F.);
#4282=ORIENTED_EDGE('',*,*,#3061,.T.);
#4283=ORIENTED_EDGE('',*,*,#3068,.T.);
#4284=ORIENTED_EDGE('',*,*,#3055,.F.);
#4285=ORIENTED_EDGE('',*,*,#3069,.F.);
#4286=ORIENTED_EDGE('',*,*,#3062,.T.);
#4287=ORIENTED_EDGE('',*,*,#3069,.T.);
#4288=ORIENTED_EDGE('',*,*,#3054,.F.);
#4289=ORIENTED_EDGE('',*,*,#3028,.F.);
#4290=ORIENTED_EDGE('',*,*,#3070,.T.);
#4291=ORIENTED_EDGE('',*,*,#2921,.T.);
#4292=ORIENTED_EDGE('',*,*,#3071,.T.);
#4293=ORIENTED_EDGE('',*,*,#3072,.T.);
#4294=ORIENTED_EDGE('',*,*,#2655,.F.);
#4295=ORIENTED_EDGE('',*,*,#2896,.F.);
#4296=ORIENTED_EDGE('',*,*,#3073,.F.);
#4297=ORIENTED_EDGE('',*,*,#3074,.T.);
#4298=ORIENTED_EDGE('',*,*,#3075,.F.);
#4299=ORIENTED_EDGE('',*,*,#2923,.F.);
#4300=ORIENTED_EDGE('',*,*,#2697,.F.);
#4301=ORIENTED_EDGE('',*,*,#2633,.F.);
#4302=ORIENTED_EDGE('',*,*,#2705,.T.);
#4303=ORIENTED_EDGE('',*,*,#2628,.F.);
#4304=ORIENTED_EDGE('',*,*,#2637,.F.);
#4305=ORIENTED_EDGE('',*,*,#2922,.F.);
#4306=ORIENTED_EDGE('',*,*,#3070,.F.);
#4307=ORIENTED_EDGE('',*,*,#3076,.T.);
#4308=ORIENTED_EDGE('',*,*,#3077,.F.);
#4309=ORIENTED_EDGE('',*,*,#3078,.T.);
#4310=ORIENTED_EDGE('',*,*,#3079,.F.);
#4311=ORIENTED_EDGE('',*,*,#3080,.T.);
#4312=ORIENTED_EDGE('',*,*,#3081,.F.);
#4313=ORIENTED_EDGE('',*,*,#2897,.F.);
#4314=ORIENTED_EDGE('',*,*,#2699,.F.);
#4315=ORIENTED_EDGE('',*,*,#2651,.F.);
#4316=ORIENTED_EDGE('',*,*,#2707,.T.);
#4317=ORIENTED_EDGE('',*,*,#2646,.F.);
#4318=ORIENTED_EDGE('',*,*,#3081,.T.);
#4319=ORIENTED_EDGE('',*,*,#3082,.T.);
#4320=ORIENTED_EDGE('',*,*,#3083,.T.);
#4321=ORIENTED_EDGE('',*,*,#2898,.T.);
#4322=ORIENTED_EDGE('',*,*,#3084,.T.);
#4323=ORIENTED_EDGE('',*,*,#3085,.T.);
#4324=ORIENTED_EDGE('',*,*,#3077,.T.);
#4325=ORIENTED_EDGE('',*,*,#3086,.T.);
#4326=ORIENTED_EDGE('',*,*,#3085,.F.);
#4327=ORIENTED_EDGE('',*,*,#3087,.F.);
#4328=ORIENTED_EDGE('',*,*,#3088,.F.);
#4329=ORIENTED_EDGE('',*,*,#3078,.F.);
#4330=ORIENTED_EDGE('',*,*,#3079,.T.);
#4331=ORIENTED_EDGE('',*,*,#3088,.T.);
#4332=ORIENTED_EDGE('',*,*,#3089,.T.);
#4333=ORIENTED_EDGE('',*,*,#3090,.T.);
#4334=ORIENTED_EDGE('',*,*,#3082,.F.);
#4335=ORIENTED_EDGE('',*,*,#3080,.F.);
#4336=ORIENTED_EDGE('',*,*,#3090,.F.);
#4337=ORIENTED_EDGE('',*,*,#3091,.F.);
#4338=ORIENTED_EDGE('',*,*,#3072,.F.);
#4339=ORIENTED_EDGE('',*,*,#3092,.F.);
#4340=ORIENTED_EDGE('',*,*,#3086,.F.);
#4341=ORIENTED_EDGE('',*,*,#3076,.F.);
#4342=ORIENTED_EDGE('',*,*,#2971,.F.);
#4343=ORIENTED_EDGE('',*,*,#3093,.F.);
#4344=ORIENTED_EDGE('',*,*,#3094,.F.);
#4345=ORIENTED_EDGE('',*,*,#3095,.T.);
#4346=ORIENTED_EDGE('',*,*,#2972,.F.);
#4347=ORIENTED_EDGE('',*,*,#3095,.F.);
#4348=ORIENTED_EDGE('',*,*,#3096,.F.);
#4349=ORIENTED_EDGE('',*,*,#3097,.T.);
#4350=ORIENTED_EDGE('',*,*,#2969,.F.);
#4351=ORIENTED_EDGE('',*,*,#3097,.F.);
#4352=ORIENTED_EDGE('',*,*,#3098,.F.);
#4353=ORIENTED_EDGE('',*,*,#3099,.T.);
#4354=ORIENTED_EDGE('',*,*,#2970,.F.);
#4355=ORIENTED_EDGE('',*,*,#3099,.F.);
#4356=ORIENTED_EDGE('',*,*,#3100,.F.);
#4357=ORIENTED_EDGE('',*,*,#3093,.T.);
#4358=ORIENTED_EDGE('',*,*,#3101,.F.);
#4359=ORIENTED_EDGE('',*,*,#3102,.T.);
#4360=ORIENTED_EDGE('',*,*,#3103,.F.);
#4361=ORIENTED_EDGE('',*,*,#3104,.F.);
#4362=ORIENTED_EDGE('',*,*,#3105,.F.);
#4363=ORIENTED_EDGE('',*,*,#3104,.T.);
#4364=ORIENTED_EDGE('',*,*,#3106,.F.);
#4365=ORIENTED_EDGE('',*,*,#3107,.F.);
#4366=ORIENTED_EDGE('',*,*,#3108,.F.);
#4367=ORIENTED_EDGE('',*,*,#3107,.T.);
#4368=ORIENTED_EDGE('',*,*,#3109,.F.);
#4369=ORIENTED_EDGE('',*,*,#3110,.F.);
#4370=ORIENTED_EDGE('',*,*,#3111,.F.);
#4371=ORIENTED_EDGE('',*,*,#3110,.T.);
#4372=ORIENTED_EDGE('',*,*,#3112,.F.);
#4373=ORIENTED_EDGE('',*,*,#3113,.F.);
#4374=ORIENTED_EDGE('',*,*,#3114,.F.);
#4375=ORIENTED_EDGE('',*,*,#3113,.T.);
#4376=ORIENTED_EDGE('',*,*,#3115,.F.);
#4377=ORIENTED_EDGE('',*,*,#3116,.F.);
#4378=ORIENTED_EDGE('',*,*,#3117,.F.);
#4379=ORIENTED_EDGE('',*,*,#3116,.T.);
#4380=ORIENTED_EDGE('',*,*,#3118,.F.);
#4381=ORIENTED_EDGE('',*,*,#3102,.F.);
#4382=ORIENTED_EDGE('',*,*,#2985,.F.);
#4383=ORIENTED_EDGE('',*,*,#3119,.T.);
#4384=ORIENTED_EDGE('',*,*,#3120,.F.);
#4385=ORIENTED_EDGE('',*,*,#3121,.F.);
#4386=ORIENTED_EDGE('',*,*,#2986,.F.);
#4387=ORIENTED_EDGE('',*,*,#3121,.T.);
#4388=ORIENTED_EDGE('',*,*,#3122,.F.);
#4389=ORIENTED_EDGE('',*,*,#3123,.F.);
#4390=ORIENTED_EDGE('',*,*,#2987,.F.);
#4391=ORIENTED_EDGE('',*,*,#3123,.T.);
#4392=ORIENTED_EDGE('',*,*,#3124,.F.);
#4393=ORIENTED_EDGE('',*,*,#3125,.F.);
#4394=ORIENTED_EDGE('',*,*,#2988,.F.);
#4395=ORIENTED_EDGE('',*,*,#3125,.T.);
#4396=ORIENTED_EDGE('',*,*,#3126,.F.);
#4397=ORIENTED_EDGE('',*,*,#3119,.F.);
#4398=ORIENTED_EDGE('',*,*,#3126,.T.);
#4399=ORIENTED_EDGE('',*,*,#3124,.T.);
#4400=ORIENTED_EDGE('',*,*,#3122,.T.);
#4401=ORIENTED_EDGE('',*,*,#3120,.T.);
#4402=ORIENTED_EDGE('',*,*,#3118,.T.);
#4403=ORIENTED_EDGE('',*,*,#3115,.T.);
#4404=ORIENTED_EDGE('',*,*,#3112,.T.);
#4405=ORIENTED_EDGE('',*,*,#3109,.T.);
#4406=ORIENTED_EDGE('',*,*,#3106,.T.);
#4407=ORIENTED_EDGE('',*,*,#3103,.T.);
#4408=ORIENTED_EDGE('',*,*,#3127,.F.);
#4409=ORIENTED_EDGE('',*,*,#3128,.T.);
#4410=ORIENTED_EDGE('',*,*,#3129,.F.);
#4411=ORIENTED_EDGE('',*,*,#3130,.F.);
#4412=ORIENTED_EDGE('',*,*,#3131,.F.);
#4413=ORIENTED_EDGE('',*,*,#3130,.T.);
#4414=ORIENTED_EDGE('',*,*,#3132,.F.);
#4415=ORIENTED_EDGE('',*,*,#3133,.F.);
#4416=ORIENTED_EDGE('',*,*,#3134,.F.);
#4417=ORIENTED_EDGE('',*,*,#3133,.T.);
#4418=ORIENTED_EDGE('',*,*,#3135,.F.);
#4419=ORIENTED_EDGE('',*,*,#3136,.F.);
#4420=ORIENTED_EDGE('',*,*,#3137,.F.);
#4421=ORIENTED_EDGE('',*,*,#3136,.T.);
#4422=ORIENTED_EDGE('',*,*,#3138,.F.);
#4423=ORIENTED_EDGE('',*,*,#3139,.F.);
#4424=ORIENTED_EDGE('',*,*,#3140,.F.);
#4425=ORIENTED_EDGE('',*,*,#3139,.T.);
#4426=ORIENTED_EDGE('',*,*,#3141,.F.);
#4427=ORIENTED_EDGE('',*,*,#3142,.F.);
#4428=ORIENTED_EDGE('',*,*,#3143,.F.);
#4429=ORIENTED_EDGE('',*,*,#3142,.T.);
#4430=ORIENTED_EDGE('',*,*,#3144,.F.);
#4431=ORIENTED_EDGE('',*,*,#3128,.F.);
#4432=ORIENTED_EDGE('',*,*,#2973,.F.);
#4433=ORIENTED_EDGE('',*,*,#3145,.T.);
#4434=ORIENTED_EDGE('',*,*,#3146,.F.);
#4435=ORIENTED_EDGE('',*,*,#3147,.F.);
#4436=ORIENTED_EDGE('',*,*,#2974,.F.);
#4437=ORIENTED_EDGE('',*,*,#3147,.T.);
#4438=ORIENTED_EDGE('',*,*,#3148,.F.);
#4439=ORIENTED_EDGE('',*,*,#3149,.F.);
#4440=ORIENTED_EDGE('',*,*,#2975,.F.);
#4441=ORIENTED_EDGE('',*,*,#3149,.T.);
#4442=ORIENTED_EDGE('',*,*,#3150,.F.);
#4443=ORIENTED_EDGE('',*,*,#3151,.F.);
#4444=ORIENTED_EDGE('',*,*,#2976,.F.);
#4445=ORIENTED_EDGE('',*,*,#3151,.T.);
#4446=ORIENTED_EDGE('',*,*,#3152,.F.);
#4447=ORIENTED_EDGE('',*,*,#3145,.F.);
#4448=ORIENTED_EDGE('',*,*,#3152,.T.);
#4449=ORIENTED_EDGE('',*,*,#3150,.T.);
#4450=ORIENTED_EDGE('',*,*,#3148,.T.);
#4451=ORIENTED_EDGE('',*,*,#3146,.T.);
#4452=ORIENTED_EDGE('',*,*,#3144,.T.);
#4453=ORIENTED_EDGE('',*,*,#3141,.T.);
#4454=ORIENTED_EDGE('',*,*,#3138,.T.);
#4455=ORIENTED_EDGE('',*,*,#3135,.T.);
#4456=ORIENTED_EDGE('',*,*,#3132,.T.);
#4457=ORIENTED_EDGE('',*,*,#3129,.T.);
#4458=ORIENTED_EDGE('',*,*,#3101,.T.);
#4459=ORIENTED_EDGE('',*,*,#3105,.T.);
#4460=ORIENTED_EDGE('',*,*,#3108,.T.);
#4461=ORIENTED_EDGE('',*,*,#3111,.T.);
#4462=ORIENTED_EDGE('',*,*,#3114,.T.);
#4463=ORIENTED_EDGE('',*,*,#3117,.T.);
#4464=ORIENTED_EDGE('',*,*,#3153,.T.);
#4465=ORIENTED_EDGE('',*,*,#3154,.F.);
#4466=ORIENTED_EDGE('',*,*,#3155,.T.);
#4467=ORIENTED_EDGE('',*,*,#3156,.F.);
#4468=ORIENTED_EDGE('',*,*,#3157,.F.);
#4469=ORIENTED_EDGE('',*,*,#3158,.F.);
#4470=ORIENTED_EDGE('',*,*,#3157,.T.);
#4471=ORIENTED_EDGE('',*,*,#3159,.F.);
#4472=ORIENTED_EDGE('',*,*,#3160,.F.);
#4473=ORIENTED_EDGE('',*,*,#3161,.F.);
#4474=ORIENTED_EDGE('',*,*,#3160,.T.);
#4475=ORIENTED_EDGE('',*,*,#3162,.F.);
#4476=ORIENTED_EDGE('',*,*,#3163,.F.);
#4477=ORIENTED_EDGE('',*,*,#3164,.F.);
#4478=ORIENTED_EDGE('',*,*,#3163,.T.);
#4479=ORIENTED_EDGE('',*,*,#3165,.F.);
#4480=ORIENTED_EDGE('',*,*,#3166,.F.);
#4481=ORIENTED_EDGE('',*,*,#3167,.F.);
#4482=ORIENTED_EDGE('',*,*,#3166,.T.);
#4483=ORIENTED_EDGE('',*,*,#3168,.F.);
#4484=ORIENTED_EDGE('',*,*,#3169,.F.);
#4485=ORIENTED_EDGE('',*,*,#3170,.F.);
#4486=ORIENTED_EDGE('',*,*,#3169,.T.);
#4487=ORIENTED_EDGE('',*,*,#3171,.F.);
#4488=ORIENTED_EDGE('',*,*,#3155,.F.);
#4489=ORIENTED_EDGE('',*,*,#2981,.F.);
#4490=ORIENTED_EDGE('',*,*,#3172,.T.);
#4491=ORIENTED_EDGE('',*,*,#3173,.F.);
#4492=ORIENTED_EDGE('',*,*,#3174,.F.);
#4493=ORIENTED_EDGE('',*,*,#2982,.F.);
#4494=ORIENTED_EDGE('',*,*,#3174,.T.);
#4495=ORIENTED_EDGE('',*,*,#3175,.F.);
#4496=ORIENTED_EDGE('',*,*,#3176,.F.);
#4497=ORIENTED_EDGE('',*,*,#2983,.F.);
#4498=ORIENTED_EDGE('',*,*,#3176,.T.);
#4499=ORIENTED_EDGE('',*,*,#3177,.F.);
#4500=ORIENTED_EDGE('',*,*,#3178,.F.);
#4501=ORIENTED_EDGE('',*,*,#2984,.F.);
#4502=ORIENTED_EDGE('',*,*,#3178,.T.);
#4503=ORIENTED_EDGE('',*,*,#3179,.F.);
#4504=ORIENTED_EDGE('',*,*,#3172,.F.);
#4505=ORIENTED_EDGE('',*,*,#3179,.T.);
#4506=ORIENTED_EDGE('',*,*,#3177,.T.);
#4507=ORIENTED_EDGE('',*,*,#3175,.T.);
#4508=ORIENTED_EDGE('',*,*,#3173,.T.);
#4509=ORIENTED_EDGE('',*,*,#3171,.T.);
#4510=ORIENTED_EDGE('',*,*,#3168,.T.);
#4511=ORIENTED_EDGE('',*,*,#3165,.T.);
#4512=ORIENTED_EDGE('',*,*,#3162,.T.);
#4513=ORIENTED_EDGE('',*,*,#3159,.T.);
#4514=ORIENTED_EDGE('',*,*,#3156,.T.);
#4515=ORIENTED_EDGE('',*,*,#3127,.T.);
#4516=ORIENTED_EDGE('',*,*,#3131,.T.);
#4517=ORIENTED_EDGE('',*,*,#3134,.T.);
#4518=ORIENTED_EDGE('',*,*,#3137,.T.);
#4519=ORIENTED_EDGE('',*,*,#3140,.T.);
#4520=ORIENTED_EDGE('',*,*,#3143,.T.);
#4521=ORIENTED_EDGE('',*,*,#3180,.T.);
#4522=ORIENTED_EDGE('',*,*,#3181,.F.);
#4523=ORIENTED_EDGE('',*,*,#3182,.T.);
#4524=ORIENTED_EDGE('',*,*,#3183,.F.);
#4525=ORIENTED_EDGE('',*,*,#3184,.F.);
#4526=ORIENTED_EDGE('',*,*,#3185,.F.);
#4527=ORIENTED_EDGE('',*,*,#3184,.T.);
#4528=ORIENTED_EDGE('',*,*,#3186,.F.);
#4529=ORIENTED_EDGE('',*,*,#3187,.F.);
#4530=ORIENTED_EDGE('',*,*,#3188,.F.);
#4531=ORIENTED_EDGE('',*,*,#3187,.T.);
#4532=ORIENTED_EDGE('',*,*,#3189,.F.);
#4533=ORIENTED_EDGE('',*,*,#3190,.F.);
#4534=ORIENTED_EDGE('',*,*,#3191,.F.);
#4535=ORIENTED_EDGE('',*,*,#3190,.T.);
#4536=ORIENTED_EDGE('',*,*,#3192,.F.);
#4537=ORIENTED_EDGE('',*,*,#3193,.F.);
#4538=ORIENTED_EDGE('',*,*,#3194,.F.);
#4539=ORIENTED_EDGE('',*,*,#3193,.T.);
#4540=ORIENTED_EDGE('',*,*,#3195,.F.);
#4541=ORIENTED_EDGE('',*,*,#3196,.F.);
#4542=ORIENTED_EDGE('',*,*,#3197,.F.);
#4543=ORIENTED_EDGE('',*,*,#3196,.T.);
#4544=ORIENTED_EDGE('',*,*,#3198,.F.);
#4545=ORIENTED_EDGE('',*,*,#3182,.F.);
#4546=ORIENTED_EDGE('',*,*,#2977,.F.);
#4547=ORIENTED_EDGE('',*,*,#3199,.T.);
#4548=ORIENTED_EDGE('',*,*,#3200,.F.);
#4549=ORIENTED_EDGE('',*,*,#3201,.F.);
#4550=ORIENTED_EDGE('',*,*,#2978,.F.);
#4551=ORIENTED_EDGE('',*,*,#3201,.T.);
#4552=ORIENTED_EDGE('',*,*,#3202,.F.);
#4553=ORIENTED_EDGE('',*,*,#3203,.F.);
#4554=ORIENTED_EDGE('',*,*,#2979,.F.);
#4555=ORIENTED_EDGE('',*,*,#3203,.T.);
#4556=ORIENTED_EDGE('',*,*,#3204,.F.);
#4557=ORIENTED_EDGE('',*,*,#3205,.F.);
#4558=ORIENTED_EDGE('',*,*,#2980,.F.);
#4559=ORIENTED_EDGE('',*,*,#3205,.T.);
#4560=ORIENTED_EDGE('',*,*,#3206,.F.);
#4561=ORIENTED_EDGE('',*,*,#3199,.F.);
#4562=ORIENTED_EDGE('',*,*,#3206,.T.);
#4563=ORIENTED_EDGE('',*,*,#3204,.T.);
#4564=ORIENTED_EDGE('',*,*,#3202,.T.);
#4565=ORIENTED_EDGE('',*,*,#3200,.T.);
#4566=ORIENTED_EDGE('',*,*,#3198,.T.);
#4567=ORIENTED_EDGE('',*,*,#3195,.T.);
#4568=ORIENTED_EDGE('',*,*,#3192,.T.);
#4569=ORIENTED_EDGE('',*,*,#3189,.T.);
#4570=ORIENTED_EDGE('',*,*,#3186,.T.);
#4571=ORIENTED_EDGE('',*,*,#3183,.T.);
#4572=ORIENTED_EDGE('',*,*,#3154,.T.);
#4573=ORIENTED_EDGE('',*,*,#3158,.T.);
#4574=ORIENTED_EDGE('',*,*,#3161,.T.);
#4575=ORIENTED_EDGE('',*,*,#3164,.T.);
#4576=ORIENTED_EDGE('',*,*,#3167,.T.);
#4577=ORIENTED_EDGE('',*,*,#3170,.T.);
#4578=ORIENTED_EDGE('',*,*,#3207,.T.);
#4579=ORIENTED_EDGE('',*,*,#3180,.F.);
#4580=ORIENTED_EDGE('',*,*,#3208,.T.);
#4581=ORIENTED_EDGE('',*,*,#3209,.T.);
#4582=ORIENTED_EDGE('',*,*,#3208,.F.);
#4583=ORIENTED_EDGE('',*,*,#3207,.F.);
#4584=ORIENTED_EDGE('',*,*,#3210,.T.);
#4585=ORIENTED_EDGE('',*,*,#3211,.T.);
#4586=ORIENTED_EDGE('',*,*,#3210,.F.);
#4587=ORIENTED_EDGE('',*,*,#3212,.F.);
#4588=ORIENTED_EDGE('',*,*,#3213,.T.);
#4589=ORIENTED_EDGE('',*,*,#3214,.T.);
#4590=ORIENTED_EDGE('',*,*,#3213,.F.);
#4591=ORIENTED_EDGE('',*,*,#3153,.F.);
#4592=ORIENTED_EDGE('',*,*,#3215,.T.);
#4593=ORIENTED_EDGE('',*,*,#3216,.T.);
#4594=ORIENTED_EDGE('',*,*,#3215,.F.);
#4595=ORIENTED_EDGE('',*,*,#3181,.T.);
#4596=ORIENTED_EDGE('',*,*,#3185,.T.);
#4597=ORIENTED_EDGE('',*,*,#3188,.T.);
#4598=ORIENTED_EDGE('',*,*,#3191,.T.);
#4599=ORIENTED_EDGE('',*,*,#3194,.T.);
#4600=ORIENTED_EDGE('',*,*,#3197,.T.);
#4601=ORIENTED_EDGE('',*,*,#3212,.T.);
#4602=ORIENTED_EDGE('',*,*,#2885,.F.);
#4603=ORIENTED_EDGE('',*,*,#2899,.F.);
#4604=ORIENTED_EDGE('',*,*,#3083,.F.);
#4605=ORIENTED_EDGE('',*,*,#3091,.T.);
#4606=ORIENTED_EDGE('',*,*,#3089,.F.);
#4607=ORIENTED_EDGE('',*,*,#3087,.T.);
#4608=ORIENTED_EDGE('',*,*,#3084,.F.);
#4609=ORIENTED_EDGE('',*,*,#3092,.T.);
#4610=ORIENTED_EDGE('',*,*,#3071,.F.);
#4611=ORIENTED_EDGE('',*,*,#2920,.F.);
#4612=ORIENTED_EDGE('',*,*,#2996,.F.);
#4613=ORIENTED_EDGE('',*,*,#2958,.T.);
#4614=ORIENTED_EDGE('',*,*,#2893,.T.);
#4615=ORIENTED_EDGE('',*,*,#2712,.T.);
#4616=ORIENTED_EDGE('',*,*,#3217,.T.);
#4617=ORIENTED_EDGE('',*,*,#2794,.T.);
#4618=ORIENTED_EDGE('',*,*,#2739,.T.);
#4619=ORIENTED_EDGE('',*,*,#3218,.T.);
#4620=ORIENTED_EDGE('',*,*,#3219,.F.);
#4621=ORIENTED_EDGE('',*,*,#2894,.F.);
#4622=ORIENTED_EDGE('',*,*,#2737,.T.);
#4623=ORIENTED_EDGE('',*,*,#3217,.F.);
#4624=ORIENTED_EDGE('',*,*,#2711,.F.);
#4625=ORIENTED_EDGE('',*,*,#3220,.F.);
#4626=ORIENTED_EDGE('',*,*,#2879,.F.);
#4627=ORIENTED_EDGE('',*,*,#2836,.F.);
#4628=ORIENTED_EDGE('',*,*,#2873,.F.);
#4629=ORIENTED_EDGE('',*,*,#2828,.F.);
#4630=ORIENTED_EDGE('',*,*,#2878,.F.);
#4631=ORIENTED_EDGE('',*,*,#3221,.F.);
#4632=ORIENTED_EDGE('',*,*,#3074,.F.);
#4633=ORIENTED_EDGE('',*,*,#3222,.F.);
#4634=ORIENTED_EDGE('',*,*,#3218,.F.);
#4635=ORIENTED_EDGE('',*,*,#2755,.F.);
#4636=ORIENTED_EDGE('',*,*,#2796,.F.);
#4637=ORIENTED_EDGE('',*,*,#2747,.F.);
#4638=ORIENTED_EDGE('',*,*,#2795,.F.);
#4639=ORIENTED_EDGE('',*,*,#3098,.T.);
#4640=ORIENTED_EDGE('',*,*,#3096,.T.);
#4641=ORIENTED_EDGE('',*,*,#3094,.T.);
#4642=ORIENTED_EDGE('',*,*,#3100,.T.);
#4643=ORIENTED_EDGE('',*,*,#3216,.F.);
#4644=ORIENTED_EDGE('',*,*,#3214,.F.);
#4645=ORIENTED_EDGE('',*,*,#3211,.F.);
#4646=ORIENTED_EDGE('',*,*,#3209,.F.);
#4647=ORIENTED_EDGE('',*,*,#2895,.T.);
#4648=ORIENTED_EDGE('',*,*,#3219,.T.);
#4649=ORIENTED_EDGE('',*,*,#3222,.T.);
#4650=ORIENTED_EDGE('',*,*,#3073,.T.);
#4651=ORIENTED_EDGE('',*,*,#2924,.T.);
#4652=ORIENTED_EDGE('',*,*,#3075,.T.);
#4653=ORIENTED_EDGE('',*,*,#3221,.T.);
#4654=ORIENTED_EDGE('',*,*,#2877,.T.);
#4655=ORIENTED_EDGE('',*,*,#2892,.T.);
#4656=ORIENTED_EDGE('',*,*,#2880,.T.);
#4657=ORIENTED_EDGE('',*,*,#3220,.T.);
#4658=ORIENTED_EDGE('',*,*,#2710,.T.);
#4659=CYLINDRICAL_SURFACE('',#5071,1.);
#4660=CYLINDRICAL_SURFACE('',#5074,1.);
#4661=CYLINDRICAL_SURFACE('',#5079,1.);
#4662=CYLINDRICAL_SURFACE('',#5085,1.);
#4663=CYLINDRICAL_SURFACE('',#5088,1.);
#4664=CYLINDRICAL_SURFACE('',#5091,1.);
#4665=CYLINDRICAL_SURFACE('',#5094,1.);
#4666=CYLINDRICAL_SURFACE('',#5099,1.);
#4667=CYLINDRICAL_SURFACE('',#5105,1.);
#4668=CYLINDRICAL_SURFACE('',#5108,1.);
#4669=CYLINDRICAL_SURFACE('',#5111,1.);
#4670=CYLINDRICAL_SURFACE('',#5114,1.);
#4671=CYLINDRICAL_SURFACE('',#5117,1.);
#4672=CYLINDRICAL_SURFACE('',#5125,1.);
#4673=CYLINDRICAL_SURFACE('',#5128,1.);
#4674=CYLINDRICAL_SURFACE('',#5131,1.);
#4675=CYLINDRICAL_SURFACE('',#5134,1.);
#4676=CYLINDRICAL_SURFACE('',#5137,1.);
#4677=CYLINDRICAL_SURFACE('',#5145,1.);
#4678=CYLINDRICAL_SURFACE('',#5148,1.);
#4679=CYLINDRICAL_SURFACE('',#5157,1.);
#4680=CYLINDRICAL_SURFACE('',#5161,1.);
#4681=CYLINDRICAL_SURFACE('',#5162,1.);
#4682=CYLINDRICAL_SURFACE('',#5166,2.);
#4683=CYLINDRICAL_SURFACE('',#5175,1.);
#4684=CYLINDRICAL_SURFACE('',#5179,1.);
#4685=CYLINDRICAL_SURFACE('',#5180,1.);
#4686=CYLINDRICAL_SURFACE('',#5184,2.);
#4687=CYLINDRICAL_SURFACE('',#5193,1.);
#4688=CYLINDRICAL_SURFACE('',#5194,1.);
#4689=CYLINDRICAL_SURFACE('',#5198,1.);
#4690=CYLINDRICAL_SURFACE('',#5202,2.);
#4691=CYLINDRICAL_SURFACE('',#5211,1.);
#4692=CYLINDRICAL_SURFACE('',#5212,1.);
#4693=CYLINDRICAL_SURFACE('',#5216,1.);
#4694=CYLINDRICAL_SURFACE('',#5220,2.);
#4695=CYLINDRICAL_SURFACE('',#5223,2.);
#4696=CYLINDRICAL_SURFACE('',#5225,2.);
#4697=CYLINDRICAL_SURFACE('',#5227,2.);
#4698=CYLINDRICAL_SURFACE('',#5229,2.);
#4699=CYLINDRICAL_SURFACE('',#5240,1.);
#4700=CYLINDRICAL_SURFACE('',#5243,1.);
#4701=CYLINDRICAL_SURFACE('',#5248,1.);
#4702=CYLINDRICAL_SURFACE('',#5253,1.);
#4703=CYLINDRICAL_SURFACE('',#5256,1.);
#4704=CYLINDRICAL_SURFACE('',#5259,1.);
#4705=CYLINDRICAL_SURFACE('',#5265,1.);
#4706=CYLINDRICAL_SURFACE('',#5272,1.);
#4707=CYLINDRICAL_SURFACE('',#5276,2.);
#4708=CYLINDRICAL_SURFACE('',#5278,2.);
#4709=CYLINDRICAL_SURFACE('',#5285,2.);
#4710=CYLINDRICAL_SURFACE('',#5292,1.);
#4711=CYLINDRICAL_SURFACE('',#5293,1.);
#4712=CYLINDRICAL_SURFACE('',#5294,2.);
#4713=CYLINDRICAL_SURFACE('',#5296,2.);
#4714=CYLINDRICAL_SURFACE('',#5297,2.);
#4715=CYLINDRICAL_SURFACE('',#5298,1.);
#4716=CYLINDRICAL_SURFACE('',#5307,1.);
#4717=CYLINDRICAL_SURFACE('',#5310,1.);
#4718=CYLINDRICAL_SURFACE('',#5315,1.);
#4719=CYLINDRICAL_SURFACE('',#5320,1.);
#4720=CYLINDRICAL_SURFACE('',#5323,1.);
#4721=CYLINDRICAL_SURFACE('',#5326,1.);
#4722=CYLINDRICAL_SURFACE('',#5332,1.);
#4723=CYLINDRICAL_SURFACE('',#5339,1.);
#4724=CYLINDRICAL_SURFACE('',#5343,2.);
#4725=CYLINDRICAL_SURFACE('',#5345,2.);
#4726=CYLINDRICAL_SURFACE('',#5352,2.);
#4727=CYLINDRICAL_SURFACE('',#5359,1.);
#4728=CYLINDRICAL_SURFACE('',#5360,1.);
#4729=CYLINDRICAL_SURFACE('',#5361,2.);
#4730=CYLINDRICAL_SURFACE('',#5363,2.);
#4731=CYLINDRICAL_SURFACE('',#5364,2.);
#4732=CYLINDRICAL_SURFACE('',#5365,1.);
#4733=CYLINDRICAL_SURFACE('',#5375,1.);
#4734=CYLINDRICAL_SURFACE('',#5379,1.);
#4735=CYLINDRICAL_SURFACE('',#5402,1.);
#4736=CYLINDRICAL_SURFACE('',#5405,1.);
#4737=CYLINDRICAL_SURFACE('',#5408,1.);
#4738=CYLINDRICAL_SURFACE('',#5411,1.);
#4739=CYLINDRICAL_SURFACE('',#5414,1.);
#4740=CYLINDRICAL_SURFACE('',#5423,1.);
#4741=CYLINDRICAL_SURFACE('',#5424,1.);
#4742=CYLINDRICAL_SURFACE('',#5426,1.);
#4743=CYLINDRICAL_SURFACE('',#5428,1.);
#4744=CYLINDRICAL_SURFACE('',#5429,1.);
#4745=CYLINDRICAL_SURFACE('',#5431,2.1);
#4746=CYLINDRICAL_SURFACE('',#5435,2.1);
#4747=CYLINDRICAL_SURFACE('',#5439,2.1);
#4748=CYLINDRICAL_SURFACE('',#5443,2.1);
#4749=CYLINDRICAL_SURFACE('',#5447,2.1);
#4750=CYLINDRICAL_SURFACE('',#5452,2.1);
#4751=CYLINDRICAL_SURFACE('',#5455,2.1);
#4752=CYLINDRICAL_SURFACE('',#5460,2.1);
#4753=CYLINDRICAL_SURFACE('',#5480,2.);
#4754=CYLINDRICAL_SURFACE('',#5487,2.);
#4755=CYLINDRICAL_SURFACE('',#5489,2.);
#4756=CYLINDRICAL_SURFACE('',#5492,2.);
#4757=CYLINDRICAL_SURFACE('',#5550,2.1);
#4758=CYLINDRICAL_SURFACE('',#5552,2.1);
#4759=CYLINDRICAL_SURFACE('',#5554,2.1);
#4760=CYLINDRICAL_SURFACE('',#5557,2.1);
#4761=CYLINDRICAL_SURFACE('',#5561,8.);
#4762=CYLINDRICAL_SURFACE('',#5568,8.);
#4763=CYLINDRICAL_SURFACE('',#5569,8.);
#4764=CYLINDRICAL_SURFACE('',#5570,8.);
#4765=ADVANCED_FACE('',(#279),#4659,.T.);
#4766=ADVANCED_FACE('',(#280),#4660,.T.);
#4767=ADVANCED_FACE('',(#281),#255,.T.);
#4768=ADVANCED_FACE('',(#282),#4661,.T.);
#4769=ADVANCED_FACE('',(#283),#256,.T.);
#4770=ADVANCED_FACE('',(#284),#105,.T.);
#4771=ADVANCED_FACE('',(#285),#4662,.T.);
#4772=ADVANCED_FACE('',(#286),#106,.T.);
#4773=ADVANCED_FACE('',(#287),#4663,.T.);
#4774=ADVANCED_FACE('',(#288),#107,.T.);
#4775=ADVANCED_FACE('',(#289),#4664,.T.);
#4776=ADVANCED_FACE('',(#290),#4665,.T.);
#4777=ADVANCED_FACE('',(#291),#257,.T.);
#4778=ADVANCED_FACE('',(#292),#4666,.T.);
#4779=ADVANCED_FACE('',(#293),#258,.T.);
#4780=ADVANCED_FACE('',(#294),#108,.T.);
#4781=ADVANCED_FACE('',(#295),#4667,.T.);
#4782=ADVANCED_FACE('',(#296),#109,.T.);
#4783=ADVANCED_FACE('',(#297),#4668,.T.);
#4784=ADVANCED_FACE('',(#298),#110,.T.);
#4785=ADVANCED_FACE('',(#299),#4669,.T.);
#4786=ADVANCED_FACE('',(#300),#4670,.T.);
#4787=ADVANCED_FACE('',(#301),#4671,.T.);
#4788=ADVANCED_FACE('',(#302),#259,.T.);
#4789=ADVANCED_FACE('',(#303),#260,.T.);
#4790=ADVANCED_FACE('',(#304),#111,.F.);
#4791=ADVANCED_FACE('',(#305),#4672,.T.);
#4792=ADVANCED_FACE('',(#306),#112,.F.);
#4793=ADVANCED_FACE('',(#307),#4673,.T.);
#4794=ADVANCED_FACE('',(#308),#113,.F.);
#4795=ADVANCED_FACE('',(#309),#4674,.T.);
#4796=ADVANCED_FACE('',(#310),#4675,.T.);
#4797=ADVANCED_FACE('',(#311),#4676,.T.);
#4798=ADVANCED_FACE('',(#312),#261,.T.);
#4799=ADVANCED_FACE('',(#313),#262,.T.);
#4800=ADVANCED_FACE('',(#314),#114,.F.);
#4801=ADVANCED_FACE('',(#315),#4677,.T.);
#4802=ADVANCED_FACE('',(#316),#115,.F.);
#4803=ADVANCED_FACE('',(#317),#4678,.T.);
#4804=ADVANCED_FACE('',(#318),#116,.F.);
#4805=ADVANCED_FACE('',(#319),#263,.T.);
#4806=ADVANCED_FACE('',(#320),#264,.T.);
#4807=ADVANCED_FACE('',(#321),#4679,.T.);
#4808=ADVANCED_FACE('',(#322),#97,.F.);
#4809=ADVANCED_FACE('',(#323),#4680,.T.);
#4810=ADVANCED_FACE('',(#324),#4681,.T.);
#4811=ADVANCED_FACE('',(#325),#98,.F.);
#4812=ADVANCED_FACE('',(#326),#4682,.F.);
#4813=ADVANCED_FACE('',(#327),#117,.T.);
#4814=ADVANCED_FACE('',(#328),#265,.T.);
#4815=ADVANCED_FACE('',(#329),#266,.T.);
#4816=ADVANCED_FACE('',(#330),#4683,.T.);
#4817=ADVANCED_FACE('',(#331),#99,.F.);
#4818=ADVANCED_FACE('',(#332),#4684,.T.);
#4819=ADVANCED_FACE('',(#333),#4685,.T.);
#4820=ADVANCED_FACE('',(#334),#100,.F.);
#4821=ADVANCED_FACE('',(#335),#4686,.F.);
#4822=ADVANCED_FACE('',(#336),#118,.T.);
#4823=ADVANCED_FACE('',(#337),#267,.T.);
#4824=ADVANCED_FACE('',(#338),#268,.T.);
#4825=ADVANCED_FACE('',(#339),#4687,.T.);
#4826=ADVANCED_FACE('',(#340),#4688,.T.);
#4827=ADVANCED_FACE('',(#341),#101,.F.);
#4828=ADVANCED_FACE('',(#342),#4689,.T.);
#4829=ADVANCED_FACE('',(#343),#102,.F.);
#4830=ADVANCED_FACE('',(#344),#4690,.F.);
#4831=ADVANCED_FACE('',(#345),#119,.F.);
#4832=ADVANCED_FACE('',(#346),#269,.T.);
#4833=ADVANCED_FACE('',(#347),#270,.T.);
#4834=ADVANCED_FACE('',(#348),#4691,.T.);
#4835=ADVANCED_FACE('',(#349),#4692,.T.);
#4836=ADVANCED_FACE('',(#350),#103,.F.);
#4837=ADVANCED_FACE('',(#351),#4693,.T.);
#4838=ADVANCED_FACE('',(#352),#104,.F.);
#4839=ADVANCED_FACE('',(#353),#4694,.F.);
#4840=ADVANCED_FACE('',(#354),#120,.F.);
#4841=ADVANCED_FACE('',(#355),#4695,.F.);
#4842=ADVANCED_FACE('',(#356),#4696,.F.);
#4843=ADVANCED_FACE('',(#357),#4697,.F.);
#4844=ADVANCED_FACE('',(#358),#4698,.F.);
#4845=ADVANCED_FACE('',(#359),#121,.F.);
#4846=ADVANCED_FACE('',(#360),#122,.F.);
#4847=ADVANCED_FACE('',(#361),#123,.F.);
#4848=ADVANCED_FACE('',(#362),#124,.F.);
#4849=ADVANCED_FACE('',(#363),#125,.T.);
#4850=ADVANCED_FACE('',(#364),#126,.T.);
#4851=ADVANCED_FACE('',(#365),#127,.T.);
#4852=ADVANCED_FACE('',(#366),#128,.T.);
#4853=ADVANCED_FACE('',(#367),#129,.T.);
#4854=ADVANCED_FACE('',(#368),#4699,.T.);
#4855=ADVANCED_FACE('',(#369),#4700,.T.);
#4856=ADVANCED_FACE('',(#370),#271,.T.);
#4857=ADVANCED_FACE('',(#371),#4701,.T.);
#4858=ADVANCED_FACE('',(#372),#272,.T.);
#4859=ADVANCED_FACE('',(#373),#4702,.T.);
#4860=ADVANCED_FACE('',(#374),#130,.F.);
#4861=ADVANCED_FACE('',(#375),#4703,.T.);
#4862=ADVANCED_FACE('',(#376),#131,.F.);
#4863=ADVANCED_FACE('',(#377),#4704,.T.);
#4864=ADVANCED_FACE('',(#378),#273,.T.);
#4865=ADVANCED_FACE('',(#379),#132,.F.);
#4866=ADVANCED_FACE('',(#380),#4705,.T.);
#4867=ADVANCED_FACE('',(#381),#133,.F.);
#4868=ADVANCED_FACE('',(#382),#4706,.T.);
#4869=ADVANCED_FACE('',(#383),#274,.T.);
#4870=ADVANCED_FACE('',(#384),#4707,.F.);
#4871=ADVANCED_FACE('',(#385),#4708,.F.);
#4872=ADVANCED_FACE('',(#386),#49,.F.);
#4873=ADVANCED_FACE('',(#387),#4709,.F.);
#4874=ADVANCED_FACE('',(#388),#50,.F.);
#4875=ADVANCED_FACE('',(#389),#4710,.T.);
#4876=ADVANCED_FACE('',(#390),#4711,.F.);
#4877=ADVANCED_FACE('',(#391),#4712,.F.);
#4878=ADVANCED_FACE('',(#392),#4713,.F.);
#4879=ADVANCED_FACE('',(#393),#4714,.F.);
#4880=ADVANCED_FACE('',(#394),#4715,.F.);
#4881=ADVANCED_FACE('',(#395),#134,.T.);
#4882=ADVANCED_FACE('',(#396),#135,.T.);
#4883=ADVANCED_FACE('',(#397),#136,.T.);
#4884=ADVANCED_FACE('',(#398),#137,.T.);
#4885=ADVANCED_FACE('',(#399),#138,.T.);
#4886=ADVANCED_FACE('',(#400),#139,.F.);
#4887=ADVANCED_FACE('',(#401),#140,.T.);
#4888=ADVANCED_FACE('',(#402),#141,.T.);
#4889=ADVANCED_FACE('',(#403),#4716,.T.);
#4890=ADVANCED_FACE('',(#404),#4717,.T.);
#4891=ADVANCED_FACE('',(#405),#275,.T.);
#4892=ADVANCED_FACE('',(#406),#4718,.T.);
#4893=ADVANCED_FACE('',(#407),#276,.T.);
#4894=ADVANCED_FACE('',(#408),#4719,.T.);
#4895=ADVANCED_FACE('',(#409),#142,.T.);
#4896=ADVANCED_FACE('',(#410),#4720,.T.);
#4897=ADVANCED_FACE('',(#411),#143,.T.);
#4898=ADVANCED_FACE('',(#412),#4721,.T.);
#4899=ADVANCED_FACE('',(#413),#277,.T.);
#4900=ADVANCED_FACE('',(#414),#144,.T.);
#4901=ADVANCED_FACE('',(#415),#4722,.T.);
#4902=ADVANCED_FACE('',(#416),#145,.T.);
#4903=ADVANCED_FACE('',(#417),#4723,.T.);
#4904=ADVANCED_FACE('',(#418),#278,.T.);
#4905=ADVANCED_FACE('',(#419),#4724,.F.);
#4906=ADVANCED_FACE('',(#420),#4725,.F.);
#4907=ADVANCED_FACE('',(#421),#51,.F.);
#4908=ADVANCED_FACE('',(#422),#4726,.F.);
#4909=ADVANCED_FACE('',(#423),#52,.F.);
#4910=ADVANCED_FACE('',(#424),#4727,.T.);
#4911=ADVANCED_FACE('',(#425),#4728,.F.);
#4912=ADVANCED_FACE('',(#426),#4729,.F.);
#4913=ADVANCED_FACE('',(#427),#4730,.F.);
#4914=ADVANCED_FACE('',(#428),#4731,.F.);
#4915=ADVANCED_FACE('',(#429),#4732,.F.);
#4916=ADVANCED_FACE('',(#430),#146,.F.);
#4917=ADVANCED_FACE('',(#431),#147,.F.);
#4918=ADVANCED_FACE('',(#432),#148,.F.);
#4919=ADVANCED_FACE('',(#433),#149,.F.);
#4920=ADVANCED_FACE('',(#434),#150,.F.);
#4921=ADVANCED_FACE('',(#435),#151,.F.);
#4922=ADVANCED_FACE('',(#436),#152,.T.);
#4923=ADVANCED_FACE('',(#437),#153,.T.);
#4924=ADVANCED_FACE('',(#438),#154,.T.);
#4925=ADVANCED_FACE('',(#439),#4733,.F.);
#4926=ADVANCED_FACE('',(#440),#155,.T.);
#4927=ADVANCED_FACE('',(#441),#4734,.T.);
#4928=ADVANCED_FACE('',(#442,#15,#16,#17,#18),#156,.T.);
#4929=ADVANCED_FACE('',(#443,#19),#157,.T.);
#4930=ADVANCED_FACE('',(#444),#4735,.F.);
#4931=ADVANCED_FACE('',(#445),#158,.T.);
#4932=ADVANCED_FACE('',(#446),#4736,.F.);
#4933=ADVANCED_FACE('',(#447,#20),#159,.T.);
#4934=ADVANCED_FACE('',(#448),#4737,.T.);
#4935=ADVANCED_FACE('',(#449),#160,.T.);
#4936=ADVANCED_FACE('',(#450),#4738,.F.);
#4937=ADVANCED_FACE('',(#451),#161,.T.);
#4938=ADVANCED_FACE('',(#452),#4739,.F.);
#4939=ADVANCED_FACE('',(#453,#21,#22,#23,#24,#25),#162,.T.);
#4940=ADVANCED_FACE('',(#454,#26),#163,.T.);
#4941=ADVANCED_FACE('',(#455),#4740,.T.);
#4942=ADVANCED_FACE('',(#456),#4741,.F.);
#4943=ADVANCED_FACE('',(#457),#164,.T.);
#4944=ADVANCED_FACE('',(#458),#4742,.F.);
#4945=ADVANCED_FACE('',(#459),#165,.T.);
#4946=ADVANCED_FACE('',(#460),#4743,.T.);
#4947=ADVANCED_FACE('',(#461),#4744,.F.);
#4948=ADVANCED_FACE('',(#462),#166,.T.);
#4949=ADVANCED_FACE('',(#463),#4745,.F.);
#4950=ADVANCED_FACE('',(#464),#167,.T.);
#4951=ADVANCED_FACE('',(#465),#4746,.F.);
#4952=ADVANCED_FACE('',(#466),#168,.T.);
#4953=ADVANCED_FACE('',(#467),#4747,.F.);
#4954=ADVANCED_FACE('',(#468),#169,.T.);
#4955=ADVANCED_FACE('',(#469),#4748,.F.);
#4956=ADVANCED_FACE('',(#470),#170,.T.);
#4957=ADVANCED_FACE('',(#471),#4749,.F.);
#4958=ADVANCED_FACE('',(#472),#171,.T.);
#4959=ADVANCED_FACE('',(#473),#172,.T.);
#4960=ADVANCED_FACE('',(#474),#173,.T.);
#4961=ADVANCED_FACE('',(#475),#4750,.F.);
#4962=ADVANCED_FACE('',(#476),#174,.T.);
#4963=ADVANCED_FACE('',(#477),#4751,.F.);
#4964=ADVANCED_FACE('',(#478),#175,.T.);
#4965=ADVANCED_FACE('',(#479),#176,.T.);
#4966=ADVANCED_FACE('',(#480),#177,.T.);
#4967=ADVANCED_FACE('',(#481),#4752,.F.);
#4968=ADVANCED_FACE('',(#482),#178,.T.);
#4969=ADVANCED_FACE('',(#483),#179,.T.);
#4970=ADVANCED_FACE('',(#484),#180,.T.);
#4971=ADVANCED_FACE('',(#485,#27),#181,.T.);
#4972=ADVANCED_FACE('',(#486,#28),#182,.T.);
#4973=ADVANCED_FACE('',(#487,#29),#183,.T.);
#4974=ADVANCED_FACE('',(#488,#30),#184,.T.);
#4975=ADVANCED_FACE('',(#489,#31),#185,.F.);
#4976=ADVANCED_FACE('',(#490,#32),#186,.F.);
#4977=ADVANCED_FACE('',(#491),#187,.T.);
#4978=ADVANCED_FACE('',(#492,#33),#188,.F.);
#4979=ADVANCED_FACE('',(#493,#34),#189,.F.);
#4980=ADVANCED_FACE('',(#494),#190,.T.);
#4981=ADVANCED_FACE('',(#495,#35),#191,.T.);
#4982=ADVANCED_FACE('',(#496),#192,.T.);
#4983=ADVANCED_FACE('',(#497),#193,.T.);
#4984=ADVANCED_FACE('',(#498),#194,.T.);
#4985=ADVANCED_FACE('',(#499),#195,.T.);
#4986=ADVANCED_FACE('',(#500),#4753,.T.);
#4987=ADVANCED_FACE('',(#501),#196,.T.);
#4988=ADVANCED_FACE('',(#502),#4754,.T.);
#4989=ADVANCED_FACE('',(#503),#4755,.F.);
#4990=ADVANCED_FACE('',(#504),#197,.F.);
#4991=ADVANCED_FACE('',(#505),#4756,.F.);
#4992=ADVANCED_FACE('',(#506),#198,.F.);
#4993=ADVANCED_FACE('',(#507),#199,.F.);
#4994=ADVANCED_FACE('',(#508),#200,.F.);
#4995=ADVANCED_FACE('',(#509),#201,.F.);
#4996=ADVANCED_FACE('',(#510),#202,.F.);
#4997=ADVANCED_FACE('',(#511),#203,.F.);
#4998=ADVANCED_FACE('',(#512),#204,.T.);
#4999=ADVANCED_FACE('',(#513),#205,.T.);
#5000=ADVANCED_FACE('',(#514),#206,.T.);
#5001=ADVANCED_FACE('',(#515),#207,.T.);
#5002=ADVANCED_FACE('',(#516),#208,.T.);
#5003=ADVANCED_FACE('',(#517),#209,.T.);
#5004=ADVANCED_FACE('',(#518),#210,.T.);
#5005=ADVANCED_FACE('',(#519),#211,.T.);
#5006=ADVANCED_FACE('',(#520),#212,.T.);
#5007=ADVANCED_FACE('',(#521),#213,.T.);
#5008=ADVANCED_FACE('',(#522,#36),#214,.T.);
#5009=ADVANCED_FACE('',(#523),#215,.T.);
#5010=ADVANCED_FACE('',(#524),#216,.T.);
#5011=ADVANCED_FACE('',(#525),#217,.T.);
#5012=ADVANCED_FACE('',(#526),#218,.T.);
#5013=ADVANCED_FACE('',(#527),#219,.T.);
#5014=ADVANCED_FACE('',(#528),#220,.T.);
#5015=ADVANCED_FACE('',(#529),#221,.T.);
#5016=ADVANCED_FACE('',(#530),#222,.T.);
#5017=ADVANCED_FACE('',(#531),#223,.T.);
#5018=ADVANCED_FACE('',(#532),#224,.T.);
#5019=ADVANCED_FACE('',(#533,#37),#225,.T.);
#5020=ADVANCED_FACE('',(#534,#38),#226,.T.);
#5021=ADVANCED_FACE('',(#535),#227,.T.);
#5022=ADVANCED_FACE('',(#536),#228,.T.);
#5023=ADVANCED_FACE('',(#537),#229,.T.);
#5024=ADVANCED_FACE('',(#538),#230,.T.);
#5025=ADVANCED_FACE('',(#539),#231,.T.);
#5026=ADVANCED_FACE('',(#540),#232,.T.);
#5027=ADVANCED_FACE('',(#541),#233,.T.);
#5028=ADVANCED_FACE('',(#542),#234,.T.);
#5029=ADVANCED_FACE('',(#543),#235,.T.);
#5030=ADVANCED_FACE('',(#544),#236,.T.);
#5031=ADVANCED_FACE('',(#545,#39),#237,.T.);
#5032=ADVANCED_FACE('',(#546,#40),#238,.T.);
#5033=ADVANCED_FACE('',(#547),#239,.T.);
#5034=ADVANCED_FACE('',(#548),#240,.T.);
#5035=ADVANCED_FACE('',(#549),#241,.T.);
#5036=ADVANCED_FACE('',(#550),#242,.T.);
#5037=ADVANCED_FACE('',(#551),#243,.T.);
#5038=ADVANCED_FACE('',(#552),#244,.T.);
#5039=ADVANCED_FACE('',(#553),#245,.T.);
#5040=ADVANCED_FACE('',(#554),#246,.T.);
#5041=ADVANCED_FACE('',(#555),#247,.T.);
#5042=ADVANCED_FACE('',(#556),#248,.T.);
#5043=ADVANCED_FACE('',(#557,#41),#249,.T.);
#5044=ADVANCED_FACE('',(#558,#42),#250,.T.);
#5045=ADVANCED_FACE('',(#559),#4757,.F.);
#5046=ADVANCED_FACE('',(#560),#4758,.F.);
#5047=ADVANCED_FACE('',(#561),#4759,.F.);
#5048=ADVANCED_FACE('',(#562),#4760,.F.);
#5049=ADVANCED_FACE('',(#563,#43),#251,.T.);
#5050=ADVANCED_FACE('',(#564),#252,.T.);
#5051=ADVANCED_FACE('',(#565),#4761,.T.);
#5052=ADVANCED_FACE('',(#566),#253,.T.);
#5053=ADVANCED_FACE('',(#567,#44,#45,#46,#47,#48),#254,.F.);
#5054=ADVANCED_FACE('',(#568),#4762,.T.);
#5055=ADVANCED_FACE('',(#569),#4763,.T.);
#5056=ADVANCED_FACE('',(#570),#4764,.T.);
#5057=CLOSED_SHELL('',(#4765,#4766,#4767,#4768,#4769,#4770,#4771,#4772,
#4773,#4774,#4775,#4776,#4777,#4778,#4779,#4780,#4781,#4782,#4783,#4784,
#4785,#4786,#4787,#4788,#4789,#4790,#4791,#4792,#4793,#4794,#4795,#4796,
#4797,#4798,#4799,#4800,#4801,#4802,#4803,#4804,#4805,#4806,#4807,#4808,
#4809,#4810,#4811,#4812,#4813,#4814,#4815,#4816,#4817,#4818,#4819,#4820,
#4821,#4822,#4823,#4824,#4825,#4826,#4827,#4828,#4829,#4830,#4831,#4832,
#4833,#4834,#4835,#4836,#4837,#4838,#4839,#4840,#4841,#4842,#4843,#4844,
#4845,#4846,#4847,#4848,#4849,#4850,#4851,#4852,#4853,#4854,#4855,#4856,
#4857,#4858,#4859,#4860,#4861,#4862,#4863,#4864,#4865,#4866,#4867,#4868,
#4869,#4870,#4871,#4872,#4873,#4874,#4875,#4876,#4877,#4878,#4879,#4880,
#4881,#4882,#4883,#4884,#4885,#4886,#4887,#4888,#4889,#4890,#4891,#4892,
#4893,#4894,#4895,#4896,#4897,#4898,#4899,#4900,#4901,#4902,#4903,#4904,
#4905,#4906,#4907,#4908,#4909,#4910,#4911,#4912,#4913,#4914,#4915,#4916,
#4917,#4918,#4919,#4920,#4921,#4922,#4923,#4924,#4925,#4926,#4927,#4928,
#4929,#4930,#4931,#4932,#4933,#4934,#4935,#4936,#4937,#4938,#4939,#4940,
#4941,#4942,#4943,#4944,#4945,#4946,#4947,#4948,#4949,#4950,#4951,#4952,
#4953,#4954,#4955,#4956,#4957,#4958,#4959,#4960,#4961,#4962,#4963,#4964,
#4965,#4966,#4967,#4968,#4969,#4970,#4971,#4972,#4973,#4974,#4975,#4976,
#4977,#4978,#4979,#4980,#4981,#4982,#4983,#4984,#4985,#4986,#4987,#4988,
#4989,#4990,#4991,#4992,#4993,#4994,#4995,#4996,#4997,#4998,#4999,#5000,
#5001,#5002,#5003,#5004,#5005,#5006,#5007,#5008,#5009,#5010,#5011,#5012,
#5013,#5014,#5015,#5016,#5017,#5018,#5019,#5020,#5021,#5022,#5023,#5024,
#5025,#5026,#5027,#5028,#5029,#5030,#5031,#5032,#5033,#5034,#5035,#5036,
#5037,#5038,#5039,#5040,#5041,#5042,#5043,#5044,#5045,#5046,#5047,#5048,
#5049,#5050,#5051,#5052,#5053,#5054,#5055,#5056));
#5058=DERIVED_UNIT_ELEMENT(#5060,1.);
#5059=DERIVED_UNIT_ELEMENT(#8837,-3.);
#5060=(
MASS_UNIT()
NAMED_UNIT(*)
SI_UNIT(.KILO.,.GRAM.)
);
#5061=DERIVED_UNIT((#5058,#5059));
#5062=MEASURE_REPRESENTATION_ITEM('density measure',
POSITIVE_RATIO_MEASURE(7850.),#5061);
#5063=PROPERTY_DEFINITION_REPRESENTATION(#5068,#5065);
#5064=PROPERTY_DEFINITION_REPRESENTATION(#5069,#5066);
#5065=REPRESENTATION('material name',(#5067),#8834);
#5066=REPRESENTATION('density',(#5062),#8834);
#5067=DESCRIPTIVE_REPRESENTATION_ITEM('\X2\AC15CCA0\X0\','\X2\AC15CCA0\X0\');
#5068=PROPERTY_DEFINITION('material property','material name',#8844);
#5069=PROPERTY_DEFINITION('material property','density of part',#8844);
#5070=AXIS2_PLACEMENT_3D('',#7063,#5571,#5572);
#5071=AXIS2_PLACEMENT_3D('',#7064,#5573,#5574);
#5072=AXIS2_PLACEMENT_3D('',#7067,#5575,#5576);
#5073=AXIS2_PLACEMENT_3D('',#7071,#5578,#5579);
#5074=AXIS2_PLACEMENT_3D('',#7073,#5581,#5582);
#5075=AXIS2_PLACEMENT_3D('',#7075,#5583,#5584);
#5076=AXIS2_PLACEMENT_3D('',#7079,#5586,#5587);
#5077=AXIS2_PLACEMENT_3D('',#7081,#5589,#5590);
#5078=AXIS2_PLACEMENT_3D('',#7082,#5591,#5592);
#5079=AXIS2_PLACEMENT_3D('',#7083,#5593,#5594);
#5080=AXIS2_PLACEMENT_3D('',#7086,#5595,#5596);
#5081=AXIS2_PLACEMENT_3D('',#7089,#5598,#5599);
#5082=AXIS2_PLACEMENT_3D('',#7091,#5601,#5602);
#5083=AXIS2_PLACEMENT_3D('',#7092,#5603,#5604);
#5084=AXIS2_PLACEMENT_3D('',#7093,#5605,#5606);
#5085=AXIS2_PLACEMENT_3D('',#7103,#5612,#5613);
#5086=AXIS2_PLACEMENT_3D('',#7106,#5615,#5616);
#5087=AXIS2_PLACEMENT_3D('',#7107,#5617,#5618);
#5088=AXIS2_PLACEMENT_3D('',#7111,#5621,#5622);
#5089=AXIS2_PLACEMENT_3D('',#7114,#5624,#5625);
#5090=AXIS2_PLACEMENT_3D('',#7115,#5626,#5627);
#5091=AXIS2_PLACEMENT_3D('',#7123,#5632,#5633);
#5092=AXIS2_PLACEMENT_3D('',#7126,#5634,#5635);
#5093=AXIS2_PLACEMENT_3D('',#7130,#5637,#5638);
#5094=AXIS2_PLACEMENT_3D('',#7132,#5640,#5641);
#5095=AXIS2_PLACEMENT_3D('',#7134,#5642,#5643);
#5096=AXIS2_PLACEMENT_3D('',#7138,#5645,#5646);
#5097=AXIS2_PLACEMENT_3D('',#7140,#5648,#5649);
#5098=AXIS2_PLACEMENT_3D('',#7141,#5650,#5651);
#5099=AXIS2_PLACEMENT_3D('',#7142,#5652,#5653);
#5100=AXIS2_PLACEMENT_3D('',#7145,#5654,#5655);
#5101=AXIS2_PLACEMENT_3D('',#7148,#5657,#5658);
#5102=AXIS2_PLACEMENT_3D('',#7150,#5660,#5661);
#5103=AXIS2_PLACEMENT_3D('',#7151,#5662,#5663);
#5104=AXIS2_PLACEMENT_3D('',#7152,#5664,#5665);
#5105=AXIS2_PLACEMENT_3D('',#7162,#5671,#5672);
#5106=AXIS2_PLACEMENT_3D('',#7165,#5674,#5675);
#5107=AXIS2_PLACEMENT_3D('',#7166,#5676,#5677);
#5108=AXIS2_PLACEMENT_3D('',#7170,#5680,#5681);
#5109=AXIS2_PLACEMENT_3D('',#7173,#5683,#5684);
#5110=AXIS2_PLACEMENT_3D('',#7174,#5685,#5686);
#5111=AXIS2_PLACEMENT_3D('',#7182,#5691,#5692);
#5112=AXIS2_PLACEMENT_3D('',#7185,#5693,#5694);
#5113=AXIS2_PLACEMENT_3D('',#7189,#5696,#5697);
#5114=AXIS2_PLACEMENT_3D('',#7191,#5699,#5700);
#5115=AXIS2_PLACEMENT_3D('',#7194,#5701,#5702);
#5116=AXIS2_PLACEMENT_3D('',#7197,#5704,#5705);
#5117=AXIS2_PLACEMENT_3D('',#7199,#5707,#5708);
#5118=AXIS2_PLACEMENT_3D('',#7202,#5709,#5710);
#5119=AXIS2_PLACEMENT_3D('',#7205,#5712,#5713);
#5120=AXIS2_PLACEMENT_3D('',#7207,#5715,#5716);
#5121=AXIS2_PLACEMENT_3D('',#7208,#5717,#5718);
#5122=AXIS2_PLACEMENT_3D('',#7209,#5719,#5720);
#5123=AXIS2_PLACEMENT_3D('',#7210,#5721,#5722);
#5124=AXIS2_PLACEMENT_3D('',#7211,#5723,#5724);
#5125=AXIS2_PLACEMENT_3D('',#7221,#5730,#5731);
#5126=AXIS2_PLACEMENT_3D('',#7224,#5733,#5734);
#5127=AXIS2_PLACEMENT_3D('',#7225,#5735,#5736);
#5128=AXIS2_PLACEMENT_3D('',#7229,#5739,#5740);
#5129=AXIS2_PLACEMENT_3D('',#7232,#5742,#5743);
#5130=AXIS2_PLACEMENT_3D('',#7233,#5744,#5745);
#5131=AXIS2_PLACEMENT_3D('',#7241,#5750,#5751);
#5132=AXIS2_PLACEMENT_3D('',#7244,#5752,#5753);
#5133=AXIS2_PLACEMENT_3D('',#7248,#5755,#5756);
#5134=AXIS2_PLACEMENT_3D('',#7250,#5758,#5759);
#5135=AXIS2_PLACEMENT_3D('',#7253,#5760,#5761);
#5136=AXIS2_PLACEMENT_3D('',#7256,#5763,#5764);
#5137=AXIS2_PLACEMENT_3D('',#7258,#5766,#5767);
#5138=AXIS2_PLACEMENT_3D('',#7261,#5768,#5769);
#5139=AXIS2_PLACEMENT_3D('',#7264,#5771,#5772);
#5140=AXIS2_PLACEMENT_3D('',#7266,#5774,#5775);
#5141=AXIS2_PLACEMENT_3D('',#7267,#5776,#5777);
#5142=AXIS2_PLACEMENT_3D('',#7268,#5778,#5779);
#5143=AXIS2_PLACEMENT_3D('',#7269,#5780,#5781);
#5144=AXIS2_PLACEMENT_3D('',#7270,#5782,#5783);
#5145=AXIS2_PLACEMENT_3D('',#7280,#5789,#5790);
#5146=AXIS2_PLACEMENT_3D('',#7283,#5792,#5793);
#5147=AXIS2_PLACEMENT_3D('',#7284,#5794,#5795);
#5148=AXIS2_PLACEMENT_3D('',#7288,#5798,#5799);
#5149=AXIS2_PLACEMENT_3D('',#7291,#5801,#5802);
#5150=AXIS2_PLACEMENT_3D('',#7292,#5803,#5804);
#5151=AXIS2_PLACEMENT_3D('',#7300,#5809,#5810);
#5152=AXIS2_PLACEMENT_3D('',#7302,#5811,#5812);
#5153=AXIS2_PLACEMENT_3D('',#7303,#5813,#5814);
#5154=AXIS2_PLACEMENT_3D('',#7304,#5815,#5816);
#5155=AXIS2_PLACEMENT_3D('',#7306,#5817,#5818);
#5156=AXIS2_PLACEMENT_3D('',#7307,#5819,#5820);
#5157=AXIS2_PLACEMENT_3D('',#7308,#5821,#5822);
#5158=AXIS2_PLACEMENT_3D('',#7336,#5824,#5825);
#5159=AXIS2_PLACEMENT_3D('',#7338,#5826,#5827);
#5160=AXIS2_PLACEMENT_3D('',#7350,#5828,#5829);
#5161=AXIS2_PLACEMENT_3D('',#7351,#5830,#5831);
#5162=AXIS2_PLACEMENT_3D('',#7353,#5833,#5834);
#5163=AXIS2_PLACEMENT_3D('',#7355,#5835,#5836);
#5164=AXIS2_PLACEMENT_3D('',#7397,#5838,#5839);
#5165=AXIS2_PLACEMENT_3D('',#7398,#5840,#5841);
#5166=AXIS2_PLACEMENT_3D('',#7399,#5842,#5843);
#5167=AXIS2_PLACEMENT_3D('',#7401,#5844,#5845);
#5168=AXIS2_PLACEMENT_3D('',#7403,#5847,#5848);
#5169=AXIS2_PLACEMENT_3D('',#7405,#5850,#5851);
#5170=AXIS2_PLACEMENT_3D('',#7407,#5852,#5853);
#5171=AXIS2_PLACEMENT_3D('',#7408,#5854,#5855);
#5172=AXIS2_PLACEMENT_3D('',#7409,#5856,#5857);
#5173=AXIS2_PLACEMENT_3D('',#7411,#5858,#5859);
#5174=AXIS2_PLACEMENT_3D('',#7412,#5860,#5861);
#5175=AXIS2_PLACEMENT_3D('',#7413,#5862,#5863);
#5176=AXIS2_PLACEMENT_3D('',#7441,#5865,#5866);
#5177=AXIS2_PLACEMENT_3D('',#7443,#5867,#5868);
#5178=AXIS2_PLACEMENT_3D('',#7455,#5869,#5870);
#5179=AXIS2_PLACEMENT_3D('',#7456,#5871,#5872);
#5180=AXIS2_PLACEMENT_3D('',#7458,#5874,#5875);
#5181=AXIS2_PLACEMENT_3D('',#7460,#5876,#5877);
#5182=AXIS2_PLACEMENT_3D('',#7502,#5879,#5880);
#5183=AXIS2_PLACEMENT_3D('',#7503,#5881,#5882);
#5184=AXIS2_PLACEMENT_3D('',#7504,#5883,#5884);
#5185=AXIS2_PLACEMENT_3D('',#7506,#5885,#5886);
#5186=AXIS2_PLACEMENT_3D('',#7508,#5888,#5889);
#5187=AXIS2_PLACEMENT_3D('',#7510,#5891,#5892);
#5188=AXIS2_PLACEMENT_3D('',#7512,#5893,#5894);
#5189=AXIS2_PLACEMENT_3D('',#7513,#5895,#5896);
#5190=AXIS2_PLACEMENT_3D('',#7514,#5897,#5898);
#5191=AXIS2_PLACEMENT_3D('',#7516,#5899,#5900);
#5192=AXIS2_PLACEMENT_3D('',#7517,#5901,#5902);
#5193=AXIS2_PLACEMENT_3D('',#7518,#5903,#5904);
#5194=AXIS2_PLACEMENT_3D('',#7520,#5906,#5907);
#5195=AXIS2_PLACEMENT_3D('',#7522,#5908,#5909);
#5196=AXIS2_PLACEMENT_3D('',#7564,#5911,#5912);
#5197=AXIS2_PLACEMENT_3D('',#7565,#5913,#5914);
#5198=AXIS2_PLACEMENT_3D('',#7566,#5915,#5916);
#5199=AXIS2_PLACEMENT_3D('',#7568,#5917,#5918);
#5200=AXIS2_PLACEMENT_3D('',#7612,#5920,#5921);
#5201=AXIS2_PLACEMENT_3D('',#7613,#5922,#5923);
#5202=AXIS2_PLACEMENT_3D('',#7614,#5924,#5925);
#5203=AXIS2_PLACEMENT_3D('',#7617,#5927,#5928);
#5204=AXIS2_PLACEMENT_3D('',#7618,#5929,#5930);
#5205=AXIS2_PLACEMENT_3D('',#7620,#5932,#5933);
#5206=AXIS2_PLACEMENT_3D('',#7622,#5934,#5935);
#5207=AXIS2_PLACEMENT_3D('',#7623,#5936,#5937);
#5208=AXIS2_PLACEMENT_3D('',#7624,#5938,#5939);
#5209=AXIS2_PLACEMENT_3D('',#7626,#5940,#5941);
#5210=AXIS2_PLACEMENT_3D('',#7627,#5942,#5943);
#5211=AXIS2_PLACEMENT_3D('',#7628,#5944,#5945);
#5212=AXIS2_PLACEMENT_3D('',#7630,#5947,#5948);
#5213=AXIS2_PLACEMENT_3D('',#7632,#5949,#5950);
#5214=AXIS2_PLACEMENT_3D('',#7674,#5952,#5953);
#5215=AXIS2_PLACEMENT_3D('',#7675,#5954,#5955);
#5216=AXIS2_PLACEMENT_3D('',#7676,#5956,#5957);
#5217=AXIS2_PLACEMENT_3D('',#7678,#5958,#5959);
#5218=AXIS2_PLACEMENT_3D('',#7722,#5961,#5962);
#5219=AXIS2_PLACEMENT_3D('',#7723,#5963,#5964);
#5220=AXIS2_PLACEMENT_3D('',#7724,#5965,#5966);
#5221=AXIS2_PLACEMENT_3D('',#7727,#5968,#5969);
#5222=AXIS2_PLACEMENT_3D('',#7728,#5970,#5971);
#5223=AXIS2_PLACEMENT_3D('',#7730,#5973,#5974);
#5224=AXIS2_PLACEMENT_3D('',#7732,#5975,#5976);
#5225=AXIS2_PLACEMENT_3D('',#7734,#5978,#5979);
#5226=AXIS2_PLACEMENT_3D('',#7736,#5980,#5981);
#5227=AXIS2_PLACEMENT_3D('',#7738,#5983,#5984);
#5228=AXIS2_PLACEMENT_3D('',#7741,#5986,#5987);
#5229=AXIS2_PLACEMENT_3D('',#7742,#5988,#5989);
#5230=AXIS2_PLACEMENT_3D('',#7745,#5991,#5992);
#5231=AXIS2_PLACEMENT_3D('',#7746,#5993,#5994);
#5232=AXIS2_PLACEMENT_3D('',#7749,#5997,#5998);
#5233=AXIS2_PLACEMENT_3D('',#7750,#5999,#6000);
#5234=AXIS2_PLACEMENT_3D('',#7753,#6003,#6004);
#5235=AXIS2_PLACEMENT_3D('',#7754,#6005,#6006);
#5236=AXIS2_PLACEMENT_3D('',#7756,#6008,#6009);
#5237=AXIS2_PLACEMENT_3D('',#7758,#6011,#6012);
#5238=AXIS2_PLACEMENT_3D('',#7760,#6014,#6015);
#5239=AXIS2_PLACEMENT_3D('',#7762,#6017,#6018);
#5240=AXIS2_PLACEMENT_3D('',#7773,#6025,#6026);
#5241=AXIS2_PLACEMENT_3D('',#7776,#6027,#6028);
#5242=AXIS2_PLACEMENT_3D('',#7780,#6030,#6031);
#5243=AXIS2_PLACEMENT_3D('',#7782,#6033,#6034);
#5244=AXIS2_PLACEMENT_3D('',#7785,#6035,#6036);
#5245=AXIS2_PLACEMENT_3D('',#7788,#6038,#6039);
#5246=AXIS2_PLACEMENT_3D('',#7790,#6041,#6042);
#5247=AXIS2_PLACEMENT_3D('',#7791,#6043,#6044);
#5248=AXIS2_PLACEMENT_3D('',#7792,#6045,#6046);
#5249=AXIS2_PLACEMENT_3D('',#7795,#6047,#6048);
#5250=AXIS2_PLACEMENT_3D('',#7798,#6050,#6051);
#5251=AXIS2_PLACEMENT_3D('',#7800,#6053,#6054);
#5252=AXIS2_PLACEMENT_3D('',#7801,#6055,#6056);
#5253=AXIS2_PLACEMENT_3D('',#7802,#6057,#6058);
#5254=AXIS2_PLACEMENT_3D('',#7806,#6060,#6061);
#5255=AXIS2_PLACEMENT_3D('',#7808,#6063,#6064);
#5256=AXIS2_PLACEMENT_3D('',#7812,#6067,#6068);
#5257=AXIS2_PLACEMENT_3D('',#7814,#6069,#6070);
#5258=AXIS2_PLACEMENT_3D('',#7816,#6072,#6073);
#5259=AXIS2_PLACEMENT_3D('',#7822,#6077,#6078);
#5260=AXIS2_PLACEMENT_3D('',#7824,#6079,#6080);
#5261=AXIS2_PLACEMENT_3D('',#7826,#6081,#6082);
#5262=AXIS2_PLACEMENT_3D('',#7828,#6084,#6085);
#5263=AXIS2_PLACEMENT_3D('',#7829,#6086,#6087);
#5264=AXIS2_PLACEMENT_3D('',#7830,#6088,#6089);
#5265=AXIS2_PLACEMENT_3D('',#7832,#6091,#6092);
#5266=AXIS2_PLACEMENT_3D('',#7834,#6093,#6094);
#5267=AXIS2_PLACEMENT_3D('',#7836,#6096,#6097);
#5268=AXIS2_PLACEMENT_3D('',#7842,#6100,#6101);
#5269=AXIS2_PLACEMENT_3D('',#7846,#6103,#6104);
#5270=AXIS2_PLACEMENT_3D('',#7850,#6106,#6107);
#5271=AXIS2_PLACEMENT_3D('',#7854,#6109,#6110);
#5272=AXIS2_PLACEMENT_3D('',#7856,#6112,#6113);
#5273=AXIS2_PLACEMENT_3D('',#7858,#6114,#6115);
#5274=AXIS2_PLACEMENT_3D('',#7859,#6116,#6117);
#5275=AXIS2_PLACEMENT_3D('',#7861,#6119,#6120);
#5276=AXIS2_PLACEMENT_3D('',#7862,#6121,#6122);
#5277=AXIS2_PLACEMENT_3D('',#7866,#6124,#6125);
#5278=AXIS2_PLACEMENT_3D('',#7868,#6127,#6128);
#5279=AXIS2_PLACEMENT_3D('',#7872,#6130,#6131);
#5280=AXIS2_PLACEMENT_3D('',#7874,#6133,#6134);
#5281=AXIS2_PLACEMENT_3D('',#7876,#6135,#6136);
#5282=AXIS2_PLACEMENT_3D('',#7878,#6137,#6138);
#5283=AXIS2_PLACEMENT_3D('',#7880,#6139,#6140);
#5284=AXIS2_PLACEMENT_3D('',#7881,#6141,#6142);
#5285=AXIS2_PLACEMENT_3D('',#7882,#6143,#6144);
#5286=AXIS2_PLACEMENT_3D('',#7886,#6146,#6147);
#5287=AXIS2_PLACEMENT_3D('',#7897,#6149,#6150);
#5288=AXIS2_PLACEMENT_3D('',#7899,#6151,#6152);
#5289=AXIS2_PLACEMENT_3D('',#7901,#6153,#6154);
#5290=AXIS2_PLACEMENT_3D('',#7903,#6155,#6156);
#5291=AXIS2_PLACEMENT_3D('',#7904,#6157,#6158);
#5292=AXIS2_PLACEMENT_3D('',#7905,#6159,#6160);
#5293=AXIS2_PLACEMENT_3D('',#7908,#6163,#6164);
#5294=AXIS2_PLACEMENT_3D('',#7921,#6167,#6168);
#5295=AXIS2_PLACEMENT_3D('',#7924,#6170,#6171);
#5296=AXIS2_PLACEMENT_3D('',#7926,#6173,#6174);
#5297=AXIS2_PLACEMENT_3D('',#7928,#6176,#6177);
#5298=AXIS2_PLACEMENT_3D('',#7930,#6179,#6180);
#5299=AXIS2_PLACEMENT_3D('',#7933,#6183,#6184);
#5300=AXIS2_PLACEMENT_3D('',#7934,#6185,#6186);
#5301=AXIS2_PLACEMENT_3D('',#7936,#6188,#6189);
#5302=AXIS2_PLACEMENT_3D('',#7937,#6190,#6191);
#5303=AXIS2_PLACEMENT_3D('',#7939,#6193,#6194);
#5304=AXIS2_PLACEMENT_3D('',#7940,#6195,#6196);
#5305=AXIS2_PLACEMENT_3D('',#7944,#6199,#6200);
#5306=AXIS2_PLACEMENT_3D('',#7950,#6204,#6205);
#5307=AXIS2_PLACEMENT_3D('',#7952,#6207,#6208);
#5308=AXIS2_PLACEMENT_3D('',#7955,#6209,#6210);
#5309=AXIS2_PLACEMENT_3D('',#7959,#6212,#6213);
#5310=AXIS2_PLACEMENT_3D('',#7961,#6215,#6216);
#5311=AXIS2_PLACEMENT_3D('',#7964,#6217,#6218);
#5312=AXIS2_PLACEMENT_3D('',#7967,#6220,#6221);
#5313=AXIS2_PLACEMENT_3D('',#7969,#6223,#6224);
#5314=AXIS2_PLACEMENT_3D('',#7970,#6225,#6226);
#5315=AXIS2_PLACEMENT_3D('',#7971,#6227,#6228);
#5316=AXIS2_PLACEMENT_3D('',#7974,#6229,#6230);
#5317=AXIS2_PLACEMENT_3D('',#7977,#6232,#6233);
#5318=AXIS2_PLACEMENT_3D('',#7979,#6235,#6236);
#5319=AXIS2_PLACEMENT_3D('',#7980,#6237,#6238);
#5320=AXIS2_PLACEMENT_3D('',#7981,#6239,#6240);
#5321=AXIS2_PLACEMENT_3D('',#7985,#6242,#6243);
#5322=AXIS2_PLACEMENT_3D('',#7987,#6245,#6246);
#5323=AXIS2_PLACEMENT_3D('',#7991,#6249,#6250);
#5324=AXIS2_PLACEMENT_3D('',#7994,#6252,#6253);
#5325=AXIS2_PLACEMENT_3D('',#7995,#6254,#6255);
#5326=AXIS2_PLACEMENT_3D('',#8001,#6259,#6260);
#5327=AXIS2_PLACEMENT_3D('',#8003,#6261,#6262);
#5328=AXIS2_PLACEMENT_3D('',#8006,#6264,#6265);
#5329=AXIS2_PLACEMENT_3D('',#8007,#6266,#6267);
#5330=AXIS2_PLACEMENT_3D('',#8008,#6268,#6269);
#5331=AXIS2_PLACEMENT_3D('',#8009,#6270,#6271);
#5332=AXIS2_PLACEMENT_3D('',#8011,#6273,#6274);
#5333=AXIS2_PLACEMENT_3D('',#8014,#6276,#6277);
#5334=AXIS2_PLACEMENT_3D('',#8015,#6278,#6279);
#5335=AXIS2_PLACEMENT_3D('',#8019,#6281,#6282);
#5336=AXIS2_PLACEMENT_3D('',#8023,#6284,#6285);
#5337=AXIS2_PLACEMENT_3D('',#8027,#6287,#6288);
#5338=AXIS2_PLACEMENT_3D('',#8031,#6290,#6291);
#5339=AXIS2_PLACEMENT_3D('',#8035,#6294,#6295);
#5340=AXIS2_PLACEMENT_3D('',#8037,#6296,#6297);
#5341=AXIS2_PLACEMENT_3D('',#8039,#6299,#6300);
#5342=AXIS2_PLACEMENT_3D('',#8040,#6301,#6302);
#5343=AXIS2_PLACEMENT_3D('',#8041,#6303,#6304);
#5344=AXIS2_PLACEMENT_3D('',#8046,#6307,#6308);
#5345=AXIS2_PLACEMENT_3D('',#8047,#6309,#6310);
#5346=AXIS2_PLACEMENT_3D('',#8052,#6313,#6314);
#5347=AXIS2_PLACEMENT_3D('',#8053,#6315,#6316);
#5348=AXIS2_PLACEMENT_3D('',#8055,#6317,#6318);
#5349=AXIS2_PLACEMENT_3D('',#8057,#6319,#6320);
#5350=AXIS2_PLACEMENT_3D('',#8059,#6321,#6322);
#5351=AXIS2_PLACEMENT_3D('',#8060,#6323,#6324);
#5352=AXIS2_PLACEMENT_3D('',#8061,#6325,#6326);
#5353=AXIS2_PLACEMENT_3D('',#8075,#6329,#6330);
#5354=AXIS2_PLACEMENT_3D('',#8076,#6331,#6332);
#5355=AXIS2_PLACEMENT_3D('',#8078,#6333,#6334);
#5356=AXIS2_PLACEMENT_3D('',#8080,#6335,#6336);
#5357=AXIS2_PLACEMENT_3D('',#8082,#6337,#6338);
#5358=AXIS2_PLACEMENT_3D('',#8083,#6339,#6340);
#5359=AXIS2_PLACEMENT_3D('',#8084,#6341,#6342);
#5360=AXIS2_PLACEMENT_3D('',#8087,#6345,#6346);
#5361=AXIS2_PLACEMENT_3D('',#8100,#6349,#6350);
#5362=AXIS2_PLACEMENT_3D('',#8104,#6353,#6354);
#5363=AXIS2_PLACEMENT_3D('',#8105,#6355,#6356);
#5364=AXIS2_PLACEMENT_3D('',#8107,#6358,#6359);
#5365=AXIS2_PLACEMENT_3D('',#8109,#6361,#6362);
#5366=AXIS2_PLACEMENT_3D('',#8112,#6365,#6366);
#5367=AXIS2_PLACEMENT_3D('',#8113,#6367,#6368);
#5368=AXIS2_PLACEMENT_3D('',#8115,#6370,#6371);
#5369=AXIS2_PLACEMENT_3D('',#8116,#6372,#6373);
#5370=AXIS2_PLACEMENT_3D('',#8118,#6375,#6376);
#5371=AXIS2_PLACEMENT_3D('',#8119,#6377,#6378);
#5372=AXIS2_PLACEMENT_3D('',#8121,#6380,#6381);
#5373=AXIS2_PLACEMENT_3D('',#8125,#6384,#6385);
#5374=AXIS2_PLACEMENT_3D('',#8131,#6389,#6390);
#5375=AXIS2_PLACEMENT_3D('',#8137,#6394,#6395);
#5376=AXIS2_PLACEMENT_3D('',#8140,#6396,#6397);
#5377=AXIS2_PLACEMENT_3D('',#8144,#6399,#6400);
#5378=AXIS2_PLACEMENT_3D('',#8146,#6402,#6403);
#5379=AXIS2_PLACEMENT_3D('',#8152,#6407,#6408);
#5380=AXIS2_PLACEMENT_3D('',#8154,#6409,#6410);
#5381=AXIS2_PLACEMENT_3D('',#8156,#6411,#6412);
#5382=AXIS2_PLACEMENT_3D('',#8158,#6414,#6415);
#5383=AXIS2_PLACEMENT_3D('',#8159,#6416,#6417);
#5384=AXIS2_PLACEMENT_3D('',#8160,#6418,#6419);
#5385=AXIS2_PLACEMENT_3D('',#8164,#6421,#6422);
#5386=AXIS2_PLACEMENT_3D('',#8174,#6428,#6429);
#5387=AXIS2_PLACEMENT_3D('',#8178,#6431,#6432);
#5388=AXIS2_PLACEMENT_3D('',#8182,#6434,#6435);
#5389=AXIS2_PLACEMENT_3D('',#8186,#6437,#6438);
#5390=AXIS2_PLACEMENT_3D('',#8190,#6440,#6441);
#5391=AXIS2_PLACEMENT_3D('',#8194,#6443,#6444);
#5392=AXIS2_PLACEMENT_3D('',#8198,#6446,#6447);
#5393=AXIS2_PLACEMENT_3D('',#8202,#6449,#6450);
#5394=AXIS2_PLACEMENT_3D('',#8206,#6452,#6453);
#5395=AXIS2_PLACEMENT_3D('',#8210,#6455,#6456);
#5396=AXIS2_PLACEMENT_3D('',#8218,#6461,#6462);
#5397=AXIS2_PLACEMENT_3D('',#8220,#6463,#6464);
#5398=AXIS2_PLACEMENT_3D('',#8222,#6465,#6466);
#5399=AXIS2_PLACEMENT_3D('',#8224,#6467,#6468);
#5400=AXIS2_PLACEMENT_3D('',#8226,#6469,#6470);
#5401=AXIS2_PLACEMENT_3D('',#8227,#6471,#6472);
#5402=AXIS2_PLACEMENT_3D('',#8239,#6479,#6480);
#5403=AXIS2_PLACEMENT_3D('',#8241,#6481,#6482);
#5404=AXIS2_PLACEMENT_3D('',#8243,#6484,#6485);
#5405=AXIS2_PLACEMENT_3D('',#8247,#6488,#6489);
#5406=AXIS2_PLACEMENT_3D('',#8249,#6490,#6491);
#5407=AXIS2_PLACEMENT_3D('',#8251,#6493,#6494);
#5408=AXIS2_PLACEMENT_3D('',#8263,#6501,#6502);
#5409=AXIS2_PLACEMENT_3D('',#8265,#6503,#6504);
#5410=AXIS2_PLACEMENT_3D('',#8267,#6506,#6507);
#5411=AXIS2_PLACEMENT_3D('',#8271,#6510,#6511);
#5412=AXIS2_PLACEMENT_3D('',#8273,#6512,#6513);
#5413=AXIS2_PLACEMENT_3D('',#8275,#6515,#6516);
#5414=AXIS2_PLACEMENT_3D('',#8279,#6519,#6520);
#5415=AXIS2_PLACEMENT_3D('',#8282,#6521,#6522);
#5416=AXIS2_PLACEMENT_3D('',#8285,#6525,#6526);
#5417=AXIS2_PLACEMENT_3D('',#8289,#6528,#6529);
#5418=AXIS2_PLACEMENT_3D('',#8293,#6531,#6532);
#5419=AXIS2_PLACEMENT_3D('',#8297,#6534,#6535);
#5420=AXIS2_PLACEMENT_3D('',#8302,#6538,#6539);
#5421=AXIS2_PLACEMENT_3D('',#8305,#6541,#6542);
#5422=AXIS2_PLACEMENT_3D('',#8346,#6563,#6564);
#5423=AXIS2_PLACEMENT_3D('',#8356,#6570,#6571);
#5424=AXIS2_PLACEMENT_3D('',#8358,#6573,#6574);
#5425=AXIS2_PLACEMENT_3D('',#8360,#6576,#6577);
#5426=AXIS2_PLACEMENT_3D('',#8361,#6578,#6579);
#5427=AXIS2_PLACEMENT_3D('',#8364,#6582,#6583);
#5428=AXIS2_PLACEMENT_3D('',#8366,#6585,#6586);
#5429=AXIS2_PLACEMENT_3D('',#8368,#6588,#6589);
#5430=AXIS2_PLACEMENT_3D('',#8371,#6592,#6593);
#5431=AXIS2_PLACEMENT_3D('',#8372,#6594,#6595);
#5432=AXIS2_PLACEMENT_3D('',#8374,#6596,#6597);
#5433=AXIS2_PLACEMENT_3D('',#8377,#6599,#6600);
#5434=AXIS2_PLACEMENT_3D('',#8378,#6601,#6602);
#5435=AXIS2_PLACEMENT_3D('',#8379,#6603,#6604);
#5436=AXIS2_PLACEMENT_3D('',#8381,#6605,#6606);
#5437=AXIS2_PLACEMENT_3D('',#8384,#6608,#6609);
#5438=AXIS2_PLACEMENT_3D('',#8385,#6610,#6611);
#5439=AXIS2_PLACEMENT_3D('',#8386,#6612,#6613);
#5440=AXIS2_PLACEMENT_3D('',#8388,#6614,#6615);
#5441=AXIS2_PLACEMENT_3D('',#8391,#6617,#6618);
#5442=AXIS2_PLACEMENT_3D('',#8392,#6619,#6620);
#5443=AXIS2_PLACEMENT_3D('',#8393,#6621,#6622);
#5444=AXIS2_PLACEMENT_3D('',#8395,#6623,#6624);
#5445=AXIS2_PLACEMENT_3D('',#8398,#6626,#6627);
#5446=AXIS2_PLACEMENT_3D('',#8399,#6628,#6629);
#5447=AXIS2_PLACEMENT_3D('',#8400,#6630,#6631);
#5448=AXIS2_PLACEMENT_3D('',#8402,#6632,#6633);
#5449=AXIS2_PLACEMENT_3D('',#8404,#6635,#6636);
#5450=AXIS2_PLACEMENT_3D('',#8413,#6641,#6642);
#5451=AXIS2_PLACEMENT_3D('',#8419,#6646,#6647);
#5452=AXIS2_PLACEMENT_3D('',#8422,#6650,#6651);
#5453=AXIS2_PLACEMENT_3D('',#8424,#6652,#6653);
#5454=AXIS2_PLACEMENT_3D('',#8426,#6655,#6656);
#5455=AXIS2_PLACEMENT_3D('',#8432,#6660,#6661);
#5456=AXIS2_PLACEMENT_3D('',#8434,#6662,#6663);
#5457=AXIS2_PLACEMENT_3D('',#8436,#6665,#6666);
#5458=AXIS2_PLACEMENT_3D('',#8445,#6671,#6672);
#5459=AXIS2_PLACEMENT_3D('',#8451,#6676,#6677);
#5460=AXIS2_PLACEMENT_3D('',#8454,#6680,#6681);
#5461=AXIS2_PLACEMENT_3D('',#8456,#6682,#6683);
#5462=AXIS2_PLACEMENT_3D('',#8458,#6685,#6686);
#5463=AXIS2_PLACEMENT_3D('',#8467,#6691,#6692);
#5464=AXIS2_PLACEMENT_3D('',#8473,#6696,#6697);
#5465=AXIS2_PLACEMENT_3D('',#8479,#6701,#6702);
#5466=AXIS2_PLACEMENT_3D('',#8485,#6706,#6707);
#5467=AXIS2_PLACEMENT_3D('',#8489,#6710,#6711);
#5468=AXIS2_PLACEMENT_3D('',#8491,#6713,#6714);
#5469=AXIS2_PLACEMENT_3D('',#8493,#6716,#6717);
#5470=AXIS2_PLACEMENT_3D('',#8499,#6721,#6722);
#5471=AXIS2_PLACEMENT_3D('',#8503,#6725,#6726);
#5472=AXIS2_PLACEMENT_3D('',#8505,#6728,#6729);
#5473=AXIS2_PLACEMENT_3D('',#8507,#6731,#6732);
#5474=AXIS2_PLACEMENT_3D('',#8509,#6734,#6735);
#5475=AXIS2_PLACEMENT_3D('',#8510,#6736,#6737);
#5476=AXIS2_PLACEMENT_3D('',#8511,#6738,#6739);
#5477=AXIS2_PLACEMENT_3D('',#8512,#6740,#6741);
#5478=AXIS2_PLACEMENT_3D('',#8514,#6743,#6744);
#5479=AXIS2_PLACEMENT_3D('',#8516,#6746,#6747);
#5480=AXIS2_PLACEMENT_3D('',#8517,#6748,#6749);
#5481=AXIS2_PLACEMENT_3D('',#8519,#6750,#6751);
#5482=AXIS2_PLACEMENT_3D('',#8521,#6752,#6753);
#5483=AXIS2_PLACEMENT_3D('',#8523,#6755,#6756);
#5484=AXIS2_PLACEMENT_3D('',#8532,#6761,#6762);
#5485=AXIS2_PLACEMENT_3D('',#8536,#6764,#6765);
#5486=AXIS2_PLACEMENT_3D('',#8539,#6767,#6768);
#5487=AXIS2_PLACEMENT_3D('',#8540,#6769,#6770);
#5488=AXIS2_PLACEMENT_3D('',#8543,#6772,#6773);
#5489=AXIS2_PLACEMENT_3D('',#8544,#6774,#6775);
#5490=AXIS2_PLACEMENT_3D('',#8547,#6776,#6777);
#5491=AXIS2_PLACEMENT_3D('',#8550,#6780,#6781);
#5492=AXIS2_PLACEMENT_3D('',#8554,#6784,#6785);
#5493=AXIS2_PLACEMENT_3D('',#8556,#6786,#6787);
#5494=AXIS2_PLACEMENT_3D('',#8558,#6789,#6790);
#5495=AXIS2_PLACEMENT_3D('',#8560,#6792,#6793);
#5496=AXIS2_PLACEMENT_3D('',#8562,#6795,#6796);
#5497=AXIS2_PLACEMENT_3D('',#8568,#6800,#6801);
#5498=AXIS2_PLACEMENT_3D('',#8572,#6804,#6805);
#5499=AXIS2_PLACEMENT_3D('',#8576,#6808,#6809);
#5500=AXIS2_PLACEMENT_3D('',#8578,#6811,#6812);
#5501=AXIS2_PLACEMENT_3D('',#8587,#6817,#6818);
#5502=AXIS2_PLACEMENT_3D('',#8593,#6822,#6823);
#5503=AXIS2_PLACEMENT_3D('',#8599,#6827,#6828);
#5504=AXIS2_PLACEMENT_3D('',#8605,#6832,#6833);
#5505=AXIS2_PLACEMENT_3D('',#8611,#6837,#6838);
#5506=AXIS2_PLACEMENT_3D('',#8614,#6841,#6842);
#5507=AXIS2_PLACEMENT_3D('',#8620,#6846,#6847);
#5508=AXIS2_PLACEMENT_3D('',#8624,#6850,#6851);
#5509=AXIS2_PLACEMENT_3D('',#8628,#6854,#6855);
#5510=AXIS2_PLACEMENT_3D('',#8630,#6857,#6858);
#5511=AXIS2_PLACEMENT_3D('',#8631,#6859,#6860);
#5512=AXIS2_PLACEMENT_3D('',#8640,#6865,#6866);
#5513=AXIS2_PLACEMENT_3D('',#8646,#6870,#6871);
#5514=AXIS2_PLACEMENT_3D('',#8652,#6875,#6876);
#5515=AXIS2_PLACEMENT_3D('',#8658,#6880,#6881);
#5516=AXIS2_PLACEMENT_3D('',#8664,#6885,#6886);
#5517=AXIS2_PLACEMENT_3D('',#8667,#6889,#6890);
#5518=AXIS2_PLACEMENT_3D('',#8673,#6894,#6895);
#5519=AXIS2_PLACEMENT_3D('',#8677,#6898,#6899);
#5520=AXIS2_PLACEMENT_3D('',#8681,#6902,#6903);
#5521=AXIS2_PLACEMENT_3D('',#8683,#6905,#6906);
#5522=AXIS2_PLACEMENT_3D('',#8684,#6907,#6908);
#5523=AXIS2_PLACEMENT_3D('',#8686,#6909,#6910);
#5524=AXIS2_PLACEMENT_3D('',#8687,#6911,#6912);
#5525=AXIS2_PLACEMENT_3D('',#8696,#6917,#6918);
#5526=AXIS2_PLACEMENT_3D('',#8702,#6922,#6923);
#5527=AXIS2_PLACEMENT_3D('',#8708,#6927,#6928);
#5528=AXIS2_PLACEMENT_3D('',#8714,#6932,#6933);
#5529=AXIS2_PLACEMENT_3D('',#8720,#6937,#6938);
#5530=AXIS2_PLACEMENT_3D('',#8723,#6941,#6942);
#5531=AXIS2_PLACEMENT_3D('',#8729,#6946,#6947);
#5532=AXIS2_PLACEMENT_3D('',#8733,#6950,#6951);
#5533=AXIS2_PLACEMENT_3D('',#8737,#6954,#6955);
#5534=AXIS2_PLACEMENT_3D('',#8739,#6957,#6958);
#5535=AXIS2_PLACEMENT_3D('',#8740,#6959,#6960);
#5536=AXIS2_PLACEMENT_3D('',#8742,#6961,#6962);
#5537=AXIS2_PLACEMENT_3D('',#8743,#6963,#6964);
#5538=AXIS2_PLACEMENT_3D('',#8752,#6969,#6970);
#5539=AXIS2_PLACEMENT_3D('',#8758,#6974,#6975);
#5540=AXIS2_PLACEMENT_3D('',#8764,#6979,#6980);
#5541=AXIS2_PLACEMENT_3D('',#8770,#6984,#6985);
#5542=AXIS2_PLACEMENT_3D('',#8776,#6989,#6990);
#5543=AXIS2_PLACEMENT_3D('',#8779,#6993,#6994);
#5544=AXIS2_PLACEMENT_3D('',#8785,#6998,#6999);
#5545=AXIS2_PLACEMENT_3D('',#8789,#7002,#7003);
#5546=AXIS2_PLACEMENT_3D('',#8793,#7006,#7007);
#5547=AXIS2_PLACEMENT_3D('',#8795,#7009,#7010);
#5548=AXIS2_PLACEMENT_3D('',#8796,#7011,#7012);
#5549=AXIS2_PLACEMENT_3D('',#8798,#7013,#7014);
#5550=AXIS2_PLACEMENT_3D('',#8799,#7015,#7016);
#5551=AXIS2_PLACEMENT_3D('',#8802,#7018,#7019);
#5552=AXIS2_PLACEMENT_3D('',#8803,#7020,#7021);
#5553=AXIS2_PLACEMENT_3D('',#8806,#7023,#7024);
#5554=AXIS2_PLACEMENT_3D('',#8807,#7025,#7026);
#5555=AXIS2_PLACEMENT_3D('',#8809,#7027,#7028);
#5556=AXIS2_PLACEMENT_3D('',#8812,#7030,#7031);
#5557=AXIS2_PLACEMENT_3D('',#8813,#7032,#7033);
#5558=AXIS2_PLACEMENT_3D('',#8816,#7035,#7036);
#5559=AXIS2_PLACEMENT_3D('',#8817,#7037,#7038);
#5560=AXIS2_PLACEMENT_3D('',#8818,#7039,#7040);
#5561=AXIS2_PLACEMENT_3D('',#8819,#7041,#7042);
#5562=AXIS2_PLACEMENT_3D('',#8820,#7043,#7044);
#5563=AXIS2_PLACEMENT_3D('',#8821,#7045,#7046);
#5564=AXIS2_PLACEMENT_3D('',#8825,#7049,#7050);
#5565=AXIS2_PLACEMENT_3D('',#8826,#7051,#7052);
#5566=AXIS2_PLACEMENT_3D('',#8827,#7053,#7054);
#5567=AXIS2_PLACEMENT_3D('',#8828,#7055,#7056);
#5568=AXIS2_PLACEMENT_3D('',#8829,#7057,#7058);
#5569=AXIS2_PLACEMENT_3D('',#8830,#7059,#7060);
#5570=AXIS2_PLACEMENT_3D('',#8831,#7061,#7062);
#5571=DIRECTION('axis',(0.,0.,1.));
#5572=DIRECTION('refdir',(1.,0.,0.));
#5573=DIRECTION('center_axis',(-1.,0.,0.));
#5574=DIRECTION('ref_axis',(0.,0.707106781186548,0.707106781186548));
#5575=DIRECTION('center_axis',(1.,0.,0.));
#5576=DIRECTION('ref_axis',(0.,0.707106781186548,0.707106781186548));
#5577=DIRECTION('',(-1.,0.,0.));
#5578=DIRECTION('center_axis',(1.,0.,0.));
#5579=DIRECTION('ref_axis',(0.,1.,0.));
#5580=DIRECTION('',(1.,0.,0.));
#5581=DIRECTION('center_axis',(0.,0.,-1.));
#5582=DIRECTION('ref_axis',(-0.707106781186548,0.707106781186548,0.));
#5583=DIRECTION('center_axis',(0.,0.,-1.));
#5584=DIRECTION('ref_axis',(-1.,0.,0.));
#5585=DIRECTION('',(0.,0.,-1.));
#5586=DIRECTION('center_axis',(0.,0.,1.));
#5587=DIRECTION('ref_axis',(0.,1.,0.));
#5588=DIRECTION('',(0.,0.,1.));
#5589=DIRECTION('center_axis',(-0.408248290463861,-0.816496580927728,0.408248290463861));
#5590=DIRECTION('ref_axis',(-0.577350269189626,0.577350269189626,0.577350269189626));
#5591=DIRECTION('center_axis',(0.,1.,0.));
#5592=DIRECTION('ref_axis',(-0.707106781186548,0.,0.707106781186548));
#5593=DIRECTION('center_axis',(1.,0.,0.));
#5594=DIRECTION('ref_axis',(0.,0.707106781186548,-0.707106781186548));
#5595=DIRECTION('center_axis',(1.,0.,0.));
#5596=DIRECTION('ref_axis',(0.,0.707106781186548,-0.707106781186548));
#5597=DIRECTION('',(-1.,0.,0.));
#5598=DIRECTION('center_axis',(1.,0.,0.));
#5599=DIRECTION('ref_axis',(0.,0.,-1.));
#5600=DIRECTION('',(1.,0.,0.));
#5601=DIRECTION('center_axis',(-0.408248290463861,-0.816496580927728,-0.408248290463861));
#5602=DIRECTION('ref_axis',(-0.577350269189626,0.577350269189626,-0.577350269189626));
#5603=DIRECTION('center_axis',(0.,1.,0.));
#5604=DIRECTION('ref_axis',(-0.707106781186548,0.,-0.707106781186548));
#5605=DIRECTION('center_axis',(0.,0.,1.));
#5606=DIRECTION('ref_axis',(1.,0.,0.));
#5607=DIRECTION('',(0.,1.,0.));
#5608=DIRECTION('',(-0.398712767795781,0.917075857711142,0.));
#5609=DIRECTION('',(0.,-1.,0.));
#5610=DIRECTION('',(1.,0.,0.));
#5611=DIRECTION('',(0.,-1.,0.));
#5612=DIRECTION('center_axis',(0.,-1.,0.));
#5613=DIRECTION('ref_axis',(-0.707106781186548,0.,0.707106781186548));
#5614=DIRECTION('',(0.,-1.,0.));
#5615=DIRECTION('center_axis',(0.,-1.,1.33226762955019E-14));
#5616=DIRECTION('ref_axis',(-1.,0.,0.));
#5617=DIRECTION('center_axis',(-1.,0.,0.));
#5618=DIRECTION('ref_axis',(0.,1.,0.));
#5619=DIRECTION('',(0.,1.,0.));
#5620=DIRECTION('',(0.,0.,-1.));
#5621=DIRECTION('center_axis',(0.,1.,0.));
#5622=DIRECTION('ref_axis',(-0.707106781186548,0.,-0.707106781186548));
#5623=DIRECTION('',(0.,-1.,0.));
#5624=DIRECTION('center_axis',(1.33226762955019E-14,-1.,0.));
#5625=DIRECTION('ref_axis',(0.,0.,-1.));
#5626=DIRECTION('center_axis',(0.,0.,-1.));
#5627=DIRECTION('ref_axis',(-1.,0.,0.));
#5628=DIRECTION('',(0.,1.,0.));
#5629=DIRECTION('',(-1.,0.,0.));
#5630=DIRECTION('',(0.,1.,0.));
#5631=DIRECTION('',(0.398712767795781,-0.917075857711142,0.));
#5632=DIRECTION('center_axis',(-1.,0.,0.));
#5633=DIRECTION('ref_axis',(0.,0.707106781186544,0.707106781186551));
#5634=DIRECTION('center_axis',(1.,0.,0.));
#5635=DIRECTION('ref_axis',(0.,0.707106781186544,0.707106781186551));
#5636=DIRECTION('',(-1.,0.,0.));
#5637=DIRECTION('center_axis',(1.,0.,0.));
#5638=DIRECTION('ref_axis',(0.,1.,0.));
#5639=DIRECTION('',(1.,0.,0.));
#5640=DIRECTION('center_axis',(0.,0.,-1.));
#5641=DIRECTION('ref_axis',(-0.707106781186548,0.707106781186548,0.));
#5642=DIRECTION('center_axis',(0.,0.,-1.));
#5643=DIRECTION('ref_axis',(-1.,0.,0.));
#5644=DIRECTION('',(0.,0.,-1.));
#5645=DIRECTION('center_axis',(0.,0.,1.));
#5646=DIRECTION('ref_axis',(0.,1.,0.));
#5647=DIRECTION('',(0.,0.,1.));
#5648=DIRECTION('center_axis',(-0.40824829046386,-0.816496580927727,0.408248290463864));
#5649=DIRECTION('ref_axis',(-0.577350269189625,0.577350269189625,0.577350269189628));
#5650=DIRECTION('center_axis',(0.,1.,0.));
#5651=DIRECTION('ref_axis',(-0.707106781186545,0.,0.70710678118655));
#5652=DIRECTION('center_axis',(1.,0.,0.));
#5653=DIRECTION('ref_axis',(0.,0.707106781186546,-0.707106781186549));
#5654=DIRECTION('center_axis',(1.,0.,0.));
#5655=DIRECTION('ref_axis',(0.,0.707106781186546,-0.707106781186549));
#5656=DIRECTION('',(-1.,0.,0.));
#5657=DIRECTION('center_axis',(1.,0.,0.));
#5658=DIRECTION('ref_axis',(0.,0.,-1.));
#5659=DIRECTION('',(1.,0.,0.));
#5660=DIRECTION('center_axis',(-0.40824829046386,-0.816496580927727,-0.408248290463864));
#5661=DIRECTION('ref_axis',(-0.577350269189624,0.577350269189624,-0.577350269189629));
#5662=DIRECTION('center_axis',(0.,1.,0.));
#5663=DIRECTION('ref_axis',(-0.707106781186546,0.,-0.707106781186549));
#5664=DIRECTION('center_axis',(0.,0.,1.));
#5665=DIRECTION('ref_axis',(1.,0.,0.));
#5666=DIRECTION('',(0.,1.,0.));
#5667=DIRECTION('',(-0.398712767795781,0.917075857711142,0.));
#5668=DIRECTION('',(0.,-1.,0.));
#5669=DIRECTION('',(1.,0.,0.));
#5670=DIRECTION('',(0.,-1.,0.));
#5671=DIRECTION('center_axis',(0.,-1.,0.));
#5672=DIRECTION('ref_axis',(-0.707106781186544,0.,0.707106781186551));
#5673=DIRECTION('',(0.,-1.,0.));
#5674=DIRECTION('center_axis',(0.,-1.,1.33226762955019E-14));
#5675=DIRECTION('ref_axis',(-1.,0.,0.));
#5676=DIRECTION('center_axis',(-1.,0.,0.));
#5677=DIRECTION('ref_axis',(0.,1.,0.));
#5678=DIRECTION('',(0.,1.,0.));
#5679=DIRECTION('',(0.,0.,-1.));
#5680=DIRECTION('center_axis',(0.,1.,0.));
#5681=DIRECTION('ref_axis',(-0.707106781186546,0.,-0.707106781186549));
#5682=DIRECTION('',(0.,-1.,0.));
#5683=DIRECTION('center_axis',(1.33226762955019E-14,-1.,0.));
#5684=DIRECTION('ref_axis',(0.,0.,-1.));
#5685=DIRECTION('center_axis',(0.,0.,-1.));
#5686=DIRECTION('ref_axis',(-1.,0.,0.));
#5687=DIRECTION('',(0.,1.,0.));
#5688=DIRECTION('',(-1.,0.,0.));
#5689=DIRECTION('',(0.,1.,0.));
#5690=DIRECTION('',(0.398712767795781,-0.917075857711142,0.));
#5691=DIRECTION('center_axis',(-1.,-9.70052394388984E-30,7.17983002228942E-45));
#5692=DIRECTION('ref_axis',(0.,0.707106781186548,-0.707106781186548));
#5693=DIRECTION('center_axis',(-1.,-9.70052394388984E-30,7.17983002228942E-45));
#5694=DIRECTION('ref_axis',(0.,0.707106781186548,-0.707106781186548));
#5695=DIRECTION('',(1.,9.70052394388984E-30,-7.17983002228942E-45));
#5696=DIRECTION('center_axis',(-1.,0.,0.));
#5697=DIRECTION('ref_axis',(0.,1.,0.));
#5698=DIRECTION('',(-1.,-9.70052394388984E-30,7.17983002228942E-45));
#5699=DIRECTION('center_axis',(-7.17983002228942E-45,-3.48240565221388E-74,
-1.));
#5700=DIRECTION('ref_axis',(0.707106781186551,0.707106781186544,0.));
#5701=DIRECTION('center_axis',(0.,0.,-1.));
#5702=DIRECTION('ref_axis',(0.,1.,0.));
#5703=DIRECTION('',(-7.17983002228942E-45,-3.48240565221388E-74,-1.));
#5704=DIRECTION('center_axis',(0.,0.,1.));
#5705=DIRECTION('ref_axis',(1.,0.,0.));
#5706=DIRECTION('',(7.17983002228942E-45,3.48240565221388E-74,1.));
#5707=DIRECTION('center_axis',(1.,9.70052394388984E-30,-7.17983002228942E-45));
#5708=DIRECTION('ref_axis',(0.,0.707106781186544,0.707106781186551));
#5709=DIRECTION('center_axis',(-1.,-9.70052394388984E-30,7.17983002228942E-45));
#5710=DIRECTION('ref_axis',(0.,0.707106781186544,0.707106781186551));
#5711=DIRECTION('',(1.,9.70052394388984E-30,-7.17983002228942E-45));
#5712=DIRECTION('center_axis',(-1.,0.,0.));
#5713=DIRECTION('ref_axis',(0.,0.,1.));
#5714=DIRECTION('',(-1.,-9.70052394388984E-30,7.17983002228942E-45));
#5715=DIRECTION('center_axis',(0.40824829046386,-0.816496580927726,0.408248290463867));
#5716=DIRECTION('ref_axis',(0.577350269189623,0.577350269189623,0.577350269189631));
#5717=DIRECTION('center_axis',(-9.70052394388984E-30,1.,3.48240565221388E-74));
#5718=DIRECTION('ref_axis',(0.707106781186545,0.,0.70710678118655));
#5719=DIRECTION('center_axis',(0.408248290463861,-0.816496580927728,-0.408248290463861));
#5720=DIRECTION('ref_axis',(0.577350269189626,0.577350269189626,-0.577350269189626));
#5721=DIRECTION('center_axis',(-9.70052394388984E-30,1.,3.48240565221388E-74));
#5722=DIRECTION('ref_axis',(0.707106781186548,0.,-0.707106781186548));
#5723=DIRECTION('center_axis',(7.17983002228942E-45,3.48240565221388E-74,
1.));
#5724=DIRECTION('ref_axis',(1.,9.70052394388984E-30,-7.17983002228942E-45));
#5725=DIRECTION('',(-9.70052394388984E-30,1.,3.48240565221388E-74));
#5726=DIRECTION('',(0.398712767795781,0.917075857711142,-2.86268990049026E-45));
#5727=DIRECTION('',(0.,-1.,3.48240565221388E-74));
#5728=DIRECTION('',(-1.,0.,7.17983002228942E-45));
#5729=DIRECTION('',(9.70052394388984E-30,-1.,-3.48240565221388E-74));
#5730=DIRECTION('center_axis',(-9.70052394388984E-30,1.,3.48240565221388E-74));
#5731=DIRECTION('ref_axis',(0.707106781186548,0.,-0.707106781186548));
#5732=DIRECTION('',(9.70052394388984E-30,-1.,-3.48240565221388E-74));
#5733=DIRECTION('center_axis',(0.,-1.,-3.10862446895045E-14));
#5734=DIRECTION('ref_axis',(1.,0.,0.));
#5735=DIRECTION('center_axis',(-1.,-9.70052394388984E-30,7.17983002228942E-45));
#5736=DIRECTION('ref_axis',(-9.70052394388984E-30,1.,3.48240565221388E-74));
#5737=DIRECTION('',(-9.70052394388984E-30,1.,3.48240565221388E-74));
#5738=DIRECTION('',(7.17983002228942E-45,1.20733017412169E-89,1.));
#5739=DIRECTION('center_axis',(9.70052394388984E-30,-1.,-3.48240565221388E-74));
#5740=DIRECTION('ref_axis',(0.707106781186544,0.,0.707106781186551));
#5741=DIRECTION('',(9.70052394388984E-30,-1.,-3.48240565221388E-74));
#5742=DIRECTION('center_axis',(-3.10862446895045E-14,-1.,0.));
#5743=DIRECTION('ref_axis',(0.,0.,1.));
#5744=DIRECTION('center_axis',(-7.17983002228942E-45,-3.48240565221388E-74,
-1.));
#5745=DIRECTION('ref_axis',(-1.,-9.70052394388984E-30,7.17983002228942E-45));
#5746=DIRECTION('',(-9.70052394388984E-30,1.,3.48240565221388E-74));
#5747=DIRECTION('',(1.,0.,-7.17983002228942E-45));
#5748=DIRECTION('',(0.,1.,-3.48240565221388E-74));
#5749=DIRECTION('',(-0.398712767795781,-0.917075857711142,2.86268990049026E-45));
#5750=DIRECTION('center_axis',(-1.,-9.70052394388984E-30,7.17983002228942E-45));
#5751=DIRECTION('ref_axis',(0.,0.707106781186546,-0.707106781186549));
#5752=DIRECTION('center_axis',(-1.,-9.70052394388984E-30,7.17983002228942E-45));
#5753=DIRECTION('ref_axis',(0.,0.707106781186546,-0.707106781186549));
#5754=DIRECTION('',(1.,9.70052394388984E-30,-7.17983002228942E-45));
#5755=DIRECTION('center_axis',(-1.,0.,0.));
#5756=DIRECTION('ref_axis',(0.,1.,0.));
#5757=DIRECTION('',(-1.,-9.70052394388984E-30,7.17983002228942E-45));
#5758=DIRECTION('center_axis',(-7.17983002228942E-45,-3.48240565221388E-74,
-1.));
#5759=DIRECTION('ref_axis',(0.707106781186551,0.707106781186544,0.));
#5760=DIRECTION('center_axis',(0.,0.,-1.));
#5761=DIRECTION('ref_axis',(0.,1.,0.));
#5762=DIRECTION('',(-7.17983002228942E-45,-3.48240565221388E-74,-1.));
#5763=DIRECTION('center_axis',(0.,0.,1.));
#5764=DIRECTION('ref_axis',(1.,0.,0.));
#5765=DIRECTION('',(7.17983002228942E-45,3.48240565221388E-74,1.));
#5766=DIRECTION('center_axis',(1.,9.70052394388984E-30,-7.17983002228942E-45));
#5767=DIRECTION('ref_axis',(0.,0.707106781186544,0.707106781186551));
#5768=DIRECTION('center_axis',(-1.,-9.70052394388984E-30,7.17983002228942E-45));
#5769=DIRECTION('ref_axis',(0.,0.707106781186544,0.707106781186551));
#5770=DIRECTION('',(1.,9.70052394388984E-30,-7.17983002228942E-45));
#5771=DIRECTION('center_axis',(-1.,0.,0.));
#5772=DIRECTION('ref_axis',(0.,0.,1.));
#5773=DIRECTION('',(-1.,-9.70052394388984E-30,7.17983002228942E-45));
#5774=DIRECTION('center_axis',(0.40824829046386,-0.816496580927727,0.408248290463864));
#5775=DIRECTION('ref_axis',(0.577350269189623,0.577350269189623,0.577350269189631));
#5776=DIRECTION('center_axis',(-9.70052394388984E-30,1.,3.48240565221388E-74));
#5777=DIRECTION('ref_axis',(0.707106781186545,0.,0.70710678118655));
#5778=DIRECTION('center_axis',(0.40824829046386,-0.816496580927727,-0.408248290463864));
#5779=DIRECTION('ref_axis',(0.577350269189624,0.577350269189624,-0.577350269189629));
#5780=DIRECTION('center_axis',(-9.70052394388984E-30,1.,3.48240565221388E-74));
#5781=DIRECTION('ref_axis',(0.707106781186546,0.,-0.707106781186549));
#5782=DIRECTION('center_axis',(7.17983002228942E-45,3.48240565221388E-74,
1.));
#5783=DIRECTION('ref_axis',(1.,9.70052394388984E-30,-7.17983002228942E-45));
#5784=DIRECTION('',(-9.70052394388984E-30,1.,3.48240565221388E-74));
#5785=DIRECTION('',(0.398712767795781,0.917075857711142,-2.86268990049026E-45));
#5786=DIRECTION('',(0.,-1.,3.48240565221388E-74));
#5787=DIRECTION('',(-1.,0.,7.17983002228942E-45));
#5788=DIRECTION('',(9.70052394388984E-30,-1.,-3.48240565221388E-74));
#5789=DIRECTION('center_axis',(-9.70052394388984E-30,1.,3.48240565221388E-74));
#5790=DIRECTION('ref_axis',(0.707106781186546,0.,-0.707106781186549));
#5791=DIRECTION('',(9.70052394388984E-30,-1.,-3.48240565221388E-74));
#5792=DIRECTION('center_axis',(0.,-1.,-3.10862446895044E-14));
#5793=DIRECTION('ref_axis',(1.,0.,0.));
#5794=DIRECTION('center_axis',(-1.,-9.70052394388984E-30,7.17983002228942E-45));
#5795=DIRECTION('ref_axis',(-9.70052394388984E-30,1.,3.48240565221388E-74));
#5796=DIRECTION('',(-9.70052394388984E-30,1.,3.48240565221388E-74));
#5797=DIRECTION('',(7.17983002228942E-45,1.20733017412169E-89,1.));
#5798=DIRECTION('center_axis',(9.70052394388984E-30,-1.,-3.48240565221388E-74));
#5799=DIRECTION('ref_axis',(0.707106781186544,0.,0.707106781186551));
#5800=DIRECTION('',(9.70052394388984E-30,-1.,-3.48240565221388E-74));
#5801=DIRECTION('center_axis',(-3.10862446895045E-14,-1.,0.));
#5802=DIRECTION('ref_axis',(0.,0.,1.));
#5803=DIRECTION('center_axis',(-7.17983002228942E-45,-3.48240565221388E-74,
-1.));
#5804=DIRECTION('ref_axis',(-1.,-9.70052394388984E-30,7.17983002228942E-45));
#5805=DIRECTION('',(-9.70052394388984E-30,1.,3.48240565221388E-74));
#5806=DIRECTION('',(1.,0.,-7.17983002228942E-45));
#5807=DIRECTION('',(0.,1.,-3.48240565221388E-74));
#5808=DIRECTION('',(-0.398712767795781,-0.917075857711142,2.86268990049026E-45));
#5809=DIRECTION('center_axis',(-0.445291610677432,-0.0926115937745996,-0.890583221354875));
#5810=DIRECTION('ref_axis',(-0.87192506003433,-0.181342669669761,0.454820322590333));
#5811=DIRECTION('center_axis',(0.,0.,1.));
#5812=DIRECTION('ref_axis',(-0.917075857711142,-0.398712767795783,0.));
#5813=DIRECTION('center_axis',(-0.398712767795801,0.917075857711134,0.));
#5814=DIRECTION('ref_axis',(0.,0.,1.));
#5815=DIRECTION('center_axis',(0.44529161067744,0.0926115937745983,-0.890583221354871));
#5816=DIRECTION('ref_axis',(-0.871925060034328,-0.18134266966976,-0.454820322590338));
#5817=DIRECTION('center_axis',(-0.398712767795779,0.917075857711143,2.39044554113267E-14));
#5818=DIRECTION('ref_axis',(-0.917075857711143,-0.398712767795779,0.));
#5819=DIRECTION('center_axis',(0.,0.,-1.));
#5820=DIRECTION('ref_axis',(-1.,0.,0.));
#5821=DIRECTION('center_axis',(0.,0.,1.));
#5822=DIRECTION('ref_axis',(-0.979049502760494,-0.203622373879762,0.));
#5823=DIRECTION('',(0.,0.,1.));
#5824=DIRECTION('center_axis',(0.398712767795783,-0.917075857711142,0.));
#5825=DIRECTION('ref_axis',(-0.917075857711142,-0.398712767795783,-2.22044604925032E-15));
#5826=DIRECTION('center_axis',(0.960469328128291,0.278385828886438,0.));
#5827=DIRECTION('ref_axis',(0.278385828886438,-0.960469328128291,0.));
#5828=DIRECTION('center_axis',(-0.917075857711142,-0.398712767795781,0.));
#5829=DIRECTION('ref_axis',(0.398712767795781,-0.917075857711142,-7.377668250315E-17));
#5830=DIRECTION('center_axis',(-0.398712767795781,0.917075857711142,0.));
#5831=DIRECTION('ref_axis',(-0.64847055785002,-0.281932501854051,-0.707106781186547));
#5832=DIRECTION('',(-0.398712767795781,0.917075857711142,0.));
#5833=DIRECTION('center_axis',(0.398712767795781,-0.917075857711142,0.));
#5834=DIRECTION('ref_axis',(-0.648470557850019,-0.28193250185405,0.707106781186549));
#5835=DIRECTION('center_axis',(-0.398712767795779,0.917075857711143,0.));
#5836=DIRECTION('ref_axis',(-0.917075857711143,-0.398712767795779,0.));
#5837=DIRECTION('',(0.398712767795781,-0.917075857711142,0.));
#5838=DIRECTION('center_axis',(0.960469328128291,0.278385828886438,0.));
#5839=DIRECTION('ref_axis',(0.278385828886438,-0.960469328128291,0.));
#5840=DIRECTION('center_axis',(-0.917075857711142,-0.398712767795781,0.));
#5841=DIRECTION('ref_axis',(0.398712767795781,-0.917075857711142,-3.6888341251575E-17));
#5842=DIRECTION('center_axis',(0.,1.,0.));
#5843=DIRECTION('ref_axis',(0.70710678118655,0.,0.707106781186545));
#5844=DIRECTION('center_axis',(0.,1.,0.));
#5845=DIRECTION('ref_axis',(0.70710678118655,0.,0.707106781186545));
#5846=DIRECTION('',(0.,-1.,0.));
#5847=DIRECTION('center_axis',(0.,1.,0.));
#5848=DIRECTION('ref_axis',(1.,0.,0.));
#5849=DIRECTION('',(0.,0.,1.));
#5850=DIRECTION('center_axis',(-0.445291610677431,-0.0926115937745993,-0.890583221354876));
#5851=DIRECTION('ref_axis',(-0.871925060034331,-0.181342669669761,0.454820322590331));
#5852=DIRECTION('center_axis',(0.,0.,1.));
#5853=DIRECTION('ref_axis',(-0.917075857711142,-0.398712767795783,0.));
#5854=DIRECTION('center_axis',(-0.398712767795801,0.917075857711134,0.));
#5855=DIRECTION('ref_axis',(0.,0.,1.));
#5856=DIRECTION('center_axis',(0.445291610677439,0.0926115937745981,-0.890583221354872));
#5857=DIRECTION('ref_axis',(-0.871925060034328,-0.18134266966976,-0.454820322590336));
#5858=DIRECTION('center_axis',(-0.398712767795779,0.917075857711143,2.39044554113268E-14));
#5859=DIRECTION('ref_axis',(-0.917075857711143,-0.398712767795779,0.));
#5860=DIRECTION('center_axis',(0.,0.,-1.));
#5861=DIRECTION('ref_axis',(-1.,0.,0.));
#5862=DIRECTION('center_axis',(0.,0.,1.));
#5863=DIRECTION('ref_axis',(-0.979049502760494,-0.203622373879762,0.));
#5864=DIRECTION('',(0.,0.,1.));
#5865=DIRECTION('center_axis',(0.398712767795783,-0.917075857711142,0.));
#5866=DIRECTION('ref_axis',(-0.917075857711142,-0.398712767795783,0.));
#5867=DIRECTION('center_axis',(0.960469328128291,0.278385828886438,0.));
#5868=DIRECTION('ref_axis',(0.278385828886438,-0.960469328128291,0.));
#5869=DIRECTION('center_axis',(-0.917075857711142,-0.398712767795781,0.));
#5870=DIRECTION('ref_axis',(0.398712767795781,-0.917075857711142,3.6888341251575E-17));
#5871=DIRECTION('center_axis',(-0.398712767795781,0.917075857711142,0.));
#5872=DIRECTION('ref_axis',(-0.648470557850022,-0.281932501854051,-0.707106781186545));
#5873=DIRECTION('',(-0.398712767795781,0.917075857711142,0.));
#5874=DIRECTION('center_axis',(0.398712767795781,-0.917075857711142,0.));
#5875=DIRECTION('ref_axis',(-0.648470557850022,-0.281932501854051,0.707106781186545));
#5876=DIRECTION('center_axis',(-0.398712767795779,0.917075857711143,0.));
#5877=DIRECTION('ref_axis',(-0.917075857711143,-0.398712767795779,0.));
#5878=DIRECTION('',(0.398712767795781,-0.917075857711142,0.));
#5879=DIRECTION('center_axis',(0.960469328128291,0.278385828886438,0.));
#5880=DIRECTION('ref_axis',(0.278385828886438,-0.960469328128291,0.));
#5881=DIRECTION('center_axis',(-0.917075857711142,-0.398712767795781,0.));
#5882=DIRECTION('ref_axis',(0.398712767795781,-0.917075857711142,-3.6888341251575E-17));
#5883=DIRECTION('center_axis',(0.,1.,0.));
#5884=DIRECTION('ref_axis',(0.707106781186548,0.,0.707106781186548));
#5885=DIRECTION('center_axis',(0.,1.,0.));
#5886=DIRECTION('ref_axis',(0.707106781186548,0.,0.707106781186548));
#5887=DIRECTION('',(0.,-1.,0.));
#5888=DIRECTION('center_axis',(0.,1.,0.));
#5889=DIRECTION('ref_axis',(1.,0.,0.));
#5890=DIRECTION('',(0.,0.,1.));
#5891=DIRECTION('center_axis',(0.445291610677439,-0.0926115937745989,-0.890583221354872));
#5892=DIRECTION('ref_axis',(0.871925060034331,-0.181342669669746,0.454820322590336));
#5893=DIRECTION('center_axis',(0.39871276779578,0.917075857711143,-3.38203656518724E-14));
#5894=DIRECTION('ref_axis',(0.917075857711143,-0.39871276779578,0.));
#5895=DIRECTION('center_axis',(0.,0.,1.));
#5896=DIRECTION('ref_axis',(1.,0.,0.));
#5897=DIRECTION('center_axis',(-0.445291610677439,0.0926115937745996,-0.890583221354872));
#5898=DIRECTION('ref_axis',(0.871925060034329,-0.181342669669753,-0.454820322590337));
#5899=DIRECTION('center_axis',(0.398712767795811,0.91707585771113,0.));
#5900=DIRECTION('ref_axis',(0.,0.,-1.));
#5901=DIRECTION('center_axis',(0.,0.,-1.));
#5902=DIRECTION('ref_axis',(0.917075857711142,-0.398712767795783,0.));
#5903=DIRECTION('center_axis',(7.17983002228942E-45,0.,1.));
#5904=DIRECTION('ref_axis',(0.979049502760495,-0.203622373879759,0.));
#5905=DIRECTION('',(-7.17983002228942E-45,4.9623912909429E-61,-1.));
#5906=DIRECTION('center_axis',(0.398712767795781,0.917075857711142,-2.86268990049026E-45));
#5907=DIRECTION('ref_axis',(0.648470557850021,-0.281932501854057,-0.707106781186544));
#5908=DIRECTION('center_axis',(0.39871276779578,0.917075857711143,0.));
#5909=DIRECTION('ref_axis',(0.917075857711143,-0.39871276779578,0.));
#5910=DIRECTION('',(-0.398712767795781,-0.917075857711142,2.86268990049026E-45));
#5911=DIRECTION('center_axis',(-0.960469328128291,0.278385828886438,0.));
#5912=DIRECTION('ref_axis',(-0.278385828886438,-0.960469328128291,0.));
#5913=DIRECTION('center_axis',(0.917075857711142,-0.398712767795781,-6.58444877591128E-45));
#5914=DIRECTION('ref_axis',(-0.398712767795781,-0.917075857711142,-7.377668250315E-17));
#5915=DIRECTION('center_axis',(-0.398712767795781,-0.917075857711142,2.86268990049026E-45));
#5916=DIRECTION('ref_axis',(0.648470557850018,-0.281932501854056,0.707106781186547));
#5917=DIRECTION('center_axis',(0.39871276779578,0.917075857711143,0.));
#5918=DIRECTION('ref_axis',(0.,0.,1.));
#5919=DIRECTION('',(0.398712767795781,0.917075857711142,-2.86268990049026E-45));
#5920=DIRECTION('center_axis',(0.917075857711142,-0.398712767795781,-6.58444877591128E-45));
#5921=DIRECTION('ref_axis',(-0.398712767795781,-0.917075857711142,-3.6888341251575E-17));
#5922=DIRECTION('center_axis',(-0.960469328128291,0.278385828886438,0.));
#5923=DIRECTION('ref_axis',(-0.278385828886438,-0.960469328128291,0.));
#5924=DIRECTION('center_axis',(0.,-1.,3.48240565221388E-74));
#5925=DIRECTION('ref_axis',(-0.707106781186546,0.,0.707106781186549));
#5926=DIRECTION('',(0.,1.,-3.48240565221388E-74));
#5927=DIRECTION('center_axis',(0.,1.,0.));
#5928=DIRECTION('ref_axis',(-0.707106781186546,0.,0.707106781186549));
#5929=DIRECTION('center_axis',(-0.917075857711142,0.398712767795781,6.58444877591128E-45));
#5930=DIRECTION('ref_axis',(0.398712767795781,0.917075857711142,-2.86268990049026E-45));
#5931=DIRECTION('',(0.,-1.65142661779113E-44,1.));
#5932=DIRECTION('center_axis',(0.445291610677439,-0.0926115937745989,-0.890583221354872));
#5933=DIRECTION('ref_axis',(0.871925060034331,-0.181342669669746,0.454820322590336));
#5934=DIRECTION('center_axis',(0.39871276779578,0.917075857711143,-3.38203656518724E-14));
#5935=DIRECTION('ref_axis',(0.917075857711143,-0.39871276779578,0.));
#5936=DIRECTION('center_axis',(0.,0.,1.));
#5937=DIRECTION('ref_axis',(1.,0.,0.));
#5938=DIRECTION('center_axis',(-0.445291610677438,0.0926115937745993,-0.890583221354872));
#5939=DIRECTION('ref_axis',(0.87192506003433,-0.181342669669747,-0.454820322590339));
#5940=DIRECTION('center_axis',(0.,0.,-1.));
#5941=DIRECTION('ref_axis',(0.917075857711142,-0.398712767795783,0.));
#5942=DIRECTION('center_axis',(0.398712767795811,0.91707585771113,0.));
#5943=DIRECTION('ref_axis',(0.,0.,-1.));
#5944=DIRECTION('center_axis',(7.17983002228942E-45,0.,1.));
#5945=DIRECTION('ref_axis',(0.979049502760495,-0.203622373879759,0.));
#5946=DIRECTION('',(-7.17983002228942E-45,4.9623912909429E-61,-1.));
#5947=DIRECTION('center_axis',(0.398712767795781,0.917075857711142,-2.86268990049026E-45));
#5948=DIRECTION('ref_axis',(0.648470557850019,-0.281932501854056,-0.707106781186546));
#5949=DIRECTION('center_axis',(0.39871276779578,0.917075857711143,0.));
#5950=DIRECTION('ref_axis',(0.917075857711143,-0.39871276779578,0.));
#5951=DIRECTION('',(-0.398712767795781,-0.917075857711142,2.86268990049026E-45));
#5952=DIRECTION('center_axis',(-0.960469328128291,0.278385828886438,0.));
#5953=DIRECTION('ref_axis',(-0.278385828886438,-0.960469328128291,0.));
#5954=DIRECTION('center_axis',(0.917075857711142,-0.398712767795781,-6.58444877591128E-45));
#5955=DIRECTION('ref_axis',(-0.398712767795781,-0.917075857711142,3.6888341251575E-17));
#5956=DIRECTION('center_axis',(-0.398712767795781,-0.917075857711142,2.86268990049026E-45));
#5957=DIRECTION('ref_axis',(0.648470557850018,-0.281932501854056,0.707106781186547));
#5958=DIRECTION('center_axis',(0.39871276779578,0.917075857711143,0.));
#5959=DIRECTION('ref_axis',(0.,0.,1.));
#5960=DIRECTION('',(0.398712767795781,0.917075857711142,-2.86268990049026E-45));
#5961=DIRECTION('center_axis',(0.917075857711142,-0.398712767795781,-6.58444877591128E-45));
#5962=DIRECTION('ref_axis',(-0.398712767795781,-0.917075857711142,-3.6888341251575E-17));
#5963=DIRECTION('center_axis',(-0.960469328128291,0.278385828886438,0.));
#5964=DIRECTION('ref_axis',(-0.278385828886438,-0.960469328128291,0.));
#5965=DIRECTION('center_axis',(0.,-1.,3.48240565221388E-74));
#5966=DIRECTION('ref_axis',(-0.707106781186548,0.,0.707106781186548));
#5967=DIRECTION('',(0.,1.,-3.48240565221388E-74));
#5968=DIRECTION('center_axis',(0.,1.,0.));
#5969=DIRECTION('ref_axis',(-0.707106781186548,0.,0.707106781186548));
#5970=DIRECTION('center_axis',(-0.917075857711142,0.398712767795781,6.58444877591128E-45));
#5971=DIRECTION('ref_axis',(0.398712767795781,0.917075857711142,-2.86268990049026E-45));
#5972=DIRECTION('',(0.,-1.65142661779113E-44,1.));
#5973=DIRECTION('center_axis',(0.,1.,-3.48240565221388E-74));
#5974=DIRECTION('ref_axis',(-0.707106781186548,0.,-0.707106781186548));
#5975=DIRECTION('center_axis',(0.,1.,0.));
#5976=DIRECTION('ref_axis',(-0.707106781186548,0.,-0.707106781186548));
#5977=DIRECTION('',(0.,-1.,3.48240565221388E-74));
#5978=DIRECTION('center_axis',(0.,1.,-3.48240565221388E-74));
#5979=DIRECTION('ref_axis',(-0.707106781186548,0.,-0.707106781186548));
#5980=DIRECTION('center_axis',(0.,1.,0.));
#5981=DIRECTION('ref_axis',(-0.707106781186548,0.,-0.707106781186548));
#5982=DIRECTION('',(0.,-1.,3.48240565221388E-74));
#5983=DIRECTION('center_axis',(0.,-1.,0.));
#5984=DIRECTION('ref_axis',(0.707106781186549,0.,-0.707106781186546));
#5985=DIRECTION('',(0.,1.,0.));
#5986=DIRECTION('center_axis',(0.,1.,0.));
#5987=DIRECTION('ref_axis',(0.707106781186549,0.,-0.707106781186546));
#5988=DIRECTION('center_axis',(0.,-1.,0.));
#5989=DIRECTION('ref_axis',(0.707106781186549,0.,-0.707106781186546));
#5990=DIRECTION('',(0.,1.,0.));
#5991=DIRECTION('center_axis',(0.,1.,0.));
#5992=DIRECTION('ref_axis',(0.707106781186549,0.,-0.707106781186546));
#5993=DIRECTION('center_axis',(1.,9.70052394388984E-30,-7.17983002228942E-45));
#5994=DIRECTION('ref_axis',(9.70052394388984E-30,-1.,-3.48240565221388E-74));
#5995=DIRECTION('',(-7.17983002228942E-45,0.,-1.));
#5996=DIRECTION('',(-7.17983002228942E-45,-3.48240565221388E-74,-1.));
#5997=DIRECTION('center_axis',(9.70052394388984E-30,-1.,-3.48240565221388E-74));
#5998=DIRECTION('ref_axis',(-1.,-9.70052394388984E-30,7.17983002228942E-45));
#5999=DIRECTION('center_axis',(1.,9.70052394388984E-30,-7.17983002228942E-45));
#6000=DIRECTION('ref_axis',(9.70052394388984E-30,-1.,-3.48240565221388E-74));
#6001=DIRECTION('',(-7.17983002228942E-45,0.,-1.));
#6002=DIRECTION('',(-7.17983002228942E-45,-3.48240565221388E-74,-1.));
#6003=DIRECTION('center_axis',(9.70052394388984E-30,-1.,-3.48240565221388E-74));
#6004=DIRECTION('ref_axis',(-1.,-9.70052394388984E-30,7.17983002228942E-45));
#6005=DIRECTION('center_axis',(-0.917075857711142,-0.398712767795781,0.));
#6006=DIRECTION('ref_axis',(-0.398712767795781,0.917075857711142,0.));
#6007=DIRECTION('',(0.,0.,-1.));
#6008=DIRECTION('center_axis',(1.,0.,0.));
#6009=DIRECTION('ref_axis',(0.,-1.,0.));
#6010=DIRECTION('',(0.,0.,1.));
#6011=DIRECTION('center_axis',(-0.917075857711142,-0.398712767795781,0.));
#6012=DIRECTION('ref_axis',(-0.398712767795781,0.917075857711142,0.));
#6013=DIRECTION('',(0.,0.,-1.));
#6014=DIRECTION('center_axis',(1.,0.,0.));
#6015=DIRECTION('ref_axis',(0.,-1.,0.));
#6016=DIRECTION('',(0.,0.,1.));
#6017=DIRECTION('center_axis',(1.,0.,0.));
#6018=DIRECTION('ref_axis',(0.,0.,-1.));
#6019=DIRECTION('',(0.,0.,-1.));
#6020=DIRECTION('',(0.,1.,0.));
#6021=DIRECTION('',(0.,0.,-1.));
#6022=DIRECTION('',(0.,-1.,0.));
#6023=DIRECTION('',(0.,0.,-1.));
#6024=DIRECTION('',(0.,0.,-1.));
#6025=DIRECTION('center_axis',(0.,-1.,0.));
#6026=DIRECTION('ref_axis',(0.707106781186549,0.,0.707106781186546));
#6027=DIRECTION('center_axis',(0.,1.,0.));
#6028=DIRECTION('ref_axis',(0.707106781186549,0.,0.707106781186546));
#6029=DIRECTION('',(0.,-1.,0.));
#6030=DIRECTION('center_axis',(0.,1.,0.));
#6031=DIRECTION('ref_axis',(0.,0.,1.));
#6032=DIRECTION('',(0.,1.,0.));
#6033=DIRECTION('center_axis',(-1.,0.,0.));
#6034=DIRECTION('ref_axis',(0.,0.707106781186548,0.707106781186548));
#6035=DIRECTION('center_axis',(-1.,0.,0.));
#6036=DIRECTION('ref_axis',(0.,0.,1.));
#6037=DIRECTION('',(-1.,0.,0.));
#6038=DIRECTION('center_axis',(1.,0.,0.));
#6039=DIRECTION('ref_axis',(0.,1.,0.));
#6040=DIRECTION('',(1.,0.,0.));
#6041=DIRECTION('center_axis',(-0.408248290463861,-0.408248290463858,0.81649658092773));
#6042=DIRECTION('ref_axis',(0.577350269189629,0.577350269189624,0.577350269189624));
#6043=DIRECTION('center_axis',(0.,0.,-1.));
#6044=DIRECTION('ref_axis',(0.707106781186549,0.707106781186546,0.));
#6045=DIRECTION('center_axis',(0.,1.,0.));
#6046=DIRECTION('ref_axis',(-0.707106781186551,0.,0.707106781186544));
#6047=DIRECTION('center_axis',(0.,1.,0.));
#6048=DIRECTION('ref_axis',(-0.707106781186551,0.,0.707106781186544));
#6049=DIRECTION('',(0.,-1.,0.));
#6050=DIRECTION('center_axis',(0.,1.,0.));
#6051=DIRECTION('ref_axis',(-1.,0.,0.));
#6052=DIRECTION('',(0.,1.,0.));
#6053=DIRECTION('center_axis',(0.408248290463864,-0.408248290463857,0.816496580927728));
#6054=DIRECTION('ref_axis',(-0.577350269189631,0.577350269189623,0.577350269189623));
#6055=DIRECTION('center_axis',(0.,0.,-1.));
#6056=DIRECTION('ref_axis',(-0.70710678118655,0.707106781186545,0.));
#6057=DIRECTION('center_axis',(0.,0.,1.));
#6058=DIRECTION('ref_axis',(0.707106781186549,0.707106781186546,0.));
#6059=DIRECTION('',(0.,0.,1.));
#6060=DIRECTION('center_axis',(0.,0.,-1.));
#6061=DIRECTION('ref_axis',(0.,1.,0.));
#6062=DIRECTION('',(0.,0.,-1.));
#6063=DIRECTION('center_axis',(0.,-1.,0.));
#6064=DIRECTION('ref_axis',(0.,0.,-1.));
#6065=DIRECTION('',(-1.,0.,0.));
#6066=DIRECTION('',(0.,0.,1.));
#6067=DIRECTION('center_axis',(0.,0.,-1.));
#6068=DIRECTION('ref_axis',(-0.707106781186551,0.707106781186544,0.));
#6069=DIRECTION('center_axis',(0.,0.,-1.));
#6070=DIRECTION('ref_axis',(-1.,0.,0.));
#6071=DIRECTION('',(0.,0.,-1.));
#6072=DIRECTION('center_axis',(1.,0.,0.));
#6073=DIRECTION('ref_axis',(0.,0.,-1.));
#6074=DIRECTION('',(0.,-0.87025685507146,0.49259821985177));
#6075=DIRECTION('',(0.,-1.,0.));
#6076=DIRECTION('',(0.,0.,-1.));
#6077=DIRECTION('center_axis',(0.,-0.87025685507146,0.49259821985177));
#6078=DIRECTION('ref_axis',(-0.707106781186547,-0.348319541657606,-0.615364523595109));
#6079=DIRECTION('center_axis',(0.,0.,1.));
#6080=DIRECTION('ref_axis',(6.83617356960999E-17,-1.,0.));
#6081=DIRECTION('center_axis',(0.,0.870256855071458,-0.492598219851773));
#6082=DIRECTION('ref_axis',(0.,-0.492598219851773,-0.870256855071458));
#6083=DIRECTION('',(0.,0.87025685507146,-0.49259821985177));
#6084=DIRECTION('center_axis',(-0.546744724892538,0.277419246697127,0.790005548945184));
#6085=DIRECTION('ref_axis',(-0.704504295112568,0.357466733462191,-0.613099692248997));
#6086=DIRECTION('center_axis',(1.,0.,0.));
#6087=DIRECTION('ref_axis',(0.,0.503687293937534,-0.863886051470843));
#6088=DIRECTION('center_axis',(0.,0.,-1.));
#6089=DIRECTION('ref_axis',(0.,1.,0.));
#6090=DIRECTION('',(-1.,0.,0.));
#6091=DIRECTION('center_axis',(1.,0.,0.));
#6092=DIRECTION('ref_axis',(0.,0.503687293937534,-0.863886051470843));
#6093=DIRECTION('center_axis',(-1.,0.,0.));
#6094=DIRECTION('ref_axis',(0.,0.503687293937534,-0.863886051470843));
#6095=DIRECTION('',(1.,0.,0.));
#6096=DIRECTION('center_axis',(0.,0.49259821985177,0.87025685507146));
#6097=DIRECTION('ref_axis',(0.,-0.87025685507146,0.49259821985177));
#6098=DIRECTION('',(0.,-0.87025685507146,0.49259821985177));
#6099=DIRECTION('',(-1.,0.,0.));
#6100=DIRECTION('center_axis',(0.,0.49259821985177,0.87025685507146));
#6101=DIRECTION('ref_axis',(0.,-0.87025685507146,0.49259821985177));
#6102=DIRECTION('',(0.,-0.87025685507146,0.49259821985177));
#6103=DIRECTION('center_axis',(0.,0.49259821985177,0.87025685507146));
#6104=DIRECTION('ref_axis',(1.20772399729777E-16,0.87025685507146,-0.49259821985177));
#6105=DIRECTION('',(1.,0.,0.));
#6106=DIRECTION('center_axis',(0.,0.49259821985177,0.87025685507146));
#6107=DIRECTION('ref_axis',(-6.03861998648883E-17,0.87025685507146,-0.49259821985177));
#6108=DIRECTION('',(0.,0.87025685507146,-0.49259821985177));
#6109=DIRECTION('center_axis',(0.,0.49259821985177,0.87025685507146));
#6110=DIRECTION('ref_axis',(0.,-0.87025685507146,0.49259821985177));
#6111=DIRECTION('',(-1.,0.,0.));
#6112=DIRECTION('center_axis',(0.,0.87025685507146,-0.49259821985177));
#6113=DIRECTION('ref_axis',(0.707106781186546,-0.348319541657607,-0.615364523595111));
#6114=DIRECTION('center_axis',(0.,0.,1.));
#6115=DIRECTION('ref_axis',(0.,-1.,0.));
#6116=DIRECTION('center_axis',(0.,0.870256855071458,-0.492598219851773));
#6117=DIRECTION('ref_axis',(1.,0.,0.));
#6118=DIRECTION('',(0.,0.87025685507146,-0.49259821985177));
#6119=DIRECTION('center_axis',(0.546744724892535,0.277419246697128,0.790005548945186));
#6120=DIRECTION('ref_axis',(0.704504295112568,0.357466733462191,-0.613099692248997));
#6121=DIRECTION('center_axis',(0.,-1.,0.));
#6122=DIRECTION('ref_axis',(0.707106781186549,0.,0.707106781186546));
#6123=DIRECTION('',(0.,1.,0.));
#6124=DIRECTION('center_axis',(0.,-0.707106781186548,0.707106781186548));
#6125=DIRECTION('ref_axis',(0.,-0.707106781186548,-0.707106781186548));
#6126=DIRECTION('',(0.,1.,0.));
#6127=DIRECTION('center_axis',(0.,1.,0.));
#6128=DIRECTION('ref_axis',(-0.707106781186549,0.,0.707106781186546));
#6129=DIRECTION('',(0.,-1.,0.));
#6130=DIRECTION('center_axis',(0.,-0.707106781186548,0.707106781186548));
#6131=DIRECTION('ref_axis',(0.,0.707106781186548,0.707106781186548));
#6132=DIRECTION('',(0.,-1.,0.));
#6133=DIRECTION('center_axis',(-1.,0.,0.));
#6134=DIRECTION('ref_axis',(0.,0.,-1.));
#6135=DIRECTION('center_axis',(1.,0.,0.));
#6136=DIRECTION('ref_axis',(0.,-0.707106781186549,-0.707106781186546));
#6137=DIRECTION('center_axis',(0.,0.,1.));
#6138=DIRECTION('ref_axis',(1.,0.,0.));
#6139=DIRECTION('center_axis',(-1.,0.,0.));
#6140=DIRECTION('ref_axis',(0.,-1.,0.));
#6141=DIRECTION('center_axis',(0.,1.,0.));
#6142=DIRECTION('ref_axis',(0.,0.,1.));
#6143=DIRECTION('center_axis',(0.,-1.,0.));
#6144=DIRECTION('ref_axis',(0.707106781186549,0.,0.707106781186546));
#6145=DIRECTION('',(0.,-1.,0.));
#6146=DIRECTION('center_axis',(0.,1.,0.));
#6147=DIRECTION('ref_axis',(0.707106781186549,0.,0.707106781186546));
#6148=DIRECTION('',(0.,1.,0.));
#6149=DIRECTION('center_axis',(-1.,0.,0.));
#6150=DIRECTION('ref_axis',(0.,0.,-1.));
#6151=DIRECTION('center_axis',(0.,0.,1.));
#6152=DIRECTION('ref_axis',(0.,1.,0.));
#6153=DIRECTION('center_axis',(-1.,0.,0.));
#6154=DIRECTION('ref_axis',(0.,-0.707106781186549,-0.707106781186547));
#6155=DIRECTION('center_axis',(0.,1.,0.));
#6156=DIRECTION('ref_axis',(-1.,0.,0.));
#6157=DIRECTION('center_axis',(1.,0.,0.));
#6158=DIRECTION('ref_axis',(0.,0.,-1.));
#6159=DIRECTION('center_axis',(-1.,0.,0.));
#6160=DIRECTION('ref_axis',(0.,-0.707106781186551,-0.707106781186544));
#6161=DIRECTION('',(1.,0.,0.));
#6162=DIRECTION('',(-1.,0.,0.));
#6163=DIRECTION('center_axis',(0.,0.,-1.));
#6164=DIRECTION('ref_axis',(-0.707106781186548,0.707106781186548,0.));
#6165=DIRECTION('',(0.,0.,-1.));
#6166=DIRECTION('',(0.,0.,1.));
#6167=DIRECTION('center_axis',(0.,1.,0.));
#6168=DIRECTION('ref_axis',(-0.707106781186549,0.,0.707106781186546));
#6169=DIRECTION('',(0.,-1.,0.));
#6170=DIRECTION('center_axis',(0.,1.,0.));
#6171=DIRECTION('ref_axis',(-0.707106781186549,0.,0.707106781186546));
#6172=DIRECTION('',(0.,1.,0.));
#6173=DIRECTION('center_axis',(0.,0.,1.));
#6174=DIRECTION('ref_axis',(-0.707106781186548,0.707106781186548,0.));
#6175=DIRECTION('',(0.,0.,-1.));
#6176=DIRECTION('center_axis',(0.,0.,-1.));
#6177=DIRECTION('ref_axis',(0.707106781186548,0.707106781186548,0.));
#6178=DIRECTION('',(0.,0.,1.));
#6179=DIRECTION('center_axis',(0.,0.,1.));
#6180=DIRECTION('ref_axis',(0.707106781186546,0.707106781186549,0.));
#6181=DIRECTION('',(0.,0.,-1.));
#6182=DIRECTION('',(0.,0.,1.));
#6183=DIRECTION('center_axis',(1.,0.,0.));
#6184=DIRECTION('ref_axis',(0.,0.,-1.));
#6185=DIRECTION('center_axis',(0.,0.,-1.));
#6186=DIRECTION('ref_axis',(0.,1.,0.));
#6187=DIRECTION('',(1.,0.,0.));
#6188=DIRECTION('center_axis',(0.,-1.,0.));
#6189=DIRECTION('ref_axis',(0.,0.,-1.));
#6190=DIRECTION('center_axis',(0.,-1.,0.));
#6191=DIRECTION('ref_axis',(0.,0.,-1.));
#6192=DIRECTION('',(1.,0.,0.));
#6193=DIRECTION('center_axis',(-1.,0.,0.));
#6194=DIRECTION('ref_axis',(0.,0.,1.));
#6195=DIRECTION('center_axis',(-1.,0.,0.));
#6196=DIRECTION('ref_axis',(0.,0.,1.));
#6197=DIRECTION('',(0.,0.,1.));
#6198=DIRECTION('',(0.,1.,0.));
#6199=DIRECTION('center_axis',(0.,0.,-1.));
#6200=DIRECTION('ref_axis',(-1.,0.,0.));
#6201=DIRECTION('',(-1.,0.,0.));
#6202=DIRECTION('',(0.,1.,0.));
#6203=DIRECTION('',(-1.,0.,0.));
#6204=DIRECTION('center_axis',(0.,0.,-1.));
#6205=DIRECTION('ref_axis',(-1.,0.,0.));
#6206=DIRECTION('',(-1.,0.,0.));
#6207=DIRECTION('center_axis',(0.,1.,0.));
#6208=DIRECTION('ref_axis',(0.707106781186549,0.,-0.707106781186546));
#6209=DIRECTION('center_axis',(0.,-1.,0.));
#6210=DIRECTION('ref_axis',(0.707106781186549,0.,-0.707106781186546));
#6211=DIRECTION('',(0.,1.,0.));
#6212=DIRECTION('center_axis',(0.,-1.,0.));
#6213=DIRECTION('ref_axis',(0.,0.,-1.));
#6214=DIRECTION('',(0.,-1.,0.));
#6215=DIRECTION('center_axis',(1.,0.,0.));
#6216=DIRECTION('ref_axis',(0.,0.707106781186548,-0.707106781186548));
#6217=DIRECTION('center_axis',(1.,0.,0.));
#6218=DIRECTION('ref_axis',(0.,0.,-1.));
#6219=DIRECTION('',(1.,0.,0.));
#6220=DIRECTION('center_axis',(-1.,0.,0.));
#6221=DIRECTION('ref_axis',(0.,1.,0.));
#6222=DIRECTION('',(-1.,0.,0.));
#6223=DIRECTION('center_axis',(-0.408248290463864,-0.40824829046386,-0.816496580927727));
#6224=DIRECTION('ref_axis',(0.577350269189629,0.577350269189624,-0.577350269189624));
#6225=DIRECTION('center_axis',(0.,0.,-1.));
#6226=DIRECTION('ref_axis',(0.707106781186549,0.707106781186546,0.));
#6227=DIRECTION('center_axis',(0.,-1.,0.));
#6228=DIRECTION('ref_axis',(-0.707106781186551,0.,-0.707106781186544));
#6229=DIRECTION('center_axis',(0.,-1.,0.));
#6230=DIRECTION('ref_axis',(-0.707106781186551,0.,-0.707106781186544));
#6231=DIRECTION('',(0.,1.,0.));
#6232=DIRECTION('center_axis',(0.,-1.,0.));
#6233=DIRECTION('ref_axis',(-1.,0.,0.));
#6234=DIRECTION('',(0.,-1.,0.));
#6235=DIRECTION('center_axis',(0.408248290463867,-0.408248290463859,-0.816496580927726));
#6236=DIRECTION('ref_axis',(-0.577350269189631,0.577350269189623,-0.577350269189623));
#6237=DIRECTION('center_axis',(0.,0.,-1.));
#6238=DIRECTION('ref_axis',(-0.70710678118655,0.707106781186545,0.));
#6239=DIRECTION('center_axis',(0.,0.,1.));
#6240=DIRECTION('ref_axis',(0.707106781186549,0.707106781186546,0.));
#6241=DIRECTION('',(0.,0.,1.));
#6242=DIRECTION('center_axis',(0.,0.,-1.));
#6243=DIRECTION('ref_axis',(0.,1.,0.));
#6244=DIRECTION('',(0.,0.,-1.));
#6245=DIRECTION('center_axis',(0.,1.,0.));
#6246=DIRECTION('ref_axis',(0.,0.,1.));
#6247=DIRECTION('',(0.,0.,-1.));
#6248=DIRECTION('',(-1.,0.,0.));
#6249=DIRECTION('center_axis',(0.,0.,-1.));
#6250=DIRECTION('ref_axis',(-0.707106781186551,0.707106781186544,0.));
#6251=DIRECTION('',(0.,0.,1.));
#6252=DIRECTION('center_axis',(0.,0.,-1.));
#6253=DIRECTION('ref_axis',(-1.,0.,0.));
#6254=DIRECTION('center_axis',(-1.,0.,0.));
#6255=DIRECTION('ref_axis',(0.,0.,1.));
#6256=DIRECTION('',(0.,0.,1.));
#6257=DIRECTION('',(0.,1.,0.));
#6258=DIRECTION('',(0.,-0.87025685507146,-0.49259821985177));
#6259=DIRECTION('center_axis',(0.,0.87025685507146,0.49259821985177));
#6260=DIRECTION('ref_axis',(-0.707106781186547,-0.348319541657606,0.615364523595109));
#6261=DIRECTION('center_axis',(0.,0.,-1.));
#6262=DIRECTION('ref_axis',(6.83617356960999E-17,-1.,0.));
#6263=DIRECTION('',(0.,0.87025685507146,0.49259821985177));
#6264=DIRECTION('center_axis',(0.,-0.870256855071458,-0.492598219851773));
#6265=DIRECTION('ref_axis',(0.,-0.492598219851773,0.870256855071458));
#6266=DIRECTION('center_axis',(-0.546744724892538,0.277419246697127,-0.790005548945184));
#6267=DIRECTION('ref_axis',(-0.704504295112568,0.357466733462191,0.613099692248997));
#6268=DIRECTION('center_axis',(-1.,0.,0.));
#6269=DIRECTION('ref_axis',(0.,0.503687293937534,0.863886051470843));
#6270=DIRECTION('center_axis',(0.,0.,-1.));
#6271=DIRECTION('ref_axis',(0.,1.,0.));
#6272=DIRECTION('',(1.,0.,0.));
#6273=DIRECTION('center_axis',(-1.,0.,0.));
#6274=DIRECTION('ref_axis',(0.,0.503687293937534,0.863886051470843));
#6275=DIRECTION('',(1.,0.,0.));
#6276=DIRECTION('center_axis',(1.,0.,0.));
#6277=DIRECTION('ref_axis',(0.,0.503687293937534,0.863886051470843));
#6278=DIRECTION('center_axis',(0.,-0.49259821985177,0.87025685507146));
#6279=DIRECTION('ref_axis',(0.,-0.87025685507146,-0.49259821985177));
#6280=DIRECTION('',(1.,0.,0.));
#6281=DIRECTION('center_axis',(0.,-0.49259821985177,0.87025685507146));
#6282=DIRECTION('ref_axis',(0.,-0.87025685507146,-0.49259821985177));
#6283=DIRECTION('',(0.,0.87025685507146,0.49259821985177));
#6284=DIRECTION('center_axis',(0.,-0.49259821985177,0.87025685507146));
#6285=DIRECTION('ref_axis',(-6.03861998648883E-17,0.87025685507146,0.49259821985177));
#6286=DIRECTION('',(1.,0.,0.));
#6287=DIRECTION('center_axis',(0.,-0.49259821985177,0.87025685507146));
#6288=DIRECTION('ref_axis',(1.20772399729777E-16,0.87025685507146,0.49259821985177));
#6289=DIRECTION('',(0.,-0.87025685507146,-0.49259821985177));
#6290=DIRECTION('center_axis',(0.,-0.49259821985177,0.87025685507146));
#6291=DIRECTION('ref_axis',(0.,-0.87025685507146,-0.49259821985177));
#6292=DIRECTION('',(1.,0.,0.));
#6293=DIRECTION('',(0.,-0.87025685507146,-0.49259821985177));
#6294=DIRECTION('center_axis',(0.,-0.87025685507146,-0.49259821985177));
#6295=DIRECTION('ref_axis',(0.707106781186546,-0.348319541657607,0.615364523595111));
#6296=DIRECTION('center_axis',(0.,0.,-1.));
#6297=DIRECTION('ref_axis',(0.,-1.,0.));
#6298=DIRECTION('',(0.,0.87025685507146,0.49259821985177));
#6299=DIRECTION('center_axis',(0.,-0.870256855071458,-0.492598219851773));
#6300=DIRECTION('ref_axis',(1.,0.,0.));
#6301=DIRECTION('center_axis',(0.546744724892535,0.277419246697128,-0.790005548945186));
#6302=DIRECTION('ref_axis',(0.704504295112568,0.357466733462191,0.613099692248997));
#6303=DIRECTION('center_axis',(0.,1.,0.));
#6304=DIRECTION('ref_axis',(0.707106781186549,0.,-0.707106781186546));
#6305=DIRECTION('',(0.,-1.,0.));
#6306=DIRECTION('',(0.,1.,0.));
#6307=DIRECTION('center_axis',(0.,0.707106781186548,0.707106781186548));
#6308=DIRECTION('ref_axis',(0.,-0.707106781186548,0.707106781186548));
#6309=DIRECTION('center_axis',(0.,-1.,0.));
#6310=DIRECTION('ref_axis',(-0.707106781186549,0.,-0.707106781186546));
#6311=DIRECTION('',(0.,-1.,0.));
#6312=DIRECTION('',(0.,1.,0.));
#6313=DIRECTION('center_axis',(0.,0.707106781186548,0.707106781186548));
#6314=DIRECTION('ref_axis',(0.,0.707106781186548,-0.707106781186548));
#6315=DIRECTION('center_axis',(-1.,0.,0.));
#6316=DIRECTION('ref_axis',(0.,0.,1.));
#6317=DIRECTION('center_axis',(-1.,0.,0.));
#6318=DIRECTION('ref_axis',(0.,-0.707106781186549,0.707106781186546));
#6319=DIRECTION('center_axis',(0.,-1.,0.));
#6320=DIRECTION('ref_axis',(0.,0.,-1.));
#6321=DIRECTION('center_axis',(1.,0.,0.));
#6322=DIRECTION('ref_axis',(0.,-1.,0.));
#6323=DIRECTION('center_axis',(0.,0.,1.));
#6324=DIRECTION('ref_axis',(1.,0.,0.));
#6325=DIRECTION('center_axis',(0.,1.,0.));
#6326=DIRECTION('ref_axis',(0.707106781186549,0.,-0.707106781186546));
#6327=DIRECTION('',(0.,-1.,0.));
#6328=DIRECTION('',(0.,1.,0.));
#6329=DIRECTION('center_axis',(0.,-1.,0.));
#6330=DIRECTION('ref_axis',(0.707106781186549,0.,-0.707106781186546));
#6331=DIRECTION('center_axis',(-1.,0.,0.));
#6332=DIRECTION('ref_axis',(0.,0.,1.));
#6333=DIRECTION('center_axis',(0.,0.,1.));
#6334=DIRECTION('ref_axis',(0.,1.,0.));
#6335=DIRECTION('center_axis',(-1.,0.,0.));
#6336=DIRECTION('ref_axis',(0.,0.,1.));
#6337=DIRECTION('center_axis',(0.,-1.,0.));
#6338=DIRECTION('ref_axis',(-1.,0.,0.));
#6339=DIRECTION('center_axis',(1.,0.,0.));
#6340=DIRECTION('ref_axis',(0.,-0.707106781186549,0.707106781186547));
#6341=DIRECTION('center_axis',(1.,0.,0.));
#6342=DIRECTION('ref_axis',(0.,-0.707106781186551,0.707106781186544));
#6343=DIRECTION('',(-1.,0.,0.));
#6344=DIRECTION('',(1.,0.,0.));
#6345=DIRECTION('center_axis',(0.,0.,-1.));
#6346=DIRECTION('ref_axis',(-0.707106781186548,0.707106781186548,0.));
#6347=DIRECTION('',(0.,0.,1.));
#6348=DIRECTION('',(0.,0.,-1.));
#6349=DIRECTION('center_axis',(0.,-1.,0.));
#6350=DIRECTION('ref_axis',(-0.707106781186549,0.,-0.707106781186546));
#6351=DIRECTION('',(0.,-1.,0.));
#6352=DIRECTION('',(0.,1.,0.));
#6353=DIRECTION('center_axis',(0.,-1.,0.));
#6354=DIRECTION('ref_axis',(-0.707106781186549,0.,-0.707106781186546));
#6355=DIRECTION('center_axis',(0.,0.,1.));
#6356=DIRECTION('ref_axis',(-0.707106781186548,0.707106781186548,0.));
#6357=DIRECTION('',(0.,0.,1.));
#6358=DIRECTION('center_axis',(0.,0.,-1.));
#6359=DIRECTION('ref_axis',(0.707106781186548,0.707106781186548,0.));
#6360=DIRECTION('',(0.,0.,-1.));
#6361=DIRECTION('center_axis',(0.,0.,1.));
#6362=DIRECTION('ref_axis',(0.707106781186546,0.707106781186549,0.));
#6363=DIRECTION('',(0.,0.,1.));
#6364=DIRECTION('',(0.,0.,-1.));
#6365=DIRECTION('center_axis',(-1.,0.,0.));
#6366=DIRECTION('ref_axis',(0.,0.,1.));
#6367=DIRECTION('center_axis',(0.,0.,-1.));
#6368=DIRECTION('ref_axis',(0.,1.,0.));
#6369=DIRECTION('',(1.,0.,0.));
#6370=DIRECTION('center_axis',(0.,1.,0.));
#6371=DIRECTION('ref_axis',(0.,0.,1.));
#6372=DIRECTION('center_axis',(0.,1.,0.));
#6373=DIRECTION('ref_axis',(0.,0.,1.));
#6374=DIRECTION('',(-1.,0.,0.));
#6375=DIRECTION('center_axis',(1.,0.,0.));
#6376=DIRECTION('ref_axis',(0.,0.,-1.));
#6377=DIRECTION('center_axis',(0.,0.,-1.));
#6378=DIRECTION('ref_axis',(-1.,0.,0.));
#6379=DIRECTION('',(1.,0.,0.));
#6380=DIRECTION('center_axis',(1.,0.,0.));
#6381=DIRECTION('ref_axis',(0.,0.,-1.));
#6382=DIRECTION('',(0.,-1.,0.));
#6383=DIRECTION('',(0.,0.,-1.));
#6384=DIRECTION('center_axis',(0.,0.,1.));
#6385=DIRECTION('ref_axis',(1.,0.,0.));
#6386=DIRECTION('',(1.,0.,0.));
#6387=DIRECTION('',(0.,1.,0.));
#6388=DIRECTION('',(1.,0.,0.));
#6389=DIRECTION('center_axis',(0.,0.,1.));
#6390=DIRECTION('ref_axis',(1.,0.,0.));
#6391=DIRECTION('',(1.,0.,0.));
#6392=DIRECTION('',(0.,-1.,0.));
#6393=DIRECTION('',(1.,0.,0.));
#6394=DIRECTION('center_axis',(0.,1.,0.));
#6395=DIRECTION('ref_axis',(-0.707106781186554,0.,-0.707106781186541));
#6396=DIRECTION('center_axis',(0.,1.,0.));
#6397=DIRECTION('ref_axis',(-0.707106781186554,0.,-0.707106781186541));
#6398=DIRECTION('',(0.,1.,0.));
#6399=DIRECTION('center_axis',(0.,1.,0.));
#6400=DIRECTION('ref_axis',(-0.707106781186554,0.,-0.707106781186541));
#6401=DIRECTION('',(0.,-1.,0.));
#6402=DIRECTION('center_axis',(0.,0.,1.));
#6403=DIRECTION('ref_axis',(-1.,0.,0.));
#6404=DIRECTION('',(-1.,0.,0.));
#6405=DIRECTION('',(0.,-1.,0.));
#6406=DIRECTION('',(1.,0.,0.));
#6407=DIRECTION('center_axis',(0.,-1.,0.));
#6408=DIRECTION('ref_axis',(0.707106781186548,0.,0.707106781186548));
#6409=DIRECTION('center_axis',(0.,-1.,0.));
#6410=DIRECTION('ref_axis',(0.707106781186548,0.,0.707106781186548));
#6411=DIRECTION('center_axis',(0.,-1.,0.));
#6412=DIRECTION('ref_axis',(0.707106781186548,0.,0.707106781186548));
#6413=DIRECTION('',(0.,1.,0.));
#6414=DIRECTION('center_axis',(0.,1.,0.));
#6415=DIRECTION('ref_axis',(0.,0.,1.));
#6416=DIRECTION('center_axis',(0.,-1.,0.));
#6417=DIRECTION('ref_axis',(0.707106781186547,0.,0.707106781186548));
#6418=DIRECTION('center_axis',(0.,-1.,0.));
#6419=DIRECTION('ref_axis',(0.707106781186548,0.,-0.707106781186547));
#6420=DIRECTION('',(-1.,0.,0.));
#6421=DIRECTION('center_axis',(0.,-1.,0.));
#6422=DIRECTION('ref_axis',(-0.707106781186547,0.,-0.707106781186548));
#6423=DIRECTION('',(0.,0.,1.));
#6424=DIRECTION('',(0.,0.,1.));
#6425=DIRECTION('',(-1.,0.,2.96059473233374E-15));
#6426=DIRECTION('',(0.,0.,-1.));
#6427=DIRECTION('',(0.,0.,-1.));
#6428=DIRECTION('center_axis',(0.,1.,0.));
#6429=DIRECTION('ref_axis',(-0.707106781186548,0.,-0.707106781186548));
#6430=DIRECTION('',(1.,0.,0.));
#6431=DIRECTION('center_axis',(0.,1.,0.));
#6432=DIRECTION('ref_axis',(0.707106781186548,0.,-0.707106781186548));
#6433=DIRECTION('',(-2.22044604925032E-16,0.,-1.));
#6434=DIRECTION('center_axis',(0.,-1.,0.));
#6435=DIRECTION('ref_axis',(-0.707106781186549,0.,0.707106781186546));
#6436=DIRECTION('',(-1.,0.,0.));
#6437=DIRECTION('center_axis',(0.,1.,0.));
#6438=DIRECTION('ref_axis',(0.707106781186548,0.,-0.707106781186548));
#6439=DIRECTION('',(0.,0.,1.));
#6440=DIRECTION('center_axis',(0.,1.,0.));
#6441=DIRECTION('ref_axis',(0.707106781186544,0.,0.707106781186551));
#6442=DIRECTION('',(-1.,0.,0.));
#6443=DIRECTION('center_axis',(0.,-1.,0.));
#6444=DIRECTION('ref_axis',(-0.707106781186549,0.,-0.707106781186546));
#6445=DIRECTION('',(-2.22044604925032E-16,0.,1.));
#6446=DIRECTION('center_axis',(0.,1.,0.));
#6447=DIRECTION('ref_axis',(0.707106781186549,0.,0.707106781186546));
#6448=DIRECTION('',(-1.,0.,0.));
#6449=DIRECTION('center_axis',(0.,1.,0.));
#6450=DIRECTION('ref_axis',(-0.707106781186548,0.,0.707106781186548));
#6451=DIRECTION('',(0.,0.,1.));
#6452=DIRECTION('center_axis',(0.,-1.,0.));
#6453=DIRECTION('ref_axis',(0.707106781186548,0.,-0.707106781186548));
#6454=DIRECTION('',(1.,0.,0.));
#6455=DIRECTION('center_axis',(0.,1.,0.));
#6456=DIRECTION('ref_axis',(-0.707106781186554,0.,0.707106781186541));
#6457=DIRECTION('',(0.,0.,-1.));
#6458=DIRECTION('',(1.,0.,-2.96059473233374E-15));
#6459=DIRECTION('',(0.,0.,1.));
#6460=DIRECTION('',(0.,0.,1.));
#6461=DIRECTION('center_axis',(0.,-1.,0.));
#6462=DIRECTION('ref_axis',(-0.707106781186548,0.,0.707106781186548));
#6463=DIRECTION('center_axis',(0.,-1.,0.));
#6464=DIRECTION('ref_axis',(-1.,0.,0.));
#6465=DIRECTION('center_axis',(0.,-1.,0.));
#6466=DIRECTION('ref_axis',(-1.,0.,0.));
#6467=DIRECTION('center_axis',(0.,-1.,0.));
#6468=DIRECTION('ref_axis',(-1.,0.,0.));
#6469=DIRECTION('center_axis',(0.,-1.,0.));
#6470=DIRECTION('ref_axis',(-1.,0.,0.));
#6471=DIRECTION('center_axis',(1.,0.,0.));
#6472=DIRECTION('ref_axis',(0.,0.,1.));
#6473=DIRECTION('',(0.,0.,1.));
#6474=DIRECTION('',(0.,-1.,0.));
#6475=DIRECTION('',(0.,1.,0.));
#6476=DIRECTION('',(0.,0.,-1.));
#6477=DIRECTION('',(0.,-1.,0.));
#6478=DIRECTION('',(0.,0.,-1.));
#6479=DIRECTION('center_axis',(0.,-1.,0.));
#6480=DIRECTION('ref_axis',(-0.707106781186548,0.,-0.707106781186548));
#6481=DIRECTION('center_axis',(0.,1.,0.));
#6482=DIRECTION('ref_axis',(-0.707106781186548,0.,-0.707106781186548));
#6483=DIRECTION('',(0.,1.,0.));
#6484=DIRECTION('center_axis',(0.,0.,1.));
#6485=DIRECTION('ref_axis',(1.,0.,0.));
#6486=DIRECTION('',(1.,0.,0.));
#6487=DIRECTION('',(0.,-1.,0.));
#6488=DIRECTION('center_axis',(0.,1.,0.));
#6489=DIRECTION('ref_axis',(0.707106781186548,0.,-0.707106781186548));
#6490=DIRECTION('center_axis',(0.,1.,0.));
#6491=DIRECTION('ref_axis',(0.707106781186548,0.,-0.707106781186548));
#6492=DIRECTION('',(0.,1.,0.));
#6493=DIRECTION('center_axis',(-1.,0.,2.22044604925032E-16));
#6494=DIRECTION('ref_axis',(-2.22044604925032E-16,0.,-1.));
#6495=DIRECTION('',(0.,0.,-1.));
#6496=DIRECTION('',(0.,-1.,0.));
#6497=DIRECTION('',(0.,1.,0.));
#6498=DIRECTION('',(2.22044604925032E-16,0.,1.));
#6499=DIRECTION('',(0.,-1.,0.));
#6500=DIRECTION('',(0.,0.,1.));
#6501=DIRECTION('center_axis',(0.,-1.,0.));
#6502=DIRECTION('ref_axis',(-0.707106781186549,0.,0.707106781186546));
#6503=DIRECTION('center_axis',(0.,-1.,0.));
#6504=DIRECTION('ref_axis',(-0.707106781186549,0.,0.707106781186546));
#6505=DIRECTION('',(0.,1.,0.));
#6506=DIRECTION('center_axis',(0.,0.,1.));
#6507=DIRECTION('ref_axis',(-1.,0.,0.));
#6508=DIRECTION('',(-1.,0.,8.88178419700126E-16));
#6509=DIRECTION('',(0.,-1.,0.));
#6510=DIRECTION('center_axis',(0.,-1.,0.));
#6511=DIRECTION('ref_axis',(0.707106781186548,0.,-0.707106781186548));
#6512=DIRECTION('center_axis',(0.,1.,0.));
#6513=DIRECTION('ref_axis',(0.707106781186548,0.,-0.707106781186548));
#6514=DIRECTION('',(0.,1.,0.));
#6515=DIRECTION('center_axis',(-1.,0.,0.));
#6516=DIRECTION('ref_axis',(0.,0.,1.));
#6517=DIRECTION('',(0.,0.,1.));
#6518=DIRECTION('',(0.,-1.,0.));
#6519=DIRECTION('center_axis',(0.,-1.,0.));
#6520=DIRECTION('ref_axis',(0.707106781186549,0.,0.707106781186546));
#6521=DIRECTION('center_axis',(0.,1.,0.));
#6522=DIRECTION('ref_axis',(0.707106781186549,0.,0.707106781186546));
#6523=DIRECTION('',(0.,1.,0.));
#6524=DIRECTION('',(0.,-1.,0.));
#6525=DIRECTION('center_axis',(0.,1.,0.));
#6526=DIRECTION('ref_axis',(-1.,0.,0.));
#6527=DIRECTION('',(0.,0.,-1.));
#6528=DIRECTION('center_axis',(0.,1.,0.));
#6529=DIRECTION('ref_axis',(-0.707106781186554,0.,0.707106781186541));
#6530=DIRECTION('',(1.,0.,0.));
#6531=DIRECTION('center_axis',(0.,-1.,0.));
#6532=DIRECTION('ref_axis',(0.707106781186548,0.,-0.707106781186548));
#6533=DIRECTION('',(0.,0.,1.));
#6534=DIRECTION('center_axis',(0.,1.,0.));
#6535=DIRECTION('ref_axis',(-0.707106781186548,0.,0.707106781186548));
#6536=DIRECTION('',(-1.,0.,0.));
#6537=DIRECTION('',(0.,0.,-1.));
#6538=DIRECTION('center_axis',(0.,-1.,0.));
#6539=DIRECTION('ref_axis',(-0.707106781186549,0.,-0.707106781186546));
#6540=DIRECTION('',(1.,0.,8.88178419700125E-16));
#6541=DIRECTION('center_axis',(0.,1.,0.));
#6542=DIRECTION('ref_axis',(0.707106781186544,0.,0.707106781186551));
#6543=DIRECTION('',(0.,0.,-1.));
#6544=DIRECTION('',(1.,0.,1.48029736616688E-15));
#6545=DIRECTION('',(0.,0.,1.));
#6546=DIRECTION('',(-1.,0.,0.));
#6547=DIRECTION('',(1.,0.,0.));
#6548=DIRECTION('',(0.,0.,1.));
#6549=DIRECTION('',(-1.,0.,0.));
#6550=DIRECTION('',(0.,0.,-1.));
#6551=DIRECTION('',(1.,0.,0.));
#6552=DIRECTION('',(0.,0.,1.));
#6553=DIRECTION('',(-1.,0.,0.));
#6554=DIRECTION('',(0.,0.,-1.));
#6555=DIRECTION('',(1.,0.,0.));
#6556=DIRECTION('',(0.,0.,1.));
#6557=DIRECTION('',(-1.,0.,0.));
#6558=DIRECTION('',(0.,0.,-1.));
#6559=DIRECTION('',(1.,0.,0.));
#6560=DIRECTION('',(0.,0.,1.));
#6561=DIRECTION('',(-1.,0.,0.));
#6562=DIRECTION('',(0.,0.,-1.));
#6563=DIRECTION('center_axis',(-1.,0.,-2.22044604925032E-16));
#6564=DIRECTION('ref_axis',(2.22044604925032E-16,0.,-1.));
#6565=DIRECTION('',(0.,1.,0.));
#6566=DIRECTION('',(0.,1.,0.));
#6567=DIRECTION('',(-2.22044604925032E-16,0.,1.));
#6568=DIRECTION('',(0.,-1.,0.));
#6569=DIRECTION('',(0.,0.,1.));
#6570=DIRECTION('center_axis',(0.,-1.,0.));
#6571=DIRECTION('ref_axis',(-0.707106781186549,0.,-0.707106781186546));
#6572=DIRECTION('',(0.,-1.,0.));
#6573=DIRECTION('center_axis',(0.,1.,0.));
#6574=DIRECTION('ref_axis',(0.707106781186544,0.,0.707106781186551));
#6575=DIRECTION('',(0.,1.,0.));
#6576=DIRECTION('center_axis',(0.,0.,-1.));
#6577=DIRECTION('ref_axis',(1.,0.,0.));
#6578=DIRECTION('center_axis',(0.,-1.,0.));
#6579=DIRECTION('ref_axis',(-0.707106781186554,0.,0.707106781186541));
#6580=DIRECTION('',(0.,1.,0.));
#6581=DIRECTION('',(0.,-1.,0.));
#6582=DIRECTION('center_axis',(0.,0.,-1.));
#6583=DIRECTION('ref_axis',(1.,0.,0.));
#6584=DIRECTION('',(0.,1.,0.));
#6585=DIRECTION('center_axis',(0.,-1.,0.));
#6586=DIRECTION('ref_axis',(0.707106781186548,0.,-0.707106781186548));
#6587=DIRECTION('',(0.,-1.,0.));
#6588=DIRECTION('center_axis',(0.,1.,0.));
#6589=DIRECTION('ref_axis',(-0.707106781186548,0.,0.707106781186548));
#6590=DIRECTION('',(0.,1.,0.));
#6591=DIRECTION('',(0.,-1.,0.));
#6592=DIRECTION('center_axis',(0.,0.,-1.));
#6593=DIRECTION('ref_axis',(-1.,0.,0.));
#6594=DIRECTION('center_axis',(0.,-1.,0.));
#6595=DIRECTION('ref_axis',(-1.,0.,0.));
#6596=DIRECTION('center_axis',(0.,-1.,0.));
#6597=DIRECTION('ref_axis',(-1.,0.,0.));
#6598=DIRECTION('',(0.,-1.,0.));
#6599=DIRECTION('center_axis',(0.,-1.,0.));
#6600=DIRECTION('ref_axis',(-1.,0.,0.));
#6601=DIRECTION('center_axis',(0.,1.,0.));
#6602=DIRECTION('ref_axis',(-1.,0.,0.));
#6603=DIRECTION('center_axis',(0.,-1.,0.));
#6604=DIRECTION('ref_axis',(-1.,0.,0.));
#6605=DIRECTION('center_axis',(0.,-1.,0.));
#6606=DIRECTION('ref_axis',(-1.,0.,0.));
#6607=DIRECTION('',(0.,-1.,0.));
#6608=DIRECTION('center_axis',(0.,-1.,0.));
#6609=DIRECTION('ref_axis',(-1.,0.,0.));
#6610=DIRECTION('center_axis',(0.,1.,0.));
#6611=DIRECTION('ref_axis',(-1.,0.,0.));
#6612=DIRECTION('center_axis',(0.,-1.,0.));
#6613=DIRECTION('ref_axis',(-1.,0.,0.));
#6614=DIRECTION('center_axis',(0.,-1.,0.));
#6615=DIRECTION('ref_axis',(-1.,0.,0.));
#6616=DIRECTION('',(0.,-1.,0.));
#6617=DIRECTION('center_axis',(0.,-1.,0.));
#6618=DIRECTION('ref_axis',(-1.,0.,0.));
#6619=DIRECTION('center_axis',(0.,1.,0.));
#6620=DIRECTION('ref_axis',(-1.,0.,0.));
#6621=DIRECTION('center_axis',(0.,-1.,0.));
#6622=DIRECTION('ref_axis',(-1.,0.,0.));
#6623=DIRECTION('center_axis',(0.,-1.,0.));
#6624=DIRECTION('ref_axis',(-1.,0.,0.));
#6625=DIRECTION('',(0.,-1.,0.));
#6626=DIRECTION('center_axis',(0.,-1.,0.));
#6627=DIRECTION('ref_axis',(-1.,0.,0.));
#6628=DIRECTION('center_axis',(0.,1.,0.));
#6629=DIRECTION('ref_axis',(-1.,0.,0.));
#6630=DIRECTION('center_axis',(0.,-1.,0.));
#6631=DIRECTION('ref_axis',(-1.,0.,0.));
#6632=DIRECTION('center_axis',(0.,1.,0.));
#6633=DIRECTION('ref_axis',(-1.,0.,0.));
#6634=DIRECTION('',(0.,1.,0.));
#6635=DIRECTION('center_axis',(0.866025403784438,0.,0.500000000000002));
#6636=DIRECTION('ref_axis',(-0.500000000000002,0.,0.866025403784437));
#6637=DIRECTION('',(-0.500000000000002,0.,0.866025403784437));
#6638=DIRECTION('',(0.,-1.,0.));
#6639=DIRECTION('',(-0.500000000000002,0.,0.866025403784437));
#6640=DIRECTION('',(0.,-1.,0.));
#6641=DIRECTION('center_axis',(0.86602540378444,0.,-0.499999999999998));
#6642=DIRECTION('ref_axis',(0.499999999999998,0.,0.86602540378444));
#6643=DIRECTION('',(0.499999999999998,0.,0.86602540378444));
#6644=DIRECTION('',(0.,-1.,0.));
#6645=DIRECTION('',(0.499999999999998,0.,0.86602540378444));
#6646=DIRECTION('center_axis',(0.,0.,-1.));
#6647=DIRECTION('ref_axis',(1.,0.,0.));
#6648=DIRECTION('',(1.,0.,0.));
#6649=DIRECTION('',(1.,0.,0.));
#6650=DIRECTION('center_axis',(0.,-1.,0.));
#6651=DIRECTION('ref_axis',(-1.,0.,0.));
#6652=DIRECTION('center_axis',(0.,1.,0.));
#6653=DIRECTION('ref_axis',(-1.,0.,0.));
#6654=DIRECTION('',(0.,1.,0.));
#6655=DIRECTION('center_axis',(0.,0.,-1.));
#6656=DIRECTION('ref_axis',(1.,0.,0.));
#6657=DIRECTION('',(1.,0.,0.));
#6658=DIRECTION('',(0.,-1.,0.));
#6659=DIRECTION('',(1.,0.,0.));
#6660=DIRECTION('center_axis',(0.,-1.,0.));
#6661=DIRECTION('ref_axis',(-1.,0.,0.));
#6662=DIRECTION('center_axis',(0.,1.,0.));
#6663=DIRECTION('ref_axis',(-1.,0.,0.));
#6664=DIRECTION('',(0.,1.,0.));
#6665=DIRECTION('center_axis',(-0.866025403784439,0.,-0.5));
#6666=DIRECTION('ref_axis',(0.5,0.,-0.866025403784439));
#6667=DIRECTION('',(0.5,0.,-0.866025403784439));
#6668=DIRECTION('',(0.,-1.,0.));
#6669=DIRECTION('',(0.5,0.,-0.866025403784439));
#6670=DIRECTION('',(0.,-1.,0.));
#6671=DIRECTION('center_axis',(-0.866025403784439,0.,0.5));
#6672=DIRECTION('ref_axis',(-0.5,0.,-0.866025403784439));
#6673=DIRECTION('',(-0.5,0.,-0.866025403784439));
#6674=DIRECTION('',(0.,-1.,0.));
#6675=DIRECTION('',(-0.5,0.,-0.866025403784439));
#6676=DIRECTION('center_axis',(0.,0.,1.));
#6677=DIRECTION('ref_axis',(-1.,0.,0.));
#6678=DIRECTION('',(-1.,0.,0.));
#6679=DIRECTION('',(-1.,0.,0.));
#6680=DIRECTION('center_axis',(0.,-1.,0.));
#6681=DIRECTION('ref_axis',(-1.,0.,0.));
#6682=DIRECTION('center_axis',(0.,1.,0.));
#6683=DIRECTION('ref_axis',(-1.,0.,0.));
#6684=DIRECTION('',(0.,1.,0.));
#6685=DIRECTION('center_axis',(0.866025403784441,0.,0.499999999999996));
#6686=DIRECTION('ref_axis',(-0.499999999999996,0.,0.866025403784441));
#6687=DIRECTION('',(-0.499999999999996,0.,0.866025403784441));
#6688=DIRECTION('',(0.,-1.,0.));
#6689=DIRECTION('',(-0.499999999999996,0.,0.866025403784441));
#6690=DIRECTION('',(0.,-1.,0.));
#6691=DIRECTION('center_axis',(0.866025403784439,0.,-0.5));
#6692=DIRECTION('ref_axis',(0.5,0.,0.866025403784439));
#6693=DIRECTION('',(0.5,0.,0.866025403784439));
#6694=DIRECTION('',(0.,-1.,0.));
#6695=DIRECTION('',(0.5,0.,0.866025403784438));
#6696=DIRECTION('center_axis',(0.,0.,-1.));
#6697=DIRECTION('ref_axis',(1.,0.,0.));
#6698=DIRECTION('',(-1.,0.,0.));
#6699=DIRECTION('',(0.,1.,0.));
#6700=DIRECTION('',(1.,0.,0.));
#6701=DIRECTION('center_axis',(0.,1.,0.));
#6702=DIRECTION('ref_axis',(-1.,0.,0.));
#6703=DIRECTION('',(-1.,0.,0.));
#6704=DIRECTION('',(0.5,0.,-0.866025403784439));
#6705=DIRECTION('',(-0.5,0.,-0.866025403784439));
#6706=DIRECTION('center_axis',(0.,1.,0.));
#6707=DIRECTION('ref_axis',(-1.,0.,0.));
#6708=DIRECTION('',(0.,0.,-1.));
#6709=DIRECTION('',(-1.,0.,0.));
#6710=DIRECTION('center_axis',(0.,1.,0.));
#6711=DIRECTION('ref_axis',(-1.,0.,0.));
#6712=DIRECTION('',(1.,0.,0.));
#6713=DIRECTION('center_axis',(0.,1.,0.));
#6714=DIRECTION('ref_axis',(-1.,0.,0.));
#6715=DIRECTION('',(-1.,0.,0.));
#6716=DIRECTION('center_axis',(0.,1.,0.));
#6717=DIRECTION('ref_axis',(0.,0.,1.));
#6718=DIRECTION('',(1.,0.,0.));
#6719=DIRECTION('',(-0.5,0.,-0.866025403784439));
#6720=DIRECTION('',(0.5,0.,-0.866025403784439));
#6721=DIRECTION('center_axis',(0.,1.,0.));
#6722=DIRECTION('ref_axis',(0.,0.,1.));
#6723=DIRECTION('',(0.,0.,-1.));
#6724=DIRECTION('',(-1.,0.,0.));
#6725=DIRECTION('center_axis',(0.,0.,1.));
#6726=DIRECTION('ref_axis',(-1.,0.,0.));
#6727=DIRECTION('',(0.,-1.,0.));
#6728=DIRECTION('center_axis',(0.,1.,0.));
#6729=DIRECTION('ref_axis',(0.,0.,1.));
#6730=DIRECTION('',(1.,0.,0.));
#6731=DIRECTION('center_axis',(0.,1.,0.));
#6732=DIRECTION('ref_axis',(0.,0.,1.));
#6733=DIRECTION('',(-1.,0.,0.));
#6734=DIRECTION('center_axis',(0.,0.,1.));
#6735=DIRECTION('ref_axis',(-1.,0.,0.));
#6736=DIRECTION('center_axis',(1.,0.,0.));
#6737=DIRECTION('ref_axis',(0.,0.,1.));
#6738=DIRECTION('center_axis',(0.,0.,-1.));
#6739=DIRECTION('ref_axis',(1.,0.,0.));
#6740=DIRECTION('center_axis',(0.,0.,1.));
#6741=DIRECTION('ref_axis',(-1.,0.,0.));
#6742=DIRECTION('',(0.,-1.,0.));
#6743=DIRECTION('center_axis',(-0.866025403784439,0.,0.5));
#6744=DIRECTION('ref_axis',(-0.5,0.,-0.866025403784439));
#6745=DIRECTION('',(0.,-1.,0.));
#6746=DIRECTION('center_axis',(-0.866025403784439,0.,-0.5));
#6747=DIRECTION('ref_axis',(0.5,0.,-0.866025403784439));
#6748=DIRECTION('center_axis',(-1.,0.,2.96059473233374E-15));
#6749=DIRECTION('ref_axis',(0.,0.707106781186548,-0.707106781186547));
#6750=DIRECTION('center_axis',(1.,0.,0.));
#6751=DIRECTION('ref_axis',(0.,0.707106781186548,-0.707106781186547));
#6752=DIRECTION('center_axis',(-1.,0.,0.));
#6753=DIRECTION('ref_axis',(0.,0.707106781186548,-0.707106781186547));
#6754=DIRECTION('',(-1.,0.,2.96059473233374E-15));
#6755=DIRECTION('center_axis',(-1.,0.,0.));
#6756=DIRECTION('ref_axis',(0.,0.,1.));
#6757=DIRECTION('',(0.,1.,0.));
#6758=DIRECTION('',(0.,0.,1.));
#6759=DIRECTION('',(0.,-1.,0.));
#6760=DIRECTION('',(0.,-1.,0.));
#6761=DIRECTION('center_axis',(-1.,0.,0.));
#6762=DIRECTION('ref_axis',(6.2803698347351E-15,-0.707106781186548,0.707106781186548));
#6763=DIRECTION('',(0.,0.,-1.));
#6764=DIRECTION('center_axis',(-1.,0.,0.));
#6765=DIRECTION('ref_axis',(-6.2803698347351E-15,-0.707106781186548,-0.707106781186547));
#6766=DIRECTION('',(0.,1.,0.));
#6767=DIRECTION('center_axis',(1.,0.,0.));
#6768=DIRECTION('ref_axis',(6.2803698347351E-15,0.707106781186548,0.707106781186548));
#6769=DIRECTION('center_axis',(1.,0.,-2.96059473233374E-15));
#6770=DIRECTION('ref_axis',(6.2803698347351E-15,0.707106781186548,0.707106781186548));
#6771=DIRECTION('',(1.,0.,-2.96059473233374E-15));
#6772=DIRECTION('center_axis',(-1.,0.,0.));
#6773=DIRECTION('ref_axis',(6.2803698347351E-15,0.707106781186548,0.707106781186548));
#6774=DIRECTION('center_axis',(-1.,0.,2.96059473233374E-15));
#6775=DIRECTION('ref_axis',(6.2803698347351E-15,-0.707106781186548,0.707106781186548));
#6776=DIRECTION('center_axis',(1.,0.,0.));
#6777=DIRECTION('ref_axis',(6.2803698347351E-15,-0.707106781186548,0.707106781186548));
#6778=DIRECTION('',(-1.,0.,2.96059473233374E-15));
#6779=DIRECTION('',(1.,0.,-2.96059473233374E-15));
#6780=DIRECTION('center_axis',(0.,-1.,0.));
#6781=DIRECTION('ref_axis',(0.,0.,-1.));
#6782=DIRECTION('',(0.,0.,1.));
#6783=DIRECTION('',(1.,0.,-2.96059473233374E-15));
#6784=DIRECTION('center_axis',(1.,0.,-2.96059473233374E-15));
#6785=DIRECTION('ref_axis',(-6.2803698347351E-15,-0.707106781186548,-0.707106781186547));
#6786=DIRECTION('center_axis',(1.,0.,0.));
#6787=DIRECTION('ref_axis',(-6.2803698347351E-15,-0.707106781186548,-0.707106781186547));
#6788=DIRECTION('',(-1.,0.,2.96059473233374E-15));
#6789=DIRECTION('center_axis',(-2.96059473233374E-15,0.,-1.));
#6790=DIRECTION('ref_axis',(1.,0.,-2.96059473233374E-15));
#6791=DIRECTION('',(0.,-1.,0.));
#6792=DIRECTION('center_axis',(2.96059473233374E-15,0.,1.));
#6793=DIRECTION('ref_axis',(-1.,0.,2.96059473233374E-15));
#6794=DIRECTION('',(0.,1.,0.));
#6795=DIRECTION('center_axis',(1.,0.,0.));
#6796=DIRECTION('ref_axis',(0.,0.,-1.));
#6797=DIRECTION('',(0.,1.,0.));
#6798=DIRECTION('',(0.,0.,-1.));
#6799=DIRECTION('',(0.,1.,0.));
#6800=DIRECTION('center_axis',(0.,0.,1.));
#6801=DIRECTION('ref_axis',(1.,0.,0.));
#6802=DIRECTION('',(1.,0.,0.));
#6803=DIRECTION('',(0.,1.,0.));
#6804=DIRECTION('center_axis',(-1.,0.,0.));
#6805=DIRECTION('ref_axis',(0.,0.,1.));
#6806=DIRECTION('',(0.,0.,1.));
#6807=DIRECTION('',(0.,1.,0.));
#6808=DIRECTION('center_axis',(1.48029736616688E-15,0.,-1.));
#6809=DIRECTION('ref_axis',(-1.,0.,-1.48029736616688E-15));
#6810=DIRECTION('',(-1.,0.,-1.48029736616688E-15));
#6811=DIRECTION('center_axis',(0.866025403784439,0.,0.5));
#6812=DIRECTION('ref_axis',(0.5,0.,-0.866025403784439));
#6813=DIRECTION('',(-0.5,0.,0.866025403784439));
#6814=DIRECTION('',(0.,1.,0.));
#6815=DIRECTION('',(0.5,0.,-0.866025403784439));
#6816=DIRECTION('',(0.,1.,0.));
#6817=DIRECTION('center_axis',(0.866025403784439,0.,-0.5));
#6818=DIRECTION('ref_axis',(-0.5,0.,-0.866025403784439));
#6819=DIRECTION('',(0.5,0.,0.866025403784439));
#6820=DIRECTION('',(-0.5,0.,-0.866025403784439));
#6821=DIRECTION('',(0.,1.,0.));
#6822=DIRECTION('center_axis',(0.,0.,-1.));
#6823=DIRECTION('ref_axis',(-1.,0.,0.));
#6824=DIRECTION('',(1.,0.,0.));
#6825=DIRECTION('',(-1.,0.,0.));
#6826=DIRECTION('',(0.,1.,0.));
#6827=DIRECTION('center_axis',(-0.866025403784439,0.,-0.5));
#6828=DIRECTION('ref_axis',(-0.5,0.,0.866025403784439));
#6829=DIRECTION('',(0.5,0.,-0.866025403784439));
#6830=DIRECTION('',(-0.5,0.,0.866025403784439));
#6831=DIRECTION('',(0.,1.,0.));
#6832=DIRECTION('center_axis',(-0.866025403784439,0.,0.5));
#6833=DIRECTION('ref_axis',(0.5,0.,0.866025403784439));
#6834=DIRECTION('',(-0.5,0.,-0.866025403784439));
#6835=DIRECTION('',(0.5,0.,0.866025403784439));
#6836=DIRECTION('',(0.,1.,0.));
#6837=DIRECTION('center_axis',(0.,0.,1.));
#6838=DIRECTION('ref_axis',(1.,0.,0.));
#6839=DIRECTION('',(-1.,0.,0.));
#6840=DIRECTION('',(1.,0.,0.));
#6841=DIRECTION('center_axis',(0.,0.,-1.));
#6842=DIRECTION('ref_axis',(-1.,0.,0.));
#6843=DIRECTION('',(0.,1.,0.));
#6844=DIRECTION('',(-1.,0.,0.));
#6845=DIRECTION('',(0.,1.,0.));
#6846=DIRECTION('center_axis',(1.,0.,0.));
#6847=DIRECTION('ref_axis',(0.,0.,-1.));
#6848=DIRECTION('',(0.,0.,-1.));
#6849=DIRECTION('',(0.,1.,0.));
#6850=DIRECTION('center_axis',(0.,0.,1.));
#6851=DIRECTION('ref_axis',(1.,0.,0.));
#6852=DIRECTION('',(1.,0.,0.));
#6853=DIRECTION('',(0.,1.,0.));
#6854=DIRECTION('center_axis',(-1.,0.,0.));
#6855=DIRECTION('ref_axis',(0.,0.,1.));
#6856=DIRECTION('',(0.,0.,1.));
#6857=DIRECTION('center_axis',(0.,1.,0.));
#6858=DIRECTION('ref_axis',(0.,0.,1.));
#6859=DIRECTION('center_axis',(0.866025403784439,0.,0.5));
#6860=DIRECTION('ref_axis',(0.5,0.,-0.866025403784439));
#6861=DIRECTION('',(-0.5,0.,0.866025403784438));
#6862=DIRECTION('',(0.,1.,0.));
#6863=DIRECTION('',(0.5,0.,-0.866025403784439));
#6864=DIRECTION('',(0.,1.,0.));
#6865=DIRECTION('center_axis',(0.866025403784439,0.,-0.5));
#6866=DIRECTION('ref_axis',(-0.5,0.,-0.866025403784439));
#6867=DIRECTION('',(0.5,0.,0.866025403784439));
#6868=DIRECTION('',(-0.5,0.,-0.866025403784439));
#6869=DIRECTION('',(0.,1.,0.));
#6870=DIRECTION('center_axis',(0.,0.,-1.));
#6871=DIRECTION('ref_axis',(-1.,0.,0.));
#6872=DIRECTION('',(1.,0.,0.));
#6873=DIRECTION('',(-1.,0.,0.));
#6874=DIRECTION('',(0.,1.,0.));
#6875=DIRECTION('center_axis',(-0.866025403784439,0.,-0.5));
#6876=DIRECTION('ref_axis',(-0.5,0.,0.866025403784439));
#6877=DIRECTION('',(0.5,0.,-0.866025403784439));
#6878=DIRECTION('',(-0.5,0.,0.866025403784439));
#6879=DIRECTION('',(0.,1.,0.));
#6880=DIRECTION('center_axis',(-0.866025403784439,0.,0.5));
#6881=DIRECTION('ref_axis',(0.5,0.,0.866025403784439));
#6882=DIRECTION('',(-0.5,0.,-0.866025403784439));
#6883=DIRECTION('',(0.5,0.,0.866025403784439));
#6884=DIRECTION('',(0.,1.,0.));
#6885=DIRECTION('center_axis',(0.,0.,1.));
#6886=DIRECTION('ref_axis',(1.,0.,0.));
#6887=DIRECTION('',(-1.,0.,0.));
#6888=DIRECTION('',(1.,0.,0.));
#6889=DIRECTION('center_axis',(0.,0.,-1.));
#6890=DIRECTION('ref_axis',(-1.,0.,0.));
#6891=DIRECTION('',(0.,1.,0.));
#6892=DIRECTION('',(-1.,0.,0.));
#6893=DIRECTION('',(0.,1.,0.));
#6894=DIRECTION('center_axis',(1.,0.,0.));
#6895=DIRECTION('ref_axis',(0.,0.,-1.));
#6896=DIRECTION('',(0.,0.,-1.));
#6897=DIRECTION('',(0.,1.,0.));
#6898=DIRECTION('center_axis',(0.,0.,1.));
#6899=DIRECTION('ref_axis',(1.,0.,0.));
#6900=DIRECTION('',(1.,0.,0.));
#6901=DIRECTION('',(0.,1.,0.));
#6902=DIRECTION('center_axis',(-1.,0.,0.));
#6903=DIRECTION('ref_axis',(0.,0.,1.));
#6904=DIRECTION('',(0.,0.,1.));
#6905=DIRECTION('center_axis',(0.,1.,0.));
#6906=DIRECTION('ref_axis',(0.,0.,1.));
#6907=DIRECTION('center_axis',(0.,1.,0.));
#6908=DIRECTION('ref_axis',(-1.,0.,0.));
#6909=DIRECTION('center_axis',(0.,-1.,0.));
#6910=DIRECTION('ref_axis',(-1.,0.,0.));
#6911=DIRECTION('center_axis',(0.866025403784439,0.,0.5));
#6912=DIRECTION('ref_axis',(0.5,0.,-0.866025403784439));
#6913=DIRECTION('',(-0.5,0.,0.866025403784439));
#6914=DIRECTION('',(0.,1.,0.));
#6915=DIRECTION('',(0.5,0.,-0.866025403784439));
#6916=DIRECTION('',(0.,1.,0.));
#6917=DIRECTION('center_axis',(0.866025403784439,0.,-0.5));
#6918=DIRECTION('ref_axis',(-0.5,0.,-0.866025403784439));
#6919=DIRECTION('',(0.5,0.,0.866025403784439));
#6920=DIRECTION('',(-0.5,0.,-0.866025403784439));
#6921=DIRECTION('',(0.,1.,0.));
#6922=DIRECTION('center_axis',(0.,0.,-1.));
#6923=DIRECTION('ref_axis',(-1.,0.,0.));
#6924=DIRECTION('',(1.,0.,0.));
#6925=DIRECTION('',(-1.,0.,0.));
#6926=DIRECTION('',(0.,1.,0.));
#6927=DIRECTION('center_axis',(-0.866025403784439,0.,-0.5));
#6928=DIRECTION('ref_axis',(-0.5,0.,0.866025403784439));
#6929=DIRECTION('',(0.5,0.,-0.866025403784439));
#6930=DIRECTION('',(-0.5,0.,0.866025403784439));
#6931=DIRECTION('',(0.,1.,0.));
#6932=DIRECTION('center_axis',(-0.866025403784439,0.,0.5));
#6933=DIRECTION('ref_axis',(0.5,0.,0.866025403784439));
#6934=DIRECTION('',(-0.5,0.,-0.866025403784439));
#6935=DIRECTION('',(0.5,0.,0.866025403784439));
#6936=DIRECTION('',(0.,1.,0.));
#6937=DIRECTION('center_axis',(0.,0.,1.));
#6938=DIRECTION('ref_axis',(1.,0.,0.));
#6939=DIRECTION('',(-1.,0.,0.));
#6940=DIRECTION('',(1.,0.,0.));
#6941=DIRECTION('center_axis',(0.,0.,-1.));
#6942=DIRECTION('ref_axis',(-1.,0.,0.));
#6943=DIRECTION('',(0.,1.,0.));
#6944=DIRECTION('',(-1.,0.,0.));
#6945=DIRECTION('',(0.,1.,0.));
#6946=DIRECTION('center_axis',(1.,0.,0.));
#6947=DIRECTION('ref_axis',(0.,0.,-1.));
#6948=DIRECTION('',(0.,0.,-1.));
#6949=DIRECTION('',(0.,1.,0.));
#6950=DIRECTION('center_axis',(0.,0.,1.));
#6951=DIRECTION('ref_axis',(1.,0.,0.));
#6952=DIRECTION('',(1.,0.,0.));
#6953=DIRECTION('',(0.,1.,0.));
#6954=DIRECTION('center_axis',(-1.,0.,0.));
#6955=DIRECTION('ref_axis',(0.,0.,1.));
#6956=DIRECTION('',(0.,0.,1.));
#6957=DIRECTION('center_axis',(0.,1.,0.));
#6958=DIRECTION('ref_axis',(0.,0.,1.));
#6959=DIRECTION('center_axis',(0.,1.,0.));
#6960=DIRECTION('ref_axis',(-1.,0.,0.));
#6961=DIRECTION('center_axis',(0.,-1.,0.));
#6962=DIRECTION('ref_axis',(-1.,0.,0.));
#6963=DIRECTION('center_axis',(0.866025403784439,0.,0.5));
#6964=DIRECTION('ref_axis',(0.5,0.,-0.866025403784439));
#6965=DIRECTION('',(-0.5,0.,0.866025403784439));
#6966=DIRECTION('',(0.,1.,0.));
#6967=DIRECTION('',(0.5,0.,-0.866025403784439));
#6968=DIRECTION('',(0.,1.,0.));
#6969=DIRECTION('center_axis',(0.86602540378444,0.,-0.499999999999998));
#6970=DIRECTION('ref_axis',(-0.499999999999998,0.,-0.86602540378444));
#6971=DIRECTION('',(0.499999999999998,0.,0.86602540378444));
#6972=DIRECTION('',(-0.499999999999998,0.,-0.86602540378444));
#6973=DIRECTION('',(0.,1.,0.));
#6974=DIRECTION('center_axis',(2.19767164158122E-15,0.,-1.));
#6975=DIRECTION('ref_axis',(-1.,0.,-2.19767164158122E-15));
#6976=DIRECTION('',(1.,0.,2.19767164158122E-15));
#6977=DIRECTION('',(-1.,0.,-2.19767164158122E-15));
#6978=DIRECTION('',(0.,1.,0.));
#6979=DIRECTION('center_axis',(-0.866025403784437,0.,-0.500000000000002));
#6980=DIRECTION('ref_axis',(-0.500000000000002,0.,0.866025403784437));
#6981=DIRECTION('',(0.500000000000002,0.,-0.866025403784437));
#6982=DIRECTION('',(-0.500000000000002,0.,0.866025403784437));
#6983=DIRECTION('',(0.,1.,0.));
#6984=DIRECTION('center_axis',(-0.86602540378444,0.,0.499999999999998));
#6985=DIRECTION('ref_axis',(0.499999999999998,0.,0.86602540378444));
#6986=DIRECTION('',(-0.499999999999998,0.,-0.86602540378444));
#6987=DIRECTION('',(0.499999999999998,0.,0.86602540378444));
#6988=DIRECTION('',(0.,1.,0.));
#6989=DIRECTION('center_axis',(-2.19767164158121E-15,0.,1.));
#6990=DIRECTION('ref_axis',(1.,0.,2.19767164158121E-15));
#6991=DIRECTION('',(-1.,0.,-2.19767164158121E-15));
#6992=DIRECTION('',(1.,0.,2.19767164158121E-15));
#6993=DIRECTION('center_axis',(0.,0.,-1.));
#6994=DIRECTION('ref_axis',(-1.,0.,0.));
#6995=DIRECTION('',(0.,1.,0.));
#6996=DIRECTION('',(-1.,0.,0.));
#6997=DIRECTION('',(0.,1.,0.));
#6998=DIRECTION('center_axis',(1.,0.,0.));
#6999=DIRECTION('ref_axis',(0.,0.,-1.));
#7000=DIRECTION('',(0.,0.,-1.));
#7001=DIRECTION('',(0.,1.,0.));
#7002=DIRECTION('center_axis',(0.,0.,1.));
#7003=DIRECTION('ref_axis',(1.,0.,0.));
#7004=DIRECTION('',(1.,0.,0.));
#7005=DIRECTION('',(0.,1.,0.));
#7006=DIRECTION('center_axis',(-1.,0.,0.));
#7007=DIRECTION('ref_axis',(0.,0.,1.));
#7008=DIRECTION('',(0.,0.,1.));
#7009=DIRECTION('center_axis',(0.,1.,0.));
#7010=DIRECTION('ref_axis',(0.,0.,1.));
#7011=DIRECTION('center_axis',(0.,1.,0.));
#7012=DIRECTION('ref_axis',(-1.,0.,0.));
#7013=DIRECTION('center_axis',(0.,-1.,0.));
#7014=DIRECTION('ref_axis',(-1.,0.,0.));
#7015=DIRECTION('center_axis',(0.,1.,0.));
#7016=DIRECTION('ref_axis',(-1.,0.,0.));
#7017=DIRECTION('',(0.,-1.,0.));
#7018=DIRECTION('center_axis',(0.,-1.,0.));
#7019=DIRECTION('ref_axis',(-1.,0.,0.));
#7020=DIRECTION('center_axis',(0.,1.,0.));
#7021=DIRECTION('ref_axis',(-1.,0.,0.));
#7022=DIRECTION('',(0.,-1.,0.));
#7023=DIRECTION('center_axis',(0.,-1.,0.));
#7024=DIRECTION('ref_axis',(-1.,0.,0.));
#7025=DIRECTION('center_axis',(0.,1.,0.));
#7026=DIRECTION('ref_axis',(-1.,0.,0.));
#7027=DIRECTION('center_axis',(0.,-1.,0.));
#7028=DIRECTION('ref_axis',(-1.,0.,0.));
#7029=DIRECTION('',(0.,-1.,0.));
#7030=DIRECTION('center_axis',(0.,-1.,0.));
#7031=DIRECTION('ref_axis',(-1.,0.,0.));
#7032=DIRECTION('center_axis',(0.,1.,0.));
#7033=DIRECTION('ref_axis',(-1.,0.,0.));
#7034=DIRECTION('',(0.,-1.,0.));
#7035=DIRECTION('center_axis',(0.,-1.,0.));
#7036=DIRECTION('ref_axis',(-1.,0.,0.));
#7037=DIRECTION('center_axis',(0.,1.,0.));
#7038=DIRECTION('ref_axis',(-1.,0.,0.));
#7039=DIRECTION('center_axis',(1.,0.,0.));
#7040=DIRECTION('ref_axis',(0.,0.,-1.));
#7041=DIRECTION('center_axis',(0.,1.,0.));
#7042=DIRECTION('ref_axis',(0.707106781186548,0.,-0.707106781186547));
#7043=DIRECTION('center_axis',(0.,1.,0.));
#7044=DIRECTION('ref_axis',(0.707106781186548,0.,-0.707106781186547));
#7045=DIRECTION('center_axis',(0.,0.,-1.));
#7046=DIRECTION('ref_axis',(-1.,0.,0.));
#7047=DIRECTION('',(-1.,0.,0.));
#7048=DIRECTION('',(0.,-1.,0.));
#7049=DIRECTION('center_axis',(0.,1.,0.));
#7050=DIRECTION('ref_axis',(-1.,0.,0.));
#7051=DIRECTION('center_axis',(0.,1.,0.));
#7052=DIRECTION('ref_axis',(0.707106781186547,0.,0.707106781186548));
#7053=DIRECTION('center_axis',(0.,1.,0.));
#7054=DIRECTION('ref_axis',(-0.707106781186548,0.,0.707106781186548));
#7055=DIRECTION('center_axis',(0.,1.,0.));
#7056=DIRECTION('ref_axis',(-0.707106781186547,0.,-0.707106781186548));
#7057=DIRECTION('center_axis',(0.,1.,0.));
#7058=DIRECTION('ref_axis',(-0.707106781186547,0.,-0.707106781186548));
#7059=DIRECTION('center_axis',(0.,1.,0.));
#7060=DIRECTION('ref_axis',(-0.707106781186548,0.,0.707106781186548));
#7061=DIRECTION('center_axis',(0.,1.,0.));
#7062=DIRECTION('ref_axis',(0.707106781186547,0.,0.707106781186548));
#7063=CARTESIAN_POINT('',(0.,0.,0.));
#7064=CARTESIAN_POINT('Origin',(-67.9499999999998,42.1685997229768,-39.));
#7065=CARTESIAN_POINT('',(-64.3999999999998,42.1685997229768,-38.));
#7066=CARTESIAN_POINT('',(-64.3999999999998,43.1685997229768,-39.));
#7067=CARTESIAN_POINT('Origin',(-64.3999999999998,42.1685997229768,-39.));
#7068=CARTESIAN_POINT('',(-68.1999999999998,43.1685997229768,-39.));
#7069=CARTESIAN_POINT('',(-67.9499999999998,43.1685997229768,-39.));
#7070=CARTESIAN_POINT('',(-68.1999999999998,42.1685997229768,-38.));
#7071=CARTESIAN_POINT('Origin',(-68.1999999999998,42.1685997229768,-39.));
#7072=CARTESIAN_POINT('',(-67.9499999999998,42.1685997229768,-38.));
#7073=CARTESIAN_POINT('Origin',(-68.1999999999998,42.1685997229768,-43.));
#7074=CARTESIAN_POINT('',(-69.1999999999998,42.1685997229768,-39.));
#7075=CARTESIAN_POINT('Origin',(-68.1999999999998,42.1685997229768,-39.));
#7076=CARTESIAN_POINT('',(-68.1999999999998,43.1685997229768,-47.));
#7077=CARTESIAN_POINT('',(-68.1999999999998,43.1685997229768,-43.));
#7078=CARTESIAN_POINT('',(-69.1999999999998,42.1685997229768,-47.));
#7079=CARTESIAN_POINT('Origin',(-68.1999999999998,42.1685997229768,-47.));
#7080=CARTESIAN_POINT('',(-69.1999999999998,42.1685997229768,-43.));
#7081=CARTESIAN_POINT('Origin',(-68.1999999999998,42.1685997229768,-39.));
#7082=CARTESIAN_POINT('Origin',(-68.1999999999998,42.1685997229768,-39.));
#7083=CARTESIAN_POINT('Origin',(-67.9499999999998,42.1685997229768,-47.));
#7084=CARTESIAN_POINT('',(-64.3999999999998,43.1685997229768,-47.));
#7085=CARTESIAN_POINT('',(-64.3999999999998,42.1685997229768,-48.));
#7086=CARTESIAN_POINT('Origin',(-64.3999999999998,42.1685997229768,-47.));
#7087=CARTESIAN_POINT('',(-68.1999999999998,42.1685997229768,-48.));
#7088=CARTESIAN_POINT('',(-67.9499999999998,42.1685997229768,-48.));
#7089=CARTESIAN_POINT('Origin',(-68.1999999999998,42.1685997229768,-47.));
#7090=CARTESIAN_POINT('',(-67.9499999999998,43.1685997229768,-47.));
#7091=CARTESIAN_POINT('Origin',(-68.1999999999998,42.1685997229768,-47.));
#7092=CARTESIAN_POINT('Origin',(-68.1999999999998,42.1685997229768,-47.));
#7093=CARTESIAN_POINT('Origin',(-66.6999999999998,33.1685997229768,-38.));
#7094=CARTESIAN_POINT('',(-68.1999999999998,34.8770369938787,-38.));
#7095=CARTESIAN_POINT('',(-68.1999999999998,33.918828532936,-38.));
#7096=CARTESIAN_POINT('',(-66.1999999999998,30.2768539459114,-38.));
#7097=CARTESIAN_POINT('',(-65.3098882488264,28.2295154516391,-38.));
#7098=CARTESIAN_POINT('',(-66.1999999999998,38.1685997229768,-38.));
#7099=CARTESIAN_POINT('',(-66.1999999999998,11.6685997229768,-38.));
#7100=CARTESIAN_POINT('',(-64.3999999999998,38.1685997229768,-38.));
#7101=CARTESIAN_POINT('',(-42.4499999999998,38.1685997229768,-38.));
#7102=CARTESIAN_POINT('',(-64.3999999999998,38.1685997229768,-38.));
#7103=CARTESIAN_POINT('Origin',(-68.1999999999998,33.918828532936,-39.));
#7104=CARTESIAN_POINT('',(-69.1999999999998,34.8770369938787,-39.));
#7105=CARTESIAN_POINT('',(-69.1999999999998,33.918828532936,-39.));
#7106=CARTESIAN_POINT('Origin',(-68.1999999999998,34.8770369938787,-39.));
#7107=CARTESIAN_POINT('Origin',(-69.1999999999998,34.6690573428951,-43.));
#7108=CARTESIAN_POINT('',(-69.1999999999998,34.8770369938787,-47.));
#7109=CARTESIAN_POINT('',(-69.1999999999998,33.918828532936,-47.));
#7110=CARTESIAN_POINT('',(-69.1999999999998,34.8770369938787,-43.));
#7111=CARTESIAN_POINT('Origin',(-68.1999999999998,33.918828532936,-47.));
#7112=CARTESIAN_POINT('',(-68.1999999999998,34.8770369938787,-48.));
#7113=CARTESIAN_POINT('',(-68.1999999999998,33.918828532936,-48.));
#7114=CARTESIAN_POINT('Origin',(-68.1999999999998,34.8770369938787,-47.));
#7115=CARTESIAN_POINT('Origin',(-66.6999999999998,33.1685997229768,-48.));
#7116=CARTESIAN_POINT('',(-64.3999999999998,38.1685997229768,-48.));
#7117=CARTESIAN_POINT('',(-64.3999999999998,38.1685997229768,-48.));
#7118=CARTESIAN_POINT('',(-66.1999999999998,38.1685997229768,-48.));
#7119=CARTESIAN_POINT('',(-42.4499999999998,38.1685997229768,-48.));
#7120=CARTESIAN_POINT('',(-66.1999999999998,30.2768539459114,-48.));
#7121=CARTESIAN_POINT('',(-66.1999999999998,11.6685997229768,-48.));
#7122=CARTESIAN_POINT('',(-65.3098882488264,28.2295154516391,-48.));
#7123=CARTESIAN_POINT('Origin',(-67.9499999999998,42.1685997229768,21.));
#7124=CARTESIAN_POINT('',(-64.3999999999998,42.1685997229768,22.));
#7125=CARTESIAN_POINT('',(-64.3999999999998,43.1685997229768,21.));
#7126=CARTESIAN_POINT('Origin',(-64.3999999999998,42.1685997229768,21.));
#7127=CARTESIAN_POINT('',(-68.1999999999998,43.1685997229768,21.));
#7128=CARTESIAN_POINT('',(-67.9499999999998,43.1685997229768,21.));
#7129=CARTESIAN_POINT('',(-68.1999999999998,42.1685997229768,22.));
#7130=CARTESIAN_POINT('Origin',(-68.1999999999998,42.1685997229768,21.));
#7131=CARTESIAN_POINT('',(-67.9499999999998,42.1685997229768,22.));
#7132=CARTESIAN_POINT('Origin',(-68.1999999999998,42.1685997229768,17.));
#7133=CARTESIAN_POINT('',(-69.1999999999998,42.1685997229768,21.));
#7134=CARTESIAN_POINT('Origin',(-68.1999999999998,42.1685997229768,21.));
#7135=CARTESIAN_POINT('',(-68.1999999999998,43.1685997229768,13.));
#7136=CARTESIAN_POINT('',(-68.1999999999998,43.1685997229768,17.));
#7137=CARTESIAN_POINT('',(-69.1999999999998,42.1685997229768,13.));
#7138=CARTESIAN_POINT('Origin',(-68.1999999999998,42.1685997229768,13.));
#7139=CARTESIAN_POINT('',(-69.1999999999998,42.1685997229768,17.));
#7140=CARTESIAN_POINT('Origin',(-68.1999999999998,42.1685997229768,21.));
#7141=CARTESIAN_POINT('Origin',(-68.1999999999998,42.1685997229768,21.));
#7142=CARTESIAN_POINT('Origin',(-67.9499999999998,42.1685997229768,13.));
#7143=CARTESIAN_POINT('',(-64.3999999999998,43.1685997229768,13.));
#7144=CARTESIAN_POINT('',(-64.3999999999998,42.1685997229768,12.));
#7145=CARTESIAN_POINT('Origin',(-64.3999999999998,42.1685997229768,13.));
#7146=CARTESIAN_POINT('',(-68.1999999999998,42.1685997229768,12.));
#7147=CARTESIAN_POINT('',(-67.9499999999998,42.1685997229768,12.));
#7148=CARTESIAN_POINT('Origin',(-68.1999999999998,42.1685997229768,13.));
#7149=CARTESIAN_POINT('',(-67.9499999999998,43.1685997229768,13.));
#7150=CARTESIAN_POINT('Origin',(-68.1999999999998,42.1685997229768,13.));
#7151=CARTESIAN_POINT('Origin',(-68.1999999999998,42.1685997229768,13.));
#7152=CARTESIAN_POINT('Origin',(-66.6999999999998,33.1685997229768,22.));
#7153=CARTESIAN_POINT('',(-68.1999999999998,34.8770369938787,22.));
#7154=CARTESIAN_POINT('',(-68.1999999999998,33.918828532936,22.));
#7155=CARTESIAN_POINT('',(-66.1999999999998,30.2768539459114,22.));
#7156=CARTESIAN_POINT('',(-65.3098882488264,28.2295154516391,22.));
#7157=CARTESIAN_POINT('',(-66.1999999999998,38.1685997229768,22.));
#7158=CARTESIAN_POINT('',(-66.1999999999998,11.6685997229768,22.));
#7159=CARTESIAN_POINT('',(-64.3999999999998,38.1685997229768,22.));
#7160=CARTESIAN_POINT('',(-42.4499999999998,38.1685997229768,22.));
#7161=CARTESIAN_POINT('',(-64.3999999999998,38.1685997229768,22.));
#7162=CARTESIAN_POINT('Origin',(-68.1999999999998,33.918828532936,21.));
#7163=CARTESIAN_POINT('',(-69.1999999999998,34.8770369938787,21.));
#7164=CARTESIAN_POINT('',(-69.1999999999998,33.918828532936,21.));
#7165=CARTESIAN_POINT('Origin',(-68.1999999999998,34.8770369938787,21.));
#7166=CARTESIAN_POINT('Origin',(-69.1999999999998,34.6690573428951,17.));
#7167=CARTESIAN_POINT('',(-69.1999999999998,34.8770369938787,13.));
#7168=CARTESIAN_POINT('',(-69.1999999999998,33.918828532936,13.));
#7169=CARTESIAN_POINT('',(-69.1999999999998,34.8770369938787,17.));
#7170=CARTESIAN_POINT('Origin',(-68.1999999999998,33.918828532936,13.));
#7171=CARTESIAN_POINT('',(-68.1999999999998,34.8770369938787,12.));
#7172=CARTESIAN_POINT('',(-68.1999999999998,33.918828532936,12.));
#7173=CARTESIAN_POINT('Origin',(-68.1999999999998,34.8770369938787,13.));
#7174=CARTESIAN_POINT('Origin',(-66.6999999999998,33.1685997229768,12.));
#7175=CARTESIAN_POINT('',(-64.3999999999998,38.1685997229768,12.));
#7176=CARTESIAN_POINT('',(-64.3999999999998,38.1685997229768,12.));
#7177=CARTESIAN_POINT('',(-66.1999999999998,38.1685997229768,12.));
#7178=CARTESIAN_POINT('',(-42.4499999999998,38.1685997229768,12.));
#7179=CARTESIAN_POINT('',(-66.1999999999998,30.2768539459114,12.));
#7180=CARTESIAN_POINT('',(-66.1999999999998,11.6685997229768,12.));
#7181=CARTESIAN_POINT('',(-65.3098882488264,28.2295154516391,12.));
#7182=CARTESIAN_POINT('Origin',(31.5500000000005,42.1685997229768,-47.));
#7183=CARTESIAN_POINT('',(28.0000000000005,42.1685997229768,-48.));
#7184=CARTESIAN_POINT('',(28.0000000000005,43.1685997229768,-47.));
#7185=CARTESIAN_POINT('Origin',(28.0000000000005,42.1685997229768,-47.));
#7186=CARTESIAN_POINT('',(31.8000000000005,43.1685997229768,-47.));
#7187=CARTESIAN_POINT('',(31.5500000000005,43.1685997229768,-47.));
#7188=CARTESIAN_POINT('',(31.8000000000005,42.1685997229768,-48.));
#7189=CARTESIAN_POINT('Origin',(31.8000000000005,42.1685997229768,-47.));
#7190=CARTESIAN_POINT('',(31.5500000000005,42.1685997229768,-48.));
#7191=CARTESIAN_POINT('Origin',(31.8000000000005,42.1685997229768,-43.));
#7192=CARTESIAN_POINT('',(31.8000000000005,43.1685997229768,-39.));
#7193=CARTESIAN_POINT('',(32.8000000000005,42.1685997229768,-39.));
#7194=CARTESIAN_POINT('Origin',(31.8000000000005,42.1685997229768,-39.));
#7195=CARTESIAN_POINT('',(32.8000000000005,42.1685997229768,-47.));
#7196=CARTESIAN_POINT('',(32.8000000000005,42.1685997229768,-43.));
#7197=CARTESIAN_POINT('Origin',(31.8000000000005,42.1685997229768,-47.));
#7198=CARTESIAN_POINT('',(31.8000000000005,43.1685997229768,-43.));
#7199=CARTESIAN_POINT('Origin',(31.5500000000005,42.1685997229768,-39.));
#7200=CARTESIAN_POINT('',(28.0000000000005,43.1685997229768,-39.));
#7201=CARTESIAN_POINT('',(28.0000000000005,42.1685997229768,-38.));
#7202=CARTESIAN_POINT('Origin',(28.0000000000005,42.1685997229768,-39.));
#7203=CARTESIAN_POINT('',(31.8000000000005,42.1685997229768,-38.));
#7204=CARTESIAN_POINT('',(31.5500000000005,42.1685997229768,-38.));
#7205=CARTESIAN_POINT('Origin',(31.8000000000005,42.1685997229768,-39.));
#7206=CARTESIAN_POINT('',(31.5500000000005,43.1685997229768,-39.));
#7207=CARTESIAN_POINT('Origin',(31.8000000000005,42.1685997229768,-39.));
#7208=CARTESIAN_POINT('Origin',(31.8000000000005,42.1685997229768,-39.));
#7209=CARTESIAN_POINT('Origin',(31.8000000000005,42.1685997229768,-47.));
#7210=CARTESIAN_POINT('Origin',(31.8000000000005,42.1685997229768,-47.));
#7211=CARTESIAN_POINT('Origin',(30.3000000000005,33.1685997229768,-48.));
#7212=CARTESIAN_POINT('',(31.8000000000005,34.8770369938787,-48.));
#7213=CARTESIAN_POINT('',(31.8000000000005,33.918828532936,-48.));
#7214=CARTESIAN_POINT('',(29.8000000000002,30.2768539459107,-48.));
#7215=CARTESIAN_POINT('',(28.9098882488271,28.2295154516391,-48.));
#7216=CARTESIAN_POINT('',(29.8000000000002,38.1685997229768,-48.));
#7217=CARTESIAN_POINT('',(29.8000000000002,11.6685997229768,-48.));
#7218=CARTESIAN_POINT('',(28.0000000000005,38.1685997229768,-48.));
#7219=CARTESIAN_POINT('',(6.05000000000035,38.1685997229768,-48.));
#7220=CARTESIAN_POINT('',(28.0000000000005,38.1685997229768,-48.));
#7221=CARTESIAN_POINT('Origin',(31.8000000000005,33.918828532936,-47.));
#7222=CARTESIAN_POINT('',(32.8000000000005,34.8770369938787,-47.));
#7223=CARTESIAN_POINT('',(32.8000000000005,33.918828532936,-47.));
#7224=CARTESIAN_POINT('Origin',(31.8000000000005,34.8770369938787,-47.));
#7225=CARTESIAN_POINT('Origin',(32.8000000000005,34.6690573428951,-43.));
#7226=CARTESIAN_POINT('',(32.8000000000005,34.8770369938787,-39.));
#7227=CARTESIAN_POINT('',(32.8000000000005,33.918828532936,-39.));
#7228=CARTESIAN_POINT('',(32.8000000000005,34.8770369938787,-43.));
#7229=CARTESIAN_POINT('Origin',(31.8000000000005,33.918828532936,-39.));
#7230=CARTESIAN_POINT('',(31.8000000000005,34.8770369938787,-38.));
#7231=CARTESIAN_POINT('',(31.8000000000005,33.918828532936,-38.));
#7232=CARTESIAN_POINT('Origin',(31.8000000000005,34.8770369938787,-39.));
#7233=CARTESIAN_POINT('Origin',(30.3000000000005,33.1685997229768,-38.));
#7234=CARTESIAN_POINT('',(28.0000000000005,38.1685997229768,-38.));
#7235=CARTESIAN_POINT('',(28.0000000000005,38.1685997229768,-38.));
#7236=CARTESIAN_POINT('',(29.8000000000002,38.1685997229768,-38.));
#7237=CARTESIAN_POINT('',(6.05000000000035,38.1685997229768,-38.));
#7238=CARTESIAN_POINT('',(29.8000000000002,30.2768539459107,-38.));
#7239=CARTESIAN_POINT('',(29.8000000000002,11.6685997229768,-38.));
#7240=CARTESIAN_POINT('',(28.9098882488271,28.2295154516391,-38.));
#7241=CARTESIAN_POINT('Origin',(31.5500000000005,42.1685997229768,13.));
#7242=CARTESIAN_POINT('',(28.0000000000005,42.1685997229768,12.));
#7243=CARTESIAN_POINT('',(28.0000000000005,43.1685997229768,13.));
#7244=CARTESIAN_POINT('Origin',(28.0000000000005,42.1685997229768,13.));
#7245=CARTESIAN_POINT('',(31.8000000000005,43.1685997229768,13.));
#7246=CARTESIAN_POINT('',(31.5500000000005,43.1685997229768,13.));
#7247=CARTESIAN_POINT('',(31.8000000000005,42.1685997229768,12.));
#7248=CARTESIAN_POINT('Origin',(31.8000000000005,42.1685997229768,13.));
#7249=CARTESIAN_POINT('',(31.5500000000005,42.1685997229768,12.));
#7250=CARTESIAN_POINT('Origin',(31.8000000000005,42.1685997229768,17.));
#7251=CARTESIAN_POINT('',(31.8000000000005,43.1685997229768,21.));
#7252=CARTESIAN_POINT('',(32.8000000000005,42.1685997229768,21.));
#7253=CARTESIAN_POINT('Origin',(31.8000000000005,42.1685997229768,21.));
#7254=CARTESIAN_POINT('',(32.8000000000005,42.1685997229768,13.));
#7255=CARTESIAN_POINT('',(32.8000000000005,42.1685997229768,17.));
#7256=CARTESIAN_POINT('Origin',(31.8000000000005,42.1685997229768,13.));
#7257=CARTESIAN_POINT('',(31.8000000000005,43.1685997229768,17.));
#7258=CARTESIAN_POINT('Origin',(31.5500000000005,42.1685997229768,21.));
#7259=CARTESIAN_POINT('',(28.0000000000005,43.1685997229768,21.));
#7260=CARTESIAN_POINT('',(28.0000000000005,42.1685997229768,22.));
#7261=CARTESIAN_POINT('Origin',(28.0000000000005,42.1685997229768,21.));
#7262=CARTESIAN_POINT('',(31.8000000000005,42.1685997229768,22.));
#7263=CARTESIAN_POINT('',(31.5500000000005,42.1685997229768,22.));
#7264=CARTESIAN_POINT('Origin',(31.8000000000005,42.1685997229768,21.));
#7265=CARTESIAN_POINT('',(31.5500000000005,43.1685997229768,21.));
#7266=CARTESIAN_POINT('Origin',(31.8000000000005,42.1685997229768,21.));
#7267=CARTESIAN_POINT('Origin',(31.8000000000005,42.1685997229768,21.));
#7268=CARTESIAN_POINT('Origin',(31.8000000000005,42.1685997229768,13.));
#7269=CARTESIAN_POINT('Origin',(31.8000000000005,42.1685997229768,13.));
#7270=CARTESIAN_POINT('Origin',(30.3000000000005,33.1685997229768,12.));
#7271=CARTESIAN_POINT('',(31.8000000000005,34.8770369938787,12.));
#7272=CARTESIAN_POINT('',(31.8000000000005,33.918828532936,12.));
#7273=CARTESIAN_POINT('',(29.8000000000002,30.2768539459107,12.));
#7274=CARTESIAN_POINT('',(28.9098882488271,28.2295154516391,12.));
#7275=CARTESIAN_POINT('',(29.8000000000002,38.1685997229768,12.));
#7276=CARTESIAN_POINT('',(29.8000000000002,11.6685997229768,12.));
#7277=CARTESIAN_POINT('',(28.0000000000005,38.1685997229768,12.));
#7278=CARTESIAN_POINT('',(6.05000000000035,38.1685997229768,12.));
#7279=CARTESIAN_POINT('',(28.0000000000005,38.1685997229768,12.));
#7280=CARTESIAN_POINT('Origin',(31.8000000000005,33.918828532936,13.));
#7281=CARTESIAN_POINT('',(32.8000000000005,34.8770369938787,13.));
#7282=CARTESIAN_POINT('',(32.8000000000005,33.918828532936,13.));
#7283=CARTESIAN_POINT('Origin',(31.8000000000005,34.8770369938787,13.));
#7284=CARTESIAN_POINT('Origin',(32.8000000000005,34.6690573428951,17.));
#7285=CARTESIAN_POINT('',(32.8000000000005,34.8770369938787,21.));
#7286=CARTESIAN_POINT('',(32.8000000000005,33.918828532936,21.));
#7287=CARTESIAN_POINT('',(32.8000000000005,34.8770369938787,17.));
#7288=CARTESIAN_POINT('Origin',(31.8000000000005,33.918828532936,21.));
#7289=CARTESIAN_POINT('',(31.8000000000005,34.8770369938787,22.));
#7290=CARTESIAN_POINT('',(31.8000000000005,33.918828532936,22.));
#7291=CARTESIAN_POINT('Origin',(31.8000000000005,34.8770369938787,21.));
#7292=CARTESIAN_POINT('Origin',(30.3000000000005,33.1685997229768,22.));
#7293=CARTESIAN_POINT('',(28.0000000000005,38.1685997229768,22.));
#7294=CARTESIAN_POINT('',(28.0000000000005,38.1685997229768,22.));
#7295=CARTESIAN_POINT('',(29.8000000000002,38.1685997229768,22.));
#7296=CARTESIAN_POINT('',(6.05000000000035,38.1685997229768,22.));
#7297=CARTESIAN_POINT('',(29.8000000000002,30.2768539459107,22.));
#7298=CARTESIAN_POINT('',(29.8000000000002,11.6685997229768,22.));
#7299=CARTESIAN_POINT('',(28.9098882488271,28.2295154516391,22.));
#7300=CARTESIAN_POINT('Origin',(-68.1999999999998,34.8770369938787,21.));
#7301=CARTESIAN_POINT('',(-69.1170758577109,34.4783242260829,21.));
#7302=CARTESIAN_POINT('Origin',(-68.1999999999998,34.8770369938787,21.));
#7303=CARTESIAN_POINT('Origin',(-68.1999999999998,34.8770369938787,21.));
#7304=CARTESIAN_POINT('Origin',(-68.1999999999998,34.8770369938787,13.));
#7305=CARTESIAN_POINT('',(-69.1170758577109,34.4783242260829,13.));
#7306=CARTESIAN_POINT('Origin',(-68.1999999999998,34.8770369938787,13.));
#7307=CARTESIAN_POINT('Origin',(-68.1999999999998,34.8770369938787,13.));
#7308=CARTESIAN_POINT('Origin',(-68.1999999999998,34.8770369938787,17.));
#7309=CARTESIAN_POINT('',(-69.1170758577109,34.4783242260829,17.));
#7310=CARTESIAN_POINT('Ctrl Pts',(-64.1170758577109,22.9778666061646,9.99999999999996));
#7311=CARTESIAN_POINT('Ctrl Pts',(-64.1170758577109,22.9778666061646,10.6731984257692));
#7312=CARTESIAN_POINT('Ctrl Pts',(-64.6655893422164,24.2394978226664,12.2465180545497));
#7313=CARTESIAN_POINT('Ctrl Pts',(-66.2194779566853,27.813583854021,13.));
#7314=CARTESIAN_POINT('Ctrl Pts',(-67.1170758577109,29.8781411781156,13.));
#7315=CARTESIAN_POINT('Ctrl Pts',(-64.1482219921367,23.0495055659621,9.99999999999996));
#7316=CARTESIAN_POINT('Ctrl Pts',(-64.1482219921367,23.0495055659621,10.6292326833009));
#7317=CARTESIAN_POINT('Ctrl Pts',(-64.6923455793363,24.3026220196498,12.1003968936816));
#7318=CARTESIAN_POINT('Ctrl Pts',(-66.2317957116695,27.8473174412435,12.7541979465771));
#7319=CARTESIAN_POINT('Ctrl Pts',(-67.1170758577109,29.8781411781156,12.7008006996581));
#7320=CARTESIAN_POINT('Ctrl Pts',(-64.1879615064917,23.1812859014434,9.99999999999996));
#7321=CARTESIAN_POINT('Ctrl Pts',(-64.1879615064917,23.1812859014434,10.5522993012431));
#7322=CARTESIAN_POINT('Ctrl Pts',(-64.6973413846944,24.4315787130472,11.8440910175638));
#7323=CARTESIAN_POINT('Ctrl Pts',(-66.11374847812,27.9657835402891,12.3213624648401));
#7324=CARTESIAN_POINT('Ctrl Pts',(-66.88664463903,29.978324677893,12.1829658525395));
#7325=CARTESIAN_POINT('Ctrl Pts',(-64.1999999999998,23.3179918324867,9.99999999999996));
#7326=CARTESIAN_POINT('Ctrl Pts',(-64.1999999999998,23.3179918324867,10.4790374761054));
#7327=CARTESIAN_POINT('Ctrl Pts',(-64.6172602053404,24.5762012496773,11.5992143993307));
#7328=CARTESIAN_POINT('Ctrl Pts',(-65.7719995184091,28.1383191540841,12.062154201492));
#7329=CARTESIAN_POINT('Ctrl Pts',(-66.4057913412405,30.18738301004,12.));
#7330=CARTESIAN_POINT('Ctrl Pts',(-64.1999999999998,23.3765793739604,9.99999999999996));
#7331=CARTESIAN_POINT('Ctrl Pts',(-64.1999999999998,23.3765793739604,10.4487989505128));
#7332=CARTESIAN_POINT('Ctrl Pts',(-64.5656756563368,24.6382105904622,11.4976787030332));
#7333=CARTESIAN_POINT('Ctrl Pts',(-65.601601399316,28.2122966218167,12.));
#7334=CARTESIAN_POINT('Ctrl Pts',(-66.1999999999998,30.2768539459114,12.));
#7335=CARTESIAN_POINT('',(-67.1170758577109,29.8781411781156,13.));
#7336=CARTESIAN_POINT('Origin',(-66.1999999999998,30.2768539459114,13.));
#7337=CARTESIAN_POINT('',(-64.1999999999998,23.3765793739604,9.99999999999996));
#7338=CARTESIAN_POINT('Origin',(-66.1999999999998,30.2768539459114,9.99999999999996));
#7339=CARTESIAN_POINT('',(-64.1999999999998,23.1685997229768,10.7004772946775));
#7340=CARTESIAN_POINT('Ctrl Pts',(-64.1999999999998,23.1685997229768,10.7004772946775));
#7341=CARTESIAN_POINT('Ctrl Pts',(-64.1999999999998,23.1685997229768,10.678260233556));
#7342=CARTESIAN_POINT('Ctrl Pts',(-64.1999999999998,23.1690939993619,10.6560430114703));
#7343=CARTESIAN_POINT('Ctrl Pts',(-64.1999999999998,23.1741127135861,10.5456146631837));
#7344=CARTESIAN_POINT('Ctrl Pts',(-64.200000000093,23.1862492035952,10.4578309001719));
#7345=CARTESIAN_POINT('Ctrl Pts',(-64.200000000093,23.2341942800591,10.2664775557259));
#7346=CARTESIAN_POINT('Ctrl Pts',(-64.1999999999998,23.2815540981293,10.1352620294205));
#7347=CARTESIAN_POINT('Ctrl Pts',(-64.1999999999998,23.3753144231335,10.0017918447598));
#7348=CARTESIAN_POINT('Ctrl Pts',(-64.1999999999998,23.3759462063893,10.0008954341663));
#7349=CARTESIAN_POINT('Ctrl Pts',(-64.1999999999998,23.3765793739604,9.99999999999996));
#7350=CARTESIAN_POINT('Origin',(-67.1170758577109,29.8781411781156,9.99999999999996));
#7351=CARTESIAN_POINT('Origin',(-65.3098882488264,28.2295154516391,13.));
#7352=CARTESIAN_POINT('',(-66.2269641065375,27.8308026838433,13.));
#7353=CARTESIAN_POINT('Origin',(-65.3098882488264,28.2295154516391,21.));
#7354=CARTESIAN_POINT('',(-67.1170758577109,29.8781411781156,21.));
#7355=CARTESIAN_POINT('Origin',(-66.1999999999998,30.2768539459114,21.));
#7356=CARTESIAN_POINT('',(-66.2269641065375,27.8308026838433,21.));
#7357=CARTESIAN_POINT('Ctrl Pts',(-67.1170758577109,29.8781411781156,21.));
#7358=CARTESIAN_POINT('Ctrl Pts',(-66.4438774319417,28.3297231850446,21.));
#7359=CARTESIAN_POINT('Ctrl Pts',(-65.3259990996198,25.758500708026,21.3934443061388));
#7360=CARTESIAN_POINT('Ctrl Pts',(-64.322376908964,23.4500778140168,22.6552273186158));
#7361=CARTESIAN_POINT('Ctrl Pts',(-64.1170758577109,22.9778666061646,23.5512010494871));
#7362=CARTESIAN_POINT('Ctrl Pts',(-64.1170758577109,22.9778666061646,24.));
#7363=CARTESIAN_POINT('Ctrl Pts',(-67.1170758577109,29.8781411781156,21.2991993003418));
#7364=CARTESIAN_POINT('Ctrl Pts',(-66.4531157481798,28.3550233754615,21.2591513651526));
#7365=CARTESIAN_POINT('Ctrl Pts',(-65.3473794062593,25.8092396803685,21.5826139789809));
#7366=CARTESIAN_POINT('Ctrl Pts',(-64.3512762537256,23.5189518193694,22.7428274572696));
#7367=CARTESIAN_POINT('Ctrl Pts',(-64.1482219921367,23.0495055659621,23.580511544466));
#7368=CARTESIAN_POINT('Ctrl Pts',(-64.1482219921367,23.0495055659621,24.));
#7369=CARTESIAN_POINT('Ctrl Pts',(-66.8866393609209,29.9783269726317,21.8170272418304));
#7370=CARTESIAN_POINT('Ctrl Pts',(-66.3069672402384,28.4689211194288,21.713229782605));
#7371=CARTESIAN_POINT('Ctrl Pts',(-65.3010705960067,25.9342497851155,21.9143420275551));
#7372=CARTESIAN_POINT('Ctrl Pts',(-64.3785544820213,23.6495385861602,22.8973401204935));
#7373=CARTESIAN_POINT('Ctrl Pts',(-64.1879614614142,23.1812859097702,23.6318004658379));
#7374=CARTESIAN_POINT('Ctrl Pts',(-64.1879614614142,23.1812859097702,24.));
#7375=CARTESIAN_POINT('Ctrl Pts',(-66.4057913412405,30.18738301004,22.));
#7376=CARTESIAN_POINT('Ctrl Pts',(-65.930447474117,28.650585118073,21.9533843488809));
#7377=CARTESIAN_POINT('Ctrl Pts',(-65.1098545867964,26.0903172980668,22.1729783852592));
#7378=CARTESIAN_POINT('Ctrl Pts',(-64.3557529738788,23.7889897240924,23.0431513455266));
#7379=CARTESIAN_POINT('Ctrl Pts',(-64.1999999999998,23.3179918324867,23.6806416825963));
#7380=CARTESIAN_POINT('Ctrl Pts',(-64.1999999999998,23.3179918324867,24.));
#7381=CARTESIAN_POINT('Ctrl Pts',(-66.1999999999998,30.2768539459114,22.));
#7382=CARTESIAN_POINT('Ctrl Pts',(-65.751201049487,28.7284359528404,22.));
#7383=CARTESIAN_POINT('Ctrl Pts',(-65.005948827939,26.1572134758218,22.2622962040925));
#7384=CARTESIAN_POINT('Ctrl Pts',(-64.3368673675019,23.8487905818126,23.1034848790772));
#7385=CARTESIAN_POINT('Ctrl Pts',(-64.1999999999998,23.3765793739604,23.7008006996581));
#7386=CARTESIAN_POINT('Ctrl Pts',(-64.1999999999998,23.3765793739604,24.));
#7387=CARTESIAN_POINT('',(-64.1999999999998,23.1685997229768,23.2995227053224));
#7388=CARTESIAN_POINT('',(-64.1999999999998,23.3765793739604,24.));
#7389=CARTESIAN_POINT('Ctrl Pts',(-64.1999999999998,23.3765793739604,24.));
#7390=CARTESIAN_POINT('Ctrl Pts',(-64.1999999999998,23.3759462063895,23.999104565834));
#7391=CARTESIAN_POINT('Ctrl Pts',(-64.1999999999998,23.3753144231333,23.9982081552398));
#7392=CARTESIAN_POINT('Ctrl Pts',(-64.1999999999998,23.3086889886515,23.9033651708219));
#7393=CARTESIAN_POINT('Ctrl Pts',(-64.1999999999998,23.2594008906316,23.8007176571042));
#7394=CARTESIAN_POINT('Ctrl Pts',(-64.1999999999998,23.1862569027642,23.5648318857119));
#7395=CARTESIAN_POINT('Ctrl Pts',(-64.1999999999998,23.1685997229768,23.4323117811836));
#7396=CARTESIAN_POINT('Ctrl Pts',(-64.1999999999998,23.1685997229768,23.2995227053224));
#7397=CARTESIAN_POINT('Origin',(-66.1999999999998,30.2768539459114,24.));
#7398=CARTESIAN_POINT('Origin',(-67.1170758577109,29.8781411781156,24.));
#7399=CARTESIAN_POINT('Origin',(-66.1999999999998,11.6685997229768,9.99999999999996));
#7400=CARTESIAN_POINT('',(-64.1999999999998,38.1685997229768,9.99999999999996));
#7401=CARTESIAN_POINT('Origin',(-66.1999999999998,38.1685997229768,9.99999999999996));
#7402=CARTESIAN_POINT('',(-64.1999999999998,11.6685997229768,9.99999999999996));
#7403=CARTESIAN_POINT('Origin',(-69.1999999999998,43.1685997229768,17.));
#7404=CARTESIAN_POINT('',(-64.3999999999998,43.1685997229768,17.));
#7405=CARTESIAN_POINT('Origin',(-68.1999999999998,34.8770369938787,-39.));
#7406=CARTESIAN_POINT('',(-69.1170758577109,34.4783242260829,-39.));
#7407=CARTESIAN_POINT('Origin',(-68.1999999999998,34.8770369938787,-39.));
#7408=CARTESIAN_POINT('Origin',(-68.1999999999998,34.8770369938787,-39.));
#7409=CARTESIAN_POINT('Origin',(-68.1999999999998,34.8770369938787,-47.));
#7410=CARTESIAN_POINT('',(-69.1170758577109,34.4783242260829,-47.));
#7411=CARTESIAN_POINT('Origin',(-68.1999999999998,34.8770369938787,-47.));
#7412=CARTESIAN_POINT('Origin',(-68.1999999999998,34.8770369938787,-47.));
#7413=CARTESIAN_POINT('Origin',(-68.1999999999998,34.8770369938787,-43.));
#7414=CARTESIAN_POINT('',(-69.1170758577109,34.4783242260829,-43.));
#7415=CARTESIAN_POINT('Ctrl Pts',(-64.1170758577109,22.9778666061646,-50.));
#7416=CARTESIAN_POINT('Ctrl Pts',(-64.1170758577109,22.9778666061646,-49.3268015742308));
#7417=CARTESIAN_POINT('Ctrl Pts',(-64.6657287475461,24.2398184676836,-47.7535981302127));
#7418=CARTESIAN_POINT('Ctrl Pts',(-66.2194779566853,27.813583854021,-47.));
#7419=CARTESIAN_POINT('Ctrl Pts',(-67.1170758577109,29.8781411781156,-47.));
#7420=CARTESIAN_POINT('Ctrl Pts',(-64.1482219921367,23.0495055659621,-50.));
#7421=CARTESIAN_POINT('Ctrl Pts',(-64.1482219921367,23.0495055659621,-49.3707673166991));
#7422=CARTESIAN_POINT('Ctrl Pts',(-64.6923957516147,24.3029915865262,-47.8996757138822));
#7423=CARTESIAN_POINT('Ctrl Pts',(-66.2317957116695,27.8473174412435,-47.2458020534229));
#7424=CARTESIAN_POINT('Ctrl Pts',(-67.1170758577109,29.8781411781156,-47.2991993003419));
#7425=CARTESIAN_POINT('Ctrl Pts',(-64.1879613555186,23.1812859293313,-50.));
#7426=CARTESIAN_POINT('Ctrl Pts',(-64.1879613555186,23.1812859293313,-49.4477006987569));
#7427=CARTESIAN_POINT('Ctrl Pts',(-64.697506244688,24.4319053401836,-48.1560453648752));
#7428=CARTESIAN_POINT('Ctrl Pts',(-66.1137308007577,27.965791225793,-47.6786144069294));
#7429=CARTESIAN_POINT('Ctrl Pts',(-66.8866269616676,29.9783323633968,-47.81701101923));
#7430=CARTESIAN_POINT('Ctrl Pts',(-64.1999999999998,23.3179918324867,-50.));
#7431=CARTESIAN_POINT('Ctrl Pts',(-64.1999999999998,23.3179918324867,-49.5209625238946));
#7432=CARTESIAN_POINT('Ctrl Pts',(-64.6173935377137,24.5765203538977,-48.400862828068));
#7433=CARTESIAN_POINT('Ctrl Pts',(-65.7719995184091,28.1383191540841,-47.937845798508));
#7434=CARTESIAN_POINT('Ctrl Pts',(-66.4057913412405,30.18738301004,-48.));
#7435=CARTESIAN_POINT('Ctrl Pts',(-64.1999999999998,23.3765793739604,-50.));
#7436=CARTESIAN_POINT('Ctrl Pts',(-64.1999999999998,23.3765793739604,-49.5512010494872));
#7437=CARTESIAN_POINT('Ctrl Pts',(-64.5657685932233,24.6385312354794,-48.5023987534752));
#7438=CARTESIAN_POINT('Ctrl Pts',(-65.601601399316,28.2122966218167,-48.));
#7439=CARTESIAN_POINT('Ctrl Pts',(-66.1999999999998,30.2768539459114,-48.));
#7440=CARTESIAN_POINT('',(-67.1170758577109,29.8781411781156,-47.));
#7441=CARTESIAN_POINT('Origin',(-66.1999999999998,30.2768539459114,-47.));
#7442=CARTESIAN_POINT('',(-64.1999999999998,23.3765793739604,-50.));
#7443=CARTESIAN_POINT('Origin',(-66.1999999999998,30.2768539459114,-50.));
#7444=CARTESIAN_POINT('',(-64.1999999999998,23.1685997229768,-49.2995227053225));
#7445=CARTESIAN_POINT('Ctrl Pts',(-64.1999999999998,23.1685997229768,-49.2995227053225));
#7446=CARTESIAN_POINT('Ctrl Pts',(-64.1999999999998,23.1685997229768,-49.321739766444));
#7447=CARTESIAN_POINT('Ctrl Pts',(-64.1999999999998,23.1690939993619,-49.3439569885297));
#7448=CARTESIAN_POINT('Ctrl Pts',(-64.1999999999998,23.1741127135861,-49.4543853368163));
#7449=CARTESIAN_POINT('Ctrl Pts',(-64.200000000093,23.1862492035952,-49.5421690998281));
#7450=CARTESIAN_POINT('Ctrl Pts',(-64.200000000093,23.2341942807107,-49.7335224468745));
#7451=CARTESIAN_POINT('Ctrl Pts',(-64.1999999999998,23.2815540993241,-49.8647379722802));
#7452=CARTESIAN_POINT('Ctrl Pts',(-64.1999999999998,23.3753144231335,-49.9982081552402));
#7453=CARTESIAN_POINT('Ctrl Pts',(-64.1999999999998,23.3759462063893,-49.9991045658337));
#7454=CARTESIAN_POINT('Ctrl Pts',(-64.1999999999998,23.3765793739604,-50.));
#7455=CARTESIAN_POINT('Origin',(-67.1170758577109,29.8781411781156,-50.));
#7456=CARTESIAN_POINT('Origin',(-65.3098882488264,28.2295154516391,-47.));
#7457=CARTESIAN_POINT('',(-66.2269641065375,27.8308026838433,-47.));
#7458=CARTESIAN_POINT('Origin',(-65.3098882488264,28.2295154516391,-39.));
#7459=CARTESIAN_POINT('',(-67.1170758577109,29.8781411781156,-39.));
#7460=CARTESIAN_POINT('Origin',(-66.1999999999998,30.2768539459114,-39.));
#7461=CARTESIAN_POINT('',(-66.2269641065375,27.8308026838433,-39.));
#7462=CARTESIAN_POINT('Ctrl Pts',(-67.1170758577109,29.8781411781156,-39.));
#7463=CARTESIAN_POINT('Ctrl Pts',(-66.4438774319417,28.3297231850446,-39.));
#7464=CARTESIAN_POINT('Ctrl Pts',(-65.3260138849515,25.7585347156423,-38.6065200867467));
#7465=CARTESIAN_POINT('Ctrl Pts',(-64.3223875595268,23.4501023112859,-37.3447559599866));
#7466=CARTESIAN_POINT('Ctrl Pts',(-64.1170758577109,22.9778666061646,-36.4487989505129));
#7467=CARTESIAN_POINT('Ctrl Pts',(-64.1170758577109,22.9778666061646,-36.));
#7468=CARTESIAN_POINT('Ctrl Pts',(-67.1170758577109,29.8781411781156,-38.7008006996582));
#7469=CARTESIAN_POINT('Ctrl Pts',(-66.4531157481798,28.3550233754615,-38.7408486348474));
#7470=CARTESIAN_POINT('Ctrl Pts',(-65.3473625383252,25.8092916201605,-38.4173662377262));
#7471=CARTESIAN_POINT('Ctrl Pts',(-64.3512686666885,23.5189859275615,-37.2571641303237));
#7472=CARTESIAN_POINT('Ctrl Pts',(-64.1482219921367,23.0495055659621,-36.419488455534));
#7473=CARTESIAN_POINT('Ctrl Pts',(-64.1482219921367,23.0495055659621,-36.));
#7474=CARTESIAN_POINT('Ctrl Pts',(-66.8866305811462,29.9783307897731,-38.1829842452144));
#7475=CARTESIAN_POINT('Ctrl Pts',(-66.3069584604637,28.4689249365702,-38.2867817044398));
#7476=CARTESIAN_POINT('Ctrl Pts',(-65.3010922278325,25.9342868893104,-38.0856160187564));
#7477=CARTESIAN_POINT('Ctrl Pts',(-64.3785678965229,23.649564958593,-37.1026418137976));
#7478=CARTESIAN_POINT('Ctrl Pts',(-64.1879613864307,23.1812859236212,-36.3681995341621));
#7479=CARTESIAN_POINT('Ctrl Pts',(-64.1879613864307,23.1812859236212,-36.));
#7480=CARTESIAN_POINT('Ctrl Pts',(-66.4057913412405,30.18738301004,-38.));
#7481=CARTESIAN_POINT('Ctrl Pts',(-65.930447474117,28.650585118073,-38.0466156511191));
#7482=CARTESIAN_POINT('Ctrl Pts',(-65.1098726653511,26.0903508654186,-37.8269994628496));
#7483=CARTESIAN_POINT('Ctrl Pts',(-64.3557645363661,23.7890138557939,-36.9568390264325));
#7484=CARTESIAN_POINT('Ctrl Pts',(-64.1999999999998,23.3179918324867,-36.3193583174037));
#7485=CARTESIAN_POINT('Ctrl Pts',(-64.1999999999998,23.3179918324867,-36.));
#7486=CARTESIAN_POINT('Ctrl Pts',(-66.1999999999998,30.2768539459114,-38.));
#7487=CARTESIAN_POINT('Ctrl Pts',(-65.751201049487,28.7284359528404,-38.));
#7488=CARTESIAN_POINT('Ctrl Pts',(-65.0059586848269,26.1572474834381,-37.7376800578312));
#7489=CARTESIAN_POINT('Ctrl Pts',(-64.336874467877,23.8488150790817,-36.8965039733244));
#7490=CARTESIAN_POINT('Ctrl Pts',(-64.1999999999998,23.3765793739604,-36.2991993003419));
#7491=CARTESIAN_POINT('Ctrl Pts',(-64.1999999999998,23.3765793739604,-36.));
#7492=CARTESIAN_POINT('',(-64.1999999999998,23.1685997229768,-36.7004772946776));
#7493=CARTESIAN_POINT('',(-64.1999999999998,23.3765793739604,-36.));
#7494=CARTESIAN_POINT('Ctrl Pts',(-64.1999999999998,23.3765793739604,-36.));
#7495=CARTESIAN_POINT('Ctrl Pts',(-64.1999999999998,23.3759462063895,-36.000895434166));
#7496=CARTESIAN_POINT('Ctrl Pts',(-64.1999999999998,23.3753144231333,-36.0017918447602));
#7497=CARTESIAN_POINT('Ctrl Pts',(-64.1999999999998,23.3086889886515,-36.0966348291781));
#7498=CARTESIAN_POINT('Ctrl Pts',(-64.1999999999998,23.2594008906316,-36.1992823428958));
#7499=CARTESIAN_POINT('Ctrl Pts',(-64.1999999999998,23.1862569027642,-36.4351681142881));
#7500=CARTESIAN_POINT('Ctrl Pts',(-64.1999999999998,23.1685997229768,-36.5676882188164));
#7501=CARTESIAN_POINT('Ctrl Pts',(-64.1999999999998,23.1685997229768,-36.7004772946776));
#7502=CARTESIAN_POINT('Origin',(-66.1999999999998,30.2768539459114,-36.));
#7503=CARTESIAN_POINT('Origin',(-67.1170758577109,29.8781411781156,-36.));
#7504=CARTESIAN_POINT('Origin',(-66.1999999999998,11.6685997229768,-50.));
#7505=CARTESIAN_POINT('',(-64.1999999999998,38.1685997229768,-50.));
#7506=CARTESIAN_POINT('Origin',(-66.1999999999998,38.1685997229768,-50.));
#7507=CARTESIAN_POINT('',(-64.1999999999998,11.6685997229768,-50.));
#7508=CARTESIAN_POINT('Origin',(-69.1999999999998,43.1685997229768,-43.));
#7509=CARTESIAN_POINT('',(-64.3999999999998,43.1685997229768,-43.));
#7510=CARTESIAN_POINT('Origin',(31.8000000000005,34.8770369938787,-39.));
#7511=CARTESIAN_POINT('',(32.7170758577116,34.4783242260829,-39.));
#7512=CARTESIAN_POINT('Origin',(31.8000000000005,34.8770369938787,-39.));
#7513=CARTESIAN_POINT('Origin',(31.8000000000005,34.8770369938787,-39.));
#7514=CARTESIAN_POINT('Origin',(31.8000000000005,34.8770369938787,-47.));
#7515=CARTESIAN_POINT('',(32.7170758577116,34.4783242260829,-47.));
#7516=CARTESIAN_POINT('Origin',(31.8000000000005,34.8770369938787,-47.));
#7517=CARTESIAN_POINT('Origin',(31.8000000000005,34.8770369938787,-47.));
#7518=CARTESIAN_POINT('Origin',(31.8000000000005,34.8770369938787,-43.));
#7519=CARTESIAN_POINT('',(32.7170758577116,34.4783242260829,-43.));
#7520=CARTESIAN_POINT('Origin',(28.9098882488271,28.2295154516391,-47.));
#7521=CARTESIAN_POINT('',(30.7170758577114,29.8781411781149,-47.));
#7522=CARTESIAN_POINT('Origin',(29.8000000000002,30.2768539459107,-47.));
#7523=CARTESIAN_POINT('',(29.8269641065382,27.8308026838433,-47.));
#7524=CARTESIAN_POINT('Ctrl Pts',(30.7170758577114,29.8781411781149,-47.));
#7525=CARTESIAN_POINT('Ctrl Pts',(30.0438774319421,28.329723185044,-47.));
#7526=CARTESIAN_POINT('Ctrl Pts',(28.9259884953502,25.7584763172339,-47.39341863554));
#7527=CARTESIAN_POINT('Ctrl Pts',(27.9223692522155,23.4500602027927,-48.6552154222031));
#7528=CARTESIAN_POINT('Ctrl Pts',(27.7170758577114,22.9778666061639,-49.5512010494872));
#7529=CARTESIAN_POINT('Ctrl Pts',(27.7170758577114,22.9778666061639,-50.));
#7530=CARTESIAN_POINT('Ctrl Pts',(30.7170758577114,29.8781411781149,-47.2991993003419));
#7531=CARTESIAN_POINT('Ctrl Pts',(30.0531157481802,28.3550233754608,-47.2591513651527));
#7532=CARTESIAN_POINT('Ctrl Pts',(28.9473915719966,25.809202379225,-47.5825997033684));
#7533=CARTESIAN_POINT('Ctrl Pts',(27.9512816443504,23.5189273449787,-48.7428214910855));
#7534=CARTESIAN_POINT('Ctrl Pts',(27.7482219921371,23.0495055659615,-49.5805115444661));
#7535=CARTESIAN_POINT('Ctrl Pts',(27.7482219921371,23.0495055659615,-50.));
#7536=CARTESIAN_POINT('Ctrl Pts',(30.4866458340036,29.9783241583594,-47.8170357109073));
#7537=CARTESIAN_POINT('Ctrl Pts',(29.9069737133211,28.4689183051565,-47.7132382516819));
#7538=CARTESIAN_POINT('Ctrl Pts',(28.9010550181053,25.9342231986959,-47.9143116547952));
#7539=CARTESIAN_POINT('Ctrl Pts',(27.9785448451965,23.6495196466359,-48.8973272537285));
#7540=CARTESIAN_POINT('Ctrl Pts',(27.7879615166978,23.1812858995575,-49.6318004658379));
#7541=CARTESIAN_POINT('Ctrl Pts',(27.7879615166978,23.1812858995575,-50.));
#7542=CARTESIAN_POINT('Ctrl Pts',(30.0057913412409,30.1873830100393,-48.));
#7543=CARTESIAN_POINT('Ctrl Pts',(29.5304474741174,28.6505851180724,-47.953384348881));
#7544=CARTESIAN_POINT('Ctrl Pts',(28.7098415988835,26.0902932223199,-48.172962403564));
#7545=CARTESIAN_POINT('Ctrl Pts',(27.9557446819384,23.7889723763533,-49.043144512268));
#7546=CARTESIAN_POINT('Ctrl Pts',(27.8000000000002,23.3179918324861,-49.6806416825964));
#7547=CARTESIAN_POINT('Ctrl Pts',(27.8000000000002,23.3179918324861,-50.));
#7548=CARTESIAN_POINT('Ctrl Pts',(29.8000000000002,30.2768539459107,-48.));
#7549=CARTESIAN_POINT('Ctrl Pts',(29.3512010494874,28.7284359528397,-48.));
#7550=CARTESIAN_POINT('Ctrl Pts',(28.6059417584261,26.1571890850296,-48.26227909036));
#7551=CARTESIAN_POINT('Ctrl Pts',(27.936862263003,23.8487729705885,-49.1034769481354));
#7552=CARTESIAN_POINT('Ctrl Pts',(27.8000000000002,23.3765793739597,-49.7008006996582));
#7553=CARTESIAN_POINT('Ctrl Pts',(27.8000000000002,23.3765793739597,-50.));
#7554=CARTESIAN_POINT('',(27.8000000000002,23.1685997229762,-49.2995227053225));
#7555=CARTESIAN_POINT('',(27.8000000000002,23.3765793739597,-50.));
#7556=CARTESIAN_POINT('Ctrl Pts',(27.8000000000002,23.3765793739597,-50.));
#7557=CARTESIAN_POINT('Ctrl Pts',(27.8000000000002,23.3759462060324,-49.99910456533));
#7558=CARTESIAN_POINT('Ctrl Pts',(27.8000000000002,23.3753144234869,-49.9982081557487));
#7559=CARTESIAN_POINT('Ctrl Pts',(27.8000000000002,23.3086889797328,-49.9033651580148));
#7560=CARTESIAN_POINT('Ctrl Pts',(27.8000000000002,23.2594008858327,-49.8007176416302));
#7561=CARTESIAN_POINT('Ctrl Pts',(27.8000000000002,23.1862569027635,-49.564831885712));
#7562=CARTESIAN_POINT('Ctrl Pts',(27.8000000000002,23.1685997229762,-49.4323117811837));
#7563=CARTESIAN_POINT('Ctrl Pts',(27.8000000000002,23.1685997229762,-49.2995227053225));
#7564=CARTESIAN_POINT('Origin',(29.8000000000002,30.2768539459107,-50.));
#7565=CARTESIAN_POINT('Origin',(30.7170758577114,29.8781411781149,-50.));
#7566=CARTESIAN_POINT('Origin',(28.9098882488271,28.2295154516391,-39.));
#7567=CARTESIAN_POINT('',(30.7170758577114,29.8781411781149,-39.));
#7568=CARTESIAN_POINT('Origin',(29.8000000000002,30.2768539459107,-39.));
#7569=CARTESIAN_POINT('',(29.8269641065382,27.8308026838433,-39.));
#7570=CARTESIAN_POINT('Ctrl Pts',(27.7170758577114,22.9778666061639,-36.));
#7571=CARTESIAN_POINT('Ctrl Pts',(27.7170758577114,22.9778666061639,-36.4487989505129));
#7572=CARTESIAN_POINT('Ctrl Pts',(27.9223619795621,23.4500434750244,-37.3447957764924));
#7573=CARTESIAN_POINT('Ctrl Pts',(28.9259784432641,25.7584531965159,-38.606605805957));
#7574=CARTESIAN_POINT('Ctrl Pts',(30.0438774319421,28.329723185044,-39.));
#7575=CARTESIAN_POINT('Ctrl Pts',(30.7170758577114,29.8781411781149,-39.));
#7576=CARTESIAN_POINT('Ctrl Pts',(27.7482219921371,23.0495055659615,-36.));
#7577=CARTESIAN_POINT('Ctrl Pts',(27.7482219921371,23.0495055659615,-36.419488455534));
#7578=CARTESIAN_POINT('Ctrl Pts',(27.9512867129598,23.5189041357131,-37.2571841097992));
#7579=CARTESIAN_POINT('Ctrl Pts',(28.9474031592494,25.8091669805674,-38.4174138992595));
#7580=CARTESIAN_POINT('Ctrl Pts',(30.0531157481802,28.3550233754608,-38.7408486348474));
#7581=CARTESIAN_POINT('Ctrl Pts',(30.7170758577114,29.8781411781149,-38.7008006996582));
#7582=CARTESIAN_POINT('Ctrl Pts',(27.7879615703101,23.1812858896542,-36.));
#7583=CARTESIAN_POINT('Ctrl Pts',(27.7879615703101,23.1812858896542,-36.3681995341621));
#7584=CARTESIAN_POINT('Ctrl Pts',(27.9785356975541,23.6495016729407,-37.1026848689349));
#7585=CARTESIAN_POINT('Ctrl Pts',(28.9010402003993,25.9341980170681,-38.0857173655428));
#7586=CARTESIAN_POINT('Ctrl Pts',(29.9069799907593,28.4689155759442,-38.286753535213));
#7587=CARTESIAN_POINT('Ctrl Pts',(30.4866521114418,29.9783214291471,-38.1829560759876));
#7588=CARTESIAN_POINT('Ctrl Pts',(27.8000000000002,23.3179918324861,-36.));
#7589=CARTESIAN_POINT('Ctrl Pts',(27.8000000000002,23.3179918324861,-36.3193583174037));
#7590=CARTESIAN_POINT('Ctrl Pts',(27.9557368224679,23.7889558993999,-36.9568619066485));
#7591=CARTESIAN_POINT('Ctrl Pts',(28.7098292696728,26.0902703996584,-37.8270528222211));
#7592=CARTESIAN_POINT('Ctrl Pts',(29.5304474741174,28.6505851180724,-38.0466156511191));
#7593=CARTESIAN_POINT('Ctrl Pts',(30.0057913412409,30.1873830100393,-38.));
#7594=CARTESIAN_POINT('Ctrl Pts',(27.8000000000002,23.3765793739597,-36.));
#7595=CARTESIAN_POINT('Ctrl Pts',(27.8000000000002,23.3765793739597,-36.2991993003419));
#7596=CARTESIAN_POINT('Ctrl Pts',(27.9368574145674,23.8487562428202,-36.8965305176616));
#7597=CARTESIAN_POINT('Ctrl Pts',(28.6059350570354,26.1571659643117,-37.7377372039713));
#7598=CARTESIAN_POINT('Ctrl Pts',(29.3512010494874,28.7284359528397,-38.));
#7599=CARTESIAN_POINT('Ctrl Pts',(29.8000000000002,30.2768539459107,-38.));
#7600=CARTESIAN_POINT('',(27.8000000000002,23.3765793739597,-36.));
#7601=CARTESIAN_POINT('',(27.8000000000002,23.1685997229762,-36.7004772946776));
#7602=CARTESIAN_POINT('Ctrl Pts',(27.8000000000002,23.1685997229762,-36.7004772946776));
#7603=CARTESIAN_POINT('Ctrl Pts',(27.8000000000002,23.1685997229762,-36.6782602335567));
#7604=CARTESIAN_POINT('Ctrl Pts',(27.8000000000002,23.1690939993612,-36.6560430114706));
#7605=CARTESIAN_POINT('Ctrl Pts',(27.8000000000002,23.1755041121919,-36.5149992818227));
#7606=CARTESIAN_POINT('Ctrl Pts',(27.8000000000002,23.1956433700273,-36.3971077681687));
#7607=CARTESIAN_POINT('Ctrl Pts',(27.8000000000002,23.2668415725121,-36.1839761246781));
#7608=CARTESIAN_POINT('Ctrl Pts',(27.8000000000002,23.3136429228107,-36.089582779205));
#7609=CARTESIAN_POINT('Ctrl Pts',(27.8000000000002,23.3753144234869,-36.0017918442514));
#7610=CARTESIAN_POINT('Ctrl Pts',(27.8000000000002,23.3759462060324,-36.0008954346701));
#7611=CARTESIAN_POINT('Ctrl Pts',(27.8000000000002,23.3765793739597,-36.));
#7612=CARTESIAN_POINT('Origin',(30.7170758577114,29.8781411781149,-36.));
#7613=CARTESIAN_POINT('Origin',(29.8000000000002,30.2768539459107,-36.));
#7614=CARTESIAN_POINT('Origin',(29.8000000000002,11.6685997229768,-50.));
#7615=CARTESIAN_POINT('',(27.8000000000002,38.1685997229768,-50.));
#7616=CARTESIAN_POINT('',(27.8000000000002,11.6685997229768,-50.));
#7617=CARTESIAN_POINT('Origin',(29.8000000000002,38.1685997229768,-50.));
#7618=CARTESIAN_POINT('Origin',(27.8000000000005,23.1685997229768,-43.));
#7619=CARTESIAN_POINT('',(27.8000000000002,23.1685997229762,5.69999999999995));
#7620=CARTESIAN_POINT('Origin',(31.8000000000005,34.8770369938787,21.));
#7621=CARTESIAN_POINT('',(32.7170758577116,34.4783242260829,21.));
#7622=CARTESIAN_POINT('Origin',(31.8000000000005,34.8770369938787,21.));
#7623=CARTESIAN_POINT('Origin',(31.8000000000005,34.8770369938787,21.));
#7624=CARTESIAN_POINT('Origin',(31.8000000000005,34.8770369938787,13.));
#7625=CARTESIAN_POINT('',(32.7170758577116,34.4783242260829,13.));
#7626=CARTESIAN_POINT('Origin',(31.8000000000005,34.8770369938787,13.));
#7627=CARTESIAN_POINT('Origin',(31.8000000000005,34.8770369938787,13.));
#7628=CARTESIAN_POINT('Origin',(31.8000000000005,34.8770369938787,17.));
#7629=CARTESIAN_POINT('',(32.7170758577116,34.4783242260829,17.));
#7630=CARTESIAN_POINT('Origin',(28.9098882488271,28.2295154516391,13.));
#7631=CARTESIAN_POINT('',(30.7170758577114,29.8781411781149,13.));
#7632=CARTESIAN_POINT('Origin',(29.8000000000002,30.2768539459107,13.));
#7633=CARTESIAN_POINT('',(29.8269641065382,27.8308026838433,13.));
#7634=CARTESIAN_POINT('Ctrl Pts',(30.7170758577114,29.8781411781149,13.));
#7635=CARTESIAN_POINT('Ctrl Pts',(30.0438774319421,28.329723185044,13.));
#7636=CARTESIAN_POINT('Ctrl Pts',(28.9259380595422,25.7583603102594,12.6067051551196));
#7637=CARTESIAN_POINT('Ctrl Pts',(27.9223326050688,23.4499759110012,11.3448399255494));
#7638=CARTESIAN_POINT('Ctrl Pts',(27.7170758577114,22.9778666061639,10.4487989505128));
#7639=CARTESIAN_POINT('Ctrl Pts',(27.7170758577114,22.9778666061639,9.99999999999996));
#7640=CARTESIAN_POINT('Ctrl Pts',(30.7170758577114,29.8781411781149,12.7008006996581));
#7641=CARTESIAN_POINT('Ctrl Pts',(30.0531157481802,28.3550233754608,12.7408486348473));
#7642=CARTESIAN_POINT('Ctrl Pts',(28.9474503017116,25.809024339946,12.4174693035376));
#7643=CARTESIAN_POINT('Ctrl Pts',(27.9513066317272,23.518810793731,11.2572060238408));
#7644=CARTESIAN_POINT('Ctrl Pts',(27.7482219921371,23.0495055659615,10.4194884555339));
#7645=CARTESIAN_POINT('Ctrl Pts',(27.7482219921371,23.0495055659615,9.99999999999996));
#7646=CARTESIAN_POINT('Ctrl Pts',(30.4866788222214,29.9783098162268,12.1829211288582));
#7647=CARTESIAN_POINT('Ctrl Pts',(29.9070067015389,28.4689039630239,12.2867185880836));
#7648=CARTESIAN_POINT('Ctrl Pts',(28.9009801294596,25.9340970677873,12.0858364079335));
#7649=CARTESIAN_POINT('Ctrl Pts',(27.9784988145074,23.6494292403356,11.1027327573103));
#7650=CARTESIAN_POINT('Ctrl Pts',(27.7879617984329,23.1812858475152,10.3681995341621));
#7651=CARTESIAN_POINT('Ctrl Pts',(27.7879617984329,23.1812858475152,9.99999999999996));
#7652=CARTESIAN_POINT('Ctrl Pts',(30.0057913412409,30.1873830100393,12.));
#7653=CARTESIAN_POINT('Ctrl Pts',(29.5304474741174,28.6505851180724,12.046615651119));
#7654=CARTESIAN_POINT('Ctrl Pts',(28.7097795485177,26.0901787045542,11.8271148110073));
#7655=CARTESIAN_POINT('Ctrl Pts',(27.9557052549192,23.7888893542999,10.9568870652478));
#7656=CARTESIAN_POINT('Ctrl Pts',(27.8000000000002,23.3179918324861,10.3193583174036));
#7657=CARTESIAN_POINT('Ctrl Pts',(27.8000000000002,23.3179918324861,9.99999999999996));
#7658=CARTESIAN_POINT('Ctrl Pts',(29.8000000000002,30.2768539459107,12.));
#7659=CARTESIAN_POINT('Ctrl Pts',(29.3512010494874,28.7284359528397,12.));
#7660=CARTESIAN_POINT('Ctrl Pts',(28.6059081345541,26.1570730780551,11.7378034367464));
#7661=CARTESIAN_POINT('Ctrl Pts',(27.9368378315718,23.848688678797,10.8965599503663));
#7662=CARTESIAN_POINT('Ctrl Pts',(27.8000000000002,23.3765793739597,10.2991993003418));
#7663=CARTESIAN_POINT('Ctrl Pts',(27.8000000000002,23.3765793739597,9.99999999999996));
#7664=CARTESIAN_POINT('',(27.8000000000002,23.1685997229762,10.7004772946775));
#7665=CARTESIAN_POINT('',(27.8000000000002,23.3765793739597,9.99999999999996));
#7666=CARTESIAN_POINT('Ctrl Pts',(27.8000000000002,23.3765793739597,9.99999999999996));
#7667=CARTESIAN_POINT('Ctrl Pts',(27.8000000000002,23.3759462060327,10.0008954346696));
#7668=CARTESIAN_POINT('Ctrl Pts',(27.8000000000002,23.3753144234867,10.0017918442516));
#7669=CARTESIAN_POINT('Ctrl Pts',(27.8000000000002,23.3086889797449,10.0966348419679));
#7670=CARTESIAN_POINT('Ctrl Pts',(27.8000000000002,23.2594008858393,10.1992823583486));
#7671=CARTESIAN_POINT('Ctrl Pts',(27.8000000000002,23.1862569027635,10.435168114288));
#7672=CARTESIAN_POINT('Ctrl Pts',(27.8000000000002,23.1685997229762,10.5676882188163));
#7673=CARTESIAN_POINT('Ctrl Pts',(27.8000000000002,23.1685997229762,10.7004772946775));
#7674=CARTESIAN_POINT('Origin',(29.8000000000002,30.2768539459107,9.99999999999996));
#7675=CARTESIAN_POINT('Origin',(30.7170758577114,29.8781411781149,9.99999999999996));
#7676=CARTESIAN_POINT('Origin',(28.9098882488271,28.2295154516391,21.));
#7677=CARTESIAN_POINT('',(30.7170758577114,29.8781411781149,21.));
#7678=CARTESIAN_POINT('Origin',(29.8000000000002,30.2768539459107,21.));
#7679=CARTESIAN_POINT('',(29.8269641065382,27.8308026838433,21.));
#7680=CARTESIAN_POINT('Ctrl Pts',(27.7170758577114,22.9778666061639,24.));
#7681=CARTESIAN_POINT('Ctrl Pts',(27.7170758577114,22.9778666061639,23.5512010494871));
#7682=CARTESIAN_POINT('Ctrl Pts',(27.9223438508558,23.4500017773407,22.6551767620674));
#7683=CARTESIAN_POINT('Ctrl Pts',(28.9259534771409,25.7583957721474,21.3933330045214));
#7684=CARTESIAN_POINT('Ctrl Pts',(30.0438774319421,28.329723185044,21.));
#7685=CARTESIAN_POINT('Ctrl Pts',(30.7170758577114,29.8781411781149,21.));
#7686=CARTESIAN_POINT('Ctrl Pts',(27.7482219921371,23.0495055659615,24.));
#7687=CARTESIAN_POINT('Ctrl Pts',(27.7482219921371,23.0495055659615,23.580511544466));
#7688=CARTESIAN_POINT('Ctrl Pts',(27.9512991156295,23.5188464495174,22.7428022255075));
#7689=CARTESIAN_POINT('Ctrl Pts',(28.9474321860252,25.8090788822466,21.5825519992142));
#7690=CARTESIAN_POINT('Ctrl Pts',(30.0531157481802,28.3550233754608,21.2591513651526));
#7691=CARTESIAN_POINT('Ctrl Pts',(30.7170758577114,29.8781411781149,21.2991993003418));
#7692=CARTESIAN_POINT('Ctrl Pts',(27.7879617088313,23.1812858640665,24.));
#7693=CARTESIAN_POINT('Ctrl Pts',(27.7879617088313,23.1812858640665,23.6318004658379));
#7694=CARTESIAN_POINT('Ctrl Pts',(27.9785129217747,23.6494569387023,22.897285361418));
#7695=CARTESIAN_POINT('Ctrl Pts',(28.9010031703458,25.9341355651145,21.9142095276946));
#7696=CARTESIAN_POINT('Ctrl Pts',(29.9069962101281,28.4689085243253,21.7132676854472));
#7697=CARTESIAN_POINT('Ctrl Pts',(30.4866683308106,29.9783143775282,21.8170651446727));
#7698=CARTESIAN_POINT('Ctrl Pts',(27.8000000000002,23.3179918324861,24.));
#7699=CARTESIAN_POINT('Ctrl Pts',(27.8000000000002,23.3179918324861,23.6806416825963));
#7700=CARTESIAN_POINT('Ctrl Pts',(27.9557173052158,23.7889148293895,23.0431224144672));
#7701=CARTESIAN_POINT('Ctrl Pts',(28.7097985686181,26.0902137129365,22.1729090182198));
#7702=CARTESIAN_POINT('Ctrl Pts',(29.5304474741174,28.6505851180724,21.9533843488809));
#7703=CARTESIAN_POINT('Ctrl Pts',(30.0057913412409,30.1873830100393,22.));
#7704=CARTESIAN_POINT('Ctrl Pts',(27.8000000000002,23.3765793739597,24.));
#7705=CARTESIAN_POINT('Ctrl Pts',(27.8000000000002,23.3765793739597,23.7008006996581));
#7706=CARTESIAN_POINT('Ctrl Pts',(27.9368453287632,23.8487145451365,23.1034511747116));
#7707=CARTESIAN_POINT('Ctrl Pts',(28.6059184129532,26.1571085399432,22.2622220030142));
#7708=CARTESIAN_POINT('Ctrl Pts',(29.3512010494874,28.7284359528397,22.));
#7709=CARTESIAN_POINT('Ctrl Pts',(29.8000000000002,30.2768539459107,22.));
#7710=CARTESIAN_POINT('',(27.8000000000002,23.3765793739597,24.));
#7711=CARTESIAN_POINT('',(27.8000000000002,23.1685997229762,23.2995227053224));
#7712=CARTESIAN_POINT('Ctrl Pts',(27.8000000000002,23.1685997229762,23.2995227053224));
#7713=CARTESIAN_POINT('Ctrl Pts',(27.8000000000002,23.1685997229762,23.3217397664433));
#7714=CARTESIAN_POINT('Ctrl Pts',(27.8000000000002,23.1690939993612,23.3439569885294));
#7715=CARTESIAN_POINT('Ctrl Pts',(27.8000000000002,23.1755041121919,23.4850007181773));
#7716=CARTESIAN_POINT('Ctrl Pts',(27.8000000000002,23.1956433700273,23.6028922318313));
#7717=CARTESIAN_POINT('Ctrl Pts',(27.8000000000002,23.2668415725121,23.8160238753219));
#7718=CARTESIAN_POINT('Ctrl Pts',(27.8000000000002,23.3136429228107,23.910417220795));
#7719=CARTESIAN_POINT('Ctrl Pts',(27.8000000000002,23.3753144234869,23.9982081557486));
#7720=CARTESIAN_POINT('Ctrl Pts',(27.8000000000002,23.3759462060324,23.9991045653299));
#7721=CARTESIAN_POINT('Ctrl Pts',(27.8000000000002,23.3765793739597,24.));
#7722=CARTESIAN_POINT('Origin',(30.7170758577114,29.8781411781149,24.));
#7723=CARTESIAN_POINT('Origin',(29.8000000000002,30.2768539459107,24.));
#7724=CARTESIAN_POINT('Origin',(29.8000000000002,11.6685997229768,9.99999999999996));
#7725=CARTESIAN_POINT('',(27.8000000000002,38.1685997229768,9.99999999999996));
#7726=CARTESIAN_POINT('',(27.8000000000002,11.6685997229768,9.99999999999996));
#7727=CARTESIAN_POINT('Origin',(29.8000000000002,38.1685997229768,9.99999999999996));
#7728=CARTESIAN_POINT('Origin',(27.8000000000005,23.1685997229768,17.));
#7729=CARTESIAN_POINT('',(27.8000000000002,23.1685997229762,35.7));
#7730=CARTESIAN_POINT('Origin',(29.8000000000002,11.6685997229768,24.));
#7731=CARTESIAN_POINT('',(27.8000000000002,38.1685997229768,24.));
#7732=CARTESIAN_POINT('Origin',(29.8000000000002,38.1685997229768,24.));
#7733=CARTESIAN_POINT('',(27.8000000000002,11.6685997229768,24.));
#7734=CARTESIAN_POINT('Origin',(29.8000000000002,11.6685997229768,-36.));
#7735=CARTESIAN_POINT('',(27.8000000000002,38.1685997229768,-36.));
#7736=CARTESIAN_POINT('Origin',(29.8000000000002,38.1685997229768,-36.));
#7737=CARTESIAN_POINT('',(27.8000000000002,11.6685997229768,-36.));
#7738=CARTESIAN_POINT('Origin',(-66.1999999999998,11.6685997229768,24.));
#7739=CARTESIAN_POINT('',(-64.1999999999998,38.1685997229768,24.));
#7740=CARTESIAN_POINT('',(-64.1999999999998,11.6685997229768,24.));
#7741=CARTESIAN_POINT('Origin',(-66.1999999999998,38.1685997229768,24.));
#7742=CARTESIAN_POINT('Origin',(-66.1999999999998,11.6685997229768,-36.));
#7743=CARTESIAN_POINT('',(-64.1999999999998,38.1685997229768,-36.));
#7744=CARTESIAN_POINT('',(-64.1999999999998,11.6685997229768,-36.));
#7745=CARTESIAN_POINT('Origin',(-66.1999999999998,38.1685997229768,-36.));
#7746=CARTESIAN_POINT('Origin',(28.0000000000005,43.1685997229768,-43.));
#7747=CARTESIAN_POINT('',(28.0000000000005,38.1685997229768,-28.));
#7748=CARTESIAN_POINT('',(28.0000000000005,43.1685997229768,-43.));
#7749=CARTESIAN_POINT('Origin',(32.8000000000005,43.1685997229768,-43.));
#7750=CARTESIAN_POINT('Origin',(28.0000000000005,43.1685997229768,17.));
#7751=CARTESIAN_POINT('',(28.0000000000005,38.1685997229768,1.99999999999996));
#7752=CARTESIAN_POINT('',(28.0000000000005,43.1685997229768,17.));
#7753=CARTESIAN_POINT('Origin',(32.8000000000005,43.1685997229768,17.));
#7754=CARTESIAN_POINT('Origin',(-64.1999999999998,23.1685997229768,17.));
#7755=CARTESIAN_POINT('',(-64.1999999999998,23.1685997229768,-31.7));
#7756=CARTESIAN_POINT('Origin',(-64.3999999999998,43.1685997229768,17.));
#7757=CARTESIAN_POINT('',(-64.3999999999998,38.1685997229768,1.99999999999996));
#7758=CARTESIAN_POINT('Origin',(-64.1999999999998,23.1685997229768,-43.));
#7759=CARTESIAN_POINT('',(-64.1999999999998,23.1685997229768,-61.7));
#7760=CARTESIAN_POINT('Origin',(-64.3999999999998,43.1685997229768,-43.));
#7761=CARTESIAN_POINT('',(-64.3999999999998,38.1685997229768,-28.));
#7762=CARTESIAN_POINT('Origin',(27.8000000000002,-9.83140027702319,54.3999999999999));
#7763=CARTESIAN_POINT('',(27.8000000000002,38.1685997229768,46.3999999999999));
#7764=CARTESIAN_POINT('',(27.8000000000002,38.1685997229768,54.3999999999999));
#7765=CARTESIAN_POINT('',(27.8000000000002,-9.83140027702319,46.3999999999999));
#7766=CARTESIAN_POINT('',(27.8000000000002,-9.83140027702319,46.3999999999999));
#7767=CARTESIAN_POINT('',(27.8000000000002,-9.83140027702319,-72.4));
#7768=CARTESIAN_POINT('',(27.8000000000002,-9.83140027702319,54.3999999999999));
#7769=CARTESIAN_POINT('',(27.8000000000002,38.1685997229768,-72.4));
#7770=CARTESIAN_POINT('',(27.8000000000002,-9.83140027702319,-72.4));
#7771=CARTESIAN_POINT('',(27.8000000000002,38.1685997229768,54.3999999999999));
#7772=CARTESIAN_POINT('',(27.8000000000002,38.1685997229768,54.3999999999999));
#7773=CARTESIAN_POINT('Origin',(-13.1999999999998,3.41859972297681,-81.4));
#7774=CARTESIAN_POINT('',(-12.1999999999998,38.1685997229768,-81.4));
#7775=CARTESIAN_POINT('',(-13.1999999999998,38.1685997229768,-80.4));
#7776=CARTESIAN_POINT('Origin',(-13.1999999999998,38.1685997229768,-81.4));
#7777=CARTESIAN_POINT('',(-12.1999999999998,42.1685997229768,-81.4));
#7778=CARTESIAN_POINT('',(-12.1999999999998,3.41859972297681,-81.4));
#7779=CARTESIAN_POINT('',(-13.1999999999998,42.1685997229768,-80.4));
#7780=CARTESIAN_POINT('Origin',(-13.1999999999998,42.1685997229768,-81.4));
#7781=CARTESIAN_POINT('',(-13.1999999999998,3.41859972297681,-80.4));
#7782=CARTESIAN_POINT('Origin',(-18.1999999999998,42.1685997229768,-81.4));
#7783=CARTESIAN_POINT('',(-34.1999999999998,42.1685997229768,-80.4));
#7784=CARTESIAN_POINT('',(-34.1999999999998,43.1685997229768,-81.4));
#7785=CARTESIAN_POINT('Origin',(-34.1999999999998,42.1685997229768,-81.4));
#7786=CARTESIAN_POINT('',(-18.1999999999998,42.1685997229768,-80.4));
#7787=CARTESIAN_POINT('',(-13.1999999999998,43.1685997229768,-81.4));
#7788=CARTESIAN_POINT('Origin',(-13.1999999999998,42.1685997229768,-81.4));
#7789=CARTESIAN_POINT('',(-18.1999999999998,43.1685997229768,-81.4));
#7790=CARTESIAN_POINT('Origin',(-13.1999999999998,42.1685997229768,-81.4));
#7791=CARTESIAN_POINT('Origin',(-13.1999999999998,42.1685997229768,-81.4));
#7792=CARTESIAN_POINT('Origin',(-34.1999999999998,3.41859972297681,-81.4));
#7793=CARTESIAN_POINT('',(-35.1999999999998,38.1685997229768,-81.4));
#7794=CARTESIAN_POINT('',(-34.1999999999998,38.1685997229768,-80.4));
#7795=CARTESIAN_POINT('Origin',(-34.1999999999998,38.1685997229768,-81.4));
#7796=CARTESIAN_POINT('',(-34.1999999999998,3.41859972297681,-80.4));
#7797=CARTESIAN_POINT('',(-35.1999999999998,42.1685997229768,-81.4));
#7798=CARTESIAN_POINT('Origin',(-34.1999999999998,42.1685997229768,-81.4));
#7799=CARTESIAN_POINT('',(-35.1999999999998,3.41859972297681,-81.4));
#7800=CARTESIAN_POINT('Origin',(-34.1999999999998,42.1685997229768,-81.4));
#7801=CARTESIAN_POINT('Origin',(-34.1999999999998,42.1685997229768,-81.4));
#7802=CARTESIAN_POINT('Origin',(-13.1999999999998,42.1685997229768,-87.9));
#7803=CARTESIAN_POINT('',(-12.1999999999998,42.1685997229768,-108.684876228031));
#7804=CARTESIAN_POINT('',(-12.1999999999998,42.1685997229768,-87.9));
#7805=CARTESIAN_POINT('',(-13.1999999999998,43.1685997229768,-108.684876228031));
#7806=CARTESIAN_POINT('Origin',(-13.1999999999998,42.1685997229768,-108.684876228031));
#7807=CARTESIAN_POINT('',(-13.1999999999998,43.1685997229768,-87.9));
#7808=CARTESIAN_POINT('Origin',(-18.1999999999998,43.1685997229768,-80.4));
#7809=CARTESIAN_POINT('',(-34.1999999999998,43.1685997229768,-108.684876228031));
#7810=CARTESIAN_POINT('',(-18.1999999999998,43.1685997229768,-108.684876228031));
#7811=CARTESIAN_POINT('',(-34.1999999999998,43.1685997229768,-87.9));
#7812=CARTESIAN_POINT('Origin',(-34.1999999999998,42.1685997229768,-87.9));
#7813=CARTESIAN_POINT('',(-35.1999999999998,42.1685997229768,-108.684876228031));
#7814=CARTESIAN_POINT('Origin',(-34.1999999999998,42.1685997229768,-108.684876228031));
#7815=CARTESIAN_POINT('',(-35.1999999999998,42.1685997229768,-87.9));
#7816=CARTESIAN_POINT('Origin',(-35.1999999999998,16.6685997229768,-95.4));
#7817=CARTESIAN_POINT('',(-35.1999999999998,-7.80134827987849,-80.4));
#7818=CARTESIAN_POINT('',(-35.1999999999998,30.4111979428286,-102.029743144929));
#7819=CARTESIAN_POINT('',(-35.1999999999998,38.1685997229768,-80.4));
#7820=CARTESIAN_POINT('',(-35.1999999999998,3.41859972297681,-80.4));
#7821=CARTESIAN_POINT('',(-35.1999999999998,38.1685997229768,-54.2));
#7822=CARTESIAN_POINT('Origin',(-34.1999999999998,30.4111979428286,-102.029743144929));
#7823=CARTESIAN_POINT('',(-34.1999999999998,-9.83140027702319,-80.4));
#7824=CARTESIAN_POINT('Origin',(-34.1999999999998,-7.80134827987851,-80.4));
#7825=CARTESIAN_POINT('',(-34.1999999999998,41.676001503125,-109.555133083103));
#7826=CARTESIAN_POINT('Origin',(-34.1999999999998,42.1685997229768,-108.684876228031));
#7827=CARTESIAN_POINT('',(-34.1999999999998,29.9185997229768,-102.9));
#7828=CARTESIAN_POINT('Origin',(-34.1999999999998,42.1685997229768,-108.684876228031));
#7829=CARTESIAN_POINT('Origin',(-34.1999999999998,42.1685997229768,-108.684876228031));
#7830=CARTESIAN_POINT('Origin',(-18.1999999999998,-9.83140027702319,-80.4));
#7831=CARTESIAN_POINT('',(27.8000000000002,38.1685997229768,-80.4));
#7832=CARTESIAN_POINT('Origin',(-18.1999999999998,42.1685997229768,-108.684876228031));
#7833=CARTESIAN_POINT('',(-13.1999999999998,41.676001503125,-109.555133083103));
#7834=CARTESIAN_POINT('Origin',(-13.1999999999998,42.1685997229768,-108.684876228031));
#7835=CARTESIAN_POINT('',(-18.1999999999998,41.676001503125,-109.555133083103));
#7836=CARTESIAN_POINT('Origin',(-18.1999999999998,43.1685997229768,-110.4));
#7837=CARTESIAN_POINT('',(-13.1999999999998,-9.83140027702319,-80.4));
#7838=CARTESIAN_POINT('',(-13.1999999999998,29.9185997229768,-102.9));
#7839=CARTESIAN_POINT('',(-17.1999999999998,-9.83140027702319,-80.4));
#7840=CARTESIAN_POINT('',(27.8000000000002,-9.83140027702319,-80.4));
#7841=CARTESIAN_POINT('',(-15.1999999999998,-6.29806694368986,-82.4));
#7842=CARTESIAN_POINT('Origin',(-17.1999999999998,-6.29806694368985,-82.4));
#7843=CARTESIAN_POINT('',(-15.1999999999998,39.1685997229768,-108.135849056604));
#7844=CARTESIAN_POINT('',(-15.1999999999998,17.8046202136751,-96.043030466433));
#7845=CARTESIAN_POINT('',(-16.1999999999998,40.1685997229768,-108.701886792453));
#7846=CARTESIAN_POINT('Origin',(-16.1999999999998,39.1685997229768,-108.135849056604));
#7847=CARTESIAN_POINT('',(-31.1999999999998,40.1685997229768,-108.701886792453));
#7848=CARTESIAN_POINT('',(-18.1999999999998,40.1685997229768,-108.701886792453));
#7849=CARTESIAN_POINT('',(-32.1999999999998,39.1685997229768,-108.135849056604));
#7850=CARTESIAN_POINT('Origin',(-31.1999999999998,39.1685997229768,-108.135849056604));
#7851=CARTESIAN_POINT('',(-32.1999999999998,-6.29806694368985,-82.4));
#7852=CARTESIAN_POINT('',(-32.1999999999998,18.1685997229768,-96.2490566037736));
#7853=CARTESIAN_POINT('',(-30.1999999999998,-9.83140027702319,-80.4));
#7854=CARTESIAN_POINT('Origin',(-30.1999999999998,-6.29806694368985,-82.4));
#7855=CARTESIAN_POINT('',(27.8000000000002,-9.83140027702319,-80.4));
#7856=CARTESIAN_POINT('Origin',(-13.1999999999998,30.4111979428286,-102.029743144929));
#7857=CARTESIAN_POINT('',(-12.1999999999998,-7.80134827987849,-80.4));
#7858=CARTESIAN_POINT('Origin',(-13.1999999999998,-7.80134827987851,-80.4));
#7859=CARTESIAN_POINT('Origin',(-13.1999999999998,42.1685997229768,-108.684876228031));
#7860=CARTESIAN_POINT('',(-12.1999999999998,30.4111979428286,-102.029743144929));
#7861=CARTESIAN_POINT('Origin',(-13.1999999999998,42.1685997229768,-108.684876228031));
#7862=CARTESIAN_POINT('Origin',(-17.1999999999998,3.41859972297681,-82.4));
#7863=CARTESIAN_POINT('',(-17.1999999999998,35.1685997229768,-80.4));
#7864=CARTESIAN_POINT('',(-17.1999999999998,3.41859972297681,-80.4));
#7865=CARTESIAN_POINT('',(-15.1999999999998,33.1685997229768,-82.4));
#7866=CARTESIAN_POINT('Origin',(-17.1999999999998,33.1685997229768,-82.4));
#7867=CARTESIAN_POINT('',(-15.1999999999998,3.41859972297681,-82.4));
#7868=CARTESIAN_POINT('Origin',(-30.1999999999998,3.41859972297681,-82.4));
#7869=CARTESIAN_POINT('',(-32.1999999999998,33.1685997229768,-82.4));
#7870=CARTESIAN_POINT('',(-32.1999999999998,3.41859972297681,-82.4));
#7871=CARTESIAN_POINT('',(-30.1999999999998,35.1685997229768,-80.4));
#7872=CARTESIAN_POINT('Origin',(-30.1999999999998,33.1685997229768,-82.4));
#7873=CARTESIAN_POINT('',(-30.1999999999998,3.41859972297681,-80.4));
#7874=CARTESIAN_POINT('Origin',(-17.1999999999998,36.1685997229768,-82.4));
#7875=CARTESIAN_POINT('',(-15.1999999999998,36.1685997229768,-85.4));
#7876=CARTESIAN_POINT('Origin',(-15.1999999999998,36.1685997229768,-82.4));
#7877=CARTESIAN_POINT('',(-17.1999999999998,35.1685997229768,-82.4));
#7878=CARTESIAN_POINT('Origin',(-17.1999999999998,33.1685997229768,-82.4));
#7879=CARTESIAN_POINT('',(-17.1999999999998,36.1685997229768,-83.4));
#7880=CARTESIAN_POINT('Origin',(-17.1999999999998,36.1685997229768,-82.4));
#7881=CARTESIAN_POINT('Origin',(-17.1999999999998,36.1685997229768,-85.4));
#7882=CARTESIAN_POINT('Origin',(-17.1999999999998,3.41859972297681,-85.4));
#7883=CARTESIAN_POINT('',(-17.1999999999998,40.1685997229768,-83.4));
#7884=CARTESIAN_POINT('',(-17.1999999999998,3.41859972297681,-83.4));
#7885=CARTESIAN_POINT('',(-16.1999999999998,40.1685997229768,-83.6679491924312));
#7886=CARTESIAN_POINT('Origin',(-17.1999999999998,40.1685997229768,-85.4));
#7887=CARTESIAN_POINT('',(-15.1999999999998,39.1685997229768,-85.4));
#7888=CARTESIAN_POINT('Ctrl Pts',(-15.1999999999998,39.1685997229768,-85.4));
#7889=CARTESIAN_POINT('Ctrl Pts',(-15.1999999999998,39.4062597873649,-85.0638979137079));
#7890=CARTESIAN_POINT('Ctrl Pts',(-15.3026934501076,39.6855067354577,-84.6695899628735));
#7891=CARTESIAN_POINT('Ctrl Pts',(-15.5701518593732,39.9529651447233,-84.2314178452762));
#7892=CARTESIAN_POINT('Ctrl Pts',(-15.6717206076306,40.0279757481767,-84.098675098835));
#7893=CARTESIAN_POINT('Ctrl Pts',(-15.9141133415536,40.1360060169654,-83.8587082477207));
#7894=CARTESIAN_POINT('Ctrl Pts',(-16.0551946702013,40.1685997229768,-83.7515525885704));
#7895=CARTESIAN_POINT('Ctrl Pts',(-16.1999999999998,40.1685997229768,-83.6679491924311));
#7896=CARTESIAN_POINT('',(-15.1999999999998,3.41859972297681,-85.4));
#7897=CARTESIAN_POINT('Origin',(-30.1999999999998,36.1685997229768,-82.4));
#7898=CARTESIAN_POINT('',(-30.1999999999998,35.1685997229768,-82.4));
#7899=CARTESIAN_POINT('Origin',(-30.1999999999998,33.1685997229768,-82.4));
#7900=CARTESIAN_POINT('',(-32.1999999999998,36.1685997229768,-85.4));
#7901=CARTESIAN_POINT('Origin',(-32.1999999999998,36.1685997229768,-82.4));
#7902=CARTESIAN_POINT('',(-30.1999999999998,36.1685997229768,-83.4));
#7903=CARTESIAN_POINT('Origin',(-30.1999999999998,36.1685997229768,-85.4));
#7904=CARTESIAN_POINT('Origin',(-30.1999999999998,36.1685997229768,-82.4));
#7905=CARTESIAN_POINT('Origin',(-18.1999999999998,36.1685997229768,-82.4));
#7906=CARTESIAN_POINT('',(-18.1999999999998,35.1685997229768,-82.4));
#7907=CARTESIAN_POINT('',(-18.1999999999998,36.1685997229768,-83.4));
#7908=CARTESIAN_POINT('Origin',(-31.1999999999998,39.1685997229768,-87.9));
#7909=CARTESIAN_POINT('',(-31.1999999999998,40.1685997229768,-83.6679491924312));
#7910=CARTESIAN_POINT('',(-31.1999999999998,40.1685997229768,-87.9));
#7911=CARTESIAN_POINT('',(-32.1999999999998,39.1685997229768,-85.4));
#7912=CARTESIAN_POINT('Ctrl Pts',(-32.1999999999998,39.1685997229768,-85.4));
#7913=CARTESIAN_POINT('Ctrl Pts',(-32.1999999999998,39.4062597873649,-85.0638979137079));
#7914=CARTESIAN_POINT('Ctrl Pts',(-32.097306549892,39.6855067354576,-84.6695899628735));
#7915=CARTESIAN_POINT('Ctrl Pts',(-31.8298481406264,39.9529651447233,-84.2314178452762));
#7916=CARTESIAN_POINT('Ctrl Pts',(-31.728279392369,40.0279757481767,-84.098675098835));
#7917=CARTESIAN_POINT('Ctrl Pts',(-31.485886658446,40.1360060169654,-83.8587082477207));
#7918=CARTESIAN_POINT('Ctrl Pts',(-31.3448053297983,40.1685997229768,-83.7515525885704));
#7919=CARTESIAN_POINT('Ctrl Pts',(-31.1999999999998,40.1685997229768,-83.6679491924311));
#7920=CARTESIAN_POINT('',(-32.1999999999998,39.1685997229768,-87.9));
#7921=CARTESIAN_POINT('Origin',(-30.1999999999998,3.41859972297681,-85.4));
#7922=CARTESIAN_POINT('',(-32.1999999999998,3.41859972297681,-85.4));
#7923=CARTESIAN_POINT('',(-30.1999999999998,40.1685997229768,-83.4));
#7924=CARTESIAN_POINT('Origin',(-30.1999999999998,40.1685997229768,-85.4));
#7925=CARTESIAN_POINT('',(-30.1999999999998,3.41859972297681,-83.4));
#7926=CARTESIAN_POINT('Origin',(-30.1999999999998,33.1685997229768,-54.2));
#7927=CARTESIAN_POINT('',(-30.1999999999998,35.1685997229768,-54.2));
#7928=CARTESIAN_POINT('Origin',(-17.1999999999998,33.1685997229768,-54.2));
#7929=CARTESIAN_POINT('',(-17.1999999999998,35.1685997229768,-54.2));
#7930=CARTESIAN_POINT('Origin',(-16.1999999999998,39.1685997229768,-87.9));
#7931=CARTESIAN_POINT('',(-15.1999999999998,39.1685997229768,-87.9));
#7932=CARTESIAN_POINT('',(-16.1999999999998,40.1685997229768,-87.9));
#7933=CARTESIAN_POINT('Origin',(-32.1999999999998,16.6685997229768,-95.4));
#7934=CARTESIAN_POINT('Origin',(-18.1999999999998,-9.83140027702319,-83.4));
#7935=CARTESIAN_POINT('',(-18.1999999999998,40.1685997229768,-83.4));
#7936=CARTESIAN_POINT('Origin',(-18.1999999999998,40.1685997229768,-80.4));
#7937=CARTESIAN_POINT('Origin',(-18.1999999999998,35.1685997229768,-13.));
#7938=CARTESIAN_POINT('',(4.8000000000002,35.1685997229768,-80.4));
#7939=CARTESIAN_POINT('Origin',(-15.1999999999998,16.6685997229768,-95.4));
#7940=CARTESIAN_POINT('Origin',(-12.1999999999998,16.6685997229768,-95.4));
#7941=CARTESIAN_POINT('',(-12.1999999999998,38.1685997229768,-80.4));
#7942=CARTESIAN_POINT('',(-12.1999999999998,38.1685997229768,-54.2));
#7943=CARTESIAN_POINT('',(-12.1999999999998,3.41859972297681,-80.4));
#7944=CARTESIAN_POINT('Origin',(27.8000000000002,-9.83140027702319,-80.4));
#7945=CARTESIAN_POINT('',(19.8000000000002,38.1685997229768,-80.4));
#7946=CARTESIAN_POINT('',(27.8000000000002,38.1685997229768,-80.4));
#7947=CARTESIAN_POINT('',(19.8000000000002,-9.83140027702319,-80.4));
#7948=CARTESIAN_POINT('',(19.8000000000002,-9.83140027702319,-80.4));
#7949=CARTESIAN_POINT('',(27.8000000000002,-9.83140027702319,-80.4));
#7950=CARTESIAN_POINT('Origin',(27.8000000000002,-9.83140027702319,-80.4));
#7951=CARTESIAN_POINT('',(27.8000000000002,-9.83140027702319,-80.4));
#7952=CARTESIAN_POINT('Origin',(-13.1999999999998,3.41859972297681,55.3999999999999));
#7953=CARTESIAN_POINT('',(-12.1999999999998,38.1685997229768,55.3999999999999));
#7954=CARTESIAN_POINT('',(-13.1999999999998,38.1685997229768,54.3999999999999));
#7955=CARTESIAN_POINT('Origin',(-13.1999999999998,38.1685997229768,55.3999999999999));
#7956=CARTESIAN_POINT('',(-13.1999999999998,42.1685997229768,54.3999999999999));
#7957=CARTESIAN_POINT('',(-13.1999999999998,3.41859972297681,54.3999999999999));
#7958=CARTESIAN_POINT('',(-12.1999999999998,42.1685997229768,55.3999999999999));
#7959=CARTESIAN_POINT('Origin',(-13.1999999999998,42.1685997229768,55.3999999999999));
#7960=CARTESIAN_POINT('',(-12.1999999999998,3.41859972297681,55.3999999999999));
#7961=CARTESIAN_POINT('Origin',(-18.1999999999998,42.1685997229768,55.3999999999999));
#7962=CARTESIAN_POINT('',(-34.1999999999998,42.1685997229768,54.3999999999999));
#7963=CARTESIAN_POINT('',(-34.1999999999998,43.1685997229768,55.3999999999999));
#7964=CARTESIAN_POINT('Origin',(-34.1999999999998,42.1685997229768,55.3999999999999));
#7965=CARTESIAN_POINT('',(-13.1999999999998,43.1685997229768,55.3999999999999));
#7966=CARTESIAN_POINT('',(-18.1999999999998,43.1685997229768,55.3999999999999));
#7967=CARTESIAN_POINT('Origin',(-13.1999999999998,42.1685997229768,55.3999999999999));
#7968=CARTESIAN_POINT('',(-18.1999999999998,42.1685997229768,54.3999999999999));
#7969=CARTESIAN_POINT('Origin',(-13.1999999999998,42.1685997229768,55.3999999999999));
#7970=CARTESIAN_POINT('Origin',(-13.1999999999998,42.1685997229768,55.3999999999999));
#7971=CARTESIAN_POINT('Origin',(-34.1999999999998,3.41859972297681,55.3999999999999));
#7972=CARTESIAN_POINT('',(-35.1999999999998,38.1685997229768,55.3999999999999));
#7973=CARTESIAN_POINT('',(-34.1999999999998,38.1685997229768,54.3999999999999));
#7974=CARTESIAN_POINT('Origin',(-34.1999999999998,38.1685997229768,55.3999999999999));
#7975=CARTESIAN_POINT('',(-35.1999999999998,42.1685997229768,55.3999999999999));
#7976=CARTESIAN_POINT('',(-35.1999999999998,3.41859972297681,55.3999999999999));
#7977=CARTESIAN_POINT('Origin',(-34.1999999999998,42.1685997229768,55.3999999999999));
#7978=CARTESIAN_POINT('',(-34.1999999999998,3.41859972297681,54.3999999999999));
#7979=CARTESIAN_POINT('Origin',(-34.1999999999998,42.1685997229768,55.3999999999999));
#7980=CARTESIAN_POINT('Origin',(-34.1999999999998,42.1685997229768,55.3999999999999));
#7981=CARTESIAN_POINT('Origin',(-13.1999999999998,42.1685997229768,61.8999999999999));
#7982=CARTESIAN_POINT('',(-13.1999999999998,43.1685997229768,82.6848762280312));
#7983=CARTESIAN_POINT('',(-13.1999999999998,43.1685997229768,61.8999999999999));
#7984=CARTESIAN_POINT('',(-12.1999999999998,42.1685997229768,82.6848762280312));
#7985=CARTESIAN_POINT('Origin',(-13.1999999999998,42.1685997229768,82.6848762280312));
#7986=CARTESIAN_POINT('',(-12.1999999999998,42.1685997229768,61.8999999999999));
#7987=CARTESIAN_POINT('Origin',(-18.1999999999998,43.1685997229768,54.3999999999999));
#7988=CARTESIAN_POINT('',(-34.1999999999998,43.1685997229768,82.6848762280312));
#7989=CARTESIAN_POINT('',(-34.1999999999998,43.1685997229768,61.8999999999999));
#7990=CARTESIAN_POINT('',(-18.1999999999998,43.1685997229768,82.6848762280312));
#7991=CARTESIAN_POINT('Origin',(-34.1999999999998,42.1685997229768,61.8999999999999));
#7992=CARTESIAN_POINT('',(-35.1999999999998,42.1685997229768,82.6848762280312));
#7993=CARTESIAN_POINT('',(-35.1999999999998,42.1685997229768,61.8999999999999));
#7994=CARTESIAN_POINT('Origin',(-34.1999999999998,42.1685997229768,82.6848762280312));
#7995=CARTESIAN_POINT('Origin',(-35.1999999999998,16.6685997229768,69.3999999999999));
#7996=CARTESIAN_POINT('',(-35.1999999999998,38.1685997229768,54.3999999999999));
#7997=CARTESIAN_POINT('',(-35.1999999999998,38.1685997229768,28.1999999999999));
#7998=CARTESIAN_POINT('',(-35.1999999999998,-7.80134827987849,54.3999999999999));
#7999=CARTESIAN_POINT('',(-35.1999999999998,3.41859972297681,54.3999999999999));
#8000=CARTESIAN_POINT('',(-35.1999999999998,30.4111979428286,76.0297431449285));
#8001=CARTESIAN_POINT('Origin',(-34.1999999999998,30.4111979428286,76.0297431449285));
#8002=CARTESIAN_POINT('',(-34.1999999999998,-9.83140027702319,54.3999999999999));
#8003=CARTESIAN_POINT('Origin',(-34.1999999999998,-7.80134827987849,54.3999999999999));
#8004=CARTESIAN_POINT('',(-34.1999999999998,41.676001503125,83.5551330831027));
#8005=CARTESIAN_POINT('',(-34.1999999999998,29.9185997229768,76.8999999999999));
#8006=CARTESIAN_POINT('Origin',(-34.1999999999998,42.1685997229768,82.6848762280312));
#8007=CARTESIAN_POINT('Origin',(-34.1999999999998,42.1685997229768,82.6848762280312));
#8008=CARTESIAN_POINT('Origin',(-34.1999999999998,42.1685997229768,82.6848762280312));
#8009=CARTESIAN_POINT('Origin',(-18.1999999999998,-9.83140027702319,54.3999999999999));
#8010=CARTESIAN_POINT('',(-64.1999999999998,38.1685997229768,54.3999999999999));
#8011=CARTESIAN_POINT('Origin',(-18.1999999999998,42.1685997229768,82.6848762280312));
#8012=CARTESIAN_POINT('',(-13.1999999999998,41.676001503125,83.5551330831027));
#8013=CARTESIAN_POINT('',(-18.1999999999998,41.676001503125,83.5551330831027));
#8014=CARTESIAN_POINT('Origin',(-13.1999999999998,42.1685997229768,82.6848762280312));
#8015=CARTESIAN_POINT('Origin',(-18.1999999999998,43.1685997229768,84.3999999999999));
#8016=CARTESIAN_POINT('',(-30.1999999999998,-9.83140027702319,54.3999999999999));
#8017=CARTESIAN_POINT('',(-64.1999999999998,-9.83140027702319,54.3999999999999));
#8018=CARTESIAN_POINT('',(-32.1999999999998,-6.29806694368985,56.3999999999999));
#8019=CARTESIAN_POINT('Origin',(-30.1999999999998,-6.29806694368985,56.3999999999999));
#8020=CARTESIAN_POINT('',(-32.1999999999998,39.1685997229768,82.1358490566037));
#8021=CARTESIAN_POINT('',(-32.1999999999998,18.1685997229768,70.2490566037735));
#8022=CARTESIAN_POINT('',(-31.1999999999998,40.1685997229768,82.7018867924528));
#8023=CARTESIAN_POINT('Origin',(-31.1999999999998,39.1685997229768,82.1358490566037));
#8024=CARTESIAN_POINT('',(-16.1999999999998,40.1685997229768,82.7018867924528));
#8025=CARTESIAN_POINT('',(-18.1999999999998,40.1685997229768,82.7018867924528));
#8026=CARTESIAN_POINT('',(-15.1999999999998,39.1685997229768,82.1358490566037));
#8027=CARTESIAN_POINT('Origin',(-16.1999999999998,39.1685997229768,82.1358490566037));
#8028=CARTESIAN_POINT('',(-15.1999999999998,-6.29806694368986,56.3999999999999));
#8029=CARTESIAN_POINT('',(-15.1999999999998,17.8046202136751,70.043030466433));
#8030=CARTESIAN_POINT('',(-17.1999999999998,-9.83140027702319,54.3999999999999));
#8031=CARTESIAN_POINT('Origin',(-17.1999999999998,-6.29806694368985,56.3999999999999));
#8032=CARTESIAN_POINT('',(-13.1999999999998,-9.83140027702319,54.3999999999999));
#8033=CARTESIAN_POINT('',(-64.1999999999998,-9.83140027702319,54.3999999999999));
#8034=CARTESIAN_POINT('',(-13.1999999999998,29.9185997229768,76.8999999999999));
#8035=CARTESIAN_POINT('Origin',(-13.1999999999998,30.4111979428286,76.0297431449285));
#8036=CARTESIAN_POINT('',(-12.1999999999998,-7.80134827987849,54.3999999999999));
#8037=CARTESIAN_POINT('Origin',(-13.1999999999998,-7.80134827987849,54.3999999999999));
#8038=CARTESIAN_POINT('',(-12.1999999999998,30.4111979428286,76.0297431449285));
#8039=CARTESIAN_POINT('Origin',(-13.1999999999998,42.1685997229768,82.6848762280312));
#8040=CARTESIAN_POINT('Origin',(-13.1999999999998,42.1685997229768,82.6848762280312));
#8041=CARTESIAN_POINT('Origin',(-17.1999999999998,3.41859972297681,56.3999999999999));
#8042=CARTESIAN_POINT('',(-17.1999999999998,35.1685997229768,54.3999999999999));
#8043=CARTESIAN_POINT('',(-17.1999999999998,3.41859972297681,54.3999999999999));
#8044=CARTESIAN_POINT('',(-15.1999999999998,33.1685997229768,56.3999999999999));
#8045=CARTESIAN_POINT('',(-15.1999999999998,3.41859972297681,56.3999999999999));
#8046=CARTESIAN_POINT('Origin',(-17.1999999999998,33.1685997229768,56.3999999999999));
#8047=CARTESIAN_POINT('Origin',(-30.1999999999998,3.41859972297681,56.3999999999999));
#8048=CARTESIAN_POINT('',(-32.1999999999998,33.1685997229768,56.3999999999999));
#8049=CARTESIAN_POINT('',(-32.1999999999998,3.41859972297681,56.3999999999999));
#8050=CARTESIAN_POINT('',(-30.1999999999998,35.1685997229768,54.3999999999999));
#8051=CARTESIAN_POINT('',(-30.1999999999998,3.41859972297681,54.3999999999999));
#8052=CARTESIAN_POINT('Origin',(-30.1999999999998,33.1685997229768,56.3999999999999));
#8053=CARTESIAN_POINT('Origin',(-17.1999999999998,36.1685997229768,56.3999999999999));
#8054=CARTESIAN_POINT('',(-15.1999999999998,36.1685997229768,59.3999999999999));
#8055=CARTESIAN_POINT('Origin',(-15.1999999999998,36.1685997229768,56.3999999999999));
#8056=CARTESIAN_POINT('',(-17.1999999999998,36.1685997229768,57.3999999999999));
#8057=CARTESIAN_POINT('Origin',(-17.1999999999998,36.1685997229768,59.3999999999999));
#8058=CARTESIAN_POINT('',(-17.1999999999998,35.1685997229768,56.3999999999999));
#8059=CARTESIAN_POINT('Origin',(-17.1999999999998,36.1685997229768,56.3999999999999));
#8060=CARTESIAN_POINT('Origin',(-17.1999999999998,33.1685997229768,56.3999999999999));
#8061=CARTESIAN_POINT('Origin',(-17.1999999999998,3.41859972297681,59.3999999999999));
#8062=CARTESIAN_POINT('',(-17.1999999999998,40.1685997229768,57.3999999999999));
#8063=CARTESIAN_POINT('',(-17.1999999999998,3.41859972297681,57.3999999999999));
#8064=CARTESIAN_POINT('',(-15.1999999999998,39.1685997229768,59.3999999999999));
#8065=CARTESIAN_POINT('',(-15.1999999999998,3.41859972297681,59.3999999999999));
#8066=CARTESIAN_POINT('',(-16.1999999999998,40.1685997229768,57.6679491924311));
#8067=CARTESIAN_POINT('Ctrl Pts',(-15.1999999999998,39.1685997229768,59.3999999999999));
#8068=CARTESIAN_POINT('Ctrl Pts',(-15.1999999999998,39.4062597873649,59.0638979137078));
#8069=CARTESIAN_POINT('Ctrl Pts',(-15.3026934501076,39.6855067354577,58.6695899628734));
#8070=CARTESIAN_POINT('Ctrl Pts',(-15.5701518593732,39.9529651447233,58.2314178452761));
#8071=CARTESIAN_POINT('Ctrl Pts',(-15.6717206076306,40.0279757481767,58.0986750988349));
#8072=CARTESIAN_POINT('Ctrl Pts',(-15.9141133415536,40.1360060169654,57.8587082477206));
#8073=CARTESIAN_POINT('Ctrl Pts',(-16.0551946702013,40.1685997229768,57.7515525885703));
#8074=CARTESIAN_POINT('Ctrl Pts',(-16.1999999999998,40.1685997229768,57.6679491924311));
#8075=CARTESIAN_POINT('Origin',(-17.1999999999998,40.1685997229768,59.3999999999999));
#8076=CARTESIAN_POINT('Origin',(-30.1999999999998,36.1685997229768,56.3999999999999));
#8077=CARTESIAN_POINT('',(-30.1999999999998,35.1685997229768,56.3999999999999));
#8078=CARTESIAN_POINT('Origin',(-30.1999999999998,33.1685997229768,56.3999999999999));
#8079=CARTESIAN_POINT('',(-30.1999999999998,36.1685997229768,57.3999999999999));
#8080=CARTESIAN_POINT('Origin',(-30.1999999999998,36.1685997229768,56.3999999999999));
#8081=CARTESIAN_POINT('',(-32.1999999999998,36.1685997229768,59.3999999999999));
#8082=CARTESIAN_POINT('Origin',(-30.1999999999998,36.1685997229768,59.3999999999999));
#8083=CARTESIAN_POINT('Origin',(-32.1999999999998,36.1685997229768,56.3999999999999));
#8084=CARTESIAN_POINT('Origin',(-18.1999999999998,36.1685997229768,56.3999999999999));
#8085=CARTESIAN_POINT('',(-18.1999999999998,36.1685997229768,57.3999999999999));
#8086=CARTESIAN_POINT('',(-18.1999999999998,35.1685997229768,56.3999999999999));
#8087=CARTESIAN_POINT('Origin',(-31.1999999999998,39.1685997229768,61.8999999999999));
#8088=CARTESIAN_POINT('',(-31.1999999999998,40.1685997229768,57.6679491924311));
#8089=CARTESIAN_POINT('',(-31.1999999999998,40.1685997229768,61.8999999999999));
#8090=CARTESIAN_POINT('',(-32.1999999999998,39.1685997229768,59.3999999999999));
#8091=CARTESIAN_POINT('',(-32.1999999999998,39.1685997229768,61.8999999999999));
#8092=CARTESIAN_POINT('Ctrl Pts',(-32.1999999999998,39.1685997229768,59.3999999999999));
#8093=CARTESIAN_POINT('Ctrl Pts',(-32.1999999999998,39.4062597873649,59.0638979137078));
#8094=CARTESIAN_POINT('Ctrl Pts',(-32.097306549892,39.6855067354576,58.6695899628734));
#8095=CARTESIAN_POINT('Ctrl Pts',(-31.8298481406264,39.9529651447233,58.2314178452761));
#8096=CARTESIAN_POINT('Ctrl Pts',(-31.728279392369,40.0279757481767,58.0986750988349));
#8097=CARTESIAN_POINT('Ctrl Pts',(-31.485886658446,40.1360060169654,57.8587082477206));
#8098=CARTESIAN_POINT('Ctrl Pts',(-31.3448053297983,40.1685997229768,57.7515525885703));
#8099=CARTESIAN_POINT('Ctrl Pts',(-31.1999999999998,40.1685997229768,57.6679491924311));
#8100=CARTESIAN_POINT('Origin',(-30.1999999999998,3.41859972297681,59.3999999999999));
#8101=CARTESIAN_POINT('',(-32.1999999999998,3.41859972297681,59.3999999999999));
#8102=CARTESIAN_POINT('',(-30.1999999999998,40.1685997229768,57.3999999999999));
#8103=CARTESIAN_POINT('',(-30.1999999999998,3.41859972297681,57.3999999999999));
#8104=CARTESIAN_POINT('Origin',(-30.1999999999998,40.1685997229768,59.3999999999999));
#8105=CARTESIAN_POINT('Origin',(-30.1999999999998,33.1685997229768,28.1999999999999));
#8106=CARTESIAN_POINT('',(-30.1999999999998,35.1685997229768,28.1999999999999));
#8107=CARTESIAN_POINT('Origin',(-17.1999999999998,33.1685997229768,28.1999999999999));
#8108=CARTESIAN_POINT('',(-17.1999999999998,35.1685997229768,28.1999999999999));
#8109=CARTESIAN_POINT('Origin',(-16.1999999999998,39.1685997229768,61.8999999999999));
#8110=CARTESIAN_POINT('',(-15.1999999999998,39.1685997229768,61.8999999999999));
#8111=CARTESIAN_POINT('',(-16.1999999999998,40.1685997229768,61.8999999999999));
#8112=CARTESIAN_POINT('Origin',(-32.1999999999998,16.6685997229768,69.3999999999999));
#8113=CARTESIAN_POINT('Origin',(-18.1999999999998,-9.83140027702319,57.3999999999999));
#8114=CARTESIAN_POINT('',(-18.1999999999998,40.1685997229768,57.3999999999999));
#8115=CARTESIAN_POINT('Origin',(-18.1999999999998,40.1685997229768,54.3999999999999));
#8116=CARTESIAN_POINT('Origin',(-18.1999999999998,35.1685997229768,-13.));
#8117=CARTESIAN_POINT('',(3.3000000000002,35.1685997229768,54.3999999999999));
#8118=CARTESIAN_POINT('Origin',(-15.1999999999998,16.6685997229768,69.3999999999999));
#8119=CARTESIAN_POINT('Origin',(24.8000000000002,-9.83140027702319,54.3999999999999));
#8120=CARTESIAN_POINT('',(-64.1999999999998,-9.83140027702319,54.3999999999999));
#8121=CARTESIAN_POINT('Origin',(-12.1999999999998,16.6685997229768,69.3999999999999));
#8122=CARTESIAN_POINT('',(-12.1999999999998,38.1685997229768,54.3999999999999));
#8123=CARTESIAN_POINT('',(-12.1999999999998,3.41859972297681,54.3999999999999));
#8124=CARTESIAN_POINT('',(-12.1999999999998,38.1685997229768,28.1999999999999));
#8125=CARTESIAN_POINT('Origin',(-64.1999999999998,-9.83140027702319,54.3999999999999));
#8126=CARTESIAN_POINT('',(-56.1999999999998,38.1685997229768,54.3999999999999));
#8127=CARTESIAN_POINT('',(-64.1999999999998,38.1685997229768,54.3999999999999));
#8128=CARTESIAN_POINT('',(-56.1999999999998,-9.83140027702319,54.3999999999999));
#8129=CARTESIAN_POINT('',(-56.1999999999998,-9.83140027702319,54.3999999999999));
#8130=CARTESIAN_POINT('',(-64.1999999999998,-9.83140027702319,54.3999999999999));
#8131=CARTESIAN_POINT('Origin',(-64.1999999999998,-9.83140027702319,54.3999999999999));
#8132=CARTESIAN_POINT('',(19.8000000000002,-9.83140027702319,54.3999999999999));
#8133=CARTESIAN_POINT('',(-64.1999999999998,-9.83140027702319,54.3999999999999));
#8134=CARTESIAN_POINT('',(19.8000000000002,38.1685997229768,54.3999999999999));
#8135=CARTESIAN_POINT('',(19.8000000000002,-9.83140027702319,54.3999999999999));
#8136=CARTESIAN_POINT('',(-64.1999999999998,38.1685997229768,54.3999999999999));
#8137=CARTESIAN_POINT('Origin',(-60.1999999999998,14.1685997229768,-66.4));
#8138=CARTESIAN_POINT('',(-60.1999999999998,-6.83140027702319,-67.4));
#8139=CARTESIAN_POINT('',(-61.1999999999998,-6.83140027702319,-66.4));
#8140=CARTESIAN_POINT('Origin',(-60.1999999999998,-6.83140027702319,-66.4));
#8141=CARTESIAN_POINT('',(-60.1999999999998,38.1685997229768,-67.4));
#8142=CARTESIAN_POINT('',(-60.1999999999998,14.1685997229768,-67.4));
#8143=CARTESIAN_POINT('',(-61.1999999999998,38.1685997229768,-66.4));
#8144=CARTESIAN_POINT('Origin',(-60.1999999999998,38.1685997229768,-66.4));
#8145=CARTESIAN_POINT('',(-61.1999999999998,14.1685997229768,-66.4));
#8146=CARTESIAN_POINT('Origin',(-51.1999999999998,38.1685997229768,-67.4));
#8147=CARTESIAN_POINT('',(-52.1999999999998,-6.83140027702319,-67.4));
#8148=CARTESIAN_POINT('',(-39.6999999999998,-6.83140027702319,-67.4));
#8149=CARTESIAN_POINT('',(-52.1999999999998,38.1685997229768,-67.4));
#8150=CARTESIAN_POINT('',(-52.1999999999998,38.1685997229768,-67.4));
#8151=CARTESIAN_POINT('',(-61.1999999999998,38.1685997229768,-67.4));
#8152=CARTESIAN_POINT('Origin',(-52.1999999999998,38.1685997229768,-68.4));
#8153=CARTESIAN_POINT('',(-51.1999999999998,38.1685997229768,-68.4));
#8154=CARTESIAN_POINT('Origin',(-52.1999999999998,38.1685997229768,-68.4));
#8155=CARTESIAN_POINT('',(-51.1999999999998,-6.83140027702319,-68.4));
#8156=CARTESIAN_POINT('Origin',(-52.1999999999998,-6.83140027702319,-68.4));
#8157=CARTESIAN_POINT('',(-51.1999999999998,38.1685997229768,-68.4));
#8158=CARTESIAN_POINT('Origin',(-18.1999999999998,38.1685997229768,-13.));
#8159=CARTESIAN_POINT('Origin',(19.8000000000002,38.1685997229768,46.3999999999999));
#8160=CARTESIAN_POINT('Origin',(19.8000000000002,38.1685997229768,-72.4));
#8161=CARTESIAN_POINT('',(-56.1999999999998,38.1685997229768,-80.4));
#8162=CARTESIAN_POINT('',(27.8000000000002,38.1685997229768,-80.4));
#8163=CARTESIAN_POINT('',(-64.1999999999998,38.1685997229768,-72.4));
#8164=CARTESIAN_POINT('Origin',(-56.1999999999998,38.1685997229768,-72.4));
#8165=CARTESIAN_POINT('',(-64.1999999999998,38.1685997229768,-80.4));
#8166=CARTESIAN_POINT('',(-64.1999999999998,38.1685997229768,-22.));
#8167=CARTESIAN_POINT('',(-64.1999999999998,38.1685997229768,-80.4));
#8168=CARTESIAN_POINT('',(-61.1999999999998,38.1685997229768,-22.));
#8169=CARTESIAN_POINT('',(-41.1999999999998,38.1685997229768,-22.0000000000001));
#8170=CARTESIAN_POINT('',(-61.1999999999998,38.1685997229768,-77.4));
#8171=CARTESIAN_POINT('',(-51.1999999999998,38.1685997229768,-76.4));
#8172=CARTESIAN_POINT('',(-51.1999999999998,38.1685997229768,-67.4));
#8173=CARTESIAN_POINT('',(-50.1999999999998,38.1685997229768,-77.4));
#8174=CARTESIAN_POINT('Origin',(-50.1999999999998,38.1685997229768,-76.4));
#8175=CARTESIAN_POINT('',(13.8000000000002,38.1685997229768,-77.4));
#8176=CARTESIAN_POINT('',(24.8000000000002,38.1685997229768,-77.4));
#8177=CARTESIAN_POINT('',(14.8000000000002,38.1685997229768,-76.4));
#8178=CARTESIAN_POINT('Origin',(13.8000000000002,38.1685997229768,-76.4));
#8179=CARTESIAN_POINT('',(14.8000000000002,38.1685997229768,-68.4));
#8180=CARTESIAN_POINT('',(14.8000000000002,38.1685997229768,-67.4));
#8181=CARTESIAN_POINT('',(15.8000000000002,38.1685997229768,-67.4));
#8182=CARTESIAN_POINT('Origin',(15.8000000000002,38.1685997229768,-68.4));
#8183=CARTESIAN_POINT('',(23.8000000000002,38.1685997229768,-67.4));
#8184=CARTESIAN_POINT('',(24.8000000000002,38.1685997229768,-67.4));
#8185=CARTESIAN_POINT('',(24.8000000000002,38.1685997229768,-66.4));
#8186=CARTESIAN_POINT('Origin',(23.8000000000002,38.1685997229768,-66.4));
#8187=CARTESIAN_POINT('',(24.8000000000002,38.1685997229768,40.3999999999999));
#8188=CARTESIAN_POINT('',(24.8000000000002,38.1685997229768,51.3999999999999));
#8189=CARTESIAN_POINT('',(23.8000000000002,38.1685997229768,41.3999999999999));
#8190=CARTESIAN_POINT('Origin',(23.8000000000002,38.1685997229768,40.3999999999999));
#8191=CARTESIAN_POINT('',(15.8000000000002,38.1685997229768,41.3999999999999));
#8192=CARTESIAN_POINT('',(24.8000000000002,38.1685997229768,41.3999999999999));
#8193=CARTESIAN_POINT('',(14.8000000000002,38.1685997229768,42.3999999999999));
#8194=CARTESIAN_POINT('Origin',(15.8000000000002,38.1685997229768,42.3999999999999));
#8195=CARTESIAN_POINT('',(14.8000000000002,38.1685997229768,50.4));
#8196=CARTESIAN_POINT('',(14.8000000000002,38.1685997229768,41.3999999999999));
#8197=CARTESIAN_POINT('',(13.8000000000002,38.1685997229768,51.3999999999999));
#8198=CARTESIAN_POINT('Origin',(13.8000000000002,38.1685997229768,50.4));
#8199=CARTESIAN_POINT('',(-50.1999999999998,38.1685997229768,51.3999999999999));
#8200=CARTESIAN_POINT('',(-61.1999999999998,38.1685997229768,51.3999999999999));
#8201=CARTESIAN_POINT('',(-51.1999999999998,38.1685997229768,50.4));
#8202=CARTESIAN_POINT('Origin',(-50.1999999999998,38.1685997229768,50.4));
#8203=CARTESIAN_POINT('',(-51.1999999999998,38.1685997229768,42.3999999999999));
#8204=CARTESIAN_POINT('',(-51.1999999999998,38.1685997229768,41.3999999999999));
#8205=CARTESIAN_POINT('',(-52.1999999999998,38.1685997229768,41.3999999999999));
#8206=CARTESIAN_POINT('Origin',(-52.1999999999998,38.1685997229768,42.3999999999999));
#8207=CARTESIAN_POINT('',(-60.1999999999998,38.1685997229768,41.3999999999999));
#8208=CARTESIAN_POINT('',(-61.1999999999998,38.1685997229768,41.3999999999999));
#8209=CARTESIAN_POINT('',(-61.1999999999998,38.1685997229768,40.4));
#8210=CARTESIAN_POINT('Origin',(-60.1999999999998,38.1685997229768,40.4));
#8211=CARTESIAN_POINT('',(-61.1999999999998,38.1685997229768,-4.00000000000005));
#8212=CARTESIAN_POINT('',(-61.1999999999998,38.1685997229768,-77.4));
#8213=CARTESIAN_POINT('',(-64.1999999999998,38.1685997229768,-4.00000000000004));
#8214=CARTESIAN_POINT('',(-39.6999999999998,38.1685997229768,-4.00000000000011));
#8215=CARTESIAN_POINT('',(-64.1999999999998,38.1685997229768,-80.4));
#8216=CARTESIAN_POINT('',(-64.1999999999998,38.1685997229768,46.3999999999999));
#8217=CARTESIAN_POINT('',(-64.1999999999998,38.1685997229768,-80.4));
#8218=CARTESIAN_POINT('Origin',(-56.1999999999998,38.1685997229768,46.3999999999999));
#8219=CARTESIAN_POINT('',(-54.0999999999998,38.1685997229768,-72.4));
#8220=CARTESIAN_POINT('Origin',(-56.1999999999998,38.1685997229768,-72.4));
#8221=CARTESIAN_POINT('',(21.9000000000002,38.1685997229768,46.3999999999999));
#8222=CARTESIAN_POINT('Origin',(19.8000000000002,38.1685997229768,46.3999999999999));
#8223=CARTESIAN_POINT('',(21.9000000000002,38.1685997229768,-72.4));
#8224=CARTESIAN_POINT('Origin',(19.8000000000002,38.1685997229768,-72.4));
#8225=CARTESIAN_POINT('',(-54.0999999999998,38.1685997229768,46.3999999999999));
#8226=CARTESIAN_POINT('Origin',(-56.1999999999998,38.1685997229768,46.3999999999999));
#8227=CARTESIAN_POINT('Origin',(-51.1999999999998,38.1685997229768,-77.4));
#8228=CARTESIAN_POINT('',(-51.1999999999998,-6.83140027702319,-76.4));
#8229=CARTESIAN_POINT('',(-51.1999999999998,-6.83140027702319,-40.2));
#8230=CARTESIAN_POINT('',(-51.1999999999998,14.1685997229768,-76.4));
#8231=CARTESIAN_POINT('',(-51.1999999999998,28.1685997229768,-68.9));
#8232=CARTESIAN_POINT('',(-51.1999999999998,33.1685997229768,-68.9));
#8233=CARTESIAN_POINT('',(-51.1999999999998,35.6685997229768,-68.9));
#8234=CARTESIAN_POINT('',(-51.1999999999998,33.1685997229768,-75.9));
#8235=CARTESIAN_POINT('',(-51.1999999999998,33.1685997229768,-76.65));
#8236=CARTESIAN_POINT('',(-51.1999999999998,28.1685997229768,-75.9));
#8237=CARTESIAN_POINT('',(-51.1999999999998,33.1685997229768,-75.9));
#8238=CARTESIAN_POINT('',(-51.1999999999998,28.1685997229768,-67.4));
#8239=CARTESIAN_POINT('Origin',(-50.1999999999998,14.1685997229768,-76.4));
#8240=CARTESIAN_POINT('',(-50.1999999999998,-6.83140027702319,-77.4));
#8241=CARTESIAN_POINT('Origin',(-50.1999999999998,-6.83140027702319,-76.4));
#8242=CARTESIAN_POINT('',(-50.1999999999998,14.1685997229768,-77.4));
#8243=CARTESIAN_POINT('Origin',(-61.1999999999998,-9.83140027702319,-77.4));
#8244=CARTESIAN_POINT('',(13.8000000000002,-6.83140027702319,-77.4));
#8245=CARTESIAN_POINT('',(-39.6999999999998,-6.83140027702319,-77.4));
#8246=CARTESIAN_POINT('',(13.8000000000002,14.1685997229768,-77.4));
#8247=CARTESIAN_POINT('Origin',(13.8000000000002,14.1685997229768,-76.4));
#8248=CARTESIAN_POINT('',(14.8000000000002,-6.83140027702319,-76.4));
#8249=CARTESIAN_POINT('Origin',(13.8000000000002,-6.83140027702319,-76.4));
#8250=CARTESIAN_POINT('',(14.8000000000002,14.1685997229768,-76.4));
#8251=CARTESIAN_POINT('Origin',(14.8000000000002,38.1685997229768,-67.4));
#8252=CARTESIAN_POINT('',(14.8000000000002,-6.83140027702319,-68.4));
#8253=CARTESIAN_POINT('',(14.8000000000002,-6.83140027702319,-45.2));
#8254=CARTESIAN_POINT('',(14.8000000000002,38.1685997229768,-68.4));
#8255=CARTESIAN_POINT('',(14.8000000000002,28.1685997229768,-75.9));
#8256=CARTESIAN_POINT('',(14.8000000000002,33.1685997229768,-75.9));
#8257=CARTESIAN_POINT('',(14.8000000000002,33.1685997229768,-75.9));
#8258=CARTESIAN_POINT('',(14.8000000000002,33.1685997229768,-68.9));
#8259=CARTESIAN_POINT('',(14.8000000000002,33.1685997229768,-71.65));
#8260=CARTESIAN_POINT('',(14.8000000000002,28.1685997229768,-68.9));
#8261=CARTESIAN_POINT('',(14.8000000000002,35.6685997229768,-68.9));
#8262=CARTESIAN_POINT('',(14.8000000000002,28.1685997229768,-77.4));
#8263=CARTESIAN_POINT('Origin',(15.8000000000002,38.1685997229768,-68.4));
#8264=CARTESIAN_POINT('',(15.8000000000002,-6.83140027702319,-67.4));
#8265=CARTESIAN_POINT('Origin',(15.8000000000002,-6.83140027702319,-68.4));
#8266=CARTESIAN_POINT('',(15.8000000000002,38.1685997229768,-67.4));
#8267=CARTESIAN_POINT('Origin',(24.8000000000002,38.1685997229768,-67.4));
#8268=CARTESIAN_POINT('',(23.8000000000002,-6.83140027702319,-67.4));
#8269=CARTESIAN_POINT('',(-1.69999999999981,-6.83140027702319,-67.4));
#8270=CARTESIAN_POINT('',(23.8000000000002,14.1685997229768,-67.4));
#8271=CARTESIAN_POINT('Origin',(23.8000000000002,14.1685997229768,-66.4));
#8272=CARTESIAN_POINT('',(24.8000000000002,-6.83140027702319,-66.4));
#8273=CARTESIAN_POINT('Origin',(23.8000000000002,-6.83140027702319,-66.4));
#8274=CARTESIAN_POINT('',(24.8000000000002,14.1685997229768,-66.4));
#8275=CARTESIAN_POINT('Origin',(24.8000000000002,-9.83140027702319,-77.4));
#8276=CARTESIAN_POINT('',(24.8000000000002,-6.83140027702319,40.3999999999999));
#8277=CARTESIAN_POINT('',(24.8000000000002,-6.83140027702319,-45.2));
#8278=CARTESIAN_POINT('',(24.8000000000002,14.1685997229768,40.3999999999999));
#8279=CARTESIAN_POINT('Origin',(13.8000000000002,14.1685997229768,50.4));
#8280=CARTESIAN_POINT('',(13.8000000000002,-6.83140027702319,51.3999999999999));
#8281=CARTESIAN_POINT('',(14.8000000000002,-6.83140027702319,50.4));
#8282=CARTESIAN_POINT('Origin',(13.8000000000002,-6.83140027702319,50.4));
#8283=CARTESIAN_POINT('',(13.8000000000002,14.1685997229768,51.3999999999999));
#8284=CARTESIAN_POINT('',(14.8000000000002,14.1685997229768,50.4));
#8285=CARTESIAN_POINT('Origin',(-18.1999999999998,-6.83140027702319,-13.));
#8286=CARTESIAN_POINT('',(-61.1999999999998,-6.83140027702319,40.4));
#8287=CARTESIAN_POINT('',(-61.1999999999998,-6.83140027702319,19.2));
#8288=CARTESIAN_POINT('',(-60.1999999999998,-6.83140027702319,41.3999999999999));
#8289=CARTESIAN_POINT('Origin',(-60.1999999999998,-6.83140027702319,40.4));
#8290=CARTESIAN_POINT('',(-52.1999999999998,-6.83140027702319,41.3999999999999));
#8291=CARTESIAN_POINT('',(-34.6999999999998,-6.83140027702319,41.3999999999999));
#8292=CARTESIAN_POINT('',(-51.1999999999998,-6.83140027702319,42.3999999999999));
#8293=CARTESIAN_POINT('Origin',(-52.1999999999998,-6.83140027702319,42.3999999999999));
#8294=CARTESIAN_POINT('',(-51.1999999999998,-6.83140027702319,50.4));
#8295=CARTESIAN_POINT('',(-51.1999999999998,-6.83140027702319,19.1999999999999));
#8296=CARTESIAN_POINT('',(-50.1999999999998,-6.83140027702319,51.3999999999999));
#8297=CARTESIAN_POINT('Origin',(-50.1999999999998,-6.83140027702319,50.4));
#8298=CARTESIAN_POINT('',(3.3000000000002,-6.83140027702319,51.3999999999999));
#8299=CARTESIAN_POINT('',(14.8000000000002,-6.83140027702319,42.3999999999999));
#8300=CARTESIAN_POINT('',(14.8000000000002,-6.83140027702319,14.1999999999999));
#8301=CARTESIAN_POINT('',(15.8000000000002,-6.83140027702319,41.3999999999999));
#8302=CARTESIAN_POINT('Origin',(15.8000000000002,-6.83140027702319,42.3999999999999));
#8303=CARTESIAN_POINT('',(23.8000000000002,-6.83140027702319,41.3999999999999));
#8304=CARTESIAN_POINT('',(3.30000000000019,-6.83140027702319,41.3999999999999));
#8305=CARTESIAN_POINT('Origin',(23.8000000000002,-6.83140027702319,40.3999999999999));
#8306=CARTESIAN_POINT('',(-54.5999999999998,-6.83140027702319,-3.00000000000004));
#8307=CARTESIAN_POINT('',(-54.5999999999998,-6.83140027702319,-23.));
#8308=CARTESIAN_POINT('',(-54.5999999999998,-6.83140027702319,-18.));
#8309=CARTESIAN_POINT('',(-48.5999999999998,-6.83140027702319,-23.));
#8310=CARTESIAN_POINT('',(-33.3999999999998,-6.83140027702319,-23.));
#8311=CARTESIAN_POINT('',(-48.5999999999998,-6.83140027702319,-3.00000000000004));
#8312=CARTESIAN_POINT('',(-48.5999999999998,-6.83140027702319,-8.00000000000004));
#8313=CARTESIAN_POINT('',(-36.3999999999998,-6.83140027702319,-3.00000000000004));
#8314=CARTESIAN_POINT('',(-1.7999999999998,-6.83140027702319,22.5901070267206));
#8315=CARTESIAN_POINT('',(10.2000000000002,-6.83140027702319,22.5901070267206));
#8316=CARTESIAN_POINT('',(-3.9999999999998,-6.83140027702319,22.5901070267206));
#8317=CARTESIAN_POINT('',(10.2000000000002,-6.83140027702319,34.5901070267206));
#8318=CARTESIAN_POINT('',(10.2000000000002,-6.83140027702319,10.7950535133603));
#8319=CARTESIAN_POINT('',(-1.7999999999998,-6.83140027702319,34.5901070267206));
#8320=CARTESIAN_POINT('',(-9.9999999999998,-6.83140027702319,34.5901070267206));
#8321=CARTESIAN_POINT('',(-1.7999999999998,-6.83140027702319,4.79505351336027));
#8322=CARTESIAN_POINT('',(-46.5999999999998,-6.83140027702319,22.5901070267206));
#8323=CARTESIAN_POINT('',(-34.5999999999998,-6.83140027702319,22.5901070267206));
#8324=CARTESIAN_POINT('',(-26.3999999999998,-6.83140027702319,22.5901070267206));
#8325=CARTESIAN_POINT('',(-34.5999999999998,-6.83140027702319,34.5901070267206));
#8326=CARTESIAN_POINT('',(-34.5999999999998,-6.83140027702319,10.7950535133603));
#8327=CARTESIAN_POINT('',(-46.5999999999998,-6.83140027702319,34.5901070267206));
#8328=CARTESIAN_POINT('',(-32.3999999999998,-6.83140027702319,34.5901070267206));
#8329=CARTESIAN_POINT('',(-46.5999999999998,-6.83140027702319,4.79505351336027));
#8330=CARTESIAN_POINT('',(-1.79999999999981,-6.83140027702319,-60.5901070267207));
#8331=CARTESIAN_POINT('',(10.2000000000002,-6.83140027702319,-60.5901070267207));
#8332=CARTESIAN_POINT('',(-3.9999999999998,-6.83140027702319,-60.5901070267207));
#8333=CARTESIAN_POINT('',(10.2000000000002,-6.83140027702319,-48.5901070267207));
#8334=CARTESIAN_POINT('',(10.2000000000002,-6.83140027702319,-30.7950535133604));
#8335=CARTESIAN_POINT('',(-1.79999999999981,-6.83140027702319,-48.5901070267207));
#8336=CARTESIAN_POINT('',(-9.9999999999998,-6.83140027702319,-48.5901070267207));
#8337=CARTESIAN_POINT('',(-1.79999999999981,-6.83140027702319,-36.7950535133604));
#8338=CARTESIAN_POINT('',(-46.5999999999998,-6.83140027702319,-60.5901070267207));
#8339=CARTESIAN_POINT('',(-34.5999999999998,-6.83140027702319,-60.5901070267207));
#8340=CARTESIAN_POINT('',(-26.3999999999998,-6.83140027702319,-60.5901070267207));
#8341=CARTESIAN_POINT('',(-34.5999999999998,-6.83140027702319,-48.5901070267207));
#8342=CARTESIAN_POINT('',(-34.5999999999998,-6.83140027702319,-30.7950535133604));
#8343=CARTESIAN_POINT('',(-46.5999999999998,-6.83140027702319,-48.5901070267207));
#8344=CARTESIAN_POINT('',(-32.3999999999998,-6.83140027702319,-48.5901070267207));
#8345=CARTESIAN_POINT('',(-46.5999999999998,-6.83140027702319,-36.7950535133604));
#8346=CARTESIAN_POINT('Origin',(14.8000000000002,38.1685997229768,51.3999999999999));
#8347=CARTESIAN_POINT('',(14.8000000000002,38.1685997229768,42.3999999999999));
#8348=CARTESIAN_POINT('',(14.8000000000002,28.1685997229768,42.8999999999999));
#8349=CARTESIAN_POINT('',(14.8000000000002,33.1685997229768,42.8999999999999));
#8350=CARTESIAN_POINT('',(14.8000000000002,33.1685997229768,42.8999999999999));
#8351=CARTESIAN_POINT('',(14.8000000000002,33.1685997229768,49.8999999999999));
#8352=CARTESIAN_POINT('',(14.8000000000002,33.1685997229768,47.1499999999999));
#8353=CARTESIAN_POINT('',(14.8000000000002,28.1685997229768,49.8999999999999));
#8354=CARTESIAN_POINT('',(14.8000000000002,35.6685997229768,49.8999999999999));
#8355=CARTESIAN_POINT('',(14.8000000000002,28.1685997229768,41.3999999999999));
#8356=CARTESIAN_POINT('Origin',(15.8000000000002,38.1685997229768,42.3999999999999));
#8357=CARTESIAN_POINT('',(15.8000000000002,38.1685997229768,41.3999999999999));
#8358=CARTESIAN_POINT('Origin',(23.8000000000002,14.1685997229768,40.3999999999999));
#8359=CARTESIAN_POINT('',(23.8000000000002,14.1685997229768,41.3999999999999));
#8360=CARTESIAN_POINT('Origin',(14.8000000000002,38.1685997229768,41.3999999999999));
#8361=CARTESIAN_POINT('Origin',(-60.1999999999998,14.1685997229768,40.4));
#8362=CARTESIAN_POINT('',(-61.1999999999998,14.1685997229768,40.4));
#8363=CARTESIAN_POINT('',(-60.1999999999998,14.1685997229768,41.3999999999999));
#8364=CARTESIAN_POINT('Origin',(-61.1999999999998,38.1685997229768,41.3999999999999));
#8365=CARTESIAN_POINT('',(-52.1999999999998,38.1685997229768,41.3999999999999));
#8366=CARTESIAN_POINT('Origin',(-52.1999999999998,38.1685997229768,42.3999999999999));
#8367=CARTESIAN_POINT('',(-51.1999999999998,38.1685997229768,42.3999999999999));
#8368=CARTESIAN_POINT('Origin',(-50.1999999999998,14.1685997229768,50.4));
#8369=CARTESIAN_POINT('',(-51.1999999999998,14.1685997229768,50.4));
#8370=CARTESIAN_POINT('',(-50.1999999999998,14.1685997229768,51.3999999999999));
#8371=CARTESIAN_POINT('Origin',(24.8000000000002,-9.83140027702319,51.3999999999999));
#8372=CARTESIAN_POINT('Origin',(-56.1999999999998,38.1685997229768,-72.4));
#8373=CARTESIAN_POINT('',(-54.0999999999998,28.1685997229768,-72.4));
#8374=CARTESIAN_POINT('Origin',(-56.1999999999998,28.1685997229768,-72.4));
#8375=CARTESIAN_POINT('',(-54.0999999999998,19.1685997229768,-72.4));
#8376=CARTESIAN_POINT('',(-54.0999999999998,38.1685997229768,-72.4));
#8377=CARTESIAN_POINT('Origin',(-56.1999999999998,19.1685997229768,-72.4));
#8378=CARTESIAN_POINT('Origin',(-56.1999999999998,19.1685997229768,-72.4));
#8379=CARTESIAN_POINT('Origin',(19.8000000000002,38.1685997229768,46.3999999999999));
#8380=CARTESIAN_POINT('',(21.9000000000002,28.1685997229768,46.3999999999999));
#8381=CARTESIAN_POINT('Origin',(19.8000000000002,28.1685997229768,46.3999999999999));
#8382=CARTESIAN_POINT('',(21.9000000000002,19.1685997229768,46.3999999999999));
#8383=CARTESIAN_POINT('',(21.9000000000002,38.1685997229768,46.3999999999999));
#8384=CARTESIAN_POINT('Origin',(19.8000000000002,19.1685997229768,46.3999999999999));
#8385=CARTESIAN_POINT('Origin',(19.8000000000002,19.1685997229768,46.3999999999999));
#8386=CARTESIAN_POINT('Origin',(19.8000000000002,38.1685997229768,-72.4));
#8387=CARTESIAN_POINT('',(21.9000000000002,28.1685997229768,-72.4));
#8388=CARTESIAN_POINT('Origin',(19.8000000000002,28.1685997229768,-72.4));
#8389=CARTESIAN_POINT('',(21.9000000000002,19.1685997229768,-72.4));
#8390=CARTESIAN_POINT('',(21.9000000000002,38.1685997229768,-72.4));
#8391=CARTESIAN_POINT('Origin',(19.8000000000002,19.1685997229768,-72.4));
#8392=CARTESIAN_POINT('Origin',(19.8000000000002,19.1685997229768,-72.4));
#8393=CARTESIAN_POINT('Origin',(-56.1999999999998,38.1685997229768,46.3999999999999));
#8394=CARTESIAN_POINT('',(-54.0999999999998,28.1685997229768,46.3999999999999));
#8395=CARTESIAN_POINT('Origin',(-56.1999999999998,28.1685997229768,46.3999999999999));
#8396=CARTESIAN_POINT('',(-54.0999999999998,19.1685997229768,46.3999999999999));
#8397=CARTESIAN_POINT('',(-54.0999999999998,38.1685997229768,46.3999999999999));
#8398=CARTESIAN_POINT('Origin',(-56.1999999999998,19.1685997229768,46.3999999999999));
#8399=CARTESIAN_POINT('Origin',(-56.1999999999998,19.1685997229768,46.3999999999999));
#8400=CARTESIAN_POINT('Origin',(-56.1999999999998,38.1685997229768,-72.4));
#8401=CARTESIAN_POINT('',(-54.0999999999998,33.1685997229768,-72.4));
#8402=CARTESIAN_POINT('Origin',(-56.1999999999998,33.1685997229768,-72.4));
#8403=CARTESIAN_POINT('',(-54.0999999999998,38.1685997229768,-72.4));
#8404=CARTESIAN_POINT('Origin',(-58.2207259421635,38.1685997229768,-75.9));
#8405=CARTESIAN_POINT('',(-58.2207259421635,33.1685997229768,-75.9));
#8406=CARTESIAN_POINT('',(-60.2414518843272,33.1685997229768,-72.4));
#8407=CARTESIAN_POINT('',(-58.7259074277044,33.1685997229768,-75.025));
#8408=CARTESIAN_POINT('',(-60.2414518843272,28.1685997229768,-72.4));
#8409=CARTESIAN_POINT('',(-60.2414518843272,38.1685997229768,-72.4));
#8410=CARTESIAN_POINT('',(-58.2207259421635,28.1685997229768,-75.9));
#8411=CARTESIAN_POINT('',(-60.2414518843272,28.1685997229768,-72.4));
#8412=CARTESIAN_POINT('',(-58.2207259421635,38.1685997229768,-75.9));
#8413=CARTESIAN_POINT('Origin',(-60.2414518843272,38.1685997229768,-72.4));
#8414=CARTESIAN_POINT('',(-58.2207259421635,33.1685997229768,-68.9));
#8415=CARTESIAN_POINT('',(-59.7362703987863,33.1685997229768,-71.525));
#8416=CARTESIAN_POINT('',(-58.2207259421635,28.1685997229768,-68.9));
#8417=CARTESIAN_POINT('',(-58.2207259421635,38.1685997229768,-68.9));
#8418=CARTESIAN_POINT('',(-58.2207259421635,28.1685997229768,-68.9));
#8419=CARTESIAN_POINT('Origin',(-58.2207259421635,38.1685997229768,-68.9));
#8420=CARTESIAN_POINT('',(14.8000000000002,33.1685997229768,-68.9));
#8421=CARTESIAN_POINT('',(-54.1792740578361,28.1685997229768,-68.9));
#8422=CARTESIAN_POINT('Origin',(19.8000000000002,38.1685997229768,46.3999999999999));
#8423=CARTESIAN_POINT('',(21.9000000000002,33.1685997229768,46.3999999999999));
#8424=CARTESIAN_POINT('Origin',(19.8000000000002,33.1685997229768,46.3999999999999));
#8425=CARTESIAN_POINT('',(21.9000000000002,38.1685997229768,46.3999999999999));
#8426=CARTESIAN_POINT('Origin',(17.7792740578365,38.1685997229768,49.8999999999999));
#8427=CARTESIAN_POINT('',(21.8207259421639,33.1685997229768,49.8999999999999));
#8428=CARTESIAN_POINT('',(18.7896370289184,33.1685997229768,49.8999999999999));
#8429=CARTESIAN_POINT('',(21.8207259421639,28.1685997229768,49.8999999999999));
#8430=CARTESIAN_POINT('',(21.8207259421639,38.1685997229768,49.8999999999999));
#8431=CARTESIAN_POINT('',(-15.6999999999998,28.1685997229768,49.8999999999999));
#8432=CARTESIAN_POINT('Origin',(19.8000000000002,38.1685997229768,-72.4));
#8433=CARTESIAN_POINT('',(21.9000000000002,33.1685997229768,-72.4));
#8434=CARTESIAN_POINT('Origin',(19.8000000000002,33.1685997229768,-72.4));
#8435=CARTESIAN_POINT('',(21.9000000000002,38.1685997229768,-72.4));
#8436=CARTESIAN_POINT('Origin',(21.8207259421639,38.1685997229768,-68.9));
#8437=CARTESIAN_POINT('',(21.8207259421639,33.1685997229768,-68.9));
#8438=CARTESIAN_POINT('',(23.8414518843276,33.1685997229768,-72.4));
#8439=CARTESIAN_POINT('',(22.3259074277048,33.1685997229768,-69.775));
#8440=CARTESIAN_POINT('',(23.8414518843276,28.1685997229768,-72.4));
#8441=CARTESIAN_POINT('',(23.8414518843276,38.1685997229768,-72.4));
#8442=CARTESIAN_POINT('',(21.8207259421639,28.1685997229768,-68.9));
#8443=CARTESIAN_POINT('',(21.8207259421639,28.1685997229768,-68.9));
#8444=CARTESIAN_POINT('',(21.8207259421639,38.1685997229768,-68.9));
#8445=CARTESIAN_POINT('Origin',(23.8414518843276,38.1685997229768,-72.4));
#8446=CARTESIAN_POINT('',(21.8207259421639,33.1685997229768,-75.9));
#8447=CARTESIAN_POINT('',(23.3362703987867,33.1685997229768,-73.275));
#8448=CARTESIAN_POINT('',(21.8207259421639,28.1685997229768,-75.9));
#8449=CARTESIAN_POINT('',(21.8207259421639,38.1685997229768,-75.9));
#8450=CARTESIAN_POINT('',(23.8414518843276,28.1685997229768,-72.4));
#8451=CARTESIAN_POINT('Origin',(21.8207259421639,38.1685997229768,-75.9));
#8452=CARTESIAN_POINT('',(14.8000000000002,33.1685997229768,-75.9));
#8453=CARTESIAN_POINT('',(21.8207259421639,28.1685997229768,-75.9));
#8454=CARTESIAN_POINT('Origin',(-56.1999999999998,38.1685997229768,46.3999999999999));
#8455=CARTESIAN_POINT('',(-54.0999999999998,33.1685997229768,46.3999999999999));
#8456=CARTESIAN_POINT('Origin',(-56.1999999999998,33.1685997229768,46.3999999999999));
#8457=CARTESIAN_POINT('',(-54.0999999999998,38.1685997229768,46.3999999999999));
#8458=CARTESIAN_POINT('Origin',(-58.2207259421635,38.1685997229768,42.8999999999999));
#8459=CARTESIAN_POINT('',(-58.2207259421635,33.1685997229768,42.8999999999999));
#8460=CARTESIAN_POINT('',(-60.2414518843272,33.1685997229768,46.3999999999999));
#8461=CARTESIAN_POINT('',(-58.7259074277044,33.1685997229768,43.7749999999999));
#8462=CARTESIAN_POINT('',(-60.2414518843272,28.1685997229768,46.3999999999999));
#8463=CARTESIAN_POINT('',(-60.2414518843272,38.1685997229768,46.3999999999999));
#8464=CARTESIAN_POINT('',(-58.2207259421635,28.1685997229768,42.8999999999999));
#8465=CARTESIAN_POINT('',(-58.2207259421635,28.1685997229768,42.8999999999999));
#8466=CARTESIAN_POINT('',(-58.2207259421635,38.1685997229768,42.8999999999999));
#8467=CARTESIAN_POINT('Origin',(-60.2414518843272,38.1685997229768,46.3999999999999));
#8468=CARTESIAN_POINT('',(-58.2207259421635,33.1685997229768,49.8999999999999));
#8469=CARTESIAN_POINT('',(-59.7362703987863,33.1685997229768,47.2749999999999));
#8470=CARTESIAN_POINT('',(-58.2207259421635,28.1685997229768,49.8999999999999));
#8471=CARTESIAN_POINT('',(-58.2207259421635,38.1685997229768,49.8999999999999));
#8472=CARTESIAN_POINT('',(-60.2414518843272,28.1685997229768,46.3999999999999));
#8473=CARTESIAN_POINT('Origin',(-58.2207259421635,38.1685997229768,49.8999999999999));
#8474=CARTESIAN_POINT('',(-51.1999999999998,33.1685997229768,49.8999999999999));
#8475=CARTESIAN_POINT('',(-51.1999999999998,33.1685997229768,49.8999999999999));
#8476=CARTESIAN_POINT('',(-51.1999999999998,28.1685997229768,49.8999999999999));
#8477=CARTESIAN_POINT('',(-51.1999999999998,35.6685997229768,49.8999999999999));
#8478=CARTESIAN_POINT('',(-58.2207259421635,28.1685997229768,49.8999999999999));
#8479=CARTESIAN_POINT('Origin',(19.8000000000002,28.1685997229768,46.3999999999999));
#8480=CARTESIAN_POINT('',(21.8207259421639,28.1685997229768,42.8999999999999));
#8481=CARTESIAN_POINT('',(17.7792740578365,28.1685997229768,42.8999999999999));
#8482=CARTESIAN_POINT('',(23.8414518843276,28.1685997229768,46.3999999999999));
#8483=CARTESIAN_POINT('',(23.8414518843276,28.1685997229768,46.3999999999999));
#8484=CARTESIAN_POINT('',(21.8207259421639,28.1685997229768,42.8999999999999));
#8485=CARTESIAN_POINT('Origin',(-56.1999999999998,28.1685997229768,46.3999999999999));
#8486=CARTESIAN_POINT('',(-51.1999999999998,28.1685997229768,42.8999999999999));
#8487=CARTESIAN_POINT('',(-51.1999999999998,28.1685997229768,51.3999999999999));
#8488=CARTESIAN_POINT('',(-53.6999999999998,28.1685997229768,42.8999999999999));
#8489=CARTESIAN_POINT('Origin',(19.8000000000002,28.1685997229768,-72.4));
#8490=CARTESIAN_POINT('',(17.7792740578365,28.1685997229768,-68.9));
#8491=CARTESIAN_POINT('Origin',(-56.1999999999998,28.1685997229768,-72.4));
#8492=CARTESIAN_POINT('',(-58.2207259421635,28.1685997229768,-75.9));
#8493=CARTESIAN_POINT('Origin',(-51.1999999999998,33.1685997229768,42.8999999999999));
#8494=CARTESIAN_POINT('',(21.8207259421639,33.1685997229768,42.8999999999999));
#8495=CARTESIAN_POINT('',(-51.1999999999998,33.1685997229768,42.8999999999999));
#8496=CARTESIAN_POINT('',(23.8414518843276,33.1685997229768,46.3999999999999));
#8497=CARTESIAN_POINT('',(23.3362703987867,33.1685997229768,45.5249999999999));
#8498=CARTESIAN_POINT('',(22.3259074277048,33.1685997229768,49.0249999999999));
#8499=CARTESIAN_POINT('Origin',(-51.1999999999998,33.1685997229768,42.8999999999999));
#8500=CARTESIAN_POINT('',(-51.1999999999998,33.1685997229768,42.8999999999999));
#8501=CARTESIAN_POINT('',(-51.1999999999998,33.1685997229768,42.1499999999999));
#8502=CARTESIAN_POINT('',(-55.189637028918,33.1685997229768,42.8999999999999));
#8503=CARTESIAN_POINT('Origin',(-54.1792740578361,38.1685997229768,42.8999999999999));
#8504=CARTESIAN_POINT('',(-51.1999999999998,33.1685997229768,42.8999999999999));
#8505=CARTESIAN_POINT('Origin',(14.8000000000002,33.1685997229768,-75.9));
#8506=CARTESIAN_POINT('',(18.7896370289184,33.1685997229768,-68.9));
#8507=CARTESIAN_POINT('Origin',(14.8000000000002,33.1685997229768,-75.9));
#8508=CARTESIAN_POINT('',(-55.189637028918,33.1685997229768,-75.9));
#8509=CARTESIAN_POINT('Origin',(-54.1792740578361,38.1685997229768,-75.9));
#8510=CARTESIAN_POINT('Origin',(-51.1999999999998,38.1685997229768,41.3999999999999));
#8511=CARTESIAN_POINT('Origin',(17.7792740578365,38.1685997229768,-68.9));
#8512=CARTESIAN_POINT('Origin',(21.8207259421639,38.1685997229768,42.8999999999999));
#8513=CARTESIAN_POINT('',(21.8207259421639,38.1685997229768,42.8999999999999));
#8514=CARTESIAN_POINT('Origin',(23.8414518843276,38.1685997229768,46.3999999999999));
#8515=CARTESIAN_POINT('',(23.8414518843276,38.1685997229768,46.3999999999999));
#8516=CARTESIAN_POINT('Origin',(21.8207259421639,38.1685997229768,49.8999999999999));
#8517=CARTESIAN_POINT('Origin',(-39.6999999999998,36.1685997229768,-4.00000000000011));
#8518=CARTESIAN_POINT('',(-64.1999999999998,36.1685997229768,-6.00000000000004));
#8519=CARTESIAN_POINT('Origin',(-64.1999999999996,36.1685997229768,-4.00000000000003));
#8520=CARTESIAN_POINT('',(-61.1999999999998,36.1685997229768,-6.00000000000004));
#8521=CARTESIAN_POINT('Origin',(-61.2,36.1685997229768,-4.00000000000004));
#8522=CARTESIAN_POINT('',(-39.6999999999998,36.1685997229768,-6.0000000000001));
#8523=CARTESIAN_POINT('Origin',(-64.1999999999998,-9.83140027702319,-80.4));
#8524=CARTESIAN_POINT('',(-64.1999999999998,-9.83140027702319,-72.4));
#8525=CARTESIAN_POINT('',(-64.1999999999998,-9.83140027702319,-72.4));
#8526=CARTESIAN_POINT('',(-64.1999999999998,-9.83140027702319,46.3999999999999));
#8527=CARTESIAN_POINT('',(-64.1999999999998,-9.83140027702319,-80.4));
#8528=CARTESIAN_POINT('',(-64.1999999999998,-9.83140027702319,46.3999999999999));
#8529=CARTESIAN_POINT('',(-64.1999999999998,35.1685997229768,-6.00000000000004));
#8530=CARTESIAN_POINT('',(-64.1999999999998,14.1685997229768,-6.00000000000004));
#8531=CARTESIAN_POINT('',(-64.1999999999998,33.1685997229768,-8.00000000000004));
#8532=CARTESIAN_POINT('Origin',(-64.1999999999996,35.1685997229768,-8.00000000000003));
#8533=CARTESIAN_POINT('',(-64.1999999999998,33.1685997229768,-18.));
#8534=CARTESIAN_POINT('',(-64.1999999999998,33.1685997229768,-46.7));
#8535=CARTESIAN_POINT('',(-64.1999999999998,35.1685997229768,-20.));
#8536=CARTESIAN_POINT('Origin',(-64.1999999999996,35.1685997229768,-18.));
#8537=CARTESIAN_POINT('',(-64.1999999999998,36.1685997229768,-20.));
#8538=CARTESIAN_POINT('',(-64.1999999999998,14.1685997229768,-20.));
#8539=CARTESIAN_POINT('Origin',(-64.1999999999996,36.1685997229768,-22.));
#8540=CARTESIAN_POINT('Origin',(-41.1999999999998,36.1685997229768,-22.0000000000001));
#8541=CARTESIAN_POINT('',(-61.1999999999998,36.1685997229768,-20.));
#8542=CARTESIAN_POINT('',(-41.1999999999998,36.1685997229768,-20.0000000000001));
#8543=CARTESIAN_POINT('Origin',(-61.2,36.1685997229768,-22.));
#8544=CARTESIAN_POINT('Origin',(-61.9499999999998,35.1685997229768,-8.00000000000004));
#8545=CARTESIAN_POINT('',(-61.1999999999998,35.1685997229768,-6.00000000000004));
#8546=CARTESIAN_POINT('',(-61.1999999999998,33.1685997229768,-8.00000000000004));
#8547=CARTESIAN_POINT('Origin',(-61.2,35.1685997229768,-8.00000000000004));
#8548=CARTESIAN_POINT('',(-61.9499999999998,33.1685997229768,-8.00000000000004));
#8549=CARTESIAN_POINT('',(-61.9499999999998,35.1685997229768,-6.00000000000004));
#8550=CARTESIAN_POINT('Origin',(-62.6999999999998,33.1685997229768,-13.));
#8551=CARTESIAN_POINT('',(-61.1999999999998,33.1685997229768,-18.));
#8552=CARTESIAN_POINT('',(-61.1999999999998,33.1685997229768,19.2));
#8553=CARTESIAN_POINT('',(-63.4499999999998,33.1685997229768,-18.));
#8554=CARTESIAN_POINT('Origin',(-63.4499999999998,35.1685997229768,-18.));
#8555=CARTESIAN_POINT('',(-61.1999999999998,35.1685997229768,-20.));
#8556=CARTESIAN_POINT('Origin',(-61.2,35.1685997229768,-18.));
#8557=CARTESIAN_POINT('',(-63.4499999999998,35.1685997229768,-20.));
#8558=CARTESIAN_POINT('Origin',(-64.1999999999998,38.1685997229768,-20.));
#8559=CARTESIAN_POINT('',(-61.1999999999998,14.1685997229768,-20.));
#8560=CARTESIAN_POINT('Origin',(-61.1999999999998,38.1685997229768,-6.00000000000004));
#8561=CARTESIAN_POINT('',(-61.1999999999998,14.1685997229768,-6.00000000000004));
#8562=CARTESIAN_POINT('Origin',(-48.5999999999998,-9.83140027702319,-3.00000000000004));
#8563=CARTESIAN_POINT('',(-48.5999999999998,-9.83140027702319,-23.));
#8564=CARTESIAN_POINT('',(-48.5999999999998,-9.83140027702319,-23.));
#8565=CARTESIAN_POINT('',(-48.5999999999998,-9.83140027702319,-3.00000000000004));
#8566=CARTESIAN_POINT('',(-48.5999999999998,-9.83140027702319,-8.00000000000004));
#8567=CARTESIAN_POINT('',(-48.5999999999998,-9.83140027702319,-3.00000000000004));
#8568=CARTESIAN_POINT('Origin',(-54.5999999999998,-9.83140027702319,-3.00000000000004));
#8569=CARTESIAN_POINT('',(-54.5999999999998,-9.83140027702319,-3.00000000000004));
#8570=CARTESIAN_POINT('',(-36.3999999999998,-9.83140027702319,-3.00000000000004));
#8571=CARTESIAN_POINT('',(-54.5999999999998,-9.83140027702319,-3.00000000000004));
#8572=CARTESIAN_POINT('Origin',(-54.5999999999998,-9.83140027702319,-23.));
#8573=CARTESIAN_POINT('',(-54.5999999999998,-9.83140027702319,-23.));
#8574=CARTESIAN_POINT('',(-54.5999999999998,-9.83140027702319,-18.));
#8575=CARTESIAN_POINT('',(-54.5999999999998,-9.83140027702319,-23.));
#8576=CARTESIAN_POINT('Origin',(-48.5999999999998,-9.83140027702319,-23.));
#8577=CARTESIAN_POINT('',(-33.3999999999998,-9.83140027702319,-23.));
#8578=CARTESIAN_POINT('Origin',(-44.6414518843272,-6.83140027702319,-54.5901070267207));
#8579=CARTESIAN_POINT('',(-42.6207259421635,-6.83140027702319,-58.0901070267207));
#8580=CARTESIAN_POINT('',(-44.6414518843272,-6.83140027702319,-54.5901070267207));
#8581=CARTESIAN_POINT('',(-50.3407927065997,-6.83140027702319,-44.7185591528933));
#8582=CARTESIAN_POINT('',(-42.6207259421635,-2.83140027702319,-58.0901070267207));
#8583=CARTESIAN_POINT('',(-42.6207259421635,-6.83140027702319,-58.0901070267207));
#8584=CARTESIAN_POINT('',(-44.6414518843272,-2.83140027702319,-54.5901070267207));
#8585=CARTESIAN_POINT('',(-42.6207259421635,-2.83140027702319,-58.0901070267207));
#8586=CARTESIAN_POINT('',(-44.6414518843272,-6.83140027702319,-54.5901070267207));
#8587=CARTESIAN_POINT('Origin',(-42.6207259421635,-6.83140027702319,-51.0901070267207));
#8588=CARTESIAN_POINT('',(-42.6207259421635,-6.83140027702319,-51.0901070267207));
#8589=CARTESIAN_POINT('',(-31.321385119891,-6.83140027702319,-31.5190746305076));
#8590=CARTESIAN_POINT('',(-42.6207259421635,-2.83140027702319,-51.0901070267207));
#8591=CARTESIAN_POINT('',(-44.6414518843272,-2.83140027702319,-54.5901070267207));
#8592=CARTESIAN_POINT('',(-42.6207259421635,-6.83140027702319,-51.0901070267207));
#8593=CARTESIAN_POINT('Origin',(-38.5792740578361,-6.83140027702319,-51.0901070267207));
#8594=CARTESIAN_POINT('',(-38.5792740578361,-6.83140027702319,-51.0901070267207));
#8595=CARTESIAN_POINT('',(-28.389637028918,-6.83140027702319,-51.0901070267207));
#8596=CARTESIAN_POINT('',(-38.5792740578361,-2.83140027702319,-51.0901070267207));
#8597=CARTESIAN_POINT('',(-42.6207259421635,-2.83140027702319,-51.0901070267207));
#8598=CARTESIAN_POINT('',(-38.5792740578361,-6.83140027702319,-51.0901070267207));
#8599=CARTESIAN_POINT('Origin',(-36.5585481156724,-6.83140027702319,-54.5901070267207));
#8600=CARTESIAN_POINT('',(-36.5585481156724,-6.83140027702319,-54.5901070267207));
#8601=CARTESIAN_POINT('',(-43.2682519090268,-6.83140027702319,-42.9685591528933));
#8602=CARTESIAN_POINT('',(-36.5585481156724,-2.83140027702319,-54.5901070267207));
#8603=CARTESIAN_POINT('',(-38.5792740578361,-2.83140027702319,-51.0901070267207));
#8604=CARTESIAN_POINT('',(-36.5585481156724,-6.83140027702319,-54.5901070267207));
#8605=CARTESIAN_POINT('Origin',(-38.5792740578361,-6.83140027702319,-58.0901070267207));
#8606=CARTESIAN_POINT('',(-38.5792740578361,-6.83140027702319,-58.0901070267207));
#8607=CARTESIAN_POINT('',(-26.2695702644817,-6.83140027702319,-36.7690746305076));
#8608=CARTESIAN_POINT('',(-38.5792740578361,-2.83140027702319,-58.0901070267207));
#8609=CARTESIAN_POINT('',(-36.5585481156724,-2.83140027702319,-54.5901070267207));
#8610=CARTESIAN_POINT('',(-38.5792740578361,-6.83140027702319,-58.0901070267207));
#8611=CARTESIAN_POINT('Origin',(-42.6207259421635,-6.83140027702319,-58.0901070267207));
#8612=CARTESIAN_POINT('',(-30.4103629710816,-6.83140027702319,-58.0901070267207));
#8613=CARTESIAN_POINT('',(-38.5792740578361,-2.83140027702319,-58.0901070267207));
#8614=CARTESIAN_POINT('Origin',(-34.5999999999998,-6.83140027702319,-60.5901070267207));
#8615=CARTESIAN_POINT('',(-46.5999999999998,-2.83140027702319,-60.5901070267207));
#8616=CARTESIAN_POINT('',(-46.5999999999998,-6.83140027702319,-60.5901070267207));
#8617=CARTESIAN_POINT('',(-34.5999999999998,-2.83140027702319,-60.5901070267207));
#8618=CARTESIAN_POINT('',(-34.5999999999998,-2.83140027702319,-60.5901070267207));
#8619=CARTESIAN_POINT('',(-34.5999999999998,-6.83140027702319,-60.5901070267207));
#8620=CARTESIAN_POINT('Origin',(-34.5999999999998,-6.83140027702319,-48.5901070267207));
#8621=CARTESIAN_POINT('',(-34.5999999999998,-2.83140027702319,-48.5901070267207));
#8622=CARTESIAN_POINT('',(-34.5999999999998,-2.83140027702319,-48.5901070267207));
#8623=CARTESIAN_POINT('',(-34.5999999999998,-6.83140027702319,-48.5901070267207));
#8624=CARTESIAN_POINT('Origin',(-46.5999999999998,-6.83140027702319,-48.5901070267207));
#8625=CARTESIAN_POINT('',(-46.5999999999998,-2.83140027702319,-48.5901070267207));
#8626=CARTESIAN_POINT('',(-46.5999999999998,-2.83140027702319,-48.5901070267207));
#8627=CARTESIAN_POINT('',(-46.5999999999998,-6.83140027702319,-48.5901070267207));
#8628=CARTESIAN_POINT('Origin',(-46.5999999999998,-6.83140027702319,-60.5901070267207));
#8629=CARTESIAN_POINT('',(-46.5999999999998,-2.83140027702319,-60.5901070267207));
#8630=CARTESIAN_POINT('Origin',(-40.5999999999998,-2.83140027702319,-54.5901070267207));
#8631=CARTESIAN_POINT('Origin',(0.158548115672816,-6.83140027702319,28.5901070267206));
#8632=CARTESIAN_POINT('',(2.17927405783651,-6.83140027702319,25.0901070267206));
#8633=CARTESIAN_POINT('',(0.158548115672816,-6.83140027702319,28.5901070267206));
#8634=CARTESIAN_POINT('',(6.86825190902718,-6.83140027702319,16.9685591528932));
#8635=CARTESIAN_POINT('',(2.17927405783651,-2.83140027702319,25.0901070267206));
#8636=CARTESIAN_POINT('',(2.17927405783651,-6.83140027702319,25.0901070267206));
#8637=CARTESIAN_POINT('',(0.158548115672816,-2.83140027702319,28.5901070267206));
#8638=CARTESIAN_POINT('',(2.17927405783651,-2.83140027702319,25.0901070267206));
#8639=CARTESIAN_POINT('',(0.158548115672816,-6.83140027702319,28.5901070267206));
#8640=CARTESIAN_POINT('Origin',(2.17927405783651,-6.83140027702319,32.0901070267206));
#8641=CARTESIAN_POINT('',(2.17927405783651,-6.83140027702319,32.0901070267206));
#8642=CARTESIAN_POINT('',(-10.1304297355179,-6.83140027702319,10.7690746305075));
#8643=CARTESIAN_POINT('',(2.17927405783651,-2.83140027702319,32.0901070267206));
#8644=CARTESIAN_POINT('',(0.158548115672816,-2.83140027702319,28.5901070267206));
#8645=CARTESIAN_POINT('',(2.17927405783651,-6.83140027702319,32.0901070267206));
#8646=CARTESIAN_POINT('Origin',(6.22072594216389,-6.83140027702319,32.0901070267206));
#8647=CARTESIAN_POINT('',(6.22072594216389,-6.83140027702319,32.0901070267206));
#8648=CARTESIAN_POINT('',(-5.98963702891796,-6.83140027702319,32.0901070267206));
#8649=CARTESIAN_POINT('',(6.22072594216389,-2.83140027702319,32.0901070267206));
#8650=CARTESIAN_POINT('',(2.17927405783651,-2.83140027702319,32.0901070267206));
#8651=CARTESIAN_POINT('',(6.22072594216389,-6.83140027702319,32.0901070267206));
#8652=CARTESIAN_POINT('Origin',(8.24145188432758,-6.83140027702319,28.5901070267206));
#8653=CARTESIAN_POINT('',(8.24145188432758,-6.83140027702319,28.5901070267206));
#8654=CARTESIAN_POINT('',(13.9407927066001,-6.83140027702319,18.7185591528932));
#8655=CARTESIAN_POINT('',(8.24145188432758,-2.83140027702319,28.5901070267206));
#8656=CARTESIAN_POINT('',(6.22072594216389,-2.83140027702319,32.0901070267206));
#8657=CARTESIAN_POINT('',(8.24145188432758,-6.83140027702319,28.5901070267206));
#8658=CARTESIAN_POINT('Origin',(6.22072594216389,-6.83140027702319,25.0901070267206));
#8659=CARTESIAN_POINT('',(6.22072594216389,-6.83140027702319,25.0901070267206));
#8660=CARTESIAN_POINT('',(-5.07861488010862,-6.83140027702319,5.51907463050749));
#8661=CARTESIAN_POINT('',(6.22072594216389,-2.83140027702319,25.0901070267206));
#8662=CARTESIAN_POINT('',(8.24145188432758,-2.83140027702319,28.5901070267206));
#8663=CARTESIAN_POINT('',(6.22072594216389,-6.83140027702319,25.0901070267206));
#8664=CARTESIAN_POINT('Origin',(2.17927405783651,-6.83140027702319,25.0901070267206));
#8665=CARTESIAN_POINT('',(-8.01036297108165,-6.83140027702319,25.0901070267206));
#8666=CARTESIAN_POINT('',(6.22072594216389,-2.83140027702319,25.0901070267206));
#8667=CARTESIAN_POINT('Origin',(10.2000000000002,-6.83140027702319,22.5901070267206));
#8668=CARTESIAN_POINT('',(-1.7999999999998,-2.83140027702319,22.5901070267206));
#8669=CARTESIAN_POINT('',(-1.7999999999998,-6.83140027702319,22.5901070267206));
#8670=CARTESIAN_POINT('',(10.2000000000002,-2.83140027702319,22.5901070267206));
#8671=CARTESIAN_POINT('',(10.2000000000002,-2.83140027702319,22.5901070267206));
#8672=CARTESIAN_POINT('',(10.2000000000002,-6.83140027702319,22.5901070267206));
#8673=CARTESIAN_POINT('Origin',(10.2000000000002,-6.83140027702319,34.5901070267206));
#8674=CARTESIAN_POINT('',(10.2000000000002,-2.83140027702319,34.5901070267206));
#8675=CARTESIAN_POINT('',(10.2000000000002,-2.83140027702319,34.5901070267206));
#8676=CARTESIAN_POINT('',(10.2000000000002,-6.83140027702319,34.5901070267206));
#8677=CARTESIAN_POINT('Origin',(-1.7999999999998,-6.83140027702319,34.5901070267206));
#8678=CARTESIAN_POINT('',(-1.7999999999998,-2.83140027702319,34.5901070267206));
#8679=CARTESIAN_POINT('',(-1.7999999999998,-2.83140027702319,34.5901070267206));
#8680=CARTESIAN_POINT('',(-1.7999999999998,-6.83140027702319,34.5901070267206));
#8681=CARTESIAN_POINT('Origin',(-1.7999999999998,-6.83140027702319,22.5901070267206));
#8682=CARTESIAN_POINT('',(-1.7999999999998,-2.83140027702319,22.5901070267206));
#8683=CARTESIAN_POINT('Origin',(4.2000000000002,-2.83140027702319,28.5901070267206));
#8684=CARTESIAN_POINT('Origin',(-18.1999999999998,-6.83140027702319,-13.));
#8685=CARTESIAN_POINT('',(-38.4999999999998,-6.83140027702319,-54.5901070267207));
#8686=CARTESIAN_POINT('Origin',(-40.5999999999998,-6.83140027702319,-54.5901070267207));
#8687=CARTESIAN_POINT('Origin',(0.158548115672821,-6.83140027702319,-54.5901070267207));
#8688=CARTESIAN_POINT('',(2.17927405783651,-6.83140027702319,-58.0901070267207));
#8689=CARTESIAN_POINT('',(0.158548115672821,-6.83140027702319,-54.5901070267207));
#8690=CARTESIAN_POINT('',(-11.1407927065997,-6.83140027702319,-35.0190746305076));
#8691=CARTESIAN_POINT('',(2.17927405783651,-2.83140027702319,-58.0901070267207));
#8692=CARTESIAN_POINT('',(2.17927405783651,-6.83140027702319,-58.0901070267207));
#8693=CARTESIAN_POINT('',(0.158548115672821,-2.83140027702319,-54.5901070267207));
#8694=CARTESIAN_POINT('',(2.17927405783651,-2.83140027702319,-58.0901070267207));
#8695=CARTESIAN_POINT('',(0.158548115672821,-6.83140027702319,-54.5901070267207));
#8696=CARTESIAN_POINT('Origin',(2.17927405783651,-6.83140027702319,-51.0901070267207));
#8697=CARTESIAN_POINT('',(2.17927405783651,-6.83140027702319,-51.0901070267207));
#8698=CARTESIAN_POINT('',(7.87861488010902,-6.83140027702319,-41.2185591528933));
#8699=CARTESIAN_POINT('',(2.17927405783651,-2.83140027702319,-51.0901070267207));
#8700=CARTESIAN_POINT('',(0.158548115672821,-2.83140027702319,-54.5901070267207));
#8701=CARTESIAN_POINT('',(2.17927405783651,-6.83140027702319,-51.0901070267207));
#8702=CARTESIAN_POINT('Origin',(6.22072594216388,-6.83140027702319,-51.0901070267207));
#8703=CARTESIAN_POINT('',(6.22072594216388,-6.83140027702319,-51.0901070267207));
#8704=CARTESIAN_POINT('',(-5.98963702891796,-6.83140027702319,-51.0901070267207));
#8705=CARTESIAN_POINT('',(6.22072594216388,-2.83140027702319,-51.0901070267207));
#8706=CARTESIAN_POINT('',(2.17927405783651,-2.83140027702319,-51.0901070267207));
#8707=CARTESIAN_POINT('',(6.22072594216388,-6.83140027702319,-51.0901070267207));
#8708=CARTESIAN_POINT('Origin',(8.24145188432757,-6.83140027702319,-54.5901070267207));
#8709=CARTESIAN_POINT('',(8.24145188432757,-6.83140027702319,-54.5901070267207));
#8710=CARTESIAN_POINT('',(-4.06825190902678,-6.83140027702319,-33.2690746305076));
#8711=CARTESIAN_POINT('',(8.24145188432757,-2.83140027702319,-54.5901070267207));
#8712=CARTESIAN_POINT('',(6.22072594216388,-2.83140027702319,-51.0901070267207));
#8713=CARTESIAN_POINT('',(8.24145188432757,-6.83140027702319,-54.5901070267207));
#8714=CARTESIAN_POINT('Origin',(6.22072594216388,-6.83140027702319,-58.0901070267207));
#8715=CARTESIAN_POINT('',(6.22072594216388,-6.83140027702319,-58.0901070267207));
#8716=CARTESIAN_POINT('',(12.9304297355182,-6.83140027702319,-46.4685591528933));
#8717=CARTESIAN_POINT('',(6.22072594216388,-2.83140027702319,-58.0901070267207));
#8718=CARTESIAN_POINT('',(8.24145188432757,-2.83140027702319,-54.5901070267207));
#8719=CARTESIAN_POINT('',(6.22072594216388,-6.83140027702319,-58.0901070267207));
#8720=CARTESIAN_POINT('Origin',(2.17927405783651,-6.83140027702319,-58.0901070267207));
#8721=CARTESIAN_POINT('',(-8.01036297108164,-6.83140027702319,-58.0901070267207));
#8722=CARTESIAN_POINT('',(6.22072594216388,-2.83140027702319,-58.0901070267207));
#8723=CARTESIAN_POINT('Origin',(10.2000000000002,-6.83140027702319,-60.5901070267207));
#8724=CARTESIAN_POINT('',(-1.79999999999981,-2.83140027702319,-60.5901070267207));
#8725=CARTESIAN_POINT('',(-1.79999999999981,-6.83140027702319,-60.5901070267207));
#8726=CARTESIAN_POINT('',(10.2000000000002,-2.83140027702319,-60.5901070267207));
#8727=CARTESIAN_POINT('',(10.2000000000002,-2.83140027702319,-60.5901070267207));
#8728=CARTESIAN_POINT('',(10.2000000000002,-6.83140027702319,-60.5901070267207));
#8729=CARTESIAN_POINT('Origin',(10.2000000000002,-6.83140027702319,-48.5901070267207));
#8730=CARTESIAN_POINT('',(10.2000000000002,-2.83140027702319,-48.5901070267207));
#8731=CARTESIAN_POINT('',(10.2000000000002,-2.83140027702319,-48.5901070267207));
#8732=CARTESIAN_POINT('',(10.2000000000002,-6.83140027702319,-48.5901070267207));
#8733=CARTESIAN_POINT('Origin',(-1.79999999999981,-6.83140027702319,-48.5901070267207));
#8734=CARTESIAN_POINT('',(-1.79999999999981,-2.83140027702319,-48.5901070267207));
#8735=CARTESIAN_POINT('',(-1.79999999999981,-2.83140027702319,-48.5901070267207));
#8736=CARTESIAN_POINT('',(-1.79999999999981,-6.83140027702319,-48.5901070267207));
#8737=CARTESIAN_POINT('Origin',(-1.79999999999981,-6.83140027702319,-60.5901070267207));
#8738=CARTESIAN_POINT('',(-1.79999999999981,-2.83140027702319,-60.5901070267207));
#8739=CARTESIAN_POINT('Origin',(4.2000000000002,-2.83140027702319,-54.5901070267207));
#8740=CARTESIAN_POINT('Origin',(-18.1999999999998,-6.83140027702319,-13.));
#8741=CARTESIAN_POINT('',(6.30000000000019,-6.83140027702319,28.5901070267206));
#8742=CARTESIAN_POINT('Origin',(4.2000000000002,-6.83140027702319,28.5901070267206));
#8743=CARTESIAN_POINT('Origin',(-44.6414518843272,-6.83140027702319,28.5901070267206));
#8744=CARTESIAN_POINT('',(-42.6207259421635,-6.83140027702319,25.0901070267206));
#8745=CARTESIAN_POINT('',(-44.6414518843272,-6.83140027702319,28.5901070267206));
#8746=CARTESIAN_POINT('',(-32.3317480909728,-6.83140027702319,7.26907463050749));
#8747=CARTESIAN_POINT('',(-42.6207259421635,-2.83140027702319,25.0901070267206));
#8748=CARTESIAN_POINT('',(-42.6207259421635,-6.83140027702319,25.0901070267206));
#8749=CARTESIAN_POINT('',(-44.6414518843272,-2.83140027702319,28.5901070267206));
#8750=CARTESIAN_POINT('',(-42.6207259421635,-2.83140027702319,25.0901070267206));
#8751=CARTESIAN_POINT('',(-44.6414518843272,-6.83140027702319,28.5901070267206));
#8752=CARTESIAN_POINT('Origin',(-42.6207259421635,-6.83140027702319,32.0901070267206));
#8753=CARTESIAN_POINT('',(-42.6207259421635,-6.83140027702319,32.0901070267206));
#8754=CARTESIAN_POINT('',(-49.3304297355178,-6.83140027702319,20.4685591528931));
#8755=CARTESIAN_POINT('',(-42.6207259421635,-2.83140027702319,32.0901070267206));
#8756=CARTESIAN_POINT('',(-44.6414518843272,-2.83140027702319,28.5901070267206));
#8757=CARTESIAN_POINT('',(-42.6207259421635,-6.83140027702319,32.0901070267206));
#8758=CARTESIAN_POINT('Origin',(-38.5792740578361,-6.83140027702319,32.0901070267206));
#8759=CARTESIAN_POINT('',(-38.5792740578361,-6.83140027702319,32.0901070267206));
#8760=CARTESIAN_POINT('',(-28.389637028918,-6.83140027702319,32.0901070267206));
#8761=CARTESIAN_POINT('',(-38.5792740578361,-2.83140027702319,32.0901070267206));
#8762=CARTESIAN_POINT('',(-42.6207259421635,-2.83140027702319,32.0901070267206));
#8763=CARTESIAN_POINT('',(-38.5792740578361,-6.83140027702319,32.0901070267206));
#8764=CARTESIAN_POINT('Origin',(-36.5585481156724,-6.83140027702319,28.5901070267206));
#8765=CARTESIAN_POINT('',(-36.5585481156724,-6.83140027702319,28.5901070267206));
#8766=CARTESIAN_POINT('',(-25.2592072933999,-6.83140027702319,9.01907463050753));
#8767=CARTESIAN_POINT('',(-36.5585481156724,-2.83140027702319,28.5901070267206));
#8768=CARTESIAN_POINT('',(-38.5792740578361,-2.83140027702319,32.0901070267206));
#8769=CARTESIAN_POINT('',(-36.5585481156724,-6.83140027702319,28.5901070267206));
#8770=CARTESIAN_POINT('Origin',(-38.5792740578361,-6.83140027702319,25.0901070267206));
#8771=CARTESIAN_POINT('',(-38.5792740578361,-6.83140027702319,25.0901070267206));
#8772=CARTESIAN_POINT('',(-44.2786148801086,-6.83140027702319,15.2185591528932));
#8773=CARTESIAN_POINT('',(-38.5792740578361,-2.83140027702319,25.0901070267206));
#8774=CARTESIAN_POINT('',(-36.5585481156724,-2.83140027702319,28.5901070267206));
#8775=CARTESIAN_POINT('',(-38.5792740578361,-6.83140027702319,25.0901070267206));
#8776=CARTESIAN_POINT('Origin',(-42.6207259421635,-6.83140027702319,25.0901070267206));
#8777=CARTESIAN_POINT('',(-30.4103629710817,-6.83140027702319,25.0901070267206));
#8778=CARTESIAN_POINT('',(-38.5792740578361,-2.83140027702319,25.0901070267206));
#8779=CARTESIAN_POINT('Origin',(-34.5999999999998,-6.83140027702319,22.5901070267206));
#8780=CARTESIAN_POINT('',(-46.5999999999998,-2.83140027702319,22.5901070267206));
#8781=CARTESIAN_POINT('',(-46.5999999999998,-6.83140027702319,22.5901070267206));
#8782=CARTESIAN_POINT('',(-34.5999999999998,-2.83140027702319,22.5901070267206));
#8783=CARTESIAN_POINT('',(-34.5999999999998,-2.83140027702319,22.5901070267206));
#8784=CARTESIAN_POINT('',(-34.5999999999998,-6.83140027702319,22.5901070267206));
#8785=CARTESIAN_POINT('Origin',(-34.5999999999998,-6.83140027702319,34.5901070267206));
#8786=CARTESIAN_POINT('',(-34.5999999999998,-2.83140027702319,34.5901070267206));
#8787=CARTESIAN_POINT('',(-34.5999999999998,-2.83140027702319,34.5901070267206));
#8788=CARTESIAN_POINT('',(-34.5999999999998,-6.83140027702319,34.5901070267206));
#8789=CARTESIAN_POINT('Origin',(-46.5999999999998,-6.83140027702319,34.5901070267206));
#8790=CARTESIAN_POINT('',(-46.5999999999998,-2.83140027702319,34.5901070267206));
#8791=CARTESIAN_POINT('',(-46.5999999999998,-2.83140027702319,34.5901070267206));
#8792=CARTESIAN_POINT('',(-46.5999999999998,-6.83140027702319,34.5901070267206));
#8793=CARTESIAN_POINT('Origin',(-46.5999999999998,-6.83140027702319,22.5901070267206));
#8794=CARTESIAN_POINT('',(-46.5999999999998,-2.83140027702319,22.5901070267206));
#8795=CARTESIAN_POINT('Origin',(-40.5999999999998,-2.83140027702319,28.5901070267206));
#8796=CARTESIAN_POINT('Origin',(-18.1999999999998,-6.83140027702319,-13.));
#8797=CARTESIAN_POINT('',(6.30000000000019,-6.83140027702319,-54.5901070267207));
#8798=CARTESIAN_POINT('Origin',(4.2000000000002,-6.83140027702319,-54.5901070267207));
#8799=CARTESIAN_POINT('Origin',(4.2000000000002,-9.83140027702319,28.5901070267206));
#8800=CARTESIAN_POINT('',(6.3000000000002,-9.83140027702319,28.5901070267206));
#8801=CARTESIAN_POINT('',(6.3000000000002,-9.83140027702319,28.5901070267206));
#8802=CARTESIAN_POINT('Origin',(4.2000000000002,-9.83140027702319,28.5901070267206));
#8803=CARTESIAN_POINT('Origin',(4.2000000000002,-9.83140027702319,-54.5901070267207));
#8804=CARTESIAN_POINT('',(6.3000000000002,-9.83140027702319,-54.5901070267207));
#8805=CARTESIAN_POINT('',(6.3000000000002,-9.83140027702319,-54.5901070267207));
#8806=CARTESIAN_POINT('Origin',(4.2000000000002,-9.83140027702319,-54.5901070267207));
#8807=CARTESIAN_POINT('Origin',(-40.5999999999998,-9.83140027702319,28.5901070267206));
#8808=CARTESIAN_POINT('',(-38.4999999999998,-6.83140027702319,28.5901070267206));
#8809=CARTESIAN_POINT('Origin',(-40.5999999999998,-6.83140027702319,28.5901070267206));
#8810=CARTESIAN_POINT('',(-38.4999999999998,-9.83140027702319,28.5901070267206));
#8811=CARTESIAN_POINT('',(-38.4999999999998,-9.83140027702319,28.5901070267206));
#8812=CARTESIAN_POINT('Origin',(-40.5999999999998,-9.83140027702319,28.5901070267206));
#8813=CARTESIAN_POINT('Origin',(-40.5999999999998,-9.83140027702319,-54.5901070267207));
#8814=CARTESIAN_POINT('',(-38.4999999999998,-9.83140027702319,-54.5901070267207));
#8815=CARTESIAN_POINT('',(-38.4999999999998,-9.83140027702319,-54.5901070267207));
#8816=CARTESIAN_POINT('Origin',(-40.5999999999998,-9.83140027702319,-54.5901070267207));
#8817=CARTESIAN_POINT('Origin',(-18.1999999999998,-6.83140027702319,-13.));
#8818=CARTESIAN_POINT('Origin',(-61.1999999999998,-9.83140027702319,51.3999999999999));
#8819=CARTESIAN_POINT('Origin',(19.8000000000002,-9.83140027702319,-72.4));
#8820=CARTESIAN_POINT('Origin',(19.8000000000002,-9.83140027702319,-72.4));
#8821=CARTESIAN_POINT('Origin',(27.8000000000002,-9.83140027702319,-80.4));
#8822=CARTESIAN_POINT('',(-56.1999999999998,-9.83140027702319,-80.4));
#8823=CARTESIAN_POINT('',(27.8000000000002,-9.83140027702319,-80.4));
#8824=CARTESIAN_POINT('',(-56.1999999999998,-9.83140027702319,-80.4));
#8825=CARTESIAN_POINT('Origin',(-18.1999999999998,-9.83140027702319,-13.));
#8826=CARTESIAN_POINT('Origin',(19.8000000000002,-9.83140027702319,46.3999999999999));
#8827=CARTESIAN_POINT('Origin',(-56.1999999999998,-9.83140027702319,46.3999999999999));
#8828=CARTESIAN_POINT('Origin',(-56.1999999999998,-9.83140027702319,-72.4));
#8829=CARTESIAN_POINT('Origin',(-56.1999999999998,-9.83140027702319,-72.4));
#8830=CARTESIAN_POINT('Origin',(-56.1999999999998,-9.83140027702319,46.3999999999999));
#8831=CARTESIAN_POINT('Origin',(19.8000000000002,-9.83140027702319,46.3999999999999));
#8832=UNCERTAINTY_MEASURE_WITH_UNIT(LENGTH_MEASURE(0.01),#8836,
'DISTANCE_ACCURACY_VALUE',
'Maximum model space distance between geometric entities at asserted c
onnectivities');
#8833=UNCERTAINTY_MEASURE_WITH_UNIT(LENGTH_MEASURE(0.01),#8836,
'DISTANCE_ACCURACY_VALUE',
'Maximum model space distance between geometric entities at asserted c
onnectivities');
#8834=(
GEOMETRIC_REPRESENTATION_CONTEXT(3)
GLOBAL_UNCERTAINTY_ASSIGNED_CONTEXT((#8832))
GLOBAL_UNIT_ASSIGNED_CONTEXT((#8836,#8838,#8839))
REPRESENTATION_CONTEXT('','3D')
);
#8835=(
GEOMETRIC_REPRESENTATION_CONTEXT(3)
GLOBAL_UNCERTAINTY_ASSIGNED_CONTEXT((#8833))
GLOBAL_UNIT_ASSIGNED_CONTEXT((#8836,#8838,#8839))
REPRESENTATION_CONTEXT('','3D')
);
#8836=(
LENGTH_UNIT()
NAMED_UNIT(*)
SI_UNIT(.MILLI.,.METRE.)
);
#8837=(
LENGTH_UNIT()
NAMED_UNIT(*)
SI_UNIT($,.METRE.)
);
#8838=(
NAMED_UNIT(*)
PLANE_ANGLE_UNIT()
SI_UNIT($,.RADIAN.)
);
#8839=(
NAMED_UNIT(*)
SI_UNIT($,.STERADIAN.)
SOLID_ANGLE_UNIT()
);
#8840=SHAPE_DEFINITION_REPRESENTATION(#8841,#8842);
#8841=PRODUCT_DEFINITION_SHAPE('',$,#8844);
#8842=SHAPE_REPRESENTATION('',(#5070),#8834);
#8843=PRODUCT_DEFINITION_CONTEXT('part definition',#8848,'design');
#8844=PRODUCT_DEFINITION('torso v2','torso v2 v19',#8845,#8843);
#8845=PRODUCT_DEFINITION_FORMATION('',$,#8850);
#8846=PRODUCT_RELATED_PRODUCT_CATEGORY('torso v2 v19','torso v2 v19',(#8850));
#8847=APPLICATION_PROTOCOL_DEFINITION('international standard',
'automotive_design',2009,#8848);
#8848=APPLICATION_CONTEXT(
'Core Data for Automotive Mechanical Design Process');
#8849=PRODUCT_CONTEXT('part definition',#8848,'mechanical');
#8850=PRODUCT('torso v2','torso v2 v19',$,(#8849));
#8851=PRESENTATION_STYLE_ASSIGNMENT((#8853));
#8852=PRESENTATION_STYLE_ASSIGNMENT((#8854));
#8853=SURFACE_STYLE_USAGE(.BOTH.,#8855);
#8854=SURFACE_STYLE_USAGE(.BOTH.,#8856);
#8855=SURFACE_SIDE_STYLE('',(#8857));
#8856=SURFACE_SIDE_STYLE('',(#8858));
#8857=SURFACE_STYLE_FILL_AREA(#8859);
#8858=SURFACE_STYLE_FILL_AREA(#8860);
#8859=FILL_AREA_STYLE('\X2\AC15CCA0\X0\ - \X2\C0C8D2F4\X0\',(#8861));
#8860=FILL_AREA_STYLE('ABS(\X2\D770C0C9\X0\)',(#8862));
#8861=FILL_AREA_STYLE_COLOUR('\X2\AC15CCA0\X0\ - \X2\C0C8D2F4\X0\',#8863);
#8862=FILL_AREA_STYLE_COLOUR('ABS(\X2\D770C0C9\X0\)',#8864);
#8863=COLOUR_RGB('\X2\AC15CCA0\X0\ - \X2\C0C8D2F4\X0\',0.627450980392157,
0.627450980392157,0.627450980392157);
#8864=COLOUR_RGB('ABS(\X2\D770C0C9\X0\)',0.215686274509804,0.215686274509804,
0.215686274509804);
ENDSEC;
END-ISO-10303-21;
