ISO-10303-21;
HEADER;
/* Generated by software containing ST-Developer
 * from STEP Tools, Inc. (www.steptools.com) 
 */

FILE_DESCRIPTION(
/* description */ (''),
/* implementation_level */ '2;1');

FILE_NAME(
/* name */ 'torso lid v.2.step',
/* time_stamp */ '2026-10-07T11:33:54+09:00',
/* author */ (''),
/* organization */ (''),
/* preprocessor_version */ 'ST-DEVELOPER v20.2',
/* originating_system */ 'Autodesk Translation Framework v15.15.0.0',
/* authorisation */ '');

FILE_SCHEMA (('AUTOMOTIVE_DESIGN { 1 0 10303 214 3 1 1 }'));
ENDSEC;

DATA;
#10=MECHANICAL_DESIGN_GEOMETRIC_PRESENTATION_REPRESENTATION('',(#13),#11070);
#11=SHAPE_REPRESENTATION_RELATIONSHIP('SRR','None',#11077,#12);
#12=ADVANCED_BREP_SHAPE_REPRESENTATION('',(#14),#11069);
#13=STYLED_ITEM('',(#11089),#14);
#14=MANIFOLD_SOLID_BREP('torso lid v2',#5624);
#15=(
BOUNDED_SURFACE()
B_SPLINE_SURFACE(2,2,((#10492,#10493,#10494),(#10495,#10496,#10497),(#10498,
#10499,#10500)),.UNSPECIFIED.,.F.,.F.,.F.)
B_SPLINE_SURFACE_WITH_KNOTS((3,3),(3,3),(-1.5707963267949,3.61235062809763E-15),
(-1.5707963267949,2.71035705956951E-15),.UNSPECIFIED.)
GEOMETRIC_REPRESENTATION_ITEM()
RATIONAL_B_SPLINE_SURFACE(((1.,0.707106781186547,1.),(0.707106781186507,
0.49999999999997,0.707106781186507),(1.,0.707106781186547,1.)))
REPRESENTATION_ITEM('')
SURFACE()
);
#16=(
BOUNDED_SURFACE()
B_SPLINE_SURFACE(2,2,((#10604,#10605,#10606),(#10607,#10608,#10609),(#10610,
#10611,#10612)),.UNSPECIFIED.,.F.,.F.,.F.)
B_SPLINE_SURFACE_WITH_KNOTS((3,3),(3,3),(-1.5707963267949,0.),(0.,1.5707963267949),
 .UNSPECIFIED.)
GEOMETRIC_REPRESENTATION_ITEM()
RATIONAL_B_SPLINE_SURFACE(((1.,0.707106781186548,1.),(0.707106781186539,
0.499999999999994,0.707106781186539),(1.,0.707106781186548,1.)))
REPRESENTATION_ITEM('')
SURFACE()
);
#17=B_SPLINE_CURVE_WITH_KNOTS('',3,(#8242,#8243,#8244,#8245,#8246,#8247,
#8248,#8249,#8250,#8251),.UNSPECIFIED.,.F.,.F.,(4,2,2,2,4),(-0.000205739333831116,
0.,0.0107263465017003,0.0228656400000632,0.0652931638283063),
 .UNSPECIFIED.);
#18=B_SPLINE_CURVE_WITH_KNOTS('',3,(#8252,#8253,#8254,#8255,#8256,#8257),
 .UNSPECIFIED.,.F.,.F.,(4,1,1,4),(-0.178256828897025,-0.1762308062993,-0.10573848377958,
-8.29821135916038E-16),.UNSPECIFIED.);
#19=B_SPLINE_CURVE_WITH_KNOTS('',3,(#8258,#8259,#8260,#8261,#8262,#8263,
#8264),.UNSPECIFIED.,.F.,.F.,(4,1,1,1,4),(8.29821135916038E-16,0.10573848377958,
0.1762308062993,0.211476967559159,0.246723128819019),.UNSPECIFIED.);
#20=B_SPLINE_CURVE_WITH_KNOTS('',3,(#8419,#8420,#8421,#8422,#8423,#8424,
#8425,#8426,#8427,#8428,#8429,#8430),.UNSPECIFIED.,.F.,.F.,(4,2,2,2,2,4),
(0.,0.00951893983727273,0.0374659661137767,0.0529195257069649,0.0656996404376588,
0.0659040939679564),.UNSPECIFIED.);
#21=B_SPLINE_CURVE_WITH_KNOTS('',3,(#8431,#8432,#8433,#8434,#8435,#8436,
#8437),.UNSPECIFIED.,.F.,.F.,(4,1,1,1,4),(-0.246736204375243,-0.21148817517878,
-0.176240145982316,-0.140992116785853,-9.470244480474E-16),
 .UNSPECIFIED.);
#22=B_SPLINE_CURVE_WITH_KNOTS('',3,(#8438,#8439,#8440,#8441,#8442,#8443),
 .UNSPECIFIED.,.F.,.F.,(4,1,1,4),(9.470244480474E-16,0.140992116785853,
0.176240145982316,0.17828731766996),.UNSPECIFIED.);
#23=B_SPLINE_CURVE_WITH_KNOTS('',3,(#8540,#8541,#8542,#8543),
 .UNSPECIFIED.,.F.,.F.,(4,4),(-0.0684197842403031,-6.00128238465887E-15),
 .UNSPECIFIED.);
#24=B_SPLINE_CURVE_WITH_KNOTS('',3,(#8544,#8545,#8546,#8547),
 .UNSPECIFIED.,.F.,.F.,(4,4),(6.00128238465887E-15,0.0684197842403031),
 .UNSPECIFIED.);
#25=B_SPLINE_CURVE_WITH_KNOTS('',3,(#8666,#8667,#8668,#8669,#8670,#8671,
#8672,#8673,#8674,#8675),.UNSPECIFIED.,.F.,.F.,(4,2,2,2,4),(-0.000205738984228846,
0.,0.0107263422295517,0.0228656257559848,0.0652931147833589),
 .UNSPECIFIED.);
#26=B_SPLINE_CURVE_WITH_KNOTS('',3,(#8676,#8677,#8678,#8679,#8680,#8681),
 .UNSPECIFIED.,.F.,.F.,(4,1,1,4),(-0.178256824353866,-0.176230806299299,
-0.105738483779581,-2.30757844541188E-15),.UNSPECIFIED.);
#27=B_SPLINE_CURVE_WITH_KNOTS('',3,(#8682,#8683,#8684,#8685,#8686,#8687,
#8688),.UNSPECIFIED.,.F.,.F.,(4,1,1,1,4),(2.30757844541188E-15,0.105738483779581,
0.176230806299299,0.211476967559159,0.246723128819018),.UNSPECIFIED.);
#28=B_SPLINE_CURVE_WITH_KNOTS('',3,(#8796,#8797,#8798,#8799,#8800,#8801,
#8802,#8803,#8804,#8805,#8806,#8807),.UNSPECIFIED.,.F.,.F.,(4,2,2,2,2,4),
(0.,0.0095189398372004,0.0374659661133654,0.0529195257064452,0.0656996404368302,
0.0659040939671214),.UNSPECIFIED.);
#29=B_SPLINE_CURVE_WITH_KNOTS('',3,(#8808,#8809,#8810,#8811,#8812,#8813,
#8814),.UNSPECIFIED.,.F.,.F.,(4,1,1,1,4),(-0.246736204375246,-0.211488175178783,
-0.176240145982319,-0.105744087589393,-2.60406980970825E-15),
 .UNSPECIFIED.);
#30=B_SPLINE_CURVE_WITH_KNOTS('',3,(#8815,#8816,#8817,#8818,#8819,#8820),
 .UNSPECIFIED.,.F.,.F.,(4,1,1,4),(2.60406980970825E-15,0.105744087589393,
0.176240145982319,0.178251608724347),.UNSPECIFIED.);
#31=B_SPLINE_CURVE_WITH_KNOTS('',3,(#8837,#8838,#8839,#8840),
 .UNSPECIFIED.,.F.,.F.,(4,4),(-0.0684185666215144,0.),.UNSPECIFIED.);
#32=B_SPLINE_CURVE_WITH_KNOTS('',3,(#8841,#8842,#8843,#8844),
 .UNSPECIFIED.,.F.,.F.,(4,4),(0.,0.0684185666215144),.UNSPECIFIED.);
#33=B_SPLINE_CURVE_WITH_KNOTS('',3,(#8870,#8871,#8872,#8873),
 .UNSPECIFIED.,.F.,.F.,(4,4),(-0.068419784240295,-3.09147731141467E-15),
 .UNSPECIFIED.);
#34=B_SPLINE_CURVE_WITH_KNOTS('',3,(#8874,#8875,#8876,#8877),
 .UNSPECIFIED.,.F.,.F.,(4,4),(3.09147731141467E-15,0.068419784240295),
 .UNSPECIFIED.);
#35=B_SPLINE_CURVE_WITH_KNOTS('',3,(#8933,#8934,#8935,#8936),
 .UNSPECIFIED.,.F.,.F.,(4,4),(-0.0684185666215082,0.),.UNSPECIFIED.);
#36=B_SPLINE_CURVE_WITH_KNOTS('',3,(#8937,#8938,#8939,#8940),
 .UNSPECIFIED.,.F.,.F.,(4,4),(0.,0.0684185666215082),.UNSPECIFIED.);
#37=B_SPLINE_CURVE_WITH_KNOTS('',3,(#8992,#8993,#8994,#8995,#8996,#8997,
#8998,#8999,#9000,#9001,#9002,#9003),.UNSPECIFIED.,.F.,.F.,(4,2,2,2,2,4),
(0.,0.0871850493894091,0.189729881301494,0.20757352731491,0.253848671344345,
0.254667870649573),.UNSPECIFIED.);
#38=B_SPLINE_CURVE_WITH_KNOTS('',3,(#9015,#9016,#9017,#9018,#9019,#9020,
#9021,#9022),.UNSPECIFIED.,.F.,.F.,(4,2,2,4),(-0.000825602099775509,0.,
0.12827847201908,0.206785231607057),.UNSPECIFIED.);
#39=B_SPLINE_CURVE_WITH_KNOTS('',3,(#9136,#9137,#9138,#9139,#9140,#9141,
#9142,#9143,#9144,#9145,#9146,#9147,#9148,#9149,#9150,#9151,#9152,#9153,
#9154,#9155),.UNSPECIFIED.,.F.,.F.,(4,2,2,2,2,2,2,2,2,4),(0.,0.0565249800231738,
0.13379067907852,0.152983359137229,0.165442878195721,0.175379227815292,
0.186528943772529,0.205008734285955,0.242205607386227,0.333437174946525),
 .UNSPECIFIED.);
#40=B_SPLINE_CURVE_WITH_KNOTS('',3,(#9183,#9184,#9185,#9186,#9187,#9188,
#9189,#9190,#9191,#9192,#9193,#9194),.UNSPECIFIED.,.F.,.F.,(4,2,2,2,2,4),
(0.,0.018144609382759,0.0618568413201226,0.0815857754656727,0.101094684923675,
0.101550458133162),.UNSPECIFIED.);
#41=B_SPLINE_CURVE_WITH_KNOTS('',3,(#9201,#9202,#9203,#9204,#9205,#9206,
#9207,#9208),.UNSPECIFIED.,.F.,.F.,(4,2,2,4),(0.,0.12349179193508,0.173653829618626,
0.223815867302171),.UNSPECIFIED.);
#42=B_SPLINE_CURVE_WITH_KNOTS('',3,(#9247,#9248,#9249,#9250,#9251,#9252,
#9253,#9254,#9255,#9256),.UNSPECIFIED.,.F.,.F.,(4,2,2,2,4),(-0.000388488663177714,
0.,0.0234090403861632,0.0464126483758749,0.0756085037471118),
 .UNSPECIFIED.);
#43=B_SPLINE_CURVE_WITH_KNOTS('',3,(#9300,#9301,#9302,#9303,#9304,#9305,
#9306,#9307,#9308,#9309,#9310,#9311),.UNSPECIFIED.,.F.,.F.,(4,2,2,2,2,4),
(0.,0.0181446093825619,0.0618568413211648,0.0815857754679976,0.101094682886749,
0.101550456201649),.UNSPECIFIED.);
#44=B_SPLINE_CURVE_WITH_KNOTS('',3,(#9355,#9356,#9357,#9358,#9359,#9360,
#9361,#9362,#9363,#9364,#9365,#9366,#9367,#9368,#9369,#9370,#9371,#9372,
#9373,#9374),.UNSPECIFIED.,.F.,.F.,(4,2,2,2,2,2,2,2,2,4),(0.,0.0565249800232294,
0.133729647856247,0.1550966541495,0.166904389943097,0.176802903485947,0.188460041266383,
0.209157674029176,0.251887651054702,0.329671307861965),.UNSPECIFIED.);
#45=B_SPLINE_CURVE_WITH_KNOTS('',3,(#9381,#9382,#9383,#9384,#9385,#9386,
#9387,#9388),.UNSPECIFIED.,.F.,.F.,(4,2,2,4),(-0.000826127891702996,0.,
0.121487287321472,0.198431336909912),.UNSPECIFIED.);
#46=B_SPLINE_CURVE_WITH_KNOTS('',3,(#9427,#9428,#9429,#9430,#9431,#9432,
#9433,#9434,#9435,#9436),.UNSPECIFIED.,.F.,.F.,(4,2,2,2,4),(-0.000388488513166193,
0.,0.0205599064966009,0.0420956635667228,0.0874432596878517),
 .UNSPECIFIED.);
#47=B_SPLINE_CURVE_WITH_KNOTS('',3,(#9479,#9480,#9481,#9482,#9483,#9484,
#9485,#9486,#9487,#9488,#9489,#9490),.UNSPECIFIED.,.F.,.F.,(4,2,2,2,2,4),
(0.,0.0885791166046201,0.195342089903297,0.213864455922709,0.259771986547415,
0.260589905461027),.UNSPECIFIED.);
#48=B_SPLINE_CURVE_WITH_KNOTS('',3,(#9497,#9498,#9499,#9500,#9501,#9502,
#9503,#9504,#9505,#9506,#9507,#9508,#9509,#9510,#9511,#9512,#9513,#9514,
#9515,#9516),.UNSPECIFIED.,.F.,.F.,(4,2,2,2,2,2,2,2,2,4),(0.,0.0508932712298182,
0.129681639113831,0.150040569361408,0.163263656099501,0.173783610099224,
0.185542208253069,0.20486886673186,0.243383764835614,0.32893459060342),
 .UNSPECIFIED.);
#49=B_SPLINE_CURVE_WITH_KNOTS('',3,(#9550,#9551,#9552,#9553,#9554,#9555,
#9556,#9557,#9558,#9559,#9560,#9561),.UNSPECIFIED.,.F.,.F.,(4,2,2,2,2,4),
(0.,0.01567350999471,0.0572954923233768,0.0760313856075157,0.094515991483982,
0.0949424402094904),.UNSPECIFIED.);
#50=B_SPLINE_CURVE_WITH_KNOTS('',3,(#9568,#9569,#9570,#9571,#9572,#9573,
#9574,#9575,#9576,#9577),.UNSPECIFIED.,.F.,.F.,(4,2,2,2,4),(0.,0.0665288148103785,
0.133057629620757,0.178398302759078,0.2237389758974),.UNSPECIFIED.);
#51=B_SPLINE_CURVE_WITH_KNOTS('',3,(#9622,#9623,#9624,#9625,#9626,#9627,
#9628,#9629,#9630,#9631,#9632,#9633,#9634,#9635,#9636,#9637,#9638,#9639,
#9640,#9641),.UNSPECIFIED.,.F.,.F.,(4,2,2,2,2,2,2,2,2,4),(0.,0.0508932712298045,
0.129788627237621,0.152081483943582,0.164661710808339,0.175133831153527,
0.187360680401292,0.208722383034696,0.252192963478318,0.32497466574165),
 .UNSPECIFIED.);
#52=B_SPLINE_CURVE_WITH_KNOTS('',3,(#9648,#9649,#9650,#9651,#9652,#9653,
#9654,#9655),.UNSPECIFIED.,.F.,.F.,(4,2,2,4),(-0.000825601263295048,0.,
0.128278766839183,0.206785799643056),.UNSPECIFIED.);
#53=B_SPLINE_CURVE_WITH_KNOTS('',3,(#9694,#9695,#9696,#9697,#9698,#9699,
#9700,#9701,#9702,#9703),.UNSPECIFIED.,.F.,.F.,(4,2,2,2,4),(-0.000360152873356653,
0.,0.018888984143465,0.038658372692094,0.0809170795748721),
 .UNSPECIFIED.);
#54=B_SPLINE_CURVE_WITH_KNOTS('',3,(#9755,#9756,#9757,#9758,#9759,#9760,
#9761,#9762,#9763,#9764,#9765,#9766),.UNSPECIFIED.,.F.,.F.,(4,2,2,2,2,4),
(0.,0.0885791166046107,0.195342089903274,0.213864455922694,0.259771986547439,
0.260589905460979),.UNSPECIFIED.);
#55=B_SPLINE_CURVE_WITH_KNOTS('',3,(#9770,#9771,#9772,#9773,#9774,#9775,
#9776,#9777,#9778,#9779,#9780,#9781,#9782,#9783,#9784,#9785,#9786,#9787,
#9788,#9789),.UNSPECIFIED.,.F.,.F.,(4,2,2,2,2,2,2,2,2,4),(0.,0.0508932712298087,
0.129681639113766,0.150040569361223,0.163263656099257,0.173783610098966,
0.185542208252814,0.204868866731675,0.24338376483566,0.328934590603793),
 .UNSPECIFIED.);
#56=B_SPLINE_CURVE_WITH_KNOTS('',3,(#9817,#9818,#9819,#9820,#9821,#9822,
#9823,#9824,#9825,#9826,#9827,#9828),.UNSPECIFIED.,.F.,.F.,(4,2,2,2,2,4),
(0.,0.0156735099948947,0.0572954923227636,0.0760313856059623,0.0945159914815542,
0.0949424402069283),.UNSPECIFIED.);
#57=B_SPLINE_CURVE_WITH_KNOTS('',3,(#9876,#9877,#9878,#9879,#9880,#9881,
#9882,#9883,#9884,#9885,#9886,#9887,#9888,#9889,#9890,#9891,#9892,#9893,
#9894,#9895),.UNSPECIFIED.,.F.,.F.,(4,2,2,2,2,2,2,2,2,4),(0.,0.0508932712298053,
0.12978862723764,0.152081483943633,0.164661710808437,0.175133831153514,
0.187360680401211,0.208722383035021,0.252192963479355,0.324974665743813),
 .UNSPECIFIED.);
#58=B_SPLINE_CURVE_WITH_KNOTS('',3,(#9902,#9903,#9904,#9905,#9906,#9907,
#9908,#9909),.UNSPECIFIED.,.F.,.F.,(4,2,2,4),(-0.000825602099694546,0.,
0.128278472018754,0.206785231606447),.UNSPECIFIED.);
#59=B_SPLINE_CURVE_WITH_KNOTS('',3,(#9943,#9944,#9945,#9946,#9947,#9948,
#9949,#9950,#9951,#9952),.UNSPECIFIED.,.F.,.F.,(4,2,2,2,4),(-0.000360152873332519,
0.,0.0188889841433422,0.0386583726915633,0.0809170795738911),
 .UNSPECIFIED.);
#60=B_SPLINE_CURVE_WITH_KNOTS('',3,(#10004,#10005,#10006,#10007,#10008,
#10009,#10010,#10011,#10012,#10013,#10014,#10015),.UNSPECIFIED.,.F.,.F.,
(4,2,2,2,2,4),(0.,0.0885791166046202,0.195342089903295,0.213864455923061,
0.259771986552802,0.260589905465911),.UNSPECIFIED.);
#61=B_SPLINE_CURVE_WITH_KNOTS('',3,(#10019,#10020,#10021,#10022,#10023,
#10024,#10025,#10026,#10027,#10028,#10029,#10030,#10031,#10032,#10033,#10034,
#10035,#10036,#10037,#10038),.UNSPECIFIED.,.F.,.F.,(4,2,2,2,2,2,2,2,2,4),
(0.,0.0508932712297649,0.129681639113523,0.150040569361026,0.163263656099114,
0.17378361009886,0.18554220825275,0.204868866731673,0.243383764835764,0.328934590604082),
 .UNSPECIFIED.);
#62=B_SPLINE_CURVE_WITH_KNOTS('',3,(#10066,#10067,#10068,#10069,#10070,
#10071,#10072,#10073,#10074,#10075,#10076,#10077),.UNSPECIFIED.,.F.,.F.,
(4,2,2,2,2,4),(0.,0.0156735099947053,0.0572954923234496,0.0760313856078013,
0.0945159914842794,0.0949424402097287),.UNSPECIFIED.);
#63=B_SPLINE_CURVE_WITH_KNOTS('',3,(#10124,#10125,#10126,#10127,#10128,
#10129,#10130,#10131,#10132,#10133,#10134,#10135,#10136,#10137,#10138,#10139,
#10140,#10141,#10142,#10143),.UNSPECIFIED.,.F.,.F.,(4,2,2,2,2,2,2,2,2,4),
(0.,0.0508932712298129,0.129788627237678,0.152081483943699,0.164661710808671,
0.175133831153952,0.187360680401819,0.208722383035683,0.252192963480164,
0.32497466574489),.UNSPECIFIED.);
#64=B_SPLINE_CURVE_WITH_KNOTS('',3,(#10187,#10188,#10189,#10190,#10191,
#10192,#10193,#10194,#10195,#10196),.UNSPECIFIED.,.F.,.F.,(4,2,2,2,4),(-0.000360152873356638,
0.,0.018888984143465,0.038658372692094,0.0809170795748723),
 .UNSPECIFIED.);
#65=B_SPLINE_CURVE_WITH_KNOTS('',3,(#10364,#10365,#10366,#10367,#10368,
#10369,#10370,#10371,#10372,#10373),.UNSPECIFIED.,.F.,.F.,(4,2,2,2,4),(0.534445444412076,
0.579786117550397,0.625126790688719,0.691655605499097,0.758184420309476),
 .UNSPECIFIED.);
#66=B_SPLINE_CURVE_WITH_KNOTS('',3,(#10379,#10380,#10381,#10382,#10383,
#10384,#10385,#10386),.UNSPECIFIED.,.F.,.F.,(4,2,2,4),(0.534445444412076,
0.584607482095621,0.634769519779167,0.758261311714247),.UNSPECIFIED.);
#67=B_SPLINE_SURFACE_WITH_KNOTS('',3,3,((#8090,#8091,#8092,#8093,#8094),
(#8095,#8096,#8097,#8098,#8099),(#8100,#8101,#8102,#8103,#8104),(#8105,
#8106,#8107,#8108,#8109),(#8110,#8111,#8112,#8113,#8114)),.UNSPECIFIED.,
 .F.,.F.,.F.,(4,1,4),(4,1,4),(0.,0.571428571428571,1.),(-6.28318530717959,
-5.60998688141034,-4.71238898038469),.UNSPECIFIED.);
#68=B_SPLINE_SURFACE_WITH_KNOTS('',3,3,((#8126,#8127,#8128,#8129,#8130,
#8131),(#8132,#8133,#8134,#8135,#8136,#8137),(#8138,#8139,#8140,#8141,#8142,
#8143),(#8144,#8145,#8146,#8147,#8148,#8149),(#8150,#8151,#8152,#8153,#8154,
#8155)),.UNSPECIFIED.,.F.,.F.,.F.,(4,1,4),(4,1,1,4),(0.,0.571428571428571,
1.),(-1.57079632679488,-0.897597901025646,-0.448798950512823,0.),
 .UNSPECIFIED.);
#69=B_SPLINE_SURFACE_WITH_KNOTS('',3,3,((#8180,#8181,#8182,#8183),(#8184,
#8185,#8186,#8187),(#8188,#8189,#8190,#8191),(#8192,#8193,#8194,#8195),
(#8196,#8197,#8198,#8199)),.UNSPECIFIED.,.F.,.F.,.F.,(4,1,4),(4,4),(0.,
0.571428571428571,1.),(-5.21378049974652,-4.71238898038469),
 .UNSPECIFIED.);
#70=B_SPLINE_SURFACE_WITH_KNOTS('',3,3,((#8205,#8206,#8207,#8208,#8209,
#8210,#8211),(#8212,#8213,#8214,#8215,#8216,#8217,#8218),(#8219,#8220,#8221,
#8222,#8223,#8224,#8225),(#8226,#8227,#8228,#8229,#8230,#8231,#8232),(#8233,
#8234,#8235,#8236,#8237,#8238,#8239)),.UNSPECIFIED.,.F.,.F.,.F.,(4,1,4),
(4,1,1,1,4),(0.,0.5,1.),(8.29821135916038E-16,0.10573848377958,0.1762308062993,
0.211476967559159,0.246723128819019),.UNSPECIFIED.);
#71=B_SPLINE_SURFACE_WITH_KNOTS('',3,3,((#8277,#8278,#8279,#8280,#8281),
(#8282,#8283,#8284,#8285,#8286),(#8287,#8288,#8289,#8290,#8291),(#8292,
#8293,#8294,#8295,#8296),(#8297,#8298,#8299,#8300,#8301)),.UNSPECIFIED.,
 .F.,.F.,.F.,(4,1,4),(4,1,4),(0.,0.571428571428571,1.),(-6.28318530717959,
-5.60998688141034,-4.71238898038469),.UNSPECIFIED.);
#72=B_SPLINE_SURFACE_WITH_KNOTS('',3,3,((#8313,#8314,#8315,#8316,#8317,
#8318),(#8319,#8320,#8321,#8322,#8323,#8324),(#8325,#8326,#8327,#8328,#8329,
#8330),(#8331,#8332,#8333,#8334,#8335,#8336),(#8337,#8338,#8339,#8340,#8341,
#8342)),.UNSPECIFIED.,.F.,.F.,.F.,(4,1,4),(4,1,1,4),(0.,0.571428571428571,
1.),(-1.57079632679488,-0.897597901025648,-0.448798950512824,-1.38777878078145E-16),
 .UNSPECIFIED.);
#73=B_SPLINE_SURFACE_WITH_KNOTS('',3,3,((#8357,#8358,#8359,#8360),(#8361,
#8362,#8363,#8364),(#8365,#8366,#8367,#8368),(#8369,#8370,#8371,#8372),
(#8373,#8374,#8375,#8376)),.UNSPECIFIED.,.F.,.F.,.F.,(4,1,4),(4,4),(0.,
0.571428571428571,1.),(-5.21378049974652,-4.71238898038469),
 .UNSPECIFIED.);
#74=B_SPLINE_SURFACE_WITH_KNOTS('',3,3,((#8382,#8383,#8384,#8385,#8386,
#8387,#8388),(#8389,#8390,#8391,#8392,#8393,#8394,#8395),(#8396,#8397,#8398,
#8399,#8400,#8401,#8402),(#8403,#8404,#8405,#8406,#8407,#8408,#8409),(#8410,
#8411,#8412,#8413,#8414,#8415,#8416)),.UNSPECIFIED.,.F.,.F.,.F.,(4,1,4),
(4,1,1,1,4),(0.,0.5,1.),(9.470244480474E-16,0.140992116785853,0.176240145982316,
0.21148817517878,0.246736204375243),.UNSPECIFIED.);
#75=B_SPLINE_SURFACE_WITH_KNOTS('',3,3,((#8485,#8486,#8487,#8488,#8489),
(#8490,#8491,#8492,#8493,#8494),(#8495,#8496,#8497,#8498,#8499),(#8500,
#8501,#8502,#8503,#8504),(#8505,#8506,#8507,#8508,#8509)),.UNSPECIFIED.,
 .F.,.F.,.F.,(4,1,4),(4,1,4),(0.,0.571428571428571,1.),(-5.96889927751413,
-5.43039486445866,-4.71238898038469),.UNSPECIFIED.);
#76=B_SPLINE_SURFACE_WITH_KNOTS('',3,3,((#8524,#8525,#8526,#8527),(#8528,
#8529,#8530,#8531),(#8532,#8533,#8534,#8535),(#8536,#8537,#8538,#8539)),
 .UNSPECIFIED.,.F.,.F.,.F.,(4,4),(4,4),(0.,1.),(6.00128238465887E-15,0.0684197842403031),
 .UNSPECIFIED.);
#77=B_SPLINE_SURFACE_WITH_KNOTS('',3,3,((#8561,#8562,#8563,#8564,#8565),
(#8566,#8567,#8568,#8569,#8570),(#8571,#8572,#8573,#8574,#8575),(#8576,
#8577,#8578,#8579,#8580),(#8581,#8582,#8583,#8584,#8585)),.UNSPECIFIED.,
 .F.,.F.,.F.,(4,1,4),(4,1,4),(0.,0.571428571428571,1.),(-5.96889927751415,
-5.43039486445867,-4.71238898038469),.UNSPECIFIED.);
#78=B_SPLINE_SURFACE_WITH_KNOTS('',3,3,((#8604,#8605,#8606,#8607),(#8608,
#8609,#8610,#8611),(#8612,#8613,#8614,#8615),(#8616,#8617,#8618,#8619),
(#8620,#8621,#8622,#8623)),.UNSPECIFIED.,.F.,.F.,.F.,(4,1,4),(4,4),(0.,
0.571428571428571,1.),(-5.21378049974652,-4.71238898038469),
 .UNSPECIFIED.);
#79=B_SPLINE_SURFACE_WITH_KNOTS('',3,3,((#8629,#8630,#8631,#8632,#8633,
#8634,#8635),(#8636,#8637,#8638,#8639,#8640,#8641,#8642),(#8643,#8644,#8645,
#8646,#8647,#8648,#8649),(#8650,#8651,#8652,#8653,#8654,#8655,#8656),(#8657,
#8658,#8659,#8660,#8661,#8662,#8663)),.UNSPECIFIED.,.F.,.F.,.F.,(4,1,4),
(4,1,1,1,4),(0.,0.5,1.),(2.30757844541188E-15,0.105738483779581,0.176230806299299,
0.211476967559159,0.246723128819018),.UNSPECIFIED.);
#80=B_SPLINE_SURFACE_WITH_KNOTS('',3,3,((#8692,#8693,#8694,#8695,#8696),
(#8697,#8698,#8699,#8700,#8701),(#8702,#8703,#8704,#8705,#8706),(#8707,
#8708,#8709,#8710,#8711),(#8712,#8713,#8714,#8715,#8716)),.UNSPECIFIED.,
 .F.,.F.,.F.,(4,1,4),(4,1,4),(0.,0.571428571428571,1.),(-5.96889927751413,
-5.43039486445865,-4.71238898038468),.UNSPECIFIED.);
#81=B_SPLINE_SURFACE_WITH_KNOTS('',3,3,((#8734,#8735,#8736,#8737),(#8738,
#8739,#8740,#8741),(#8742,#8743,#8744,#8745),(#8746,#8747,#8748,#8749),
(#8750,#8751,#8752,#8753)),.UNSPECIFIED.,.F.,.F.,.F.,(4,1,4),(4,4),(0.,
0.571428571428571,1.),(-5.21378049974652,-4.71238898038469),
 .UNSPECIFIED.);
#82=B_SPLINE_SURFACE_WITH_KNOTS('',3,3,((#8759,#8760,#8761,#8762,#8763,
#8764,#8765),(#8766,#8767,#8768,#8769,#8770,#8771,#8772),(#8773,#8774,#8775,
#8776,#8777,#8778,#8779),(#8780,#8781,#8782,#8783,#8784,#8785,#8786),(#8787,
#8788,#8789,#8790,#8791,#8792,#8793)),.UNSPECIFIED.,.F.,.F.,.F.,(4,1,4),
(4,1,1,1,4),(0.,0.5,1.),(2.60406980970825E-15,0.105744087589393,0.176240145982319,
0.211488175178783,0.246736204375246),.UNSPECIFIED.);
#83=B_SPLINE_SURFACE_WITH_KNOTS('',3,3,((#8821,#8822,#8823,#8824),(#8825,
#8826,#8827,#8828),(#8829,#8830,#8831,#8832),(#8833,#8834,#8835,#8836)),
 .UNSPECIFIED.,.F.,.F.,.F.,(4,4),(4,4),(0.,1.),(0.,0.0684185666215144),
 .UNSPECIFIED.);
#84=B_SPLINE_SURFACE_WITH_KNOTS('',3,3,((#8854,#8855,#8856,#8857),(#8858,
#8859,#8860,#8861),(#8862,#8863,#8864,#8865),(#8866,#8867,#8868,#8869)),
 .UNSPECIFIED.,.F.,.F.,.F.,(4,4),(4,4),(0.,1.),(3.09147731141467E-15,0.068419784240295),
 .UNSPECIFIED.);
#85=B_SPLINE_SURFACE_WITH_KNOTS('',3,3,((#8878,#8879,#8880,#8881,#8882),
(#8883,#8884,#8885,#8886,#8887),(#8888,#8889,#8890,#8891,#8892),(#8893,
#8894,#8895,#8896,#8897),(#8898,#8899,#8900,#8901,#8902)),.UNSPECIFIED.,
 .F.,.F.,.F.,(4,1,4),(4,1,4),(0.,0.571428571428571,1.),(-5.96889927751415,
-5.25089339344017,-4.71238898038468),.UNSPECIFIED.);
#86=B_SPLINE_SURFACE_WITH_KNOTS('',3,3,((#8917,#8918,#8919,#8920),(#8921,
#8922,#8923,#8924),(#8925,#8926,#8927,#8928),(#8929,#8930,#8931,#8932)),
 .UNSPECIFIED.,.F.,.F.,.F.,(4,4),(4,4),(0.,1.),(0.,0.0684185666215082),
 .UNSPECIFIED.);
#87=B_SPLINE_SURFACE_WITH_KNOTS('',3,3,((#9098,#9099,#9100,#9101,#9102,
#9103,#9104),(#9105,#9106,#9107,#9108,#9109,#9110,#9111),(#9112,#9113,#9114,
#9115,#9116,#9117,#9118),(#9119,#9120,#9121,#9122,#9123,#9124,#9125),(#9126,
#9127,#9128,#9129,#9130,#9131,#9132)),.UNSPECIFIED.,.F.,.F.,.F.,(4,1,4),
(4,1,1,1,4),(0.,0.571428571428571,1.),(-0.718653894473252,-0.0645252598252093,
0.262539057498812,0.916667692146855,1.5707963267949),.UNSPECIFIED.);
#88=B_SPLINE_SURFACE_WITH_KNOTS('',3,3,((#9156,#9157,#9158,#9159,#9160),
(#9161,#9162,#9163,#9164,#9165),(#9166,#9167,#9168,#9169,#9170),(#9171,
#9172,#9173,#9174,#9175),(#9176,#9177,#9178,#9179,#9180)),.UNSPECIFIED.,
 .F.,.F.,.F.,(4,1,4),(4,1,4),(0.,0.571428571428571,1.),(-2.66453525910038E-14,
0.673198425769225,1.57079632679489),.UNSPECIFIED.);
#89=B_SPLINE_SURFACE_WITH_KNOTS('',3,3,((#9220,#9221,#9222,#9223,#9224),
(#9225,#9226,#9227,#9228,#9229),(#9230,#9231,#9232,#9233,#9234),(#9235,
#9236,#9237,#9238,#9239),(#9240,#9241,#9242,#9243,#9244)),.UNSPECIFIED.,
 .F.,.F.,.F.,(4,1,4),(4,1,4),(0.,0.571428571428571,1.),(-2.17603712826531E-14,
0.673198425769227,1.57079632679489),.UNSPECIFIED.);
#90=B_SPLINE_SURFACE_WITH_KNOTS('',3,3,((#9268,#9269,#9270,#9271,#9272,
#9273),(#9274,#9275,#9276,#9277,#9278,#9279),(#9280,#9281,#9282,#9283,#9284,
#9285),(#9286,#9287,#9288,#9289,#9290,#9291),(#9292,#9293,#9294,#9295,#9296,
#9297)),.UNSPECIFIED.,.F.,.F.,.F.,(4,1,4),(4,1,1,4),(0.,0.571428571428571,
1.),(-2.67049336950042E-14,0.448798950512808,0.897597901025643,1.5707963267949),
 .UNSPECIFIED.);
#91=B_SPLINE_SURFACE_WITH_KNOTS('',3,3,((#9318,#9319,#9320,#9321,#9322,
#9323,#9324),(#9325,#9326,#9327,#9328,#9329,#9330,#9331),(#9332,#9333,#9334,
#9335,#9336,#9337,#9338),(#9339,#9340,#9341,#9342,#9343,#9344,#9345),(#9346,
#9347,#9348,#9349,#9350,#9351,#9352)),.UNSPECIFIED.,.F.,.F.,.F.,(4,1,4),
(4,1,1,1,4),(0.,0.571428571428571,1.),(-0.718653894473249,-0.0645252598252071,
0.262539057498814,0.916667692146855,1.5707963267949),.UNSPECIFIED.);
#92=B_SPLINE_SURFACE_WITH_KNOTS('',3,3,((#9395,#9396,#9397,#9398,#9399,
#9400),(#9401,#9402,#9403,#9404,#9405,#9406),(#9407,#9408,#9409,#9410,#9411,
#9412),(#9413,#9414,#9415,#9416,#9417,#9418),(#9419,#9420,#9421,#9422,#9423,
#9424)),.UNSPECIFIED.,.F.,.F.,.F.,(4,1,4),(4,1,1,4),(0.,0.571428571428571,
1.),(-1.57079632679489,-0.897597901025644,-0.44879895051281,2.35367281220533E-14),
 .UNSPECIFIED.);
#93=B_SPLINE_SURFACE_WITH_KNOTS('',3,3,((#9442,#9443,#9444,#9445,#9446,
#9447,#9448),(#9449,#9450,#9451,#9452,#9453,#9454,#9455),(#9456,#9457,#9458,
#9459,#9460,#9461,#9462),(#9463,#9464,#9465,#9466,#9467,#9468,#9469),(#9470,
#9471,#9472,#9473,#9474,#9475,#9476)),.UNSPECIFIED.,.F.,.F.,.F.,(4,1,4),
(4,1,1,1,4),(0.,0.571428571428571,1.),(-0.737626469034388,-0.0780770987974495,
0.581472271439489,0.911246956557958,1.5707963267949),.UNSPECIFIED.);
#94=B_SPLINE_SURFACE_WITH_KNOTS('',3,3,((#9523,#9524,#9525,#9526,#9527),
(#9528,#9529,#9530,#9531,#9532),(#9533,#9534,#9535,#9536,#9537),(#9538,
#9539,#9540,#9541,#9542),(#9543,#9544,#9545,#9546,#9547)),.UNSPECIFIED.,
 .F.,.F.,.F.,(4,1,4),(4,1,4),(0.,0.571428571428571,1.),(0.,0.673198425769241,
1.5707963267949),.UNSPECIFIED.);
#95=B_SPLINE_SURFACE_WITH_KNOTS('',3,3,((#9585,#9586,#9587,#9588,#9589,
#9590,#9591),(#9592,#9593,#9594,#9595,#9596,#9597,#9598),(#9599,#9600,#9601,
#9602,#9603,#9604,#9605),(#9606,#9607,#9608,#9609,#9610,#9611,#9612),(#9613,
#9614,#9615,#9616,#9617,#9618,#9619)),.UNSPECIFIED.,.F.,.F.,.F.,(4,1,4),
(4,1,1,1,4),(0.,0.571428571428571,1.),(-0.737626469034389,-0.0780770987974496,
0.25169758632102,0.911246956557959,1.5707963267949),.UNSPECIFIED.);
#96=B_SPLINE_SURFACE_WITH_KNOTS('',3,3,((#9662,#9663,#9664,#9665,#9666,
#9667),(#9668,#9669,#9670,#9671,#9672,#9673),(#9674,#9675,#9676,#9677,#9678,
#9679),(#9680,#9681,#9682,#9683,#9684,#9685),(#9686,#9687,#9688,#9689,#9690,
#9691)),.UNSPECIFIED.,.F.,.F.,.F.,(4,1,4),(4,1,1,4),(0.,0.571428571428571,
1.),(-1.5707963267949,-0.897597901025655,-0.448798950512828,0.),
 .UNSPECIFIED.);
#97=B_SPLINE_SURFACE_WITH_KNOTS('',3,3,((#9718,#9719,#9720,#9721,#9722,
#9723,#9724),(#9725,#9726,#9727,#9728,#9729,#9730,#9731),(#9732,#9733,#9734,
#9735,#9736,#9737,#9738),(#9739,#9740,#9741,#9742,#9743,#9744,#9745),(#9746,
#9747,#9748,#9749,#9750,#9751,#9752)),.UNSPECIFIED.,.F.,.F.,.F.,(4,1,4),
(4,1,1,1,4),(0.,0.571428571428571,1.),(-0.737626469034392,-0.0780770987974519,
0.251697586321018,0.911246956557958,1.5707963267949),.UNSPECIFIED.);
#98=B_SPLINE_SURFACE_WITH_KNOTS('',3,3,((#9790,#9791,#9792,#9793,#9794),
(#9795,#9796,#9797,#9798,#9799),(#9800,#9801,#9802,#9803,#9804),(#9805,
#9806,#9807,#9808,#9809),(#9810,#9811,#9812,#9813,#9814)),.UNSPECIFIED.,
 .F.,.F.,.F.,(4,1,4),(4,1,4),(0.,0.571428571428571,1.),(-5.55111512312579E-16,
0.673198425769241,1.5707963267949),.UNSPECIFIED.);
#99=B_SPLINE_SURFACE_WITH_KNOTS('',3,3,((#9839,#9840,#9841,#9842,#9843,
#9844,#9845),(#9846,#9847,#9848,#9849,#9850,#9851,#9852),(#9853,#9854,#9855,
#9856,#9857,#9858,#9859),(#9860,#9861,#9862,#9863,#9864,#9865,#9866),(#9867,
#9868,#9869,#9870,#9871,#9872,#9873)),.UNSPECIFIED.,.F.,.F.,.F.,(4,1,4),
(4,1,1,1,4),(0.,0.571428571428571,1.),(-0.737626469034389,-0.0780770987974502,
0.581472271439488,0.911246956557958,1.5707963267949),.UNSPECIFIED.);
#100=B_SPLINE_SURFACE_WITH_KNOTS('',3,3,((#9916,#9917,#9918,#9919,#9920),
(#9921,#9922,#9923,#9924,#9925),(#9926,#9927,#9928,#9929,#9930),(#9931,
#9932,#9933,#9934,#9935),(#9936,#9937,#9938,#9939,#9940)),.UNSPECIFIED.,
 .F.,.F.,.F.,(4,1,4),(4,1,4),(0.,0.571428571428571,1.),(-1.5707963267949,
-0.673198425769241,5.5511151231258E-16),.UNSPECIFIED.);
#101=B_SPLINE_SURFACE_WITH_KNOTS('',3,3,((#9967,#9968,#9969,#9970,#9971,
#9972,#9973),(#9974,#9975,#9976,#9977,#9978,#9979,#9980),(#9981,#9982,#9983,
#9984,#9985,#9986,#9987),(#9988,#9989,#9990,#9991,#9992,#9993,#9994),(#9995,
#9996,#9997,#9998,#9999,#10000,#10001)),.UNSPECIFIED.,.F.,.F.,.F.,(4,1,
4),(4,1,1,1,4),(0.,0.571428571428571,1.),(-0.737626469034388,-0.0780770987974493,
0.25169758632102,0.911246956557959,1.5707963267949),.UNSPECIFIED.);
#102=B_SPLINE_SURFACE_WITH_KNOTS('',3,3,((#10039,#10040,#10041,#10042,#10043),
(#10044,#10045,#10046,#10047,#10048),(#10049,#10050,#10051,#10052,#10053),
(#10054,#10055,#10056,#10057,#10058),(#10059,#10060,#10061,#10062,#10063)),
 .UNSPECIFIED.,.F.,.F.,.F.,(4,1,4),(4,1,4),(0.,0.571428571428571,1.),(0.,
0.673198425769241,1.5707963267949),.UNSPECIFIED.);
#103=B_SPLINE_SURFACE_WITH_KNOTS('',3,3,((#10088,#10089,#10090,#10091,#10092,
#10093,#10094),(#10095,#10096,#10097,#10098,#10099,#10100,#10101),(#10102,
#10103,#10104,#10105,#10106,#10107,#10108),(#10109,#10110,#10111,#10112,
#10113,#10114,#10115),(#10116,#10117,#10118,#10119,#10120,#10121,#10122)),
 .UNSPECIFIED.,.F.,.F.,.F.,(4,1,4),(4,1,1,1,4),(0.,0.571428571428571,1.),
(-0.73762646903439,-0.078077098797451,0.251697586321019,0.911246956557958,
1.5707963267949),.UNSPECIFIED.);
#104=B_SPLINE_SURFACE_WITH_KNOTS('',3,3,((#10155,#10156,#10157,#10158,#10159,
#10160),(#10161,#10162,#10163,#10164,#10165,#10166),(#10167,#10168,#10169,
#10170,#10171,#10172),(#10173,#10174,#10175,#10176,#10177,#10178),(#10179,
#10180,#10181,#10182,#10183,#10184)),.UNSPECIFIED.,.F.,.F.,.F.,(4,1,4),
(4,1,1,4),(0.,0.571428571428571,1.),(-1.5707963267949,-0.897597901025655,
-0.448798950512827,1.08443798860621E-15),.UNSPECIFIED.);
#105=B_SPLINE_SURFACE_WITH_KNOTS('',3,3,((#10202,#10203,#10204,#10205,#10206,
#10207),(#10208,#10209,#10210,#10211,#10212,#10213),(#10214,#10215,#10216,
#10217,#10218,#10219),(#10220,#10221,#10222,#10223,#10224,#10225),(#10226,
#10227,#10228,#10229,#10230,#10231)),.UNSPECIFIED.,.F.,.F.,.F.,(4,1,4),
(4,1,1,4),(0.,0.571428571428571,1.),(-4.77048955893622E-17,0.448798950512828,
0.673198425769241,1.5707963267949),.UNSPECIFIED.);
#106=B_SPLINE_SURFACE_WITH_KNOTS('',3,3,((#10235,#10236,#10237,#10238,#10239,
#10240),(#10241,#10242,#10243,#10244,#10245,#10246),(#10247,#10248,#10249,
#10250,#10251,#10252),(#10253,#10254,#10255,#10256,#10257,#10258),(#10259,
#10260,#10261,#10262,#10263,#10264)),.UNSPECIFIED.,.F.,.F.,.F.,(4,1,4),
(4,1,1,4),(0.,0.571428571428571,1.),(0.,0.448798950512828,0.673198425769241,
1.5707963267949),.UNSPECIFIED.);
#107=B_SPLINE_SURFACE_WITH_KNOTS('',3,3,((#10281,#10282,#10283,#10284,#10285,
#10286),(#10287,#10288,#10289,#10290,#10291,#10292),(#10293,#10294,#10295,
#10296,#10297,#10298),(#10299,#10300,#10301,#10302,#10303,#10304),(#10305,
#10306,#10307,#10308,#10309,#10310)),.UNSPECIFIED.,.F.,.F.,.F.,(4,1,4),
(4,1,1,4),(0.,0.571428571428571,1.),(-4.77048955893622E-17,0.448798950512828,
0.673198425769241,1.5707963267949),.UNSPECIFIED.);
#108=B_SPLINE_SURFACE_WITH_KNOTS('',3,3,((#10314,#10315,#10316,#10317,#10318,
#10319),(#10320,#10321,#10322,#10323,#10324,#10325),(#10326,#10327,#10328,
#10329,#10330,#10331),(#10332,#10333,#10334,#10335,#10336,#10337),(#10338,
#10339,#10340,#10341,#10342,#10343)),.UNSPECIFIED.,.F.,.F.,.F.,(4,1,4),
(4,1,1,4),(0.,0.571428571428571,1.),(-1.43114686768087E-16,0.448798950512827,
0.673198425769241,1.5707963267949),.UNSPECIFIED.);
#109=SPHERICAL_SURFACE('',#5722,1.00000000000001);
#110=SPHERICAL_SURFACE('',#5738,0.999999999999996);
#111=SPHERICAL_SURFACE('',#5782,0.999999999999996);
#112=SPHERICAL_SURFACE('',#5791,0.999999999999996);
#113=SPHERICAL_SURFACE('',#6006,1.);
#114=SPHERICAL_SURFACE('',#6021,1.);
#115=SPHERICAL_SURFACE('',#6035,1.);
#116=SPHERICAL_SURFACE('',#6065,2.);
#117=SPHERICAL_SURFACE('',#6112,2.);
#118=ELLIPSE('',#5717,1.65534914095264,1.5);
#119=ELLIPSE('',#5718,1.65534914095264,1.5);
#120=ELLIPSE('',#5729,4.63323772593362,2.);
#121=ELLIPSE('',#5730,4.29731216285419,1.);
#122=ELLIPSE('',#5734,4.63323772593362,2.);
#123=ELLIPSE('',#5735,4.29731216285419,1.);
#124=ELLIPSE('',#5745,2.21720967122806,2.);
#125=ELLIPSE('',#5746,1.3842032821039,1.);
#126=ELLIPSE('',#5752,4.63323772593362,2.);
#127=ELLIPSE('',#5753,4.29731216285419,1.);
#128=ELLIPSE('',#5757,4.63323772593362,2.);
#129=ELLIPSE('',#5758,4.29731216285419,1.);
#130=ELLIPSE('',#5763,1.3842032821039,1.);
#131=ELLIPSE('',#5764,2.21720967122806,2.);
#132=ELLIPSE('',#5769,2.31661886296681,1.);
#133=ELLIPSE('',#5777,4.63323772593362,2.);
#134=ELLIPSE('',#5778,4.29731216285417,1.);
#135=ELLIPSE('',#5789,4.63323772593362,2.);
#136=ELLIPSE('',#5790,4.29731216285419,1.);
#137=ELLIPSE('',#5798,2.21720967122806,2.);
#138=ELLIPSE('',#5799,1.3842032821039,1.);
#139=ELLIPSE('',#5802,4.29731216285417,1.);
#140=ELLIPSE('',#5804,4.63323772593362,2.);
#141=ELLIPSE('',#5809,1.3842032821039,1.);
#142=ELLIPSE('',#5810,2.21720967122806,2.);
#143=ELLIPSE('',#5815,4.29731216285419,1.);
#144=ELLIPSE('',#5817,4.63323772593362,2.);
#145=ELLIPSE('',#5823,2.31661886296681,1.);
#146=ELLIPSE('',#5845,2.31661886296681,1.);
#147=ELLIPSE('',#5852,2.31661886296681,1.);
#148=ELLIPSE('',#5863,2.58239462825106,2.);
#149=ELLIPSE('',#5864,3.86248132888949,3.5);
#150=ELLIPSE('',#5865,5.91087095282528,2.5);
#151=ELLIPSE('',#5866,5.44870584826834,1.);
#152=ELLIPSE('',#5873,5.44870584826834,1.);
#153=ELLIPSE('',#5874,5.91087095282528,2.5);
#154=ELLIPSE('',#5878,5.91087095282528,2.5);
#155=ELLIPSE('',#5879,5.44870584826834,1.);
#156=ELLIPSE('',#5882,3.86248132888949,3.5);
#157=ELLIPSE('',#5884,2.58239462825106,2.);
#158=ELLIPSE('',#5887,5.44870584826834,1.);
#159=ELLIPSE('',#5888,5.91087095282528,2.5);
#160=ELLIPSE('',#5890,2.4988384403172,2.);
#161=ELLIPSE('',#5892,3.80712405245836,3.5);
#162=ELLIPSE('',#5895,6.35340999489136,2.5);
#163=ELLIPSE('',#5896,5.92586015386671,1.);
#164=ELLIPSE('',#5901,3.80712405245836,3.5);
#165=ELLIPSE('',#5903,2.4988384403172,2.);
#166=ELLIPSE('',#5906,5.92586015386671,1.);
#167=ELLIPSE('',#5907,6.35340999489136,2.5);
#168=ELLIPSE('',#5912,2.4988384403172,2.);
#169=ELLIPSE('',#5913,3.80712405245836,3.5);
#170=ELLIPSE('',#5914,6.35340999489136,2.5);
#171=ELLIPSE('',#5915,5.92586015386671,1.);
#172=ELLIPSE('',#5919,3.80712405245836,3.5);
#173=ELLIPSE('',#5921,2.4988384403172,2.);
#174=ELLIPSE('',#5924,5.92586015386671,1.);
#175=ELLIPSE('',#5925,6.35340999489136,2.5);
#176=ELLIPSE('',#5930,2.4988384403172,2.);
#177=ELLIPSE('',#5931,3.80712405245836,3.5);
#178=ELLIPSE('',#5932,6.35340999489136,2.5);
#179=ELLIPSE('',#5933,5.92586015386671,1.);
#180=ELLIPSE('',#5937,3.80712405245836,3.5);
#181=ELLIPSE('',#5939,2.4988384403172,2.);
#182=ELLIPSE('',#5942,5.92586015386671,1.);
#183=ELLIPSE('',#5943,6.35340999489136,2.5);
#184=ELLIPSE('',#5945,2.23606797749979,1.99999999999999);
#185=ELLIPSE('',#5946,2.23606797749979,1.99999999999999);
#186=ELLIPSE('',#5947,2.23606797749979,1.99999999999999);
#187=ELLIPSE('',#5948,2.23606797749979,1.99999999999999);
#188=ELLIPSE('',#5954,2.23606797749979,1.99999999999999);
#189=ELLIPSE('',#5955,2.23606797749979,1.99999999999999);
#190=ELLIPSE('',#5956,2.23606797749979,1.99999999999999);
#191=ELLIPSE('',#5957,2.23606797749979,1.99999999999999);
#192=ELLIPSE('',#5998,1.41421356237308,1.);
#193=ELLIPSE('',#6001,1.4142135623731,1.);
#194=ELLIPSE('',#6015,1.41421356237311,1.);
#195=ELLIPSE('',#6018,1.08239220029239,1.);
#196=ELLIPSE('',#6020,1.41421356237309,1.);
#197=ELLIPSE('',#6030,1.0823922002924,1.);
#198=ELLIPSE('',#6103,2.16478440058482,2.);
#199=ELLIPSE('',#6105,2.16478440058477,2.);
#200=FACE_BOUND('',#716,.T.);
#201=FACE_BOUND('',#717,.T.);
#202=FACE_BOUND('',#718,.T.);
#203=FACE_BOUND('',#730,.T.);
#204=FACE_BOUND('',#731,.T.);
#205=FACE_BOUND('',#732,.T.);
#206=FACE_BOUND('',#755,.T.);
#207=FACE_BOUND('',#793,.T.);
#208=FACE_BOUND('',#794,.T.);
#209=FACE_BOUND('',#795,.T.);
#210=FACE_BOUND('',#796,.T.);
#211=FACE_BOUND('',#871,.T.);
#212=FACE_BOUND('',#872,.T.);
#213=FACE_BOUND('',#873,.T.);
#214=FACE_BOUND('',#874,.T.);
#215=FACE_BOUND('',#903,.T.);
#216=FACE_BOUND('',#904,.T.);
#217=FACE_BOUND('',#927,.T.);
#218=FACE_BOUND('',#935,.T.);
#219=FACE_BOUND('',#944,.T.);
#220=FACE_BOUND('',#945,.T.);
#221=FACE_BOUND('',#949,.T.);
#222=FACE_BOUND('',#980,.T.);
#223=FACE_BOUND('',#1013,.T.);
#224=FACE_BOUND('',#1015,.T.);
#225=FACE_BOUND('',#1017,.T.);
#226=FACE_BOUND('',#1030,.T.);
#227=FACE_BOUND('',#1031,.T.);
#228=FACE_BOUND('',#1032,.T.);
#229=FACE_BOUND('',#1033,.T.);
#230=FACE_BOUND('',#1034,.T.);
#231=FACE_BOUND('',#1035,.T.);
#232=FACE_BOUND('',#1036,.T.);
#233=FACE_BOUND('',#1037,.T.);
#234=FACE_BOUND('',#1038,.T.);
#235=FACE_BOUND('',#1047,.T.);
#236=TOROIDAL_SURFACE('',#5657,2.,1.);
#237=TOROIDAL_SURFACE('',#5663,2.,1.);
#238=TOROIDAL_SURFACE('',#5669,2.,1.);
#239=TOROIDAL_SURFACE('',#5675,2.,1.);
#240=TOROIDAL_SURFACE('',#5691,2.,1.);
#241=TOROIDAL_SURFACE('',#5697,2.,1.);
#242=TOROIDAL_SURFACE('',#5702,2.,1.);
#243=TOROIDAL_SURFACE('',#5708,2.,1.);
#244=TOROIDAL_SURFACE('',#6048,3.,1.);
#245=TOROIDAL_SURFACE('',#6053,3.,1.);
#246=CYLINDRICAL_SURFACE('',#5646,1.75);
#247=CYLINDRICAL_SURFACE('',#5650,1.75);
#248=CYLINDRICAL_SURFACE('',#5654,1.);
#249=CYLINDRICAL_SURFACE('',#5661,1.);
#250=CYLINDRICAL_SURFACE('',#5667,1.);
#251=CYLINDRICAL_SURFACE('',#5673,1.);
#252=CYLINDRICAL_SURFACE('',#5678,1.);
#253=CYLINDRICAL_SURFACE('',#5681,1.);
#254=CYLINDRICAL_SURFACE('',#5695,1.);
#255=CYLINDRICAL_SURFACE('',#5700,1.);
#256=CYLINDRICAL_SURFACE('',#5706,1.);
#257=CYLINDRICAL_SURFACE('',#5712,1.);
#258=CYLINDRICAL_SURFACE('',#5714,1.);
#259=CYLINDRICAL_SURFACE('',#5720,1.);
#260=CYLINDRICAL_SURFACE('',#5726,1.);
#261=CYLINDRICAL_SURFACE('',#5731,1.);
#262=CYLINDRICAL_SURFACE('',#5736,1.);
#263=CYLINDRICAL_SURFACE('',#5742,1.);
#264=CYLINDRICAL_SURFACE('',#5747,1.);
#265=CYLINDRICAL_SURFACE('',#5748,1.);
#266=CYLINDRICAL_SURFACE('',#5754,1.);
#267=CYLINDRICAL_SURFACE('',#5759,1.);
#268=CYLINDRICAL_SURFACE('',#5760,1.);
#269=CYLINDRICAL_SURFACE('',#5768,1.);
#270=CYLINDRICAL_SURFACE('',#5772,1.);
#271=CYLINDRICAL_SURFACE('',#5773,1.);
#272=CYLINDRICAL_SURFACE('',#5779,1.);
#273=CYLINDRICAL_SURFACE('',#5786,1.);
#274=CYLINDRICAL_SURFACE('',#5795,1.);
#275=CYLINDRICAL_SURFACE('',#5800,1.);
#276=CYLINDRICAL_SURFACE('',#5805,1.);
#277=CYLINDRICAL_SURFACE('',#5806,1.);
#278=CYLINDRICAL_SURFACE('',#5811,1.);
#279=CYLINDRICAL_SURFACE('',#5818,1.);
#280=CYLINDRICAL_SURFACE('',#5822,1.);
#281=CYLINDRICAL_SURFACE('',#5827,1.);
#282=CYLINDRICAL_SURFACE('',#5840,1.);
#283=CYLINDRICAL_SURFACE('',#5846,1.);
#284=CYLINDRICAL_SURFACE('',#5853,1.);
#285=CYLINDRICAL_SURFACE('',#5855,1.);
#286=CYLINDRICAL_SURFACE('',#5857,1.);
#287=CYLINDRICAL_SURFACE('',#5858,1.);
#288=CYLINDRICAL_SURFACE('',#5859,1.);
#289=CYLINDRICAL_SURFACE('',#5860,1.5);
#290=CYLINDRICAL_SURFACE('',#5867,1.);
#291=CYLINDRICAL_SURFACE('',#5869,2.);
#292=CYLINDRICAL_SURFACE('',#5871,1.5);
#293=CYLINDRICAL_SURFACE('',#5876,1.5);
#294=CYLINDRICAL_SURFACE('',#5880,1.);
#295=CYLINDRICAL_SURFACE('',#5885,1.5);
#296=CYLINDRICAL_SURFACE('',#5893,1.5);
#297=CYLINDRICAL_SURFACE('',#5897,1.);
#298=CYLINDRICAL_SURFACE('',#5899,2.);
#299=CYLINDRICAL_SURFACE('',#5904,1.5);
#300=CYLINDRICAL_SURFACE('',#5909,1.5);
#301=CYLINDRICAL_SURFACE('',#5916,1.);
#302=CYLINDRICAL_SURFACE('',#5922,1.5);
#303=CYLINDRICAL_SURFACE('',#5927,1.5);
#304=CYLINDRICAL_SURFACE('',#5934,1.);
#305=CYLINDRICAL_SURFACE('',#5940,1.5);
#306=CYLINDRICAL_SURFACE('',#5950,2.);
#307=CYLINDRICAL_SURFACE('',#5951,2.);
#308=CYLINDRICAL_SURFACE('',#5952,2.);
#309=CYLINDRICAL_SURFACE('',#5959,2.);
#310=CYLINDRICAL_SURFACE('',#5960,2.);
#311=CYLINDRICAL_SURFACE('',#5961,2.);
#312=CYLINDRICAL_SURFACE('',#5963,2.);
#313=CYLINDRICAL_SURFACE('',#5965,2.);
#314=CYLINDRICAL_SURFACE('',#5978,1.);
#315=CYLINDRICAL_SURFACE('',#5979,1.);
#316=CYLINDRICAL_SURFACE('',#5980,1.);
#317=CYLINDRICAL_SURFACE('',#5982,1.);
#318=CYLINDRICAL_SURFACE('',#5983,1.);
#319=CYLINDRICAL_SURFACE('',#5996,1.);
#320=CYLINDRICAL_SURFACE('',#5999,1.);
#321=CYLINDRICAL_SURFACE('',#6002,1.);
#322=CYLINDRICAL_SURFACE('',#6009,1.);
#323=CYLINDRICAL_SURFACE('',#6014,1.);
#324=CYLINDRICAL_SURFACE('',#6017,1.);
#325=CYLINDRICAL_SURFACE('',#6024,1.);
#326=CYLINDRICAL_SURFACE('',#6029,1.);
#327=CYLINDRICAL_SURFACE('',#6031,1.);
#328=CYLINDRICAL_SURFACE('',#6033,1.);
#329=CYLINDRICAL_SURFACE('',#6041,1.);
#330=CYLINDRICAL_SURFACE('',#6046,1.);
#331=CYLINDRICAL_SURFACE('',#6051,1.);
#332=CYLINDRICAL_SURFACE('',#6055,2.);
#333=CYLINDRICAL_SURFACE('',#6057,2.);
#334=CYLINDRICAL_SURFACE('',#6061,2.);
#335=CYLINDRICAL_SURFACE('',#6063,2.);
#336=CYLINDRICAL_SURFACE('',#6067,2.);
#337=CYLINDRICAL_SURFACE('',#6068,1.70000000000002);
#338=CYLINDRICAL_SURFACE('',#6077,1.);
#339=CYLINDRICAL_SURFACE('',#6081,1.75);
#340=CYLINDRICAL_SURFACE('',#6092,1.);
#341=CYLINDRICAL_SURFACE('',#6097,1.00000000000001);
#342=CYLINDRICAL_SURFACE('',#6102,2.);
#343=CYLINDRICAL_SURFACE('',#6104,2.);
#344=CYLINDRICAL_SURFACE('',#6106,2.);
#345=CYLINDRICAL_SURFACE('',#6108,2.);
#346=CYLINDRICAL_SURFACE('',#6110,2.);
#347=CYLINDRICAL_SURFACE('',#6130,4.);
#348=CYLINDRICAL_SURFACE('',#6131,1.75);
#349=CYLINDRICAL_SURFACE('',#6135,4.);
#350=CYLINDRICAL_SURFACE('',#6137,1.7);
#351=CYLINDRICAL_SURFACE('',#6156,1.7);
#352=CYLINDRICAL_SURFACE('',#6158,1.7);
#353=CYLINDRICAL_SURFACE('',#6160,1.7);
#354=CYLINDRICAL_SURFACE('',#6165,3.5);
#355=CYLINDRICAL_SURFACE('',#6168,3.5);
#356=CYLINDRICAL_SURFACE('',#6170,3.5);
#357=CYLINDRICAL_SURFACE('',#6173,3.5);
#358=CYLINDRICAL_SURFACE('',#6191,8.00000000000001);
#359=CYLINDRICAL_SURFACE('',#6192,7.99999999999999);
#360=CYLINDRICAL_SURFACE('',#6193,7.99999999999999);
#361=CYLINDRICAL_SURFACE('',#6194,8.);
#362=CYLINDRICAL_SURFACE('',#6201,2.1);
#363=CYLINDRICAL_SURFACE('',#6202,2.1);
#364=CYLINDRICAL_SURFACE('',#6203,2.1);
#365=CYLINDRICAL_SURFACE('',#6204,2.1);
#366=CYLINDRICAL_SURFACE('',#6205,1.00000000000001);
#367=CYLINDRICAL_SURFACE('',#6206,1.00000000000001);
#368=FACE_OUTER_BOUND('',#695,.T.);
#369=FACE_OUTER_BOUND('',#696,.T.);
#370=FACE_OUTER_BOUND('',#697,.T.);
#371=FACE_OUTER_BOUND('',#698,.T.);
#372=FACE_OUTER_BOUND('',#699,.T.);
#373=FACE_OUTER_BOUND('',#700,.T.);
#374=FACE_OUTER_BOUND('',#701,.T.);
#375=FACE_OUTER_BOUND('',#702,.T.);
#376=FACE_OUTER_BOUND('',#703,.T.);
#377=FACE_OUTER_BOUND('',#704,.T.);
#378=FACE_OUTER_BOUND('',#705,.T.);
#379=FACE_OUTER_BOUND('',#706,.T.);
#380=FACE_OUTER_BOUND('',#707,.T.);
#381=FACE_OUTER_BOUND('',#708,.T.);
#382=FACE_OUTER_BOUND('',#709,.T.);
#383=FACE_OUTER_BOUND('',#710,.T.);
#384=FACE_OUTER_BOUND('',#711,.T.);
#385=FACE_OUTER_BOUND('',#712,.T.);
#386=FACE_OUTER_BOUND('',#713,.T.);
#387=FACE_OUTER_BOUND('',#714,.T.);
#388=FACE_OUTER_BOUND('',#715,.T.);
#389=FACE_OUTER_BOUND('',#719,.T.);
#390=FACE_OUTER_BOUND('',#720,.T.);
#391=FACE_OUTER_BOUND('',#721,.T.);
#392=FACE_OUTER_BOUND('',#722,.T.);
#393=FACE_OUTER_BOUND('',#723,.T.);
#394=FACE_OUTER_BOUND('',#724,.T.);
#395=FACE_OUTER_BOUND('',#725,.T.);
#396=FACE_OUTER_BOUND('',#726,.T.);
#397=FACE_OUTER_BOUND('',#727,.T.);
#398=FACE_OUTER_BOUND('',#728,.T.);
#399=FACE_OUTER_BOUND('',#729,.T.);
#400=FACE_OUTER_BOUND('',#733,.T.);
#401=FACE_OUTER_BOUND('',#734,.T.);
#402=FACE_OUTER_BOUND('',#735,.T.);
#403=FACE_OUTER_BOUND('',#736,.T.);
#404=FACE_OUTER_BOUND('',#737,.T.);
#405=FACE_OUTER_BOUND('',#738,.T.);
#406=FACE_OUTER_BOUND('',#739,.T.);
#407=FACE_OUTER_BOUND('',#740,.T.);
#408=FACE_OUTER_BOUND('',#741,.T.);
#409=FACE_OUTER_BOUND('',#742,.T.);
#410=FACE_OUTER_BOUND('',#743,.T.);
#411=FACE_OUTER_BOUND('',#744,.T.);
#412=FACE_OUTER_BOUND('',#745,.T.);
#413=FACE_OUTER_BOUND('',#746,.T.);
#414=FACE_OUTER_BOUND('',#747,.T.);
#415=FACE_OUTER_BOUND('',#748,.T.);
#416=FACE_OUTER_BOUND('',#749,.T.);
#417=FACE_OUTER_BOUND('',#750,.T.);
#418=FACE_OUTER_BOUND('',#751,.T.);
#419=FACE_OUTER_BOUND('',#752,.T.);
#420=FACE_OUTER_BOUND('',#753,.T.);
#421=FACE_OUTER_BOUND('',#754,.T.);
#422=FACE_OUTER_BOUND('',#756,.T.);
#423=FACE_OUTER_BOUND('',#757,.T.);
#424=FACE_OUTER_BOUND('',#758,.T.);
#425=FACE_OUTER_BOUND('',#759,.T.);
#426=FACE_OUTER_BOUND('',#760,.T.);
#427=FACE_OUTER_BOUND('',#761,.T.);
#428=FACE_OUTER_BOUND('',#762,.T.);
#429=FACE_OUTER_BOUND('',#763,.T.);
#430=FACE_OUTER_BOUND('',#764,.T.);
#431=FACE_OUTER_BOUND('',#765,.T.);
#432=FACE_OUTER_BOUND('',#766,.T.);
#433=FACE_OUTER_BOUND('',#767,.T.);
#434=FACE_OUTER_BOUND('',#768,.T.);
#435=FACE_OUTER_BOUND('',#769,.T.);
#436=FACE_OUTER_BOUND('',#770,.T.);
#437=FACE_OUTER_BOUND('',#771,.T.);
#438=FACE_OUTER_BOUND('',#772,.T.);
#439=FACE_OUTER_BOUND('',#773,.T.);
#440=FACE_OUTER_BOUND('',#774,.T.);
#441=FACE_OUTER_BOUND('',#775,.T.);
#442=FACE_OUTER_BOUND('',#776,.T.);
#443=FACE_OUTER_BOUND('',#777,.T.);
#444=FACE_OUTER_BOUND('',#778,.T.);
#445=FACE_OUTER_BOUND('',#779,.T.);
#446=FACE_OUTER_BOUND('',#780,.T.);
#447=FACE_OUTER_BOUND('',#781,.T.);
#448=FACE_OUTER_BOUND('',#782,.T.);
#449=FACE_OUTER_BOUND('',#783,.T.);
#450=FACE_OUTER_BOUND('',#784,.T.);
#451=FACE_OUTER_BOUND('',#785,.T.);
#452=FACE_OUTER_BOUND('',#786,.T.);
#453=FACE_OUTER_BOUND('',#787,.T.);
#454=FACE_OUTER_BOUND('',#788,.T.);
#455=FACE_OUTER_BOUND('',#789,.T.);
#456=FACE_OUTER_BOUND('',#790,.T.);
#457=FACE_OUTER_BOUND('',#791,.T.);
#458=FACE_OUTER_BOUND('',#792,.T.);
#459=FACE_OUTER_BOUND('',#797,.T.);
#460=FACE_OUTER_BOUND('',#798,.T.);
#461=FACE_OUTER_BOUND('',#799,.T.);
#462=FACE_OUTER_BOUND('',#800,.T.);
#463=FACE_OUTER_BOUND('',#801,.T.);
#464=FACE_OUTER_BOUND('',#802,.T.);
#465=FACE_OUTER_BOUND('',#803,.T.);
#466=FACE_OUTER_BOUND('',#804,.T.);
#467=FACE_OUTER_BOUND('',#805,.T.);
#468=FACE_OUTER_BOUND('',#806,.T.);
#469=FACE_OUTER_BOUND('',#807,.T.);
#470=FACE_OUTER_BOUND('',#808,.T.);
#471=FACE_OUTER_BOUND('',#809,.T.);
#472=FACE_OUTER_BOUND('',#810,.T.);
#473=FACE_OUTER_BOUND('',#811,.T.);
#474=FACE_OUTER_BOUND('',#812,.T.);
#475=FACE_OUTER_BOUND('',#813,.T.);
#476=FACE_OUTER_BOUND('',#814,.T.);
#477=FACE_OUTER_BOUND('',#815,.T.);
#478=FACE_OUTER_BOUND('',#816,.T.);
#479=FACE_OUTER_BOUND('',#817,.T.);
#480=FACE_OUTER_BOUND('',#818,.T.);
#481=FACE_OUTER_BOUND('',#819,.T.);
#482=FACE_OUTER_BOUND('',#820,.T.);
#483=FACE_OUTER_BOUND('',#821,.T.);
#484=FACE_OUTER_BOUND('',#822,.T.);
#485=FACE_OUTER_BOUND('',#823,.T.);
#486=FACE_OUTER_BOUND('',#824,.T.);
#487=FACE_OUTER_BOUND('',#825,.T.);
#488=FACE_OUTER_BOUND('',#826,.T.);
#489=FACE_OUTER_BOUND('',#827,.T.);
#490=FACE_OUTER_BOUND('',#828,.T.);
#491=FACE_OUTER_BOUND('',#829,.T.);
#492=FACE_OUTER_BOUND('',#830,.T.);
#493=FACE_OUTER_BOUND('',#831,.T.);
#494=FACE_OUTER_BOUND('',#832,.T.);
#495=FACE_OUTER_BOUND('',#833,.T.);
#496=FACE_OUTER_BOUND('',#834,.T.);
#497=FACE_OUTER_BOUND('',#835,.T.);
#498=FACE_OUTER_BOUND('',#836,.T.);
#499=FACE_OUTER_BOUND('',#837,.T.);
#500=FACE_OUTER_BOUND('',#838,.T.);
#501=FACE_OUTER_BOUND('',#839,.T.);
#502=FACE_OUTER_BOUND('',#840,.T.);
#503=FACE_OUTER_BOUND('',#841,.T.);
#504=FACE_OUTER_BOUND('',#842,.T.);
#505=FACE_OUTER_BOUND('',#843,.T.);
#506=FACE_OUTER_BOUND('',#844,.T.);
#507=FACE_OUTER_BOUND('',#845,.T.);
#508=FACE_OUTER_BOUND('',#846,.T.);
#509=FACE_OUTER_BOUND('',#847,.T.);
#510=FACE_OUTER_BOUND('',#848,.T.);
#511=FACE_OUTER_BOUND('',#849,.T.);
#512=FACE_OUTER_BOUND('',#850,.T.);
#513=FACE_OUTER_BOUND('',#851,.T.);
#514=FACE_OUTER_BOUND('',#852,.T.);
#515=FACE_OUTER_BOUND('',#853,.T.);
#516=FACE_OUTER_BOUND('',#854,.T.);
#517=FACE_OUTER_BOUND('',#855,.T.);
#518=FACE_OUTER_BOUND('',#856,.T.);
#519=FACE_OUTER_BOUND('',#857,.T.);
#520=FACE_OUTER_BOUND('',#858,.T.);
#521=FACE_OUTER_BOUND('',#859,.T.);
#522=FACE_OUTER_BOUND('',#860,.T.);
#523=FACE_OUTER_BOUND('',#861,.T.);
#524=FACE_OUTER_BOUND('',#862,.T.);
#525=FACE_OUTER_BOUND('',#863,.T.);
#526=FACE_OUTER_BOUND('',#864,.T.);
#527=FACE_OUTER_BOUND('',#865,.T.);
#528=FACE_OUTER_BOUND('',#866,.T.);
#529=FACE_OUTER_BOUND('',#867,.T.);
#530=FACE_OUTER_BOUND('',#868,.T.);
#531=FACE_OUTER_BOUND('',#869,.T.);
#532=FACE_OUTER_BOUND('',#870,.T.);
#533=FACE_OUTER_BOUND('',#875,.T.);
#534=FACE_OUTER_BOUND('',#876,.T.);
#535=FACE_OUTER_BOUND('',#877,.T.);
#536=FACE_OUTER_BOUND('',#878,.T.);
#537=FACE_OUTER_BOUND('',#879,.T.);
#538=FACE_OUTER_BOUND('',#880,.T.);
#539=FACE_OUTER_BOUND('',#881,.T.);
#540=FACE_OUTER_BOUND('',#882,.T.);
#541=FACE_OUTER_BOUND('',#883,.T.);
#542=FACE_OUTER_BOUND('',#884,.T.);
#543=FACE_OUTER_BOUND('',#885,.T.);
#544=FACE_OUTER_BOUND('',#886,.T.);
#545=FACE_OUTER_BOUND('',#887,.T.);
#546=FACE_OUTER_BOUND('',#888,.T.);
#547=FACE_OUTER_BOUND('',#889,.T.);
#548=FACE_OUTER_BOUND('',#890,.T.);
#549=FACE_OUTER_BOUND('',#891,.T.);
#550=FACE_OUTER_BOUND('',#892,.T.);
#551=FACE_OUTER_BOUND('',#893,.T.);
#552=FACE_OUTER_BOUND('',#894,.T.);
#553=FACE_OUTER_BOUND('',#895,.T.);
#554=FACE_OUTER_BOUND('',#896,.T.);
#555=FACE_OUTER_BOUND('',#897,.T.);
#556=FACE_OUTER_BOUND('',#898,.T.);
#557=FACE_OUTER_BOUND('',#899,.T.);
#558=FACE_OUTER_BOUND('',#900,.T.);
#559=FACE_OUTER_BOUND('',#901,.T.);
#560=FACE_OUTER_BOUND('',#902,.T.);
#561=FACE_OUTER_BOUND('',#905,.T.);
#562=FACE_OUTER_BOUND('',#906,.T.);
#563=FACE_OUTER_BOUND('',#907,.T.);
#564=FACE_OUTER_BOUND('',#908,.T.);
#565=FACE_OUTER_BOUND('',#909,.T.);
#566=FACE_OUTER_BOUND('',#910,.T.);
#567=FACE_OUTER_BOUND('',#911,.T.);
#568=FACE_OUTER_BOUND('',#912,.T.);
#569=FACE_OUTER_BOUND('',#913,.T.);
#570=FACE_OUTER_BOUND('',#914,.T.);
#571=FACE_OUTER_BOUND('',#915,.T.);
#572=FACE_OUTER_BOUND('',#916,.T.);
#573=FACE_OUTER_BOUND('',#917,.T.);
#574=FACE_OUTER_BOUND('',#918,.T.);
#575=FACE_OUTER_BOUND('',#919,.T.);
#576=FACE_OUTER_BOUND('',#920,.T.);
#577=FACE_OUTER_BOUND('',#921,.T.);
#578=FACE_OUTER_BOUND('',#922,.T.);
#579=FACE_OUTER_BOUND('',#923,.T.);
#580=FACE_OUTER_BOUND('',#924,.T.);
#581=FACE_OUTER_BOUND('',#925,.T.);
#582=FACE_OUTER_BOUND('',#926,.T.);
#583=FACE_OUTER_BOUND('',#928,.T.);
#584=FACE_OUTER_BOUND('',#929,.T.);
#585=FACE_OUTER_BOUND('',#930,.T.);
#586=FACE_OUTER_BOUND('',#931,.T.);
#587=FACE_OUTER_BOUND('',#932,.T.);
#588=FACE_OUTER_BOUND('',#933,.T.);
#589=FACE_OUTER_BOUND('',#934,.T.);
#590=FACE_OUTER_BOUND('',#936,.T.);
#591=FACE_OUTER_BOUND('',#937,.T.);
#592=FACE_OUTER_BOUND('',#938,.T.);
#593=FACE_OUTER_BOUND('',#939,.T.);
#594=FACE_OUTER_BOUND('',#940,.T.);
#595=FACE_OUTER_BOUND('',#941,.T.);
#596=FACE_OUTER_BOUND('',#942,.T.);
#597=FACE_OUTER_BOUND('',#943,.T.);
#598=FACE_OUTER_BOUND('',#946,.T.);
#599=FACE_OUTER_BOUND('',#947,.T.);
#600=FACE_OUTER_BOUND('',#948,.T.);
#601=FACE_OUTER_BOUND('',#950,.T.);
#602=FACE_OUTER_BOUND('',#951,.T.);
#603=FACE_OUTER_BOUND('',#952,.T.);
#604=FACE_OUTER_BOUND('',#953,.T.);
#605=FACE_OUTER_BOUND('',#954,.T.);
#606=FACE_OUTER_BOUND('',#955,.T.);
#607=FACE_OUTER_BOUND('',#956,.T.);
#608=FACE_OUTER_BOUND('',#957,.T.);
#609=FACE_OUTER_BOUND('',#958,.T.);
#610=FACE_OUTER_BOUND('',#959,.T.);
#611=FACE_OUTER_BOUND('',#960,.T.);
#612=FACE_OUTER_BOUND('',#961,.T.);
#613=FACE_OUTER_BOUND('',#962,.T.);
#614=FACE_OUTER_BOUND('',#963,.T.);
#615=FACE_OUTER_BOUND('',#964,.T.);
#616=FACE_OUTER_BOUND('',#965,.T.);
#617=FACE_OUTER_BOUND('',#966,.T.);
#618=FACE_OUTER_BOUND('',#967,.T.);
#619=FACE_OUTER_BOUND('',#968,.T.);
#620=FACE_OUTER_BOUND('',#969,.T.);
#621=FACE_OUTER_BOUND('',#970,.T.);
#622=FACE_OUTER_BOUND('',#971,.T.);
#623=FACE_OUTER_BOUND('',#972,.T.);
#624=FACE_OUTER_BOUND('',#973,.T.);
#625=FACE_OUTER_BOUND('',#974,.T.);
#626=FACE_OUTER_BOUND('',#975,.T.);
#627=FACE_OUTER_BOUND('',#976,.T.);
#628=FACE_OUTER_BOUND('',#977,.T.);
#629=FACE_OUTER_BOUND('',#978,.T.);
#630=FACE_OUTER_BOUND('',#979,.T.);
#631=FACE_OUTER_BOUND('',#981,.T.);
#632=FACE_OUTER_BOUND('',#982,.T.);
#633=FACE_OUTER_BOUND('',#983,.T.);
#634=FACE_OUTER_BOUND('',#984,.T.);
#635=FACE_OUTER_BOUND('',#985,.T.);
#636=FACE_OUTER_BOUND('',#986,.T.);
#637=FACE_OUTER_BOUND('',#987,.T.);
#638=FACE_OUTER_BOUND('',#988,.T.);
#639=FACE_OUTER_BOUND('',#989,.T.);
#640=FACE_OUTER_BOUND('',#990,.T.);
#641=FACE_OUTER_BOUND('',#991,.T.);
#642=FACE_OUTER_BOUND('',#992,.T.);
#643=FACE_OUTER_BOUND('',#993,.T.);
#644=FACE_OUTER_BOUND('',#994,.T.);
#645=FACE_OUTER_BOUND('',#995,.T.);
#646=FACE_OUTER_BOUND('',#996,.T.);
#647=FACE_OUTER_BOUND('',#997,.T.);
#648=FACE_OUTER_BOUND('',#998,.T.);
#649=FACE_OUTER_BOUND('',#999,.T.);
#650=FACE_OUTER_BOUND('',#1000,.T.);
#651=FACE_OUTER_BOUND('',#1001,.T.);
#652=FACE_OUTER_BOUND('',#1002,.T.);
#653=FACE_OUTER_BOUND('',#1003,.T.);
#654=FACE_OUTER_BOUND('',#1004,.T.);
#655=FACE_OUTER_BOUND('',#1005,.T.);
#656=FACE_OUTER_BOUND('',#1006,.T.);
#657=FACE_OUTER_BOUND('',#1007,.T.);
#658=FACE_OUTER_BOUND('',#1008,.T.);
#659=FACE_OUTER_BOUND('',#1009,.T.);
#660=FACE_OUTER_BOUND('',#1010,.T.);
#661=FACE_OUTER_BOUND('',#1011,.T.);
#662=FACE_OUTER_BOUND('',#1012,.T.);
#663=FACE_OUTER_BOUND('',#1014,.T.);
#664=FACE_OUTER_BOUND('',#1016,.T.);
#665=FACE_OUTER_BOUND('',#1018,.T.);
#666=FACE_OUTER_BOUND('',#1019,.T.);
#667=FACE_OUTER_BOUND('',#1020,.T.);
#668=FACE_OUTER_BOUND('',#1021,.T.);
#669=FACE_OUTER_BOUND('',#1022,.T.);
#670=FACE_OUTER_BOUND('',#1023,.T.);
#671=FACE_OUTER_BOUND('',#1024,.T.);
#672=FACE_OUTER_BOUND('',#1025,.T.);
#673=FACE_OUTER_BOUND('',#1026,.T.);
#674=FACE_OUTER_BOUND('',#1027,.T.);
#675=FACE_OUTER_BOUND('',#1028,.T.);
#676=FACE_OUTER_BOUND('',#1029,.T.);
#677=FACE_OUTER_BOUND('',#1039,.T.);
#678=FACE_OUTER_BOUND('',#1040,.T.);
#679=FACE_OUTER_BOUND('',#1041,.T.);
#680=FACE_OUTER_BOUND('',#1042,.T.);
#681=FACE_OUTER_BOUND('',#1043,.T.);
#682=FACE_OUTER_BOUND('',#1044,.T.);
#683=FACE_OUTER_BOUND('',#1045,.T.);
#684=FACE_OUTER_BOUND('',#1046,.T.);
#685=FACE_OUTER_BOUND('',#1048,.T.);
#686=FACE_OUTER_BOUND('',#1049,.T.);
#687=FACE_OUTER_BOUND('',#1050,.T.);
#688=FACE_OUTER_BOUND('',#1051,.T.);
#689=FACE_OUTER_BOUND('',#1052,.T.);
#690=FACE_OUTER_BOUND('',#1053,.T.);
#691=FACE_OUTER_BOUND('',#1054,.T.);
#692=FACE_OUTER_BOUND('',#1055,.T.);
#693=FACE_OUTER_BOUND('',#1056,.T.);
#694=FACE_OUTER_BOUND('',#1057,.T.);
#695=EDGE_LOOP('',(#3529,#3530,#3531,#3532,#3533,#3534));
#696=EDGE_LOOP('',(#3535,#3536,#3537,#3538,#3539,#3540));
#697=EDGE_LOOP('',(#3541,#3542,#3543,#3544));
#698=EDGE_LOOP('',(#3545,#3546,#3547,#3548));
#699=EDGE_LOOP('',(#3549,#3550,#3551,#3552,#3553,#3554,#3555));
#700=EDGE_LOOP('',(#3556,#3557,#3558,#3559));
#701=EDGE_LOOP('',(#3560,#3561,#3562,#3563,#3564,#3565,#3566));
#702=EDGE_LOOP('',(#3567,#3568,#3569,#3570));
#703=EDGE_LOOP('',(#3571,#3572,#3573,#3574));
#704=EDGE_LOOP('',(#3575,#3576,#3577,#3578));
#705=EDGE_LOOP('',(#3579,#3580,#3581,#3582));
#706=EDGE_LOOP('',(#3583,#3584,#3585,#3586));
#707=EDGE_LOOP('',(#3587,#3588,#3589,#3590));
#708=EDGE_LOOP('',(#3591,#3592,#3593,#3594));
#709=EDGE_LOOP('',(#3595,#3596,#3597,#3598));
#710=EDGE_LOOP('',(#3599,#3600,#3601,#3602));
#711=EDGE_LOOP('',(#3603,#3604,#3605,#3606));
#712=EDGE_LOOP('',(#3607,#3608,#3609,#3610));
#713=EDGE_LOOP('',(#3611,#3612,#3613,#3614));
#714=EDGE_LOOP('',(#3615,#3616,#3617,#3618));
#715=EDGE_LOOP('',(#3619,#3620,#3621,#3622,#3623,#3624,#3625,#3626,#3627,
#3628,#3629,#3630,#3631,#3632,#3633,#3634));
#716=EDGE_LOOP('',(#3635,#3636,#3637,#3638,#3639,#3640));
#717=EDGE_LOOP('',(#3641,#3642,#3643,#3644,#3645,#3646));
#718=EDGE_LOOP('',(#3647,#3648,#3649,#3650,#3651,#3652,#3653,#3654));
#719=EDGE_LOOP('',(#3655,#3656,#3657,#3658));
#720=EDGE_LOOP('',(#3659,#3660,#3661,#3662));
#721=EDGE_LOOP('',(#3663,#3664,#3665,#3666));
#722=EDGE_LOOP('',(#3667,#3668,#3669,#3670));
#723=EDGE_LOOP('',(#3671,#3672,#3673,#3674));
#724=EDGE_LOOP('',(#3675,#3676,#3677,#3678));
#725=EDGE_LOOP('',(#3679,#3680,#3681,#3682));
#726=EDGE_LOOP('',(#3683,#3684,#3685,#3686));
#727=EDGE_LOOP('',(#3687,#3688,#3689,#3690));
#728=EDGE_LOOP('',(#3691,#3692,#3693,#3694));
#729=EDGE_LOOP('',(#3695,#3696,#3697,#3698,#3699,#3700,#3701,#3702,#3703,
#3704,#3705,#3706,#3707,#3708,#3709,#3710,#3711,#3712));
#730=EDGE_LOOP('',(#3713));
#731=EDGE_LOOP('',(#3714));
#732=EDGE_LOOP('',(#3715,#3716,#3717,#3718,#3719,#3720,#3721,#3722));
#733=EDGE_LOOP('',(#3723,#3724,#3725,#3726));
#734=EDGE_LOOP('',(#3727,#3728,#3729,#3730));
#735=EDGE_LOOP('',(#3731,#3732,#3733));
#736=EDGE_LOOP('',(#3734,#3735,#3736,#3737));
#737=EDGE_LOOP('',(#3738,#3739,#3740,#3741));
#738=EDGE_LOOP('',(#3742,#3743,#3744,#3745));
#739=EDGE_LOOP('',(#3746,#3747,#3748,#3749));
#740=EDGE_LOOP('',(#3750,#3751,#3752,#3753));
#741=EDGE_LOOP('',(#3754,#3755,#3756));
#742=EDGE_LOOP('',(#3757,#3758,#3759,#3760));
#743=EDGE_LOOP('',(#3761,#3762,#3763,#3764));
#744=EDGE_LOOP('',(#3765,#3766,#3767,#3768));
#745=EDGE_LOOP('',(#3769,#3770,#3771,#3772));
#746=EDGE_LOOP('',(#3773,#3774,#3775,#3776));
#747=EDGE_LOOP('',(#3777,#3778,#3779,#3780));
#748=EDGE_LOOP('',(#3781,#3782,#3783,#3784));
#749=EDGE_LOOP('',(#3785,#3786,#3787,#3788));
#750=EDGE_LOOP('',(#3789,#3790,#3791,#3792));
#751=EDGE_LOOP('',(#3793,#3794,#3795,#3796));
#752=EDGE_LOOP('',(#3797,#3798,#3799,#3800));
#753=EDGE_LOOP('',(#3801,#3802,#3803,#3804));
#754=EDGE_LOOP('',(#3805,#3806,#3807,#3808,#3809,#3810,#3811,#3812,#3813,
#3814,#3815,#3816,#3817,#3818,#3819,#3820));
#755=EDGE_LOOP('',(#3821));
#756=EDGE_LOOP('',(#3822,#3823,#3824,#3825));
#757=EDGE_LOOP('',(#3826,#3827,#3828,#3829));
#758=EDGE_LOOP('',(#3830,#3831,#3832,#3833,#3834,#3835,#3836));
#759=EDGE_LOOP('',(#3837,#3838,#3839));
#760=EDGE_LOOP('',(#3840,#3841,#3842,#3843,#3844));
#761=EDGE_LOOP('',(#3845,#3846,#3847,#3848));
#762=EDGE_LOOP('',(#3849,#3850,#3851,#3852));
#763=EDGE_LOOP('',(#3853,#3854,#3855,#3856));
#764=EDGE_LOOP('',(#3857,#3858,#3859,#3860));
#765=EDGE_LOOP('',(#3861,#3862,#3863));
#766=EDGE_LOOP('',(#3864,#3865,#3866,#3867));
#767=EDGE_LOOP('',(#3868,#3869,#3870,#3871));
#768=EDGE_LOOP('',(#3872,#3873,#3874));
#769=EDGE_LOOP('',(#3875,#3876,#3877,#3878));
#770=EDGE_LOOP('',(#3879,#3880,#3881,#3882));
#771=EDGE_LOOP('',(#3883,#3884,#3885,#3886));
#772=EDGE_LOOP('',(#3887,#3888,#3889,#3890));
#773=EDGE_LOOP('',(#3891,#3892,#3893,#3894));
#774=EDGE_LOOP('',(#3895,#3896,#3897,#3898));
#775=EDGE_LOOP('',(#3899,#3900,#3901,#3902));
#776=EDGE_LOOP('',(#3903,#3904,#3905,#3906));
#777=EDGE_LOOP('',(#3907,#3908,#3909,#3910));
#778=EDGE_LOOP('',(#3911,#3912,#3913,#3914));
#779=EDGE_LOOP('',(#3915,#3916,#3917,#3918));
#780=EDGE_LOOP('',(#3919,#3920,#3921,#3922));
#781=EDGE_LOOP('',(#3923,#3924,#3925,#3926));
#782=EDGE_LOOP('',(#3927,#3928,#3929,#3930));
#783=EDGE_LOOP('',(#3931,#3932,#3933,#3934));
#784=EDGE_LOOP('',(#3935,#3936,#3937));
#785=EDGE_LOOP('',(#3938,#3939,#3940,#3941,#3942,#3943,#3944));
#786=EDGE_LOOP('',(#3945,#3946,#3947,#3948,#3949));
#787=EDGE_LOOP('',(#3950,#3951,#3952,#3953));
#788=EDGE_LOOP('',(#3954,#3955,#3956,#3957,#3958));
#789=EDGE_LOOP('',(#3959,#3960,#3961,#3962,#3963,#3964));
#790=EDGE_LOOP('',(#3965,#3966,#3967,#3968,#3969,#3970,#3971,#3972,#3973,
#3974,#3975,#3976));
#791=EDGE_LOOP('',(#3977,#3978,#3979,#3980,#3981,#3982,#3983));
#792=EDGE_LOOP('',(#3984,#3985,#3986,#3987,#3988,#3989,#3990,#3991,#3992,
#3993,#3994,#3995,#3996,#3997,#3998,#3999,#4000,#4001,#4002,#4003));
#793=EDGE_LOOP('',(#4004));
#794=EDGE_LOOP('',(#4005));
#795=EDGE_LOOP('',(#4006));
#796=EDGE_LOOP('',(#4007));
#797=EDGE_LOOP('',(#4008,#4009,#4010,#4011,#4012,#4013,#4014,#4015));
#798=EDGE_LOOP('',(#4016,#4017));
#799=EDGE_LOOP('',(#4018,#4019,#4020,#4021,#4022,#4023,#4024,#4025));
#800=EDGE_LOOP('',(#4026,#4027,#4028,#4029,#4030,#4031,#4032,#4033));
#801=EDGE_LOOP('',(#4034,#4035,#4036,#4037,#4038,#4039,#4040));
#802=EDGE_LOOP('',(#4041,#4042));
#803=EDGE_LOOP('',(#4043,#4044,#4045,#4046,#4047,#4048,#4049,#4050));
#804=EDGE_LOOP('',(#4051,#4052,#4053,#4054,#4055));
#805=EDGE_LOOP('',(#4056,#4057,#4058));
#806=EDGE_LOOP('',(#4059,#4060,#4061,#4062));
#807=EDGE_LOOP('',(#4063,#4064,#4065,#4066,#4067,#4068,#4069));
#808=EDGE_LOOP('',(#4070,#4071,#4072,#4073,#4074));
#809=EDGE_LOOP('',(#4075,#4076,#4077,#4078,#4079,#4080));
#810=EDGE_LOOP('',(#4081,#4082,#4083,#4084,#4085,#4086));
#811=EDGE_LOOP('',(#4087,#4088,#4089,#4090));
#812=EDGE_LOOP('',(#4091,#4092,#4093,#4094,#4095));
#813=EDGE_LOOP('',(#4096,#4097,#4098,#4099));
#814=EDGE_LOOP('',(#4100,#4101,#4102,#4103));
#815=EDGE_LOOP('',(#4104,#4105,#4106));
#816=EDGE_LOOP('',(#4107,#4108,#4109,#4110,#4111));
#817=EDGE_LOOP('',(#4112,#4113,#4114,#4115));
#818=EDGE_LOOP('',(#4116,#4117,#4118,#4119));
#819=EDGE_LOOP('',(#4120,#4121,#4122,#4123,#4124,#4125,#4126));
#820=EDGE_LOOP('',(#4127,#4128,#4129,#4130));
#821=EDGE_LOOP('',(#4131,#4132,#4133,#4134));
#822=EDGE_LOOP('',(#4135,#4136,#4137,#4138));
#823=EDGE_LOOP('',(#4139,#4140,#4141));
#824=EDGE_LOOP('',(#4142,#4143,#4144,#4145,#4146));
#825=EDGE_LOOP('',(#4147,#4148,#4149,#4150));
#826=EDGE_LOOP('',(#4151,#4152,#4153,#4154));
#827=EDGE_LOOP('',(#4155,#4156,#4157,#4158,#4159,#4160,#4161));
#828=EDGE_LOOP('',(#4162,#4163,#4164,#4165,#4166));
#829=EDGE_LOOP('',(#4167,#4168,#4169,#4170));
#830=EDGE_LOOP('',(#4171,#4172,#4173,#4174));
#831=EDGE_LOOP('',(#4175,#4176,#4177,#4178));
#832=EDGE_LOOP('',(#4179,#4180,#4181));
#833=EDGE_LOOP('',(#4182,#4183,#4184,#4185,#4186));
#834=EDGE_LOOP('',(#4187,#4188,#4189,#4190,#4191));
#835=EDGE_LOOP('',(#4192,#4193,#4194,#4195));
#836=EDGE_LOOP('',(#4196,#4197,#4198,#4199));
#837=EDGE_LOOP('',(#4200,#4201,#4202,#4203,#4204,#4205,#4206,#4207));
#838=EDGE_LOOP('',(#4208,#4209,#4210,#4211));
#839=EDGE_LOOP('',(#4212,#4213,#4214,#4215,#4216));
#840=EDGE_LOOP('',(#4217,#4218,#4219,#4220));
#841=EDGE_LOOP('',(#4221,#4222,#4223,#4224));
#842=EDGE_LOOP('',(#4225,#4226,#4227));
#843=EDGE_LOOP('',(#4228,#4229,#4230,#4231,#4232));
#844=EDGE_LOOP('',(#4233,#4234,#4235,#4236));
#845=EDGE_LOOP('',(#4237,#4238,#4239,#4240));
#846=EDGE_LOOP('',(#4241,#4242,#4243,#4244,#4245,#4246,#4247,#4248));
#847=EDGE_LOOP('',(#4249,#4250,#4251,#4252));
#848=EDGE_LOOP('',(#4253,#4254,#4255,#4256,#4257));
#849=EDGE_LOOP('',(#4258,#4259,#4260,#4261));
#850=EDGE_LOOP('',(#4262,#4263,#4264,#4265));
#851=EDGE_LOOP('',(#4266,#4267,#4268));
#852=EDGE_LOOP('',(#4269,#4270,#4271,#4272,#4273));
#853=EDGE_LOOP('',(#4274,#4275,#4276,#4277));
#854=EDGE_LOOP('',(#4278,#4279,#4280,#4281));
#855=EDGE_LOOP('',(#4282,#4283,#4284,#4285,#4286,#4287,#4288,#4289));
#856=EDGE_LOOP('',(#4290,#4291,#4292));
#857=EDGE_LOOP('',(#4293,#4294,#4295));
#858=EDGE_LOOP('',(#4296,#4297,#4298,#4299));
#859=EDGE_LOOP('',(#4300,#4301,#4302,#4303));
#860=EDGE_LOOP('',(#4304,#4305,#4306,#4307));
#861=EDGE_LOOP('',(#4308,#4309,#4310,#4311,#4312,#4313));
#862=EDGE_LOOP('',(#4314,#4315,#4316));
#863=EDGE_LOOP('',(#4317,#4318,#4319));
#864=EDGE_LOOP('',(#4320,#4321,#4322,#4323));
#865=EDGE_LOOP('',(#4324,#4325,#4326,#4327));
#866=EDGE_LOOP('',(#4328,#4329,#4330,#4331));
#867=EDGE_LOOP('',(#4332,#4333,#4334,#4335,#4336,#4337));
#868=EDGE_LOOP('',(#4338,#4339,#4340,#4341,#4342));
#869=EDGE_LOOP('',(#4343,#4344,#4345,#4346,#4347));
#870=EDGE_LOOP('',(#4348,#4349,#4350,#4351,#4352,#4353,#4354,#4355,#4356,
#4357,#4358,#4359,#4360,#4361,#4362,#4363,#4364,#4365,#4366,#4367));
#871=EDGE_LOOP('',(#4368));
#872=EDGE_LOOP('',(#4369));
#873=EDGE_LOOP('',(#4370));
#874=EDGE_LOOP('',(#4371));
#875=EDGE_LOOP('',(#4372,#4373,#4374,#4375,#4376,#4377,#4378,#4379,#4380,
#4381,#4382,#4383,#4384,#4385,#4386,#4387,#4388,#4389,#4390,#4391,#4392,
#4393,#4394,#4395));
#876=EDGE_LOOP('',(#4396,#4397,#4398,#4399,#4400,#4401));
#877=EDGE_LOOP('',(#4402,#4403,#4404,#4405));
#878=EDGE_LOOP('',(#4406,#4407,#4408,#4409));
#879=EDGE_LOOP('',(#4410,#4411,#4412,#4413));
#880=EDGE_LOOP('',(#4414,#4415,#4416,#4417,#4418,#4419,#4420,#4421,#4422,
#4423,#4424,#4425,#4426,#4427,#4428,#4429,#4430,#4431,#4432,#4433,#4434,
#4435,#4436,#4437,#4438));
#881=EDGE_LOOP('',(#4439,#4440,#4441,#4442));
#882=EDGE_LOOP('',(#4443,#4444,#4445,#4446));
#883=EDGE_LOOP('',(#4447,#4448,#4449));
#884=EDGE_LOOP('',(#4450,#4451,#4452));
#885=EDGE_LOOP('',(#4453,#4454,#4455));
#886=EDGE_LOOP('',(#4456,#4457,#4458));
#887=EDGE_LOOP('',(#4459,#4460,#4461));
#888=EDGE_LOOP('',(#4462,#4463));
#889=EDGE_LOOP('',(#4464,#4465,#4466,#4467,#4468,#4469));
#890=EDGE_LOOP('',(#4470,#4471,#4472,#4473));
#891=EDGE_LOOP('',(#4474,#4475,#4476));
#892=EDGE_LOOP('',(#4477,#4478));
#893=EDGE_LOOP('',(#4479,#4480,#4481,#4482,#4483,#4484));
#894=EDGE_LOOP('',(#4485,#4486,#4487,#4488));
#895=EDGE_LOOP('',(#4489,#4490,#4491,#4492));
#896=EDGE_LOOP('',(#4493,#4494,#4495,#4496));
#897=EDGE_LOOP('',(#4497,#4498,#4499,#4500,#4501,#4502));
#898=EDGE_LOOP('',(#4503,#4504,#4505,#4506));
#899=EDGE_LOOP('',(#4507,#4508,#4509));
#900=EDGE_LOOP('',(#4510,#4511,#4512,#4513));
#901=EDGE_LOOP('',(#4514,#4515,#4516,#4517));
#902=EDGE_LOOP('',(#4518,#4519,#4520,#4521));
#903=EDGE_LOOP('',(#4522));
#904=EDGE_LOOP('',(#4523));
#905=EDGE_LOOP('',(#4524,#4525,#4526,#4527));
#906=EDGE_LOOP('',(#4528,#4529,#4530,#4531,#4532));
#907=EDGE_LOOP('',(#4533,#4534,#4535));
#908=EDGE_LOOP('',(#4536,#4537,#4538,#4539));
#909=EDGE_LOOP('',(#4540,#4541,#4542,#4543));
#910=EDGE_LOOP('',(#4544,#4545,#4546,#4547,#4548,#4549,#4550,#4551,#4552,
#4553));
#911=EDGE_LOOP('',(#4554,#4555,#4556));
#912=EDGE_LOOP('',(#4557,#4558,#4559,#4560,#4561));
#913=EDGE_LOOP('',(#4562,#4563,#4564,#4565));
#914=EDGE_LOOP('',(#4566,#4567,#4568));
#915=EDGE_LOOP('',(#4569,#4570,#4571,#4572,#4573,#4574,#4575,#4576));
#916=EDGE_LOOP('',(#4577,#4578,#4579,#4580));
#917=EDGE_LOOP('',(#4581,#4582,#4583,#4584));
#918=EDGE_LOOP('',(#4585,#4586,#4587,#4588));
#919=EDGE_LOOP('',(#4589,#4590,#4591,#4592));
#920=EDGE_LOOP('',(#4593,#4594,#4595,#4596));
#921=EDGE_LOOP('',(#4597,#4598,#4599,#4600));
#922=EDGE_LOOP('',(#4601,#4602,#4603,#4604));
#923=EDGE_LOOP('',(#4605,#4606,#4607,#4608));
#924=EDGE_LOOP('',(#4609,#4610,#4611,#4612));
#925=EDGE_LOOP('',(#4613,#4614,#4615,#4616));
#926=EDGE_LOOP('',(#4617,#4618,#4619,#4620,#4621,#4622,#4623));
#927=EDGE_LOOP('',(#4624,#4625,#4626,#4627,#4628,#4629));
#928=EDGE_LOOP('',(#4630,#4631,#4632,#4633,#4634,#4635,#4636,#4637,#4638,
#4639,#4640));
#929=EDGE_LOOP('',(#4641,#4642,#4643,#4644));
#930=EDGE_LOOP('',(#4645,#4646,#4647,#4648));
#931=EDGE_LOOP('',(#4649,#4650,#4651));
#932=EDGE_LOOP('',(#4652,#4653,#4654,#4655));
#933=EDGE_LOOP('',(#4656,#4657,#4658,#4659));
#934=EDGE_LOOP('',(#4660,#4661,#4662,#4663,#4664,#4665));
#935=EDGE_LOOP('',(#4666));
#936=EDGE_LOOP('',(#4667,#4668,#4669,#4670));
#937=EDGE_LOOP('',(#4671,#4672,#4673,#4674));
#938=EDGE_LOOP('',(#4675,#4676,#4677,#4678));
#939=EDGE_LOOP('',(#4679,#4680,#4681,#4682));
#940=EDGE_LOOP('',(#4683,#4684,#4685,#4686));
#941=EDGE_LOOP('',(#4687,#4688,#4689,#4690));
#942=EDGE_LOOP('',(#4691,#4692,#4693,#4694));
#943=EDGE_LOOP('',(#4695,#4696,#4697,#4698));
#944=EDGE_LOOP('',(#4699));
#945=EDGE_LOOP('',(#4700));
#946=EDGE_LOOP('',(#4701,#4702,#4703,#4704));
#947=EDGE_LOOP('',(#4705));
#948=EDGE_LOOP('',(#4706,#4707,#4708,#4709,#4710));
#949=EDGE_LOOP('',(#4711));
#950=EDGE_LOOP('',(#4712,#4713,#4714,#4715));
#951=EDGE_LOOP('',(#4716,#4717,#4718,#4719));
#952=EDGE_LOOP('',(#4720,#4721,#4722,#4723));
#953=EDGE_LOOP('',(#4724,#4725,#4726,#4727));
#954=EDGE_LOOP('',(#4728));
#955=EDGE_LOOP('',(#4729,#4730,#4731,#4732));
#956=EDGE_LOOP('',(#4733));
#957=EDGE_LOOP('',(#4734));
#958=EDGE_LOOP('',(#4735,#4736,#4737,#4738));
#959=EDGE_LOOP('',(#4739));
#960=EDGE_LOOP('',(#4740,#4741,#4742,#4743,#4744));
#961=EDGE_LOOP('',(#4745,#4746,#4747,#4748,#4749,#4750));
#962=EDGE_LOOP('',(#4751,#4752,#4753,#4754));
#963=EDGE_LOOP('',(#4755,#4756,#4757,#4758));
#964=EDGE_LOOP('',(#4759,#4760,#4761,#4762));
#965=EDGE_LOOP('',(#4763,#4764,#4765,#4766));
#966=EDGE_LOOP('',(#4767,#4768,#4769,#4770));
#967=EDGE_LOOP('',(#4771,#4772,#4773));
#968=EDGE_LOOP('',(#4774,#4775,#4776,#4777));
#969=EDGE_LOOP('',(#4778,#4779,#4780,#4781));
#970=EDGE_LOOP('',(#4782,#4783,#4784,#4785));
#971=EDGE_LOOP('',(#4786,#4787,#4788,#4789));
#972=EDGE_LOOP('',(#4790,#4791,#4792,#4793));
#973=EDGE_LOOP('',(#4794,#4795,#4796,#4797));
#974=EDGE_LOOP('',(#4798,#4799,#4800,#4801));
#975=EDGE_LOOP('',(#4802,#4803,#4804,#4805));
#976=EDGE_LOOP('',(#4806,#4807,#4808,#4809));
#977=EDGE_LOOP('',(#4810,#4811,#4812,#4813));
#978=EDGE_LOOP('',(#4814,#4815,#4816,#4817));
#979=EDGE_LOOP('',(#4818,#4819,#4820,#4821,#4822,#4823));
#980=EDGE_LOOP('',(#4824));
#981=EDGE_LOOP('',(#4825,#4826,#4827,#4828));
#982=EDGE_LOOP('',(#4829,#4830,#4831,#4832));
#983=EDGE_LOOP('',(#4833,#4834,#4835,#4836));
#984=EDGE_LOOP('',(#4837,#4838,#4839,#4840));
#985=EDGE_LOOP('',(#4841,#4842,#4843,#4844));
#986=EDGE_LOOP('',(#4845,#4846,#4847,#4848));
#987=EDGE_LOOP('',(#4849,#4850,#4851,#4852));
#988=EDGE_LOOP('',(#4853,#4854,#4855,#4856));
#989=EDGE_LOOP('',(#4857,#4858,#4859,#4860));
#990=EDGE_LOOP('',(#4861,#4862,#4863,#4864));
#991=EDGE_LOOP('',(#4865,#4866,#4867,#4868));
#992=EDGE_LOOP('',(#4869,#4870,#4871,#4872));
#993=EDGE_LOOP('',(#4873,#4874,#4875,#4876));
#994=EDGE_LOOP('',(#4877,#4878,#4879,#4880));
#995=EDGE_LOOP('',(#4881,#4882,#4883,#4884));
#996=EDGE_LOOP('',(#4885,#4886,#4887,#4888));
#997=EDGE_LOOP('',(#4889,#4890,#4891,#4892));
#998=EDGE_LOOP('',(#4893,#4894,#4895,#4896));
#999=EDGE_LOOP('',(#4897,#4898,#4899,#4900));
#1000=EDGE_LOOP('',(#4901,#4902,#4903,#4904));
#1001=EDGE_LOOP('',(#4905,#4906,#4907,#4908));
#1002=EDGE_LOOP('',(#4909,#4910,#4911,#4912));
#1003=EDGE_LOOP('',(#4913,#4914,#4915,#4916));
#1004=EDGE_LOOP('',(#4917,#4918,#4919,#4920));
#1005=EDGE_LOOP('',(#4921,#4922,#4923,#4924));
#1006=EDGE_LOOP('',(#4925,#4926,#4927,#4928));
#1007=EDGE_LOOP('',(#4929,#4930,#4931,#4932));
#1008=EDGE_LOOP('',(#4933,#4934,#4935,#4936));
#1009=EDGE_LOOP('',(#4937,#4938,#4939,#4940));
#1010=EDGE_LOOP('',(#4941,#4942,#4943,#4944));
#1011=EDGE_LOOP('',(#4945,#4946,#4947,#4948));
#1012=EDGE_LOOP('',(#4949,#4950,#4951,#4952,#4953,#4954));
#1013=EDGE_LOOP('',(#4955));
#1014=EDGE_LOOP('',(#4956,#4957,#4958,#4959,#4960,#4961));
#1015=EDGE_LOOP('',(#4962));
#1016=EDGE_LOOP('',(#4963,#4964,#4965,#4966,#4967,#4968));
#1017=EDGE_LOOP('',(#4969));
#1018=EDGE_LOOP('',(#4970,#4971,#4972,#4973));
#1019=EDGE_LOOP('',(#4974,#4975,#4976,#4977));
#1020=EDGE_LOOP('',(#4978,#4979,#4980,#4981));
#1021=EDGE_LOOP('',(#4982,#4983,#4984,#4985));
#1022=EDGE_LOOP('',(#4986,#4987,#4988,#4989));
#1023=EDGE_LOOP('',(#4990,#4991,#4992,#4993));
#1024=EDGE_LOOP('',(#4994,#4995,#4996,#4997,#4998,#4999,#5000,#5001,#5002,
#5003));
#1025=EDGE_LOOP('',(#5004,#5005,#5006,#5007));
#1026=EDGE_LOOP('',(#5008,#5009,#5010,#5011));
#1027=EDGE_LOOP('',(#5012,#5013,#5014,#5015));
#1028=EDGE_LOOP('',(#5016,#5017,#5018,#5019));
#1029=EDGE_LOOP('',(#5020,#5021,#5022,#5023,#5024,#5025,#5026,#5027));
#1030=EDGE_LOOP('',(#5028));
#1031=EDGE_LOOP('',(#5029));
#1032=EDGE_LOOP('',(#5030));
#1033=EDGE_LOOP('',(#5031));
#1034=EDGE_LOOP('',(#5032,#5033,#5034,#5035,#5036,#5037));
#1035=EDGE_LOOP('',(#5038,#5039,#5040,#5041,#5042,#5043));
#1036=EDGE_LOOP('',(#5044,#5045,#5046,#5047,#5048,#5049));
#1037=EDGE_LOOP('',(#5050,#5051,#5052,#5053,#5054,#5055));
#1038=EDGE_LOOP('',(#5056,#5057,#5058,#5059,#5060,#5061,#5062,#5063,#5064,
#5065,#5066,#5067,#5068,#5069,#5070,#5071));
#1039=EDGE_LOOP('',(#5072,#5073,#5074,#5075,#5076,#5077,#5078,#5079,#5080,
#5081,#5082,#5083,#5084,#5085,#5086,#5087));
#1040=EDGE_LOOP('',(#5088,#5089,#5090,#5091));
#1041=EDGE_LOOP('',(#5092,#5093,#5094,#5095));
#1042=EDGE_LOOP('',(#5096,#5097,#5098,#5099));
#1043=EDGE_LOOP('',(#5100,#5101,#5102,#5103));
#1044=EDGE_LOOP('',(#5104,#5105,#5106,#5107));
#1045=EDGE_LOOP('',(#5108));
#1046=EDGE_LOOP('',(#5109,#5110,#5111,#5112,#5113));
#1047=EDGE_LOOP('',(#5114));
#1048=EDGE_LOOP('',(#5115,#5116,#5117,#5118));
#1049=EDGE_LOOP('',(#5119,#5120,#5121,#5122));
#1050=EDGE_LOOP('',(#5123,#5124,#5125,#5126));
#1051=EDGE_LOOP('',(#5127,#5128,#5129,#5130));
#1052=EDGE_LOOP('',(#5131,#5132,#5133,#5134));
#1053=EDGE_LOOP('',(#5135,#5136,#5137,#5138));
#1054=EDGE_LOOP('',(#5139,#5140,#5141,#5142));
#1055=EDGE_LOOP('',(#5143,#5144,#5145,#5146));
#1056=EDGE_LOOP('',(#5147,#5148,#5149,#5150));
#1057=EDGE_LOOP('',(#5151,#5152,#5153,#5154));
#1058=LINE('',#7830,#1535);
#1059=LINE('',#7832,#1536);
#1060=LINE('',#7836,#1537);
#1061=LINE('',#7837,#1538);
#1062=LINE('',#7843,#1539);
#1063=LINE('',#7845,#1540);
#1064=LINE('',#7849,#1541);
#1065=LINE('',#7850,#1542);
#1066=LINE('',#7853,#1543);
#1067=LINE('',#7855,#1544);
#1068=LINE('',#7856,#1545);
#1069=LINE('',#7859,#1546);
#1070=LINE('',#7860,#1547);
#1071=LINE('',#7863,#1548);
#1072=LINE('',#7866,#1549);
#1073=LINE('',#7870,#1550);
#1074=LINE('',#7872,#1551);
#1075=LINE('',#7873,#1552);
#1076=LINE('',#7876,#1553);
#1077=LINE('',#7879,#1554);
#1078=LINE('',#7883,#1555);
#1079=LINE('',#7884,#1556);
#1080=LINE('',#7890,#1557);
#1081=LINE('',#7893,#1558);
#1082=LINE('',#7904,#1559);
#1083=LINE('',#7905,#1560);
#1084=LINE('',#7916,#1561);
#1085=LINE('',#7917,#1562);
#1086=LINE('',#7928,#1563);
#1087=LINE('',#7929,#1564);
#1088=LINE('',#7935,#1565);
#1089=LINE('',#7938,#1566);
#1090=LINE('',#7941,#1567);
#1091=LINE('',#7942,#1568);
#1092=LINE('',#7945,#1569);
#1093=LINE('',#7949,#1570);
#1094=LINE('',#7950,#1571);
#1095=LINE('',#7954,#1572);
#1096=LINE('',#7956,#1573);
#1097=LINE('',#7960,#1574);
#1098=LINE('',#7962,#1575);
#1099=LINE('',#7964,#1576);
#1100=LINE('',#7968,#1577);
#1101=LINE('',#7970,#1578);
#1102=LINE('',#7972,#1579);
#1103=LINE('',#7976,#1580);
#1104=LINE('',#7978,#1581);
#1105=LINE('',#7980,#1582);
#1106=LINE('',#7983,#1583);
#1107=LINE('',#7985,#1584);
#1108=LINE('',#7988,#1585);
#1109=LINE('',#7990,#1586);
#1110=LINE('',#7992,#1587);
#1111=LINE('',#8003,#1588);
#1112=LINE('',#8012,#1589);
#1113=LINE('',#8013,#1590);
#1114=LINE('',#8024,#1591);
#1115=LINE('',#8025,#1592);
#1116=LINE('',#8032,#1593);
#1117=LINE('',#8034,#1594);
#1118=LINE('',#8035,#1595);
#1119=LINE('',#8042,#1596);
#1120=LINE('',#8046,#1597);
#1121=LINE('',#8050,#1598);
#1122=LINE('',#8054,#1599);
#1123=LINE('',#8056,#1600);
#1124=LINE('',#8058,#1601);
#1125=LINE('',#8060,#1602);
#1126=LINE('',#8062,#1603);
#1127=LINE('',#8064,#1604);
#1128=LINE('',#8066,#1605);
#1129=LINE('',#8068,#1606);
#1130=LINE('',#8070,#1607);
#1131=LINE('',#8072,#1608);
#1132=LINE('',#8073,#1609);
#1133=LINE('',#8075,#1610);
#1134=LINE('',#8088,#1611);
#1135=LINE('',#8089,#1612);
#1136=LINE('',#8124,#1613);
#1137=LINE('',#8125,#1614);
#1138=LINE('',#8165,#1615);
#1139=LINE('',#8166,#1616);
#1140=LINE('',#8178,#1617);
#1141=LINE('',#8179,#1618);
#1142=LINE('',#8266,#1619);
#1143=LINE('',#8267,#1620);
#1144=LINE('',#8273,#1621);
#1145=LINE('',#8276,#1622);
#1146=LINE('',#8311,#1623);
#1147=LINE('',#8312,#1624);
#1148=LINE('',#8349,#1625);
#1149=LINE('',#8350,#1626);
#1150=LINE('',#8355,#1627);
#1151=LINE('',#8356,#1628);
#1152=LINE('',#8446,#1629);
#1153=LINE('',#8448,#1630);
#1154=LINE('',#8450,#1631);
#1155=LINE('',#8452,#1632);
#1156=LINE('',#8453,#1633);
#1157=LINE('',#8458,#1634);
#1158=LINE('',#8460,#1635);
#1159=LINE('',#8461,#1636);
#1160=LINE('',#8464,#1637);
#1161=LINE('',#8467,#1638);
#1162=LINE('',#8469,#1639);
#1163=LINE('',#8471,#1640);
#1164=LINE('',#8472,#1641);
#1165=LINE('',#8474,#1642);
#1166=LINE('',#8481,#1643);
#1167=LINE('',#8484,#1644);
#1168=LINE('',#8520,#1645);
#1169=LINE('',#8523,#1646);
#1170=LINE('',#8559,#1647);
#1171=LINE('',#8560,#1648);
#1172=LINE('',#8602,#1649);
#1173=LINE('',#8603,#1650);
#1174=LINE('',#8690,#1651);
#1175=LINE('',#8691,#1652);
#1176=LINE('',#8726,#1653);
#1177=LINE('',#8727,#1654);
#1178=LINE('',#8732,#1655);
#1179=LINE('',#8733,#1656);
#1180=LINE('',#8850,#1657);
#1181=LINE('',#8853,#1658);
#1182=LINE('',#8915,#1659);
#1183=LINE('',#8916,#1660);
#1184=LINE('',#8942,#1661);
#1185=LINE('',#8945,#1662);
#1186=LINE('',#8947,#1663);
#1187=LINE('',#8949,#1664);
#1188=LINE('',#8950,#1665);
#1189=LINE('',#8951,#1666);
#1190=LINE('',#8954,#1667);
#1191=LINE('',#8958,#1668);
#1192=LINE('',#8959,#1669);
#1193=LINE('',#8962,#1670);
#1194=LINE('',#8964,#1671);
#1195=LINE('',#8965,#1672);
#1196=LINE('',#8967,#1673);
#1197=LINE('',#8970,#1674);
#1198=LINE('',#8974,#1675);
#1199=LINE('',#8978,#1676);
#1200=LINE('',#8980,#1677);
#1201=LINE('',#8982,#1678);
#1202=LINE('',#8983,#1679);
#1203=LINE('',#8988,#1680);
#1204=LINE('',#8990,#1681);
#1205=LINE('',#9005,#1682);
#1206=LINE('',#9009,#1683);
#1207=LINE('',#9013,#1684);
#1208=LINE('',#9024,#1685);
#1209=LINE('',#9026,#1686);
#1210=LINE('',#9029,#1687);
#1211=LINE('',#9030,#1688);
#1212=LINE('',#9041,#1689);
#1213=LINE('',#9044,#1690);
#1214=LINE('',#9046,#1691);
#1215=LINE('',#9050,#1692);
#1216=LINE('',#9054,#1693);
#1217=LINE('',#9055,#1694);
#1218=LINE('',#9059,#1695);
#1219=LINE('',#9062,#1696);
#1220=LINE('',#9063,#1697);
#1221=LINE('',#9065,#1698);
#1222=LINE('',#9066,#1699);
#1223=LINE('',#9068,#1700);
#1224=LINE('',#9069,#1701);
#1225=LINE('',#9073,#1702);
#1226=LINE('',#9076,#1703);
#1227=LINE('',#9077,#1704);
#1228=LINE('',#9080,#1705);
#1229=LINE('',#9081,#1706);
#1230=LINE('',#9083,#1707);
#1231=LINE('',#9085,#1708);
#1232=LINE('',#9087,#1709);
#1233=LINE('',#9094,#1710);
#1234=LINE('',#9097,#1711);
#1235=LINE('',#9199,#1712);
#1236=LINE('',#9209,#1713);
#1237=LINE('',#9211,#1714);
#1238=LINE('',#9216,#1715);
#1239=LINE('',#9219,#1716);
#1240=LINE('',#9260,#1717);
#1241=LINE('',#9261,#1718);
#1242=LINE('',#9264,#1719);
#1243=LINE('',#9267,#1720);
#1244=LINE('',#9315,#1721);
#1245=LINE('',#9316,#1722);
#1246=LINE('',#9393,#1723);
#1247=LINE('',#9394,#1724);
#1248=LINE('',#9440,#1725);
#1249=LINE('',#9441,#1726);
#1250=LINE('',#9521,#1727);
#1251=LINE('',#9522,#1728);
#1252=LINE('',#9566,#1729);
#1253=LINE('',#9578,#1730);
#1254=LINE('',#9580,#1731);
#1255=LINE('',#9583,#1732);
#1256=LINE('',#9660,#1733);
#1257=LINE('',#9661,#1734);
#1258=LINE('',#9707,#1735);
#1259=LINE('',#9708,#1736);
#1260=LINE('',#9714,#1737);
#1261=LINE('',#9717,#1738);
#1262=LINE('',#9833,#1739);
#1263=LINE('',#9836,#1740);
#1264=LINE('',#9838,#1741);
#1265=LINE('',#9914,#1742);
#1266=LINE('',#9915,#1743);
#1267=LINE('',#9956,#1744);
#1268=LINE('',#9957,#1745);
#1269=LINE('',#9963,#1746);
#1270=LINE('',#9966,#1747);
#1271=LINE('',#10082,#1748);
#1272=LINE('',#10085,#1749);
#1273=LINE('',#10087,#1750);
#1274=LINE('',#10153,#1751);
#1275=LINE('',#10154,#1752);
#1276=LINE('',#10200,#1753);
#1277=LINE('',#10201,#1754);
#1278=LINE('',#10272,#1755);
#1279=LINE('',#10273,#1756);
#1280=LINE('',#10275,#1757);
#1281=LINE('',#10276,#1758);
#1282=LINE('',#10278,#1759);
#1283=LINE('',#10280,#1760);
#1284=LINE('',#10351,#1761);
#1285=LINE('',#10352,#1762);
#1286=LINE('',#10354,#1763);
#1287=LINE('',#10355,#1764);
#1288=LINE('',#10357,#1765);
#1289=LINE('',#10359,#1766);
#1290=LINE('',#10362,#1767);
#1291=LINE('',#10377,#1768);
#1292=LINE('',#10389,#1769);
#1293=LINE('',#10393,#1770);
#1294=LINE('',#10395,#1771);
#1295=LINE('',#10399,#1772);
#1296=LINE('',#10402,#1773);
#1297=LINE('',#10404,#1774);
#1298=LINE('',#10406,#1775);
#1299=LINE('',#10416,#1776);
#1300=LINE('',#10418,#1777);
#1301=LINE('',#10420,#1778);
#1302=LINE('',#10421,#1779);
#1303=LINE('',#10423,#1780);
#1304=LINE('',#10425,#1781);
#1305=LINE('',#10426,#1782);
#1306=LINE('',#10427,#1783);
#1307=LINE('',#10429,#1784);
#1308=LINE('',#10431,#1785);
#1309=LINE('',#10433,#1786);
#1310=LINE('',#10435,#1787);
#1311=LINE('',#10437,#1788);
#1312=LINE('',#10438,#1789);
#1313=LINE('',#10441,#1790);
#1314=LINE('',#10442,#1791);
#1315=LINE('',#10444,#1792);
#1316=LINE('',#10446,#1793);
#1317=LINE('',#10448,#1794);
#1318=LINE('',#10449,#1795);
#1319=LINE('',#10452,#1796);
#1320=LINE('',#10454,#1797);
#1321=LINE('',#10456,#1798);
#1322=LINE('',#10457,#1799);
#1323=LINE('',#10458,#1800);
#1324=LINE('',#10459,#1801);
#1325=LINE('',#10461,#1802);
#1326=LINE('',#10463,#1803);
#1327=LINE('',#10480,#1804);
#1328=LINE('',#10485,#1805);
#1329=LINE('',#10491,#1806);
#1330=LINE('',#10507,#1807);
#1331=LINE('',#10509,#1808);
#1332=LINE('',#10510,#1809);
#1333=LINE('',#10513,#1810);
#1334=LINE('',#10517,#1811);
#1335=LINE('',#10518,#1812);
#1336=LINE('',#10528,#1813);
#1337=LINE('',#10531,#1814);
#1338=LINE('',#10537,#1815);
#1339=LINE('',#10540,#1816);
#1340=LINE('',#10546,#1817);
#1341=LINE('',#10548,#1818);
#1342=LINE('',#10549,#1819);
#1343=LINE('',#10552,#1820);
#1344=LINE('',#10556,#1821);
#1345=LINE('',#10558,#1822);
#1346=LINE('',#10560,#1823);
#1347=LINE('',#10562,#1824);
#1348=LINE('',#10564,#1825);
#1349=LINE('',#10568,#1826);
#1350=LINE('',#10573,#1827);
#1351=LINE('',#10576,#1828);
#1352=LINE('',#10579,#1829);
#1353=LINE('',#10582,#1830);
#1354=LINE('',#10584,#1831);
#1355=LINE('',#10591,#1832);
#1356=LINE('',#10595,#1833);
#1357=LINE('',#10597,#1834);
#1358=LINE('',#10598,#1835);
#1359=LINE('',#10603,#1836);
#1360=LINE('',#10620,#1837);
#1361=LINE('',#10628,#1838);
#1362=LINE('',#10632,#1839);
#1363=LINE('',#10634,#1840);
#1364=LINE('',#10636,#1841);
#1365=LINE('',#10638,#1842);
#1366=LINE('',#10641,#1843);
#1367=LINE('',#10643,#1844);
#1368=LINE('',#10645,#1845);
#1369=LINE('',#10647,#1846);
#1370=LINE('',#10649,#1847);
#1371=LINE('',#10650,#1848);
#1372=LINE('',#10652,#1849);
#1373=LINE('',#10654,#1850);
#1374=LINE('',#10656,#1851);
#1375=LINE('',#10668,#1852);
#1376=LINE('',#10672,#1853);
#1377=LINE('',#10674,#1854);
#1378=LINE('',#10676,#1855);
#1379=LINE('',#10678,#1856);
#1380=LINE('',#10680,#1857);
#1381=LINE('',#10681,#1858);
#1382=LINE('',#10683,#1859);
#1383=LINE('',#10684,#1860);
#1384=LINE('',#10686,#1861);
#1385=LINE('',#10688,#1862);
#1386=LINE('',#10690,#1863);
#1387=LINE('',#10692,#1864);
#1388=LINE('',#10695,#1865);
#1389=LINE('',#10697,#1866);
#1390=LINE('',#10706,#1867);
#1391=LINE('',#10711,#1868);
#1392=LINE('',#10713,#1869);
#1393=LINE('',#10715,#1870);
#1394=LINE('',#10716,#1871);
#1395=LINE('',#10718,#1872);
#1396=LINE('',#10720,#1873);
#1397=LINE('',#10722,#1874);
#1398=LINE('',#10729,#1875);
#1399=LINE('',#10737,#1876);
#1400=LINE('',#10742,#1877);
#1401=LINE('',#10757,#1878);
#1402=LINE('',#10759,#1879);
#1403=LINE('',#10761,#1880);
#1404=LINE('',#10762,#1881);
#1405=LINE('',#10765,#1882);
#1406=LINE('',#10767,#1883);
#1407=LINE('',#10768,#1884);
#1408=LINE('',#10771,#1885);
#1409=LINE('',#10773,#1886);
#1410=LINE('',#10774,#1887);
#1411=LINE('',#10777,#1888);
#1412=LINE('',#10779,#1889);
#1413=LINE('',#10780,#1890);
#1414=LINE('',#10783,#1891);
#1415=LINE('',#10785,#1892);
#1416=LINE('',#10786,#1893);
#1417=LINE('',#10788,#1894);
#1418=LINE('',#10789,#1895);
#1419=LINE('',#10792,#1896);
#1420=LINE('',#10794,#1897);
#1421=LINE('',#10795,#1898);
#1422=LINE('',#10798,#1899);
#1423=LINE('',#10799,#1900);
#1424=LINE('',#10802,#1901);
#1425=LINE('',#10804,#1902);
#1426=LINE('',#10805,#1903);
#1427=LINE('',#10808,#1904);
#1428=LINE('',#10810,#1905);
#1429=LINE('',#10811,#1906);
#1430=LINE('',#10814,#1907);
#1431=LINE('',#10816,#1908);
#1432=LINE('',#10817,#1909);
#1433=LINE('',#10823,#1910);
#1434=LINE('',#10824,#1911);
#1435=LINE('',#10827,#1912);
#1436=LINE('',#10828,#1913);
#1437=LINE('',#10830,#1914);
#1438=LINE('',#10832,#1915);
#1439=LINE('',#10838,#1916);
#1440=LINE('',#10841,#1917);
#1441=LINE('',#10843,#1918);
#1442=LINE('',#10846,#1919);
#1443=LINE('',#10850,#1920);
#1444=LINE('',#10852,#1921);
#1445=LINE('',#10854,#1922);
#1446=LINE('',#10855,#1923);
#1447=LINE('',#10858,#1924);
#1448=LINE('',#10860,#1925);
#1449=LINE('',#10861,#1926);
#1450=LINE('',#10864,#1927);
#1451=LINE('',#10866,#1928);
#1452=LINE('',#10867,#1929);
#1453=LINE('',#10870,#1930);
#1454=LINE('',#10872,#1931);
#1455=LINE('',#10873,#1932);
#1456=LINE('',#10876,#1933);
#1457=LINE('',#10878,#1934);
#1458=LINE('',#10879,#1935);
#1459=LINE('',#10881,#1936);
#1460=LINE('',#10882,#1937);
#1461=LINE('',#10886,#1938);
#1462=LINE('',#10888,#1939);
#1463=LINE('',#10890,#1940);
#1464=LINE('',#10891,#1941);
#1465=LINE('',#10894,#1942);
#1466=LINE('',#10896,#1943);
#1467=LINE('',#10897,#1944);
#1468=LINE('',#10900,#1945);
#1469=LINE('',#10902,#1946);
#1470=LINE('',#10903,#1947);
#1471=LINE('',#10906,#1948);
#1472=LINE('',#10908,#1949);
#1473=LINE('',#10909,#1950);
#1474=LINE('',#10912,#1951);
#1475=LINE('',#10914,#1952);
#1476=LINE('',#10915,#1953);
#1477=LINE('',#10917,#1954);
#1478=LINE('',#10918,#1955);
#1479=LINE('',#10922,#1956);
#1480=LINE('',#10924,#1957);
#1481=LINE('',#10926,#1958);
#1482=LINE('',#10927,#1959);
#1483=LINE('',#10930,#1960);
#1484=LINE('',#10932,#1961);
#1485=LINE('',#10933,#1962);
#1486=LINE('',#10936,#1963);
#1487=LINE('',#10938,#1964);
#1488=LINE('',#10939,#1965);
#1489=LINE('',#10942,#1966);
#1490=LINE('',#10944,#1967);
#1491=LINE('',#10945,#1968);
#1492=LINE('',#10948,#1969);
#1493=LINE('',#10950,#1970);
#1494=LINE('',#10951,#1971);
#1495=LINE('',#10953,#1972);
#1496=LINE('',#10954,#1973);
#1497=LINE('',#10958,#1974);
#1498=LINE('',#10962,#1975);
#1499=LINE('',#10966,#1976);
#1500=LINE('',#10973,#1977);
#1501=LINE('',#10976,#1978);
#1502=LINE('',#10977,#1979);
#1503=LINE('',#10983,#1980);
#1504=LINE('',#10986,#1981);
#1505=LINE('',#10987,#1982);
#1506=LINE('',#10991,#1983);
#1507=LINE('',#10994,#1984);
#1508=LINE('',#10996,#1985);
#1509=LINE('',#10997,#1986);
#1510=LINE('',#11000,#1987);
#1511=LINE('',#11002,#1988);
#1512=LINE('',#11003,#1989);
#1513=LINE('',#11005,#1990);
#1514=LINE('',#11007,#1991);
#1515=LINE('',#11009,#1992);
#1516=LINE('',#11017,#1993);
#1517=LINE('',#11020,#1994);
#1518=LINE('',#11030,#1995);
#1519=LINE('',#11031,#1996);
#1520=LINE('',#11033,#1997);
#1521=LINE('',#11034,#1998);
#1522=LINE('',#11043,#1999);
#1523=LINE('',#11045,#2000);
#1524=LINE('',#11046,#2001);
#1525=LINE('',#11047,#2002);
#1526=LINE('',#11049,#2003);
#1527=LINE('',#11050,#2004);
#1528=LINE('',#11053,#2005);
#1529=LINE('',#11056,#2006);
#1530=LINE('',#11058,#2007);
#1531=LINE('',#11060,#2008);
#1532=LINE('',#11062,#2009);
#1533=LINE('',#11064,#2010);
#1534=LINE('',#11066,#2011);
#1535=VECTOR('',#6213,10.);
#1536=VECTOR('',#6214,10.);
#1537=VECTOR('',#6217,10.);
#1538=VECTOR('',#6218,10.);
#1539=VECTOR('',#6223,10.);
#1540=VECTOR('',#6224,10.);
#1541=VECTOR('',#6227,10.);
#1542=VECTOR('',#6228,10.);
#1543=VECTOR('',#6231,10.);
#1544=VECTOR('',#6232,10.);
#1545=VECTOR('',#6233,10.);
#1546=VECTOR('',#6236,10.);
#1547=VECTOR('',#6237,10.);
#1548=VECTOR('',#6240,10.);
#1549=VECTOR('',#6243,1.75);
#1550=VECTOR('',#6248,10.);
#1551=VECTOR('',#6249,10.);
#1552=VECTOR('',#6250,10.);
#1553=VECTOR('',#6253,10.);
#1554=VECTOR('',#6256,1.75);
#1555=VECTOR('',#6261,10.);
#1556=VECTOR('',#6262,10.);
#1557=VECTOR('',#6267,10.);
#1558=VECTOR('',#6270,10.);
#1559=VECTOR('',#6283,10.);
#1560=VECTOR('',#6284,10.);
#1561=VECTOR('',#6297,10.);
#1562=VECTOR('',#6298,10.);
#1563=VECTOR('',#6311,10.);
#1564=VECTOR('',#6312,10.);
#1565=VECTOR('',#6321,10.);
#1566=VECTOR('',#6324,10.);
#1567=VECTOR('',#6327,10.);
#1568=VECTOR('',#6328,10.);
#1569=VECTOR('',#6331,10.);
#1570=VECTOR('',#6336,10.);
#1571=VECTOR('',#6337,10.);
#1572=VECTOR('',#6340,10.);
#1573=VECTOR('',#6341,10.);
#1574=VECTOR('',#6344,10.);
#1575=VECTOR('',#6345,10.);
#1576=VECTOR('',#6346,10.);
#1577=VECTOR('',#6349,10.);
#1578=VECTOR('',#6350,10.);
#1579=VECTOR('',#6351,10.);
#1580=VECTOR('',#6354,10.);
#1581=VECTOR('',#6355,10.);
#1582=VECTOR('',#6356,10.);
#1583=VECTOR('',#6359,10.);
#1584=VECTOR('',#6360,10.);
#1585=VECTOR('',#6363,10.);
#1586=VECTOR('',#6364,10.);
#1587=VECTOR('',#6365,10.);
#1588=VECTOR('',#6380,10.);
#1589=VECTOR('',#6391,10.);
#1590=VECTOR('',#6392,10.);
#1591=VECTOR('',#6405,10.);
#1592=VECTOR('',#6406,10.);
#1593=VECTOR('',#6417,10.);
#1594=VECTOR('',#6420,10.);
#1595=VECTOR('',#6421,10.);
#1596=VECTOR('',#6428,10.);
#1597=VECTOR('',#6431,10.);
#1598=VECTOR('',#6434,10.);
#1599=VECTOR('',#6437,10.);
#1600=VECTOR('',#6438,10.);
#1601=VECTOR('',#6439,10.);
#1602=VECTOR('',#6440,10.);
#1603=VECTOR('',#6441,10.);
#1604=VECTOR('',#6442,10.);
#1605=VECTOR('',#6443,10.);
#1606=VECTOR('',#6444,10.);
#1607=VECTOR('',#6445,10.);
#1608=VECTOR('',#6446,10.);
#1609=VECTOR('',#6447,10.);
#1610=VECTOR('',#6450,10.);
#1611=VECTOR('',#6465,10.);
#1612=VECTOR('',#6466,10.);
#1613=VECTOR('',#6477,10.);
#1614=VECTOR('',#6478,10.);
#1615=VECTOR('',#6489,10.);
#1616=VECTOR('',#6490,10.);
#1617=VECTOR('',#6503,10.);
#1618=VECTOR('',#6504,10.);
#1619=VECTOR('',#6513,10.);
#1620=VECTOR('',#6514,10.);
#1621=VECTOR('',#6519,10.);
#1622=VECTOR('',#6522,10.);
#1623=VECTOR('',#6533,10.);
#1624=VECTOR('',#6534,10.);
#1625=VECTOR('',#6543,10.);
#1626=VECTOR('',#6544,10.);
#1627=VECTOR('',#6549,10.);
#1628=VECTOR('',#6550,10.);
#1629=VECTOR('',#6559,10.);
#1630=VECTOR('',#6560,10.);
#1631=VECTOR('',#6561,10.);
#1632=VECTOR('',#6562,10.);
#1633=VECTOR('',#6563,10.);
#1634=VECTOR('',#6568,10.);
#1635=VECTOR('',#6569,10.);
#1636=VECTOR('',#6570,10.);
#1637=VECTOR('',#6573,10.);
#1638=VECTOR('',#6578,10.);
#1639=VECTOR('',#6579,10.);
#1640=VECTOR('',#6580,10.);
#1641=VECTOR('',#6581,10.);
#1642=VECTOR('',#6584,10.);
#1643=VECTOR('',#6591,10.);
#1644=VECTOR('',#6594,10.);
#1645=VECTOR('',#6605,10.);
#1646=VECTOR('',#6608,10.);
#1647=VECTOR('',#6621,10.);
#1648=VECTOR('',#6622,10.);
#1649=VECTOR('',#6641,10.);
#1650=VECTOR('',#6642,10.);
#1651=VECTOR('',#6651,10.);
#1652=VECTOR('',#6652,10.);
#1653=VECTOR('',#6663,10.);
#1654=VECTOR('',#6664,10.);
#1655=VECTOR('',#6669,10.);
#1656=VECTOR('',#6670,10.);
#1657=VECTOR('',#6681,10.);
#1658=VECTOR('',#6684,10.);
#1659=VECTOR('',#6697,10.);
#1660=VECTOR('',#6698,10.);
#1661=VECTOR('',#6701,10.);
#1662=VECTOR('',#6704,10.);
#1663=VECTOR('',#6705,10.);
#1664=VECTOR('',#6706,10.);
#1665=VECTOR('',#6707,10.);
#1666=VECTOR('',#6708,10.);
#1667=VECTOR('',#6711,10.);
#1668=VECTOR('',#6716,10.);
#1669=VECTOR('',#6717,10.);
#1670=VECTOR('',#6720,10.);
#1671=VECTOR('',#6721,10.);
#1672=VECTOR('',#6722,10.);
#1673=VECTOR('',#6725,10.);
#1674=VECTOR('',#6728,10.);
#1675=VECTOR('',#6731,10.);
#1676=VECTOR('',#6736,10.);
#1677=VECTOR('',#6737,10.);
#1678=VECTOR('',#6738,10.);
#1679=VECTOR('',#6739,10.);
#1680=VECTOR('',#6744,10.);
#1681=VECTOR('',#6745,10.);
#1682=VECTOR('',#6746,10.);
#1683=VECTOR('',#6749,10.);
#1684=VECTOR('',#6752,10.);
#1685=VECTOR('',#6753,10.);
#1686=VECTOR('',#6754,10.);
#1687=VECTOR('',#6757,10.);
#1688=VECTOR('',#6758,10.);
#1689=VECTOR('',#6769,10.);
#1690=VECTOR('',#6772,10.);
#1691=VECTOR('',#6775,10.);
#1692=VECTOR('',#6780,10.);
#1693=VECTOR('',#6783,10.);
#1694=VECTOR('',#6784,10.);
#1695=VECTOR('',#6789,10.);
#1696=VECTOR('',#6792,10.);
#1697=VECTOR('',#6793,10.);
#1698=VECTOR('',#6796,10.);
#1699=VECTOR('',#6797,10.);
#1700=VECTOR('',#6798,10.);
#1701=VECTOR('',#6799,10.);
#1702=VECTOR('',#6804,10.);
#1703=VECTOR('',#6809,10.);
#1704=VECTOR('',#6810,10.);
#1705=VECTOR('',#6815,10.);
#1706=VECTOR('',#6816,10.);
#1707=VECTOR('',#6819,10.);
#1708=VECTOR('',#6822,10.);
#1709=VECTOR('',#6825,10.);
#1710=VECTOR('',#6832,10.);
#1711=VECTOR('',#6835,10.);
#1712=VECTOR('',#6846,10.);
#1713=VECTOR('',#6847,10.);
#1714=VECTOR('',#6850,10.);
#1715=VECTOR('',#6857,10.);
#1716=VECTOR('',#6860,10.);
#1717=VECTOR('',#6867,10.);
#1718=VECTOR('',#6868,10.);
#1719=VECTOR('',#6871,10.);
#1720=VECTOR('',#6874,10.);
#1721=VECTOR('',#6881,10.);
#1722=VECTOR('',#6882,10.);
#1723=VECTOR('',#6895,10.);
#1724=VECTOR('',#6896,10.);
#1725=VECTOR('',#6903,10.);
#1726=VECTOR('',#6904,10.);
#1727=VECTOR('',#6915,10.);
#1728=VECTOR('',#6916,10.);
#1729=VECTOR('',#6923,10.);
#1730=VECTOR('',#6924,10.);
#1731=VECTOR('',#6927,10.);
#1732=VECTOR('',#6930,10.);
#1733=VECTOR('',#6943,10.);
#1734=VECTOR('',#6944,10.);
#1735=VECTOR('',#6951,10.);
#1736=VECTOR('',#6952,10.);
#1737=VECTOR('',#6957,10.);
#1738=VECTOR('',#6960,10.);
#1739=VECTOR('',#6971,10.);
#1740=VECTOR('',#6974,10.);
#1741=VECTOR('',#6977,10.);
#1742=VECTOR('',#6988,10.);
#1743=VECTOR('',#6989,10.);
#1744=VECTOR('',#6996,10.);
#1745=VECTOR('',#6997,10.);
#1746=VECTOR('',#7002,10.);
#1747=VECTOR('',#7005,10.);
#1748=VECTOR('',#7016,10.);
#1749=VECTOR('',#7019,10.);
#1750=VECTOR('',#7022,10.);
#1751=VECTOR('',#7033,10.);
#1752=VECTOR('',#7034,10.);
#1753=VECTOR('',#7041,10.);
#1754=VECTOR('',#7042,10.);
#1755=VECTOR('',#7055,10.);
#1756=VECTOR('',#7056,10.);
#1757=VECTOR('',#7059,10.);
#1758=VECTOR('',#7060,10.);
#1759=VECTOR('',#7063,10.);
#1760=VECTOR('',#7066,10.);
#1761=VECTOR('',#7079,10.);
#1762=VECTOR('',#7080,10.);
#1763=VECTOR('',#7083,10.);
#1764=VECTOR('',#7084,10.);
#1765=VECTOR('',#7087,10.);
#1766=VECTOR('',#7090,10.);
#1767=VECTOR('',#7093,10.);
#1768=VECTOR('',#7098,10.);
#1769=VECTOR('',#7101,10.);
#1770=VECTOR('',#7106,10.);
#1771=VECTOR('',#7107,10.);
#1772=VECTOR('',#7110,10.);
#1773=VECTOR('',#7113,10.);
#1774=VECTOR('',#7114,10.);
#1775=VECTOR('',#7117,10.);
#1776=VECTOR('',#7128,10.);
#1777=VECTOR('',#7129,10.);
#1778=VECTOR('',#7130,10.);
#1779=VECTOR('',#7131,10.);
#1780=VECTOR('',#7132,10.);
#1781=VECTOR('',#7133,10.);
#1782=VECTOR('',#7134,10.);
#1783=VECTOR('',#7135,10.);
#1784=VECTOR('',#7136,10.);
#1785=VECTOR('',#7137,10.);
#1786=VECTOR('',#7138,10.);
#1787=VECTOR('',#7139,10.);
#1788=VECTOR('',#7140,10.);
#1789=VECTOR('',#7141,10.);
#1790=VECTOR('',#7144,10.);
#1791=VECTOR('',#7145,10.);
#1792=VECTOR('',#7148,10.);
#1793=VECTOR('',#7151,10.);
#1794=VECTOR('',#7154,10.);
#1795=VECTOR('',#7155,10.);
#1796=VECTOR('',#7158,10.);
#1797=VECTOR('',#7159,10.);
#1798=VECTOR('',#7160,10.);
#1799=VECTOR('',#7161,10.);
#1800=VECTOR('',#7162,10.);
#1801=VECTOR('',#7163,10.);
#1802=VECTOR('',#7166,10.);
#1803=VECTOR('',#7169,10.);
#1804=VECTOR('',#7198,10.);
#1805=VECTOR('',#7203,10.);
#1806=VECTOR('',#7212,10.);
#1807=VECTOR('',#7223,10.);
#1808=VECTOR('',#7224,10.);
#1809=VECTOR('',#7225,10.);
#1810=VECTOR('',#7228,10.);
#1811=VECTOR('',#7233,10.);
#1812=VECTOR('',#7234,10.);
#1813=VECTOR('',#7243,10.);
#1814=VECTOR('',#7246,10.);
#1815=VECTOR('',#7251,10.);
#1816=VECTOR('',#7254,10.);
#1817=VECTOR('',#7263,10.);
#1818=VECTOR('',#7264,10.);
#1819=VECTOR('',#7265,10.);
#1820=VECTOR('',#7268,10.);
#1821=VECTOR('',#7273,10.);
#1822=VECTOR('',#7274,10.);
#1823=VECTOR('',#7275,10.);
#1824=VECTOR('',#7276,10.);
#1825=VECTOR('',#7277,10.);
#1826=VECTOR('',#7280,10.);
#1827=VECTOR('',#7287,10.);
#1828=VECTOR('',#7290,10.);
#1829=VECTOR('',#7293,10.);
#1830=VECTOR('',#7296,10.);
#1831=VECTOR('',#7299,10.);
#1832=VECTOR('',#7308,10.);
#1833=VECTOR('',#7311,10.);
#1834=VECTOR('',#7312,10.);
#1835=VECTOR('',#7313,10.);
#1836=VECTOR('',#7320,10.);
#1837=VECTOR('',#7331,10.);
#1838=VECTOR('',#7342,10.);
#1839=VECTOR('',#7349,10.);
#1840=VECTOR('',#7352,10.);
#1841=VECTOR('',#7355,10.);
#1842=VECTOR('',#7358,10.);
#1843=VECTOR('',#7359,10.);
#1844=VECTOR('',#7360,10.);
#1845=VECTOR('',#7361,10.);
#1846=VECTOR('',#7362,10.);
#1847=VECTOR('',#7363,10.);
#1848=VECTOR('',#7364,10.);
#1849=VECTOR('',#7367,10.);
#1850=VECTOR('',#7368,10.);
#1851=VECTOR('',#7369,10.);
#1852=VECTOR('',#7390,1.70000000000002);
#1853=VECTOR('',#7393,10.);
#1854=VECTOR('',#7394,10.);
#1855=VECTOR('',#7395,10.);
#1856=VECTOR('',#7396,10.);
#1857=VECTOR('',#7397,10.);
#1858=VECTOR('',#7398,10.);
#1859=VECTOR('',#7401,10.);
#1860=VECTOR('',#7402,10.);
#1861=VECTOR('',#7405,10.);
#1862=VECTOR('',#7408,10.);
#1863=VECTOR('',#7411,10.);
#1864=VECTOR('',#7414,10.);
#1865=VECTOR('',#7419,10.);
#1866=VECTOR('',#7422,10.);
#1867=VECTOR('',#7431,1.75);
#1868=VECTOR('',#7438,10.);
#1869=VECTOR('',#7439,10.);
#1870=VECTOR('',#7440,10.);
#1871=VECTOR('',#7441,10.);
#1872=VECTOR('',#7444,10.);
#1873=VECTOR('',#7447,10.);
#1874=VECTOR('',#7450,10.);
#1875=VECTOR('',#7459,1.);
#1876=VECTOR('',#7470,1.00000000000001);
#1877=VECTOR('',#7479,10.);
#1878=VECTOR('',#7504,10.);
#1879=VECTOR('',#7505,10.);
#1880=VECTOR('',#7506,10.);
#1881=VECTOR('',#7507,10.);
#1882=VECTOR('',#7510,10.);
#1883=VECTOR('',#7511,10.);
#1884=VECTOR('',#7512,10.);
#1885=VECTOR('',#7515,10.);
#1886=VECTOR('',#7516,10.);
#1887=VECTOR('',#7517,10.);
#1888=VECTOR('',#7520,10.);
#1889=VECTOR('',#7521,10.);
#1890=VECTOR('',#7522,10.);
#1891=VECTOR('',#7525,10.);
#1892=VECTOR('',#7526,10.);
#1893=VECTOR('',#7527,10.);
#1894=VECTOR('',#7530,10.);
#1895=VECTOR('',#7531,10.);
#1896=VECTOR('',#7534,10.);
#1897=VECTOR('',#7535,10.);
#1898=VECTOR('',#7536,10.);
#1899=VECTOR('',#7539,10.);
#1900=VECTOR('',#7540,10.);
#1901=VECTOR('',#7543,10.);
#1902=VECTOR('',#7544,10.);
#1903=VECTOR('',#7545,10.);
#1904=VECTOR('',#7548,10.);
#1905=VECTOR('',#7549,10.);
#1906=VECTOR('',#7550,10.);
#1907=VECTOR('',#7553,10.);
#1908=VECTOR('',#7554,10.);
#1909=VECTOR('',#7555,10.);
#1910=VECTOR('',#7562,10.);
#1911=VECTOR('',#7563,10.);
#1912=VECTOR('',#7566,10.);
#1913=VECTOR('',#7567,10.);
#1914=VECTOR('',#7570,10.);
#1915=VECTOR('',#7573,10.);
#1916=VECTOR('',#7580,1.75);
#1917=VECTOR('',#7585,10.);
#1918=VECTOR('',#7588,10.);
#1919=VECTOR('',#7593,1.7);
#1920=VECTOR('',#7596,10.);
#1921=VECTOR('',#7597,10.);
#1922=VECTOR('',#7598,10.);
#1923=VECTOR('',#7599,10.);
#1924=VECTOR('',#7602,10.);
#1925=VECTOR('',#7603,10.);
#1926=VECTOR('',#7604,10.);
#1927=VECTOR('',#7607,10.);
#1928=VECTOR('',#7608,10.);
#1929=VECTOR('',#7609,10.);
#1930=VECTOR('',#7612,10.);
#1931=VECTOR('',#7613,10.);
#1932=VECTOR('',#7614,10.);
#1933=VECTOR('',#7617,10.);
#1934=VECTOR('',#7618,10.);
#1935=VECTOR('',#7619,10.);
#1936=VECTOR('',#7622,10.);
#1937=VECTOR('',#7623,10.);
#1938=VECTOR('',#7626,10.);
#1939=VECTOR('',#7627,10.);
#1940=VECTOR('',#7628,10.);
#1941=VECTOR('',#7629,10.);
#1942=VECTOR('',#7632,10.);
#1943=VECTOR('',#7633,10.);
#1944=VECTOR('',#7634,10.);
#1945=VECTOR('',#7637,10.);
#1946=VECTOR('',#7638,10.);
#1947=VECTOR('',#7639,10.);
#1948=VECTOR('',#7642,10.);
#1949=VECTOR('',#7643,10.);
#1950=VECTOR('',#7644,10.);
#1951=VECTOR('',#7647,10.);
#1952=VECTOR('',#7648,10.);
#1953=VECTOR('',#7649,10.);
#1954=VECTOR('',#7652,10.);
#1955=VECTOR('',#7653,10.);
#1956=VECTOR('',#7656,10.);
#1957=VECTOR('',#7657,10.);
#1958=VECTOR('',#7658,10.);
#1959=VECTOR('',#7659,10.);
#1960=VECTOR('',#7662,10.);
#1961=VECTOR('',#7663,10.);
#1962=VECTOR('',#7664,10.);
#1963=VECTOR('',#7667,10.);
#1964=VECTOR('',#7668,10.);
#1965=VECTOR('',#7669,10.);
#1966=VECTOR('',#7672,10.);
#1967=VECTOR('',#7673,10.);
#1968=VECTOR('',#7674,10.);
#1969=VECTOR('',#7677,10.);
#1970=VECTOR('',#7678,10.);
#1971=VECTOR('',#7679,10.);
#1972=VECTOR('',#7682,10.);
#1973=VECTOR('',#7683,10.);
#1974=VECTOR('',#7688,1.7);
#1975=VECTOR('',#7693,1.7);
#1976=VECTOR('',#7698,1.7);
#1977=VECTOR('',#7709,10.);
#1978=VECTOR('',#7712,10.);
#1979=VECTOR('',#7713,10.);
#1980=VECTOR('',#7722,10.);
#1981=VECTOR('',#7725,10.);
#1982=VECTOR('',#7726,10.);
#1983=VECTOR('',#7731,10.);
#1984=VECTOR('',#7734,10.);
#1985=VECTOR('',#7735,10.);
#1986=VECTOR('',#7736,10.);
#1987=VECTOR('',#7739,10.);
#1988=VECTOR('',#7740,10.);
#1989=VECTOR('',#7741,10.);
#1990=VECTOR('',#7744,10.);
#1991=VECTOR('',#7747,10.);
#1992=VECTOR('',#7750,10.);
#1993=VECTOR('',#7759,10.);
#1994=VECTOR('',#7762,10.);
#1995=VECTOR('',#7773,10.);
#1996=VECTOR('',#7774,10.);
#1997=VECTOR('',#7777,10.);
#1998=VECTOR('',#7778,10.);
#1999=VECTOR('',#7791,10.);
#2000=VECTOR('',#7792,10.);
#2001=VECTOR('',#7793,10.);
#2002=VECTOR('',#7794,10.);
#2003=VECTOR('',#7797,10.);
#2004=VECTOR('',#7798,10.);
#2005=VECTOR('',#7803,10.);
#2006=VECTOR('',#7808,2.1);
#2007=VECTOR('',#7811,2.1);
#2008=VECTOR('',#7814,2.1);
#2009=VECTOR('',#7817,2.1);
#2010=VECTOR('',#7820,1.00000000000001);
#2011=VECTOR('',#7823,1.00000000000001);
#2012=CIRCLE('',#5639,1.75);
#2013=CIRCLE('',#5640,4.);
#2014=CIRCLE('',#5642,1.75);
#2015=CIRCLE('',#5643,4.);
#2016=CIRCLE('',#5647,1.75);
#2017=CIRCLE('',#5648,1.75);
#2018=CIRCLE('',#5651,1.75);
#2019=CIRCLE('',#5652,1.75);
#2020=CIRCLE('',#5655,1.00000000000001);
#2021=CIRCLE('',#5656,1.);
#2022=CIRCLE('',#5658,1.);
#2023=CIRCLE('',#5659,2.);
#2024=CIRCLE('',#5660,1.);
#2025=CIRCLE('',#5662,1.);
#2026=CIRCLE('',#5664,1.);
#2027=CIRCLE('',#5665,2.);
#2028=CIRCLE('',#5666,1.);
#2029=CIRCLE('',#5668,1.);
#2030=CIRCLE('',#5670,0.999999999999996);
#2031=CIRCLE('',#5671,2.);
#2032=CIRCLE('',#5672,1.);
#2033=CIRCLE('',#5674,1.);
#2034=CIRCLE('',#5676,1.);
#2035=CIRCLE('',#5677,2.);
#2036=CIRCLE('',#5679,1.);
#2037=CIRCLE('',#5682,1.);
#2038=CIRCLE('',#5685,3.5);
#2039=CIRCLE('',#5686,3.5);
#2040=CIRCLE('',#5687,3.5);
#2041=CIRCLE('',#5688,3.5);
#2042=CIRCLE('',#5689,4.);
#2043=CIRCLE('',#5690,4.);
#2044=CIRCLE('',#5692,1.);
#2045=CIRCLE('',#5693,2.);
#2046=CIRCLE('',#5694,0.999999999999996);
#2047=CIRCLE('',#5696,1.00000000000001);
#2048=CIRCLE('',#5698,0.999999999999996);
#2049=CIRCLE('',#5699,2.);
#2050=CIRCLE('',#5701,1.00000000000001);
#2051=CIRCLE('',#5703,0.999999999999996);
#2052=CIRCLE('',#5704,1.);
#2053=CIRCLE('',#5705,2.);
#2054=CIRCLE('',#5707,1.00000000000001);
#2055=CIRCLE('',#5709,0.999999999999996);
#2056=CIRCLE('',#5710,1.);
#2057=CIRCLE('',#5711,2.);
#2058=CIRCLE('',#5716,1.);
#2059=CIRCLE('',#5719,1.);
#2060=CIRCLE('',#5723,1.);
#2061=CIRCLE('',#5724,1.00000000000001);
#2062=CIRCLE('',#5725,0.999999999999996);
#2063=CIRCLE('',#5727,1.);
#2064=CIRCLE('',#5728,1.00000000000001);
#2065=CIRCLE('',#5732,0.999999999999994);
#2066=CIRCLE('',#5733,0.999999999999999);
#2067=CIRCLE('',#5737,1.);
#2068=CIRCLE('',#5739,1.);
#2069=CIRCLE('',#5740,0.999999999999996);
#2070=CIRCLE('',#5741,1.00000000000001);
#2071=CIRCLE('',#5743,0.999999999999999);
#2072=CIRCLE('',#5744,0.999999999999997);
#2073=CIRCLE('',#5749,1.);
#2074=CIRCLE('',#5750,1.);
#2075=CIRCLE('',#5751,1.00000000000001);
#2076=CIRCLE('',#5755,0.999999999999998);
#2077=CIRCLE('',#5756,1.);
#2078=CIRCLE('',#5761,0.999999999999996);
#2079=CIRCLE('',#5762,0.999999999999996);
#2080=CIRCLE('',#5766,1.70000000000002);
#2081=CIRCLE('',#5774,1.);
#2082=CIRCLE('',#5775,1.);
#2083=CIRCLE('',#5776,1.00000000000001);
#2084=CIRCLE('',#5780,0.999999999999998);
#2085=CIRCLE('',#5781,0.999999999999981);
#2086=CIRCLE('',#5783,0.999999999999999);
#2087=CIRCLE('',#5784,0.999999999999996);
#2088=CIRCLE('',#5785,0.999999999999996);
#2089=CIRCLE('',#5787,1.);
#2090=CIRCLE('',#5788,0.999999999999999);
#2091=CIRCLE('',#5792,1.);
#2092=CIRCLE('',#5793,0.999999999999996);
#2093=CIRCLE('',#5794,0.999999999999996);
#2094=CIRCLE('',#5796,0.999999999999999);
#2095=CIRCLE('',#5797,0.999999999999996);
#2096=CIRCLE('',#5801,1.);
#2097=CIRCLE('',#5803,0.999999999999996);
#2098=CIRCLE('',#5807,0.999999999999996);
#2099=CIRCLE('',#5808,0.999999999999996);
#2100=CIRCLE('',#5812,0.999999999999998);
#2101=CIRCLE('',#5813,0.999999999999985);
#2102=CIRCLE('',#5814,1.);
#2103=CIRCLE('',#5816,0.999999999999999);
#2104=CIRCLE('',#5819,1.);
#2105=CIRCLE('',#5828,1.);
#2106=CIRCLE('',#5829,1.00000000000001);
#2107=CIRCLE('',#5832,2.);
#2108=CIRCLE('',#5833,8.);
#2109=CIRCLE('',#5834,7.99999999999999);
#2110=CIRCLE('',#5835,2.);
#2111=CIRCLE('',#5836,2.1);
#2112=CIRCLE('',#5837,2.1);
#2113=CIRCLE('',#5838,1.7);
#2114=CIRCLE('',#5839,1.7);
#2115=CIRCLE('',#5841,1.);
#2116=CIRCLE('',#5842,1.);
#2117=CIRCLE('',#5847,1.);
#2118=CIRCLE('',#5848,1.);
#2119=CIRCLE('',#5861,1.5);
#2120=CIRCLE('',#5862,1.5);
#2121=CIRCLE('',#5870,2.);
#2122=CIRCLE('',#5872,1.49999999999999);
#2123=CIRCLE('',#5877,1.5);
#2124=CIRCLE('',#5883,1.50000000000001);
#2125=CIRCLE('',#5886,1.5);
#2126=CIRCLE('',#5891,1.5);
#2127=CIRCLE('',#5894,1.5);
#2128=CIRCLE('',#5900,2.);
#2129=CIRCLE('',#5902,1.5);
#2130=CIRCLE('',#5905,1.49999999999999);
#2131=CIRCLE('',#5910,1.5);
#2132=CIRCLE('',#5911,1.49999999999999);
#2133=CIRCLE('',#5917,1.);
#2134=CIRCLE('',#5920,1.5);
#2135=CIRCLE('',#5923,1.5);
#2136=CIRCLE('',#5928,1.5);
#2137=CIRCLE('',#5929,1.49999999999999);
#2138=CIRCLE('',#5935,1.);
#2139=CIRCLE('',#5938,1.5);
#2140=CIRCLE('',#5941,1.5);
#2141=CIRCLE('',#5949,1.);
#2142=CIRCLE('',#5958,1.);
#2143=CIRCLE('',#5964,2.);
#2144=CIRCLE('',#5966,2.);
#2145=CIRCLE('',#5968,2.);
#2146=CIRCLE('',#5969,8.00000000000001);
#2147=CIRCLE('',#5970,7.99999999999999);
#2148=CIRCLE('',#5971,2.);
#2149=CIRCLE('',#5972,2.1);
#2150=CIRCLE('',#5973,2.1);
#2151=CIRCLE('',#5974,1.7);
#2152=CIRCLE('',#5975,1.7);
#2153=CIRCLE('',#5997,1.);
#2154=CIRCLE('',#6000,1.);
#2155=CIRCLE('',#6003,0.999999999999996);
#2156=CIRCLE('',#6004,1.);
#2157=CIRCLE('',#6005,2.);
#2158=CIRCLE('',#6007,0.999999999999996);
#2159=CIRCLE('',#6010,1.);
#2160=CIRCLE('',#6012,1.00000000000001);
#2161=CIRCLE('',#6013,1.00000000000001);
#2162=CIRCLE('',#6016,1.);
#2163=CIRCLE('',#6019,1.00000000000001);
#2164=CIRCLE('',#6022,0.999999999999995);
#2165=CIRCLE('',#6025,1.);
#2166=CIRCLE('',#6027,3.);
#2167=CIRCLE('',#6028,3.);
#2168=CIRCLE('',#6032,1.);
#2169=CIRCLE('',#6034,1.00000000000001);
#2170=CIRCLE('',#6036,0.999999999999996);
#2171=CIRCLE('',#6038,2.);
#2172=CIRCLE('',#6039,2.);
#2173=CIRCLE('',#6042,1.);
#2174=CIRCLE('',#6043,1.00000000000003);
#2175=CIRCLE('',#6044,2.);
#2176=CIRCLE('',#6045,1.);
#2177=CIRCLE('',#6047,1.);
#2178=CIRCLE('',#6049,1.);
#2179=CIRCLE('',#6050,2.);
#2180=CIRCLE('',#6052,1.);
#2181=CIRCLE('',#6054,2.);
#2182=CIRCLE('',#6060,1.);
#2183=CIRCLE('',#6062,1.99999999999999);
#2184=CIRCLE('',#6064,2.);
#2185=CIRCLE('',#6066,1.99999999999999);
#2186=CIRCLE('',#6069,1.70000000000002);
#2187=CIRCLE('',#6079,1.00000000000001);
#2188=CIRCLE('',#6080,1.);
#2189=CIRCLE('',#6082,1.75);
#2190=CIRCLE('',#6083,1.75);
#2191=CIRCLE('',#6091,1.);
#2192=CIRCLE('',#6093,1.);
#2193=CIRCLE('',#6096,1.00000000000001);
#2194=CIRCLE('',#6098,1.00000000000001);
#2195=CIRCLE('',#6107,2.);
#2196=CIRCLE('',#6109,1.99999999999999);
#2197=CIRCLE('',#6111,2.);
#2198=CIRCLE('',#6125,1.7);
#2199=CIRCLE('',#6132,1.75);
#2200=CIRCLE('',#6133,1.75);
#2201=CIRCLE('',#6157,1.7);
#2202=CIRCLE('',#6159,1.7);
#2203=CIRCLE('',#6161,1.7);
#2204=CIRCLE('',#6166,3.5);
#2205=CIRCLE('',#6169,3.5);
#2206=CIRCLE('',#6171,3.5);
#2207=CIRCLE('',#6174,3.5);
#2208=CIRCLE('',#6181,8.);
#2209=CIRCLE('',#6182,7.99999999999999);
#2210=CIRCLE('',#6183,8.00000000000001);
#2211=CIRCLE('',#6184,7.99999999999999);
#2212=CIRCLE('',#6185,2.1);
#2213=CIRCLE('',#6186,2.1);
#2214=CIRCLE('',#6187,2.1);
#2215=CIRCLE('',#6188,2.1);
#2216=VERTEX_POINT('',#7826);
#2217=VERTEX_POINT('',#7827);
#2218=VERTEX_POINT('',#7829);
#2219=VERTEX_POINT('',#7831);
#2220=VERTEX_POINT('',#7833);
#2221=VERTEX_POINT('',#7835);
#2222=VERTEX_POINT('',#7839);
#2223=VERTEX_POINT('',#7840);
#2224=VERTEX_POINT('',#7842);
#2225=VERTEX_POINT('',#7844);
#2226=VERTEX_POINT('',#7846);
#2227=VERTEX_POINT('',#7848);
#2228=VERTEX_POINT('',#7852);
#2229=VERTEX_POINT('',#7854);
#2230=VERTEX_POINT('',#7858);
#2231=VERTEX_POINT('',#7862);
#2232=VERTEX_POINT('',#7865);
#2233=VERTEX_POINT('',#7869);
#2234=VERTEX_POINT('',#7871);
#2235=VERTEX_POINT('',#7875);
#2236=VERTEX_POINT('',#7878);
#2237=VERTEX_POINT('',#7882);
#2238=VERTEX_POINT('',#7886);
#2239=VERTEX_POINT('',#7887);
#2240=VERTEX_POINT('',#7889);
#2241=VERTEX_POINT('',#7891);
#2242=VERTEX_POINT('',#7895);
#2243=VERTEX_POINT('',#7896);
#2244=VERTEX_POINT('',#7901);
#2245=VERTEX_POINT('',#7902);
#2246=VERTEX_POINT('',#7907);
#2247=VERTEX_POINT('',#7908);
#2248=VERTEX_POINT('',#7913);
#2249=VERTEX_POINT('',#7914);
#2250=VERTEX_POINT('',#7919);
#2251=VERTEX_POINT('',#7920);
#2252=VERTEX_POINT('',#7925);
#2253=VERTEX_POINT('',#7926);
#2254=VERTEX_POINT('',#7934);
#2255=VERTEX_POINT('',#7936);
#2256=VERTEX_POINT('',#7940);
#2257=VERTEX_POINT('',#7944);
#2258=VERTEX_POINT('',#7948);
#2259=VERTEX_POINT('',#7952);
#2260=VERTEX_POINT('',#7953);
#2261=VERTEX_POINT('',#7955);
#2262=VERTEX_POINT('',#7957);
#2263=VERTEX_POINT('',#7959);
#2264=VERTEX_POINT('',#7961);
#2265=VERTEX_POINT('',#7963);
#2266=VERTEX_POINT('',#7965);
#2267=VERTEX_POINT('',#7967);
#2268=VERTEX_POINT('',#7969);
#2269=VERTEX_POINT('',#7971);
#2270=VERTEX_POINT('',#7973);
#2271=VERTEX_POINT('',#7975);
#2272=VERTEX_POINT('',#7977);
#2273=VERTEX_POINT('',#7979);
#2274=VERTEX_POINT('',#7981);
#2275=VERTEX_POINT('',#7984);
#2276=VERTEX_POINT('',#7986);
#2277=VERTEX_POINT('',#7989);
#2278=VERTEX_POINT('',#7991);
#2279=VERTEX_POINT('',#7995);
#2280=VERTEX_POINT('',#7997);
#2281=VERTEX_POINT('',#8001);
#2282=VERTEX_POINT('',#8005);
#2283=VERTEX_POINT('',#8009);
#2284=VERTEX_POINT('',#8010);
#2285=VERTEX_POINT('',#8015);
#2286=VERTEX_POINT('',#8016);
#2287=VERTEX_POINT('',#8021);
#2288=VERTEX_POINT('',#8022);
#2289=VERTEX_POINT('',#8027);
#2290=VERTEX_POINT('',#8038);
#2291=VERTEX_POINT('',#8039);
#2292=VERTEX_POINT('',#8041);
#2293=VERTEX_POINT('',#8043);
#2294=VERTEX_POINT('',#8045);
#2295=VERTEX_POINT('',#8047);
#2296=VERTEX_POINT('',#8049);
#2297=VERTEX_POINT('',#8051);
#2298=VERTEX_POINT('',#8053);
#2299=VERTEX_POINT('',#8055);
#2300=VERTEX_POINT('',#8057);
#2301=VERTEX_POINT('',#8059);
#2302=VERTEX_POINT('',#8061);
#2303=VERTEX_POINT('',#8063);
#2304=VERTEX_POINT('',#8065);
#2305=VERTEX_POINT('',#8067);
#2306=VERTEX_POINT('',#8069);
#2307=VERTEX_POINT('',#8071);
#2308=VERTEX_POINT('',#8078);
#2309=VERTEX_POINT('',#8079);
#2310=VERTEX_POINT('',#8081);
#2311=VERTEX_POINT('',#8085);
#2312=VERTEX_POINT('',#8086);
#2313=VERTEX_POINT('',#8115);
#2314=VERTEX_POINT('',#8116);
#2315=VERTEX_POINT('',#8121);
#2316=VERTEX_POINT('',#8122);
#2317=VERTEX_POINT('',#8156);
#2318=VERTEX_POINT('',#8157);
#2319=VERTEX_POINT('',#8162);
#2320=VERTEX_POINT('',#8163);
#2321=VERTEX_POINT('',#8168);
#2322=VERTEX_POINT('',#8169);
#2323=VERTEX_POINT('',#8171);
#2324=VERTEX_POINT('',#8175);
#2325=VERTEX_POINT('',#8176);
#2326=VERTEX_POINT('',#8200);
#2327=VERTEX_POINT('',#8201);
#2328=VERTEX_POINT('',#8240);
#2329=VERTEX_POINT('',#8241);
#2330=VERTEX_POINT('',#8269);
#2331=VERTEX_POINT('',#8270);
#2332=VERTEX_POINT('',#8272);
#2333=VERTEX_POINT('',#8274);
#2334=VERTEX_POINT('',#8302);
#2335=VERTEX_POINT('',#8303);
#2336=VERTEX_POINT('',#8308);
#2337=VERTEX_POINT('',#8309);
#2338=VERTEX_POINT('',#8343);
#2339=VERTEX_POINT('',#8344);
#2340=VERTEX_POINT('',#8352);
#2341=VERTEX_POINT('',#8353);
#2342=VERTEX_POINT('',#8377);
#2343=VERTEX_POINT('',#8378);
#2344=VERTEX_POINT('',#8417);
#2345=VERTEX_POINT('',#8418);
#2346=VERTEX_POINT('',#8445);
#2347=VERTEX_POINT('',#8447);
#2348=VERTEX_POINT('',#8449);
#2349=VERTEX_POINT('',#8451);
#2350=VERTEX_POINT('',#8454);
#2351=VERTEX_POINT('',#8457);
#2352=VERTEX_POINT('',#8459);
#2353=VERTEX_POINT('',#8463);
#2354=VERTEX_POINT('',#8468);
#2355=VERTEX_POINT('',#8470);
#2356=VERTEX_POINT('',#8477);
#2357=VERTEX_POINT('',#8478);
#2358=VERTEX_POINT('',#8480);
#2359=VERTEX_POINT('',#8482);
#2360=VERTEX_POINT('',#8510);
#2361=VERTEX_POINT('',#8511);
#2362=VERTEX_POINT('',#8516);
#2363=VERTEX_POINT('',#8517);
#2364=VERTEX_POINT('',#8519);
#2365=VERTEX_POINT('',#8521);
#2366=VERTEX_POINT('',#8549);
#2367=VERTEX_POINT('',#8550);
#2368=VERTEX_POINT('',#8552);
#2369=VERTEX_POINT('',#8556);
#2370=VERTEX_POINT('',#8557);
#2371=VERTEX_POINT('',#8586);
#2372=VERTEX_POINT('',#8587);
#2373=VERTEX_POINT('',#8592);
#2374=VERTEX_POINT('',#8593);
#2375=VERTEX_POINT('',#8595);
#2376=VERTEX_POINT('',#8599);
#2377=VERTEX_POINT('',#8600);
#2378=VERTEX_POINT('',#8624);
#2379=VERTEX_POINT('',#8625);
#2380=VERTEX_POINT('',#8664);
#2381=VERTEX_POINT('',#8665);
#2382=VERTEX_POINT('',#8717);
#2383=VERTEX_POINT('',#8718);
#2384=VERTEX_POINT('',#8720);
#2385=VERTEX_POINT('',#8722);
#2386=VERTEX_POINT('',#8729);
#2387=VERTEX_POINT('',#8730);
#2388=VERTEX_POINT('',#8754);
#2389=VERTEX_POINT('',#8755);
#2390=VERTEX_POINT('',#8794);
#2391=VERTEX_POINT('',#8795);
#2392=VERTEX_POINT('',#8846);
#2393=VERTEX_POINT('',#8847);
#2394=VERTEX_POINT('',#8849);
#2395=VERTEX_POINT('',#8851);
#2396=VERTEX_POINT('',#8903);
#2397=VERTEX_POINT('',#8904);
#2398=VERTEX_POINT('',#8906);
#2399=VERTEX_POINT('',#8908);
#2400=VERTEX_POINT('',#8912);
#2401=VERTEX_POINT('',#8913);
#2402=VERTEX_POINT('',#8944);
#2403=VERTEX_POINT('',#8946);
#2404=VERTEX_POINT('',#8948);
#2405=VERTEX_POINT('',#8953);
#2406=VERTEX_POINT('',#8957);
#2407=VERTEX_POINT('',#8961);
#2408=VERTEX_POINT('',#8963);
#2409=VERTEX_POINT('',#8969);
#2410=VERTEX_POINT('',#8971);
#2411=VERTEX_POINT('',#8973);
#2412=VERTEX_POINT('',#8977);
#2413=VERTEX_POINT('',#8979);
#2414=VERTEX_POINT('',#8981);
#2415=VERTEX_POINT('',#8985);
#2416=VERTEX_POINT('',#8987);
#2417=VERTEX_POINT('',#8989);
#2418=VERTEX_POINT('',#8991);
#2419=VERTEX_POINT('',#9004);
#2420=VERTEX_POINT('',#9006);
#2421=VERTEX_POINT('',#9008);
#2422=VERTEX_POINT('',#9010);
#2423=VERTEX_POINT('',#9012);
#2424=VERTEX_POINT('',#9014);
#2425=VERTEX_POINT('',#9023);
#2426=VERTEX_POINT('',#9025);
#2427=VERTEX_POINT('',#9028);
#2428=VERTEX_POINT('',#9031);
#2429=VERTEX_POINT('',#9033);
#2430=VERTEX_POINT('',#9035);
#2431=VERTEX_POINT('',#9037);
#2432=VERTEX_POINT('',#9040);
#2433=VERTEX_POINT('',#9042);
#2434=VERTEX_POINT('',#9049);
#2435=VERTEX_POINT('',#9051);
#2436=VERTEX_POINT('',#9053);
#2437=VERTEX_POINT('',#9058);
#2438=VERTEX_POINT('',#9060);
#2439=VERTEX_POINT('',#9067);
#2440=VERTEX_POINT('',#9072);
#2441=VERTEX_POINT('',#9090);
#2442=VERTEX_POINT('',#9091);
#2443=VERTEX_POINT('',#9093);
#2444=VERTEX_POINT('',#9095);
#2445=VERTEX_POINT('',#9134);
#2446=VERTEX_POINT('',#9181);
#2447=VERTEX_POINT('',#9182);
#2448=VERTEX_POINT('',#9198);
#2449=VERTEX_POINT('',#9200);
#2450=VERTEX_POINT('',#9215);
#2451=VERTEX_POINT('',#9217);
#2452=VERTEX_POINT('',#9245);
#2453=VERTEX_POINT('',#9246);
#2454=VERTEX_POINT('',#9263);
#2455=VERTEX_POINT('',#9265);
#2456=VERTEX_POINT('',#9298);
#2457=VERTEX_POINT('',#9299);
#2458=VERTEX_POINT('',#9353);
#2459=VERTEX_POINT('',#9354);
#2460=VERTEX_POINT('',#9375);
#2461=VERTEX_POINT('',#9377);
#2462=VERTEX_POINT('',#9379);
#2463=VERTEX_POINT('',#9390);
#2464=VERTEX_POINT('',#9391);
#2465=VERTEX_POINT('',#9425);
#2466=VERTEX_POINT('',#9426);
#2467=VERTEX_POINT('',#9477);
#2468=VERTEX_POINT('',#9478);
#2469=VERTEX_POINT('',#9491);
#2470=VERTEX_POINT('',#9493);
#2471=VERTEX_POINT('',#9495);
#2472=VERTEX_POINT('',#9518);
#2473=VERTEX_POINT('',#9519);
#2474=VERTEX_POINT('',#9548);
#2475=VERTEX_POINT('',#9549);
#2476=VERTEX_POINT('',#9565);
#2477=VERTEX_POINT('',#9567);
#2478=VERTEX_POINT('',#9582);
#2479=VERTEX_POINT('',#9620);
#2480=VERTEX_POINT('',#9621);
#2481=VERTEX_POINT('',#9642);
#2482=VERTEX_POINT('',#9644);
#2483=VERTEX_POINT('',#9646);
#2484=VERTEX_POINT('',#9657);
#2485=VERTEX_POINT('',#9658);
#2486=VERTEX_POINT('',#9692);
#2487=VERTEX_POINT('',#9693);
#2488=VERTEX_POINT('',#9710);
#2489=VERTEX_POINT('',#9711);
#2490=VERTEX_POINT('',#9713);
#2491=VERTEX_POINT('',#9715);
#2492=VERTEX_POINT('',#9753);
#2493=VERTEX_POINT('',#9754);
#2494=VERTEX_POINT('',#9768);
#2495=VERTEX_POINT('',#9815);
#2496=VERTEX_POINT('',#9816);
#2497=VERTEX_POINT('',#9832);
#2498=VERTEX_POINT('',#9834);
#2499=VERTEX_POINT('',#9874);
#2500=VERTEX_POINT('',#9875);
#2501=VERTEX_POINT('',#9896);
#2502=VERTEX_POINT('',#9898);
#2503=VERTEX_POINT('',#9900);
#2504=VERTEX_POINT('',#9911);
#2505=VERTEX_POINT('',#9912);
#2506=VERTEX_POINT('',#9941);
#2507=VERTEX_POINT('',#9942);
#2508=VERTEX_POINT('',#9959);
#2509=VERTEX_POINT('',#9960);
#2510=VERTEX_POINT('',#9962);
#2511=VERTEX_POINT('',#9964);
#2512=VERTEX_POINT('',#10002);
#2513=VERTEX_POINT('',#10003);
#2514=VERTEX_POINT('',#10017);
#2515=VERTEX_POINT('',#10064);
#2516=VERTEX_POINT('',#10065);
#2517=VERTEX_POINT('',#10081);
#2518=VERTEX_POINT('',#10083);
#2519=VERTEX_POINT('',#10123);
#2520=VERTEX_POINT('',#10144);
#2521=VERTEX_POINT('',#10146);
#2522=VERTEX_POINT('',#10150);
#2523=VERTEX_POINT('',#10151);
#2524=VERTEX_POINT('',#10185);
#2525=VERTEX_POINT('',#10186);
#2526=VERTEX_POINT('',#10232);
#2527=VERTEX_POINT('',#10265);
#2528=VERTEX_POINT('',#10266);
#2529=VERTEX_POINT('',#10268);
#2530=VERTEX_POINT('',#10311);
#2531=VERTEX_POINT('',#10344);
#2532=VERTEX_POINT('',#10345);
#2533=VERTEX_POINT('',#10347);
#2534=VERTEX_POINT('',#10361);
#2535=VERTEX_POINT('',#10363);
#2536=VERTEX_POINT('',#10376);
#2537=VERTEX_POINT('',#10378);
#2538=VERTEX_POINT('',#10387);
#2539=VERTEX_POINT('',#10391);
#2540=VERTEX_POINT('',#10394);
#2541=VERTEX_POINT('',#10396);
#2542=VERTEX_POINT('',#10398);
#2543=VERTEX_POINT('',#10400);
#2544=VERTEX_POINT('',#10403);
#2545=VERTEX_POINT('',#10407);
#2546=VERTEX_POINT('',#10409);
#2547=VERTEX_POINT('',#10411);
#2548=VERTEX_POINT('',#10413);
#2549=VERTEX_POINT('',#10417);
#2550=VERTEX_POINT('',#10419);
#2551=VERTEX_POINT('',#10422);
#2552=VERTEX_POINT('',#10424);
#2553=VERTEX_POINT('',#10428);
#2554=VERTEX_POINT('',#10430);
#2555=VERTEX_POINT('',#10432);
#2556=VERTEX_POINT('',#10434);
#2557=VERTEX_POINT('',#10436);
#2558=VERTEX_POINT('',#10440);
#2559=VERTEX_POINT('',#10451);
#2560=VERTEX_POINT('',#10453);
#2561=VERTEX_POINT('',#10455);
#2562=VERTEX_POINT('',#10477);
#2563=VERTEX_POINT('',#10479);
#2564=VERTEX_POINT('',#10483);
#2565=VERTEX_POINT('',#10484);
#2566=VERTEX_POINT('',#10489);
#2567=VERTEX_POINT('',#10506);
#2568=VERTEX_POINT('',#10508);
#2569=VERTEX_POINT('',#10512);
#2570=VERTEX_POINT('',#10516);
#2571=VERTEX_POINT('',#10519);
#2572=VERTEX_POINT('',#10521);
#2573=VERTEX_POINT('',#10524);
#2574=VERTEX_POINT('',#10525);
#2575=VERTEX_POINT('',#10527);
#2576=VERTEX_POINT('',#10529);
#2577=VERTEX_POINT('',#10533);
#2578=VERTEX_POINT('',#10534);
#2579=VERTEX_POINT('',#10536);
#2580=VERTEX_POINT('',#10539);
#2581=VERTEX_POINT('',#10545);
#2582=VERTEX_POINT('',#10547);
#2583=VERTEX_POINT('',#10551);
#2584=VERTEX_POINT('',#10555);
#2585=VERTEX_POINT('',#10557);
#2586=VERTEX_POINT('',#10559);
#2587=VERTEX_POINT('',#10561);
#2588=VERTEX_POINT('',#10563);
#2589=VERTEX_POINT('',#10565);
#2590=VERTEX_POINT('',#10567);
#2591=VERTEX_POINT('',#10571);
#2592=VERTEX_POINT('',#10575);
#2593=VERTEX_POINT('',#10577);
#2594=VERTEX_POINT('',#10581);
#2595=VERTEX_POINT('',#10588);
#2596=VERTEX_POINT('',#10590);
#2597=VERTEX_POINT('',#10592);
#2598=VERTEX_POINT('',#10594);
#2599=VERTEX_POINT('',#10596);
#2600=VERTEX_POINT('',#10601);
#2601=VERTEX_POINT('',#10613);
#2602=VERTEX_POINT('',#10618);
#2603=VERTEX_POINT('',#10622);
#2604=VERTEX_POINT('',#10626);
#2605=VERTEX_POINT('',#10639);
#2606=VERTEX_POINT('',#10640);
#2607=VERTEX_POINT('',#10642);
#2608=VERTEX_POINT('',#10644);
#2609=VERTEX_POINT('',#10646);
#2610=VERTEX_POINT('',#10648);
#2611=VERTEX_POINT('',#10653);
#2612=VERTEX_POINT('',#10655);
#2613=VERTEX_POINT('',#10666);
#2614=VERTEX_POINT('',#10670);
#2615=VERTEX_POINT('',#10671);
#2616=VERTEX_POINT('',#10673);
#2617=VERTEX_POINT('',#10675);
#2618=VERTEX_POINT('',#10677);
#2619=VERTEX_POINT('',#10679);
#2620=VERTEX_POINT('',#10698);
#2621=VERTEX_POINT('',#10700);
#2622=VERTEX_POINT('',#10703);
#2623=VERTEX_POINT('',#10705);
#2624=VERTEX_POINT('',#10710);
#2625=VERTEX_POINT('',#10712);
#2626=VERTEX_POINT('',#10714);
#2627=VERTEX_POINT('',#10725);
#2628=VERTEX_POINT('',#10728);
#2629=VERTEX_POINT('',#10733);
#2630=VERTEX_POINT('',#10736);
#2631=VERTEX_POINT('',#10755);
#2632=VERTEX_POINT('',#10756);
#2633=VERTEX_POINT('',#10758);
#2634=VERTEX_POINT('',#10760);
#2635=VERTEX_POINT('',#10764);
#2636=VERTEX_POINT('',#10766);
#2637=VERTEX_POINT('',#10770);
#2638=VERTEX_POINT('',#10772);
#2639=VERTEX_POINT('',#10776);
#2640=VERTEX_POINT('',#10778);
#2641=VERTEX_POINT('',#10782);
#2642=VERTEX_POINT('',#10784);
#2643=VERTEX_POINT('',#10791);
#2644=VERTEX_POINT('',#10793);
#2645=VERTEX_POINT('',#10797);
#2646=VERTEX_POINT('',#10801);
#2647=VERTEX_POINT('',#10803);
#2648=VERTEX_POINT('',#10807);
#2649=VERTEX_POINT('',#10809);
#2650=VERTEX_POINT('',#10813);
#2651=VERTEX_POINT('',#10815);
#2652=VERTEX_POINT('',#10819);
#2653=VERTEX_POINT('',#10822);
#2654=VERTEX_POINT('',#10826);
#2655=VERTEX_POINT('',#10835);
#2656=VERTEX_POINT('',#10837);
#2657=VERTEX_POINT('',#10848);
#2658=VERTEX_POINT('',#10849);
#2659=VERTEX_POINT('',#10851);
#2660=VERTEX_POINT('',#10853);
#2661=VERTEX_POINT('',#10857);
#2662=VERTEX_POINT('',#10859);
#2663=VERTEX_POINT('',#10863);
#2664=VERTEX_POINT('',#10865);
#2665=VERTEX_POINT('',#10869);
#2666=VERTEX_POINT('',#10871);
#2667=VERTEX_POINT('',#10875);
#2668=VERTEX_POINT('',#10877);
#2669=VERTEX_POINT('',#10884);
#2670=VERTEX_POINT('',#10885);
#2671=VERTEX_POINT('',#10887);
#2672=VERTEX_POINT('',#10889);
#2673=VERTEX_POINT('',#10893);
#2674=VERTEX_POINT('',#10895);
#2675=VERTEX_POINT('',#10899);
#2676=VERTEX_POINT('',#10901);
#2677=VERTEX_POINT('',#10905);
#2678=VERTEX_POINT('',#10907);
#2679=VERTEX_POINT('',#10911);
#2680=VERTEX_POINT('',#10913);
#2681=VERTEX_POINT('',#10920);
#2682=VERTEX_POINT('',#10921);
#2683=VERTEX_POINT('',#10923);
#2684=VERTEX_POINT('',#10925);
#2685=VERTEX_POINT('',#10929);
#2686=VERTEX_POINT('',#10931);
#2687=VERTEX_POINT('',#10935);
#2688=VERTEX_POINT('',#10937);
#2689=VERTEX_POINT('',#10941);
#2690=VERTEX_POINT('',#10943);
#2691=VERTEX_POINT('',#10947);
#2692=VERTEX_POINT('',#10949);
#2693=VERTEX_POINT('',#10956);
#2694=VERTEX_POINT('',#10960);
#2695=VERTEX_POINT('',#10964);
#2696=VERTEX_POINT('',#10971);
#2697=VERTEX_POINT('',#10975);
#2698=VERTEX_POINT('',#10981);
#2699=VERTEX_POINT('',#10985);
#2700=VERTEX_POINT('',#10989);
#2701=VERTEX_POINT('',#10993);
#2702=VERTEX_POINT('',#10995);
#2703=VERTEX_POINT('',#10999);
#2704=VERTEX_POINT('',#11001);
#2705=VERTEX_POINT('',#11011);
#2706=VERTEX_POINT('',#11014);
#2707=VERTEX_POINT('',#11016);
#2708=VERTEX_POINT('',#11018);
#2709=VERTEX_POINT('',#11021);
#2710=VERTEX_POINT('',#11023);
#2711=VERTEX_POINT('',#11025);
#2712=VERTEX_POINT('',#11027);
#2713=VERTEX_POINT('',#11041);
#2714=VERTEX_POINT('',#11042);
#2715=VERTEX_POINT('',#11044);
#2716=EDGE_CURVE('',#2216,#2217,#2012,.T.);
#2717=EDGE_CURVE('',#2218,#2216,#1058,.T.);
#2718=EDGE_CURVE('',#2219,#2218,#1059,.T.);
#2719=EDGE_CURVE('',#2220,#2219,#2013,.T.);
#2720=EDGE_CURVE('',#2221,#2220,#1060,.T.);
#2721=EDGE_CURVE('',#2217,#2221,#1061,.T.);
#2722=EDGE_CURVE('',#2222,#2223,#2014,.T.);
#2723=EDGE_CURVE('',#2224,#2222,#1062,.T.);
#2724=EDGE_CURVE('',#2225,#2224,#1063,.T.);
#2725=EDGE_CURVE('',#2226,#2225,#2015,.T.);
#2726=EDGE_CURVE('',#2227,#2226,#1064,.T.);
#2727=EDGE_CURVE('',#2223,#2227,#1065,.T.);
#2728=EDGE_CURVE('',#2228,#2218,#1066,.T.);
#2729=EDGE_CURVE('',#2229,#2228,#1067,.T.);
#2730=EDGE_CURVE('',#2229,#2219,#1068,.T.);
#2731=EDGE_CURVE('',#2230,#2216,#1069,.T.);
#2732=EDGE_CURVE('',#2228,#2230,#1070,.T.);
#2733=EDGE_CURVE('',#2231,#2217,#1071,.T.);
#2734=EDGE_CURVE('',#2230,#2231,#2016,.T.);
#2735=EDGE_CURVE('',#2230,#2232,#1072,.T.);
#2736=EDGE_CURVE('',#2232,#2232,#2017,.T.);
#2737=EDGE_CURVE('',#2233,#2222,#1073,.T.);
#2738=EDGE_CURVE('',#2234,#2233,#1074,.T.);
#2739=EDGE_CURVE('',#2234,#2224,#1075,.T.);
#2740=EDGE_CURVE('',#2235,#2223,#1076,.T.);
#2741=EDGE_CURVE('',#2233,#2235,#2018,.T.);
#2742=EDGE_CURVE('',#2233,#2236,#1077,.T.);
#2743=EDGE_CURVE('',#2236,#2236,#2019,.T.);
#2744=EDGE_CURVE('',#2237,#2227,#1078,.T.);
#2745=EDGE_CURVE('',#2235,#2237,#1079,.T.);
#2746=EDGE_CURVE('',#2238,#2239,#2020,.T.);
#2747=EDGE_CURVE('',#2239,#2240,#1080,.T.);
#2748=EDGE_CURVE('',#2240,#2241,#2021,.T.);
#2749=EDGE_CURVE('',#2241,#2238,#1081,.T.);
#2750=EDGE_CURVE('',#2242,#2243,#2022,.T.);
#2751=EDGE_CURVE('',#2243,#2241,#2023,.T.);
#2752=EDGE_CURVE('',#2240,#2242,#2024,.T.);
#2753=EDGE_CURVE('',#2244,#2245,#2025,.T.);
#2754=EDGE_CURVE('',#2245,#2243,#1082,.T.);
#2755=EDGE_CURVE('',#2242,#2244,#1083,.T.);
#2756=EDGE_CURVE('',#2246,#2247,#2026,.T.);
#2757=EDGE_CURVE('',#2247,#2245,#2027,.T.);
#2758=EDGE_CURVE('',#2244,#2246,#2028,.T.);
#2759=EDGE_CURVE('',#2248,#2249,#2029,.T.);
#2760=EDGE_CURVE('',#2249,#2247,#1084,.T.);
#2761=EDGE_CURVE('',#2246,#2248,#1085,.T.);
#2762=EDGE_CURVE('',#2250,#2251,#2030,.T.);
#2763=EDGE_CURVE('',#2251,#2249,#2031,.T.);
#2764=EDGE_CURVE('',#2248,#2250,#2032,.T.);
#2765=EDGE_CURVE('',#2252,#2253,#2033,.T.);
#2766=EDGE_CURVE('',#2253,#2251,#1086,.T.);
#2767=EDGE_CURVE('',#2250,#2252,#1087,.T.);
#2768=EDGE_CURVE('',#2252,#2239,#2034,.T.);
#2769=EDGE_CURVE('',#2238,#2253,#2035,.T.);
#2770=EDGE_CURVE('',#2244,#2254,#1088,.T.);
#2771=EDGE_CURVE('',#2255,#2254,#2036,.T.);
#2772=EDGE_CURVE('',#2255,#2246,#1089,.T.);
#2773=EDGE_CURVE('',#2256,#2242,#1090,.T.);
#2774=EDGE_CURVE('',#2254,#2256,#1091,.T.);
#2775=EDGE_CURVE('',#2240,#2257,#1092,.T.);
#2776=EDGE_CURVE('',#2256,#2257,#2037,.T.);
#2777=EDGE_CURVE('',#2258,#2239,#1093,.T.);
#2778=EDGE_CURVE('',#2257,#2258,#1094,.T.);
#2779=EDGE_CURVE('',#2259,#2260,#1095,.T.);
#2780=EDGE_CURVE('',#2259,#2261,#1096,.T.);
#2781=EDGE_CURVE('',#2262,#2261,#2038,.F.);
#2782=EDGE_CURVE('',#2262,#2263,#1097,.T.);
#2783=EDGE_CURVE('',#2264,#2263,#1098,.T.);
#2784=EDGE_CURVE('',#2264,#2265,#1099,.T.);
#2785=EDGE_CURVE('',#2266,#2265,#2039,.F.);
#2786=EDGE_CURVE('',#2266,#2267,#1100,.T.);
#2787=EDGE_CURVE('',#2268,#2267,#1101,.T.);
#2788=EDGE_CURVE('',#2268,#2269,#1102,.T.);
#2789=EDGE_CURVE('',#2270,#2269,#2040,.F.);
#2790=EDGE_CURVE('',#2270,#2271,#1103,.T.);
#2791=EDGE_CURVE('',#2272,#2271,#1104,.T.);
#2792=EDGE_CURVE('',#2272,#2273,#1105,.T.);
#2793=EDGE_CURVE('',#2274,#2273,#2041,.F.);
#2794=EDGE_CURVE('',#2274,#2260,#1106,.T.);
#2795=EDGE_CURVE('',#2237,#2275,#1107,.T.);
#2796=EDGE_CURVE('',#2275,#2276,#2042,.T.);
#2797=EDGE_CURVE('',#2276,#2234,#1108,.T.);
#2798=EDGE_CURVE('',#2231,#2277,#1109,.T.);
#2799=EDGE_CURVE('',#2277,#2278,#1110,.T.);
#2800=EDGE_CURVE('',#2278,#2229,#2043,.T.);
#2801=EDGE_CURVE('',#2257,#2279,#2044,.T.);
#2802=EDGE_CURVE('',#2279,#2280,#2045,.T.);
#2803=EDGE_CURVE('',#2280,#2256,#2046,.T.);
#2804=EDGE_CURVE('',#2281,#2254,#2047,.T.);
#2805=EDGE_CURVE('',#2280,#2281,#1111,.T.);
#2806=EDGE_CURVE('',#2282,#2255,#2048,.T.);
#2807=EDGE_CURVE('',#2281,#2282,#2049,.T.);
#2808=EDGE_CURVE('',#2283,#2284,#2050,.T.);
#2809=EDGE_CURVE('',#2284,#2255,#1112,.T.);
#2810=EDGE_CURVE('',#2282,#2283,#1113,.T.);
#2811=EDGE_CURVE('',#2285,#2286,#2051,.T.);
#2812=EDGE_CURVE('',#2286,#2284,#2052,.T.);
#2813=EDGE_CURVE('',#2283,#2285,#2053,.T.);
#2814=EDGE_CURVE('',#2287,#2288,#2054,.T.);
#2815=EDGE_CURVE('',#2288,#2286,#1114,.T.);
#2816=EDGE_CURVE('',#2285,#2287,#1115,.T.);
#2817=EDGE_CURVE('',#2289,#2258,#2055,.T.);
#2818=EDGE_CURVE('',#2258,#2288,#2056,.T.);
#2819=EDGE_CURVE('',#2287,#2289,#2057,.T.);
#2820=EDGE_CURVE('',#2289,#2279,#1116,.T.);
#2821=EDGE_CURVE('',#2286,#2250,#1117,.T.);
#2822=EDGE_CURVE('',#2252,#2288,#1118,.T.);
#2823=EDGE_CURVE('',#2290,#2291,#2058,.T.);
#2824=EDGE_CURVE('',#2291,#2292,#1119,.T.);
#2825=EDGE_CURVE('',#2293,#2292,#118,.F.);
#2826=EDGE_CURVE('',#2294,#2293,#1120,.T.);
#2827=EDGE_CURVE('',#2294,#2295,#119,.T.);
#2828=EDGE_CURVE('',#2295,#2296,#1121,.T.);
#2829=EDGE_CURVE('',#2296,#2297,#2059,.T.);
#2830=EDGE_CURVE('',#2297,#2298,#1122,.T.);
#2831=EDGE_CURVE('',#2299,#2298,#1123,.T.);
#2832=EDGE_CURVE('',#2299,#2300,#1124,.F.);
#2833=EDGE_CURVE('',#2300,#2301,#1125,.F.);
#2834=EDGE_CURVE('',#2301,#2302,#1126,.F.);
#2835=EDGE_CURVE('',#2302,#2303,#1127,.T.);
#2836=EDGE_CURVE('',#2304,#2303,#1128,.T.);
#2837=EDGE_CURVE('',#2304,#2305,#1129,.F.);
#2838=EDGE_CURVE('',#2305,#2306,#1130,.F.);
#2839=EDGE_CURVE('',#2306,#2307,#1131,.F.);
#2840=EDGE_CURVE('',#2307,#2290,#1132,.T.);
#2841=EDGE_CURVE('',#2248,#2284,#1133,.T.);
#2842=EDGE_CURVE('',#2308,#2309,#2060,.F.);
#2843=EDGE_CURVE('',#2310,#2308,#2061,.F.);
#2844=EDGE_CURVE('',#2309,#2310,#2062,.F.);
#2845=EDGE_CURVE('',#2311,#2312,#2063,.T.);
#2846=EDGE_CURVE('',#2312,#2310,#1134,.T.);
#2847=EDGE_CURVE('',#2308,#2311,#1135,.T.);
#2848=EDGE_CURVE('',#2313,#2314,#2064,.T.);
#2849=EDGE_CURVE('',#2314,#2312,#120,.T.);
#2850=EDGE_CURVE('',#2311,#2313,#121,.T.);
#2851=EDGE_CURVE('',#2315,#2316,#2065,.T.);
#2852=EDGE_CURVE('',#2316,#2314,#1136,.T.);
#2853=EDGE_CURVE('',#2313,#2315,#1137,.T.);
#2854=EDGE_CURVE('',#2317,#2318,#2066,.T.);
#2855=EDGE_CURVE('',#2318,#2316,#122,.T.);
#2856=EDGE_CURVE('',#2315,#2317,#123,.T.);
#2857=EDGE_CURVE('',#2319,#2320,#2067,.T.);
#2858=EDGE_CURVE('',#2319,#2318,#1138,.T.);
#2859=EDGE_CURVE('',#2317,#2320,#1139,.T.);
#2860=EDGE_CURVE('',#2321,#2322,#2068,.F.);
#2861=EDGE_CURVE('',#2323,#2321,#2069,.F.);
#2862=EDGE_CURVE('',#2322,#2323,#2070,.F.);
#2863=EDGE_CURVE('',#2324,#2325,#2071,.T.);
#2864=EDGE_CURVE('',#2325,#2323,#1140,.T.);
#2865=EDGE_CURVE('',#2321,#2324,#1141,.T.);
#2866=EDGE_CURVE('',#2326,#2327,#2072,.T.);
#2867=EDGE_CURVE('',#2327,#2325,#124,.T.);
#2868=EDGE_CURVE('',#2324,#2326,#125,.T.);
#2869=EDGE_CURVE('',#2328,#2329,#17,.T.);
#2870=EDGE_CURVE('',#2329,#2327,#18,.T.);
#2871=EDGE_CURVE('',#2326,#2328,#19,.T.);
#2872=EDGE_CURVE('',#2310,#2322,#1142,.T.);
#2873=EDGE_CURVE('',#2323,#2309,#1143,.T.);
#2874=EDGE_CURVE('',#2330,#2331,#2073,.T.);
#2875=EDGE_CURVE('',#2330,#2332,#1144,.T.);
#2876=EDGE_CURVE('',#2332,#2333,#2074,.T.);
#2877=EDGE_CURVE('',#2333,#2331,#1145,.T.);
#2878=EDGE_CURVE('',#2334,#2335,#2075,.T.);
#2879=EDGE_CURVE('',#2335,#2333,#126,.T.);
#2880=EDGE_CURVE('',#2332,#2334,#127,.T.);
#2881=EDGE_CURVE('',#2336,#2337,#2076,.T.);
#2882=EDGE_CURVE('',#2337,#2335,#1146,.T.);
#2883=EDGE_CURVE('',#2334,#2336,#1147,.T.);
#2884=EDGE_CURVE('',#2338,#2339,#2077,.T.);
#2885=EDGE_CURVE('',#2339,#2337,#128,.T.);
#2886=EDGE_CURVE('',#2336,#2338,#129,.T.);
#2887=EDGE_CURVE('',#2322,#2339,#1148,.T.);
#2888=EDGE_CURVE('',#2338,#2321,#1149,.T.);
#2889=EDGE_CURVE('',#2340,#2341,#2078,.T.);
#2890=EDGE_CURVE('',#2341,#2308,#1150,.T.);
#2891=EDGE_CURVE('',#2309,#2340,#1151,.T.);
#2892=EDGE_CURVE('',#2342,#2343,#2079,.T.);
#2893=EDGE_CURVE('',#2343,#2341,#130,.T.);
#2894=EDGE_CURVE('',#2340,#2342,#131,.T.);
#2895=EDGE_CURVE('',#2344,#2345,#20,.T.);
#2896=EDGE_CURVE('',#2345,#2343,#21,.T.);
#2897=EDGE_CURVE('',#2342,#2344,#22,.T.);
#2898=EDGE_CURVE('',#2346,#2319,#1152,.T.);
#2899=EDGE_CURVE('',#2347,#2346,#1153,.T.);
#2900=EDGE_CURVE('',#2348,#2347,#1154,.T.);
#2901=EDGE_CURVE('',#2349,#2348,#1155,.T.);
#2902=EDGE_CURVE('',#2331,#2349,#1156,.T.);
#2903=EDGE_CURVE('',#2350,#2350,#2080,.T.);
#2904=EDGE_CURVE('',#2351,#2317,#1157,.T.);
#2905=EDGE_CURVE('',#2352,#2351,#1158,.T.);
#2906=EDGE_CURVE('',#2320,#2352,#1159,.T.);
#2907=EDGE_CURVE('',#2315,#2353,#1160,.T.);
#2908=EDGE_CURVE('',#2353,#2351,#132,.T.);
#2909=EDGE_CURVE('',#2313,#2345,#1161,.T.);
#2910=EDGE_CURVE('',#2354,#2344,#1162,.T.);
#2911=EDGE_CURVE('',#2354,#2355,#1163,.T.);
#2912=EDGE_CURVE('',#2355,#2353,#1164,.T.);
#2913=EDGE_CURVE('',#2311,#2341,#1165,.T.);
#2914=EDGE_CURVE('',#2356,#2357,#2081,.T.);
#2915=EDGE_CURVE('',#2356,#2358,#1166,.T.);
#2916=EDGE_CURVE('',#2358,#2359,#2082,.T.);
#2917=EDGE_CURVE('',#2359,#2357,#1167,.T.);
#2918=EDGE_CURVE('',#2360,#2361,#2083,.T.);
#2919=EDGE_CURVE('',#2361,#2359,#133,.T.);
#2920=EDGE_CURVE('',#2358,#2360,#134,.T.);
#2921=EDGE_CURVE('',#2362,#2363,#2084,.T.);
#2922=EDGE_CURVE('',#2363,#2364,#1168,.T.);
#2923=EDGE_CURVE('',#2364,#2365,#2085,.T.);
#2924=EDGE_CURVE('',#2365,#2362,#1169,.T.);
#2925=EDGE_CURVE('',#2362,#2361,#23,.T.);
#2926=EDGE_CURVE('',#2360,#2363,#24,.T.);
#2927=EDGE_CURVE('',#2366,#2367,#2086,.F.);
#2928=EDGE_CURVE('',#2368,#2366,#2087,.F.);
#2929=EDGE_CURVE('',#2367,#2368,#2088,.F.);
#2930=EDGE_CURVE('',#2369,#2370,#2089,.T.);
#2931=EDGE_CURVE('',#2370,#2368,#1170,.T.);
#2932=EDGE_CURVE('',#2366,#2369,#1171,.T.);
#2933=EDGE_CURVE('',#2371,#2372,#2090,.T.);
#2934=EDGE_CURVE('',#2372,#2370,#135,.T.);
#2935=EDGE_CURVE('',#2369,#2371,#136,.T.);
#2936=EDGE_CURVE('',#2373,#2374,#2091,.F.);
#2937=EDGE_CURVE('',#2375,#2373,#2092,.F.);
#2938=EDGE_CURVE('',#2374,#2375,#2093,.F.);
#2939=EDGE_CURVE('',#2376,#2377,#2094,.T.);
#2940=EDGE_CURVE('',#2377,#2375,#1172,.T.);
#2941=EDGE_CURVE('',#2373,#2376,#1173,.T.);
#2942=EDGE_CURVE('',#2378,#2379,#2095,.T.);
#2943=EDGE_CURVE('',#2379,#2377,#137,.T.);
#2944=EDGE_CURVE('',#2376,#2378,#138,.T.);
#2945=EDGE_CURVE('',#2380,#2381,#25,.T.);
#2946=EDGE_CURVE('',#2381,#2379,#26,.T.);
#2947=EDGE_CURVE('',#2378,#2380,#27,.T.);
#2948=EDGE_CURVE('',#2368,#2374,#1174,.T.);
#2949=EDGE_CURVE('',#2375,#2367,#1175,.T.);
#2950=EDGE_CURVE('',#2382,#2383,#2096,.T.);
#2951=EDGE_CURVE('',#2383,#2384,#139,.T.);
#2952=EDGE_CURVE('',#2384,#2385,#2097,.T.);
#2953=EDGE_CURVE('',#2385,#2382,#140,.T.);
#2954=EDGE_CURVE('',#2374,#2385,#1176,.T.);
#2955=EDGE_CURVE('',#2384,#2373,#1177,.T.);
#2956=EDGE_CURVE('',#2386,#2387,#2098,.T.);
#2957=EDGE_CURVE('',#2387,#2366,#1178,.T.);
#2958=EDGE_CURVE('',#2367,#2386,#1179,.T.);
#2959=EDGE_CURVE('',#2388,#2389,#2099,.T.);
#2960=EDGE_CURVE('',#2389,#2387,#141,.T.);
#2961=EDGE_CURVE('',#2386,#2388,#142,.T.);
#2962=EDGE_CURVE('',#2390,#2391,#28,.T.);
#2963=EDGE_CURVE('',#2391,#2389,#29,.T.);
#2964=EDGE_CURVE('',#2388,#2390,#30,.T.);
#2965=EDGE_CURVE('',#2382,#2365,#31,.T.);
#2966=EDGE_CURVE('',#2364,#2383,#32,.T.);
#2967=EDGE_CURVE('',#2392,#2393,#2100,.T.);
#2968=EDGE_CURVE('',#2393,#2394,#1180,.T.);
#2969=EDGE_CURVE('',#2394,#2395,#2101,.T.);
#2970=EDGE_CURVE('',#2395,#2392,#1181,.T.);
#2971=EDGE_CURVE('',#2392,#2372,#33,.T.);
#2972=EDGE_CURVE('',#2371,#2393,#34,.T.);
#2973=EDGE_CURVE('',#2396,#2397,#2102,.T.);
#2974=EDGE_CURVE('',#2397,#2398,#143,.T.);
#2975=EDGE_CURVE('',#2398,#2399,#2103,.T.);
#2976=EDGE_CURVE('',#2399,#2396,#144,.T.);
#2977=EDGE_CURVE('',#2400,#2401,#2104,.T.);
#2978=EDGE_CURVE('',#2400,#2399,#1182,.T.);
#2979=EDGE_CURVE('',#2398,#2401,#1183,.T.);
#2980=EDGE_CURVE('',#2396,#2395,#35,.T.);
#2981=EDGE_CURVE('',#2394,#2397,#36,.T.);
#2982=EDGE_CURVE('',#2376,#2384,#1184,.T.);
#2983=EDGE_CURVE('',#2402,#2363,#1185,.T.);
#2984=EDGE_CURVE('',#2403,#2402,#1186,.T.);
#2985=EDGE_CURVE('',#2404,#2403,#1187,.T.);
#2986=EDGE_CURVE('',#2381,#2404,#1188,.T.);
#2987=EDGE_CURVE('',#2364,#2380,#1189,.T.);
#2988=EDGE_CURVE('',#2358,#2405,#1190,.T.);
#2989=EDGE_CURVE('',#2405,#2402,#145,.T.);
#2990=EDGE_CURVE('',#2406,#2356,#1191,.T.);
#2991=EDGE_CURVE('',#2406,#2405,#1192,.T.);
#2992=EDGE_CURVE('',#2407,#2361,#1193,.T.);
#2993=EDGE_CURVE('',#2408,#2407,#1194,.T.);
#2994=EDGE_CURVE('',#2357,#2408,#1195,.T.);
#2995=EDGE_CURVE('',#2382,#2372,#1196,.T.);
#2996=EDGE_CURVE('',#2396,#2409,#1197,.T.);
#2997=EDGE_CURVE('',#2409,#2410,#2105,.F.);
#2998=EDGE_CURVE('',#2410,#2411,#1198,.T.);
#2999=EDGE_CURVE('',#2407,#2411,#2106,.T.);
#3000=EDGE_CURVE('',#2412,#2400,#1199,.T.);
#3001=EDGE_CURVE('',#2413,#2412,#1200,.T.);
#3002=EDGE_CURVE('',#2414,#2413,#1201,.T.);
#3003=EDGE_CURVE('',#2414,#2409,#1202,.T.);
#3004=EDGE_CURVE('',#2415,#2408,#2107,.F.);
#3005=EDGE_CURVE('',#2415,#2416,#1203,.T.);
#3006=EDGE_CURVE('',#2417,#2416,#1204,.T.);
#3007=EDGE_CURVE('',#2418,#2417,#37,.T.);
#3008=EDGE_CURVE('',#2419,#2418,#1205,.T.);
#3009=EDGE_CURVE('',#2419,#2420,#2108,.T.);
#3010=EDGE_CURVE('',#2421,#2420,#1206,.T.);
#3011=EDGE_CURVE('',#2421,#2422,#2109,.T.);
#3012=EDGE_CURVE('',#2423,#2422,#1207,.T.);
#3013=EDGE_CURVE('',#2424,#2423,#38,.T.);
#3014=EDGE_CURVE('',#2425,#2424,#1208,.T.);
#3015=EDGE_CURVE('',#2425,#2426,#1209,.T.);
#3016=EDGE_CURVE('',#2426,#2412,#2110,.T.);
#3017=EDGE_CURVE('',#2401,#2427,#1210,.T.);
#3018=EDGE_CURVE('',#2427,#2406,#1211,.T.);
#3019=EDGE_CURVE('',#2428,#2428,#2111,.T.);
#3020=EDGE_CURVE('',#2429,#2429,#2112,.T.);
#3021=EDGE_CURVE('',#2430,#2430,#2113,.T.);
#3022=EDGE_CURVE('',#2431,#2431,#2114,.T.);
#3023=EDGE_CURVE('',#2329,#2432,#1212,.T.);
#3024=EDGE_CURVE('',#2432,#2433,#2115,.T.);
#3025=EDGE_CURVE('',#2433,#2355,#1213,.T.);
#3026=EDGE_CURVE('',#2355,#2354,#2116,.T.);
#3027=EDGE_CURVE('',#2342,#2327,#1214,.T.);
#3028=EDGE_CURVE('',#2434,#2433,#1215,.T.);
#3029=EDGE_CURVE('',#2435,#2434,#146,.T.);
#3030=EDGE_CURVE('',#2435,#2436,#1216,.T.);
#3031=EDGE_CURVE('',#2352,#2436,#1217,.T.);
#3032=EDGE_CURVE('',#2404,#2403,#2117,.T.);
#3033=EDGE_CURVE('',#2403,#2437,#1218,.T.);
#3034=EDGE_CURVE('',#2437,#2438,#2118,.T.);
#3035=EDGE_CURVE('',#2438,#2390,#1219,.T.);
#3036=EDGE_CURVE('',#2388,#2379,#1220,.T.);
#3037=EDGE_CURVE('',#2391,#2393,#1221,.T.);
#3038=EDGE_CURVE('',#2437,#2438,#1222,.T.);
#3039=EDGE_CURVE('',#2439,#2437,#1223,.T.);
#3040=EDGE_CURVE('',#2394,#2439,#1224,.T.);
#3041=EDGE_CURVE('',#2440,#2427,#1225,.T.);
#3042=EDGE_CURVE('',#2439,#2440,#147,.T.);
#3043=EDGE_CURVE('',#2328,#2336,#1226,.T.);
#3044=EDGE_CURVE('',#2324,#2338,#1227,.T.);
#3045=EDGE_CURVE('',#2332,#2435,#1228,.T.);
#3046=EDGE_CURVE('',#2434,#2334,#1229,.T.);
#3047=EDGE_CURVE('',#2433,#2432,#1230,.T.);
#3048=EDGE_CURVE('',#2440,#2398,#1231,.T.);
#3049=EDGE_CURVE('',#2369,#2387,#1232,.T.);
#3050=EDGE_CURVE('',#2441,#2442,#2119,.T.);
#3051=EDGE_CURVE('',#2442,#2443,#1233,.T.);
#3052=EDGE_CURVE('',#2443,#2444,#2120,.T.);
#3053=EDGE_CURVE('',#2444,#2441,#1234,.T.);
#3054=EDGE_CURVE('',#2417,#2444,#148,.T.);
#3055=EDGE_CURVE('',#2443,#2445,#149,.T.);
#3056=EDGE_CURVE('',#2445,#2418,#39,.T.);
#3057=EDGE_CURVE('',#2446,#2447,#40,.F.);
#3058=EDGE_CURVE('',#2447,#2442,#150,.T.);
#3059=EDGE_CURVE('',#2441,#2446,#151,.T.);
#3060=EDGE_CURVE('',#2441,#2448,#1235,.T.);
#3061=EDGE_CURVE('',#2448,#2449,#41,.T.);
#3062=EDGE_CURVE('',#2449,#2446,#1236,.T.);
#3063=EDGE_CURVE('',#2448,#2444,#1237,.T.);
#3064=EDGE_CURVE('',#2449,#2416,#2121,.T.);
#3065=EDGE_CURVE('',#2294,#2450,#1238,.T.);
#3066=EDGE_CURVE('',#2450,#2451,#2122,.T.);
#3067=EDGE_CURVE('',#2451,#2295,#1239,.T.);
#3068=EDGE_CURVE('',#2452,#2453,#42,.T.);
#3069=EDGE_CURVE('',#2452,#2451,#152,.T.);
#3070=EDGE_CURVE('',#2450,#2453,#153,.T.);
#3071=EDGE_CURVE('',#2453,#2447,#1240,.T.);
#3072=EDGE_CURVE('',#2445,#2294,#1241,.T.);
#3073=EDGE_CURVE('',#2292,#2454,#1242,.T.);
#3074=EDGE_CURVE('',#2454,#2455,#2123,.T.);
#3075=EDGE_CURVE('',#2455,#2293,#1243,.T.);
#3076=EDGE_CURVE('',#2456,#2457,#43,.F.);
#3077=EDGE_CURVE('',#2457,#2455,#154,.T.);
#3078=EDGE_CURVE('',#2454,#2456,#155,.T.);
#3079=EDGE_CURVE('',#2454,#2291,#1244,.T.);
#3080=EDGE_CURVE('',#2290,#2456,#1245,.T.);
#3081=EDGE_CURVE('',#2458,#2459,#44,.T.);
#3082=EDGE_CURVE('',#2459,#2460,#156,.T.);
#3083=EDGE_CURVE('',#2460,#2461,#2124,.T.);
#3084=EDGE_CURVE('',#2461,#2462,#157,.T.);
#3085=EDGE_CURVE('',#2462,#2458,#45,.T.);
#3086=EDGE_CURVE('',#2463,#2464,#2125,.T.);
#3087=EDGE_CURVE('',#2464,#2461,#1246,.T.);
#3088=EDGE_CURVE('',#2460,#2463,#1247,.T.);
#3089=EDGE_CURVE('',#2465,#2466,#46,.F.);
#3090=EDGE_CURVE('',#2466,#2464,#158,.T.);
#3091=EDGE_CURVE('',#2463,#2465,#159,.T.);
#3092=EDGE_CURVE('',#2465,#2457,#1248,.T.);
#3093=EDGE_CURVE('',#2293,#2459,#1249,.T.);
#3094=EDGE_CURVE('',#2467,#2468,#47,.T.);
#3095=EDGE_CURVE('',#2468,#2469,#160,.T.);
#3096=EDGE_CURVE('',#2469,#2470,#2126,.T.);
#3097=EDGE_CURVE('',#2470,#2471,#161,.T.);
#3098=EDGE_CURVE('',#2471,#2467,#48,.T.);
#3099=EDGE_CURVE('',#2472,#2473,#2127,.T.);
#3100=EDGE_CURVE('',#2473,#2470,#1250,.T.);
#3101=EDGE_CURVE('',#2469,#2472,#1251,.T.);
#3102=EDGE_CURVE('',#2474,#2475,#49,.F.);
#3103=EDGE_CURVE('',#2475,#2473,#162,.T.);
#3104=EDGE_CURVE('',#2472,#2474,#163,.T.);
#3105=EDGE_CURVE('',#2472,#2476,#1252,.T.);
#3106=EDGE_CURVE('',#2476,#2477,#50,.T.);
#3107=EDGE_CURVE('',#2477,#2474,#1253,.T.);
#3108=EDGE_CURVE('',#2476,#2469,#1254,.T.);
#3109=EDGE_CURVE('',#2468,#2478,#1255,.T.);
#3110=EDGE_CURVE('',#2477,#2478,#2128,.T.);
#3111=EDGE_CURVE('',#2479,#2480,#51,.T.);
#3112=EDGE_CURVE('',#2480,#2481,#164,.T.);
#3113=EDGE_CURVE('',#2481,#2482,#2129,.T.);
#3114=EDGE_CURVE('',#2482,#2483,#165,.T.);
#3115=EDGE_CURVE('',#2483,#2479,#52,.T.);
#3116=EDGE_CURVE('',#2484,#2485,#2130,.T.);
#3117=EDGE_CURVE('',#2485,#2482,#1256,.T.);
#3118=EDGE_CURVE('',#2481,#2484,#1257,.T.);
#3119=EDGE_CURVE('',#2486,#2487,#53,.F.);
#3120=EDGE_CURVE('',#2487,#2485,#166,.T.);
#3121=EDGE_CURVE('',#2484,#2486,#167,.T.);
#3122=EDGE_CURVE('',#2486,#2475,#1258,.T.);
#3123=EDGE_CURVE('',#2471,#2480,#1259,.T.);
#3124=EDGE_CURVE('',#2488,#2489,#2131,.T.);
#3125=EDGE_CURVE('',#2489,#2490,#1260,.T.);
#3126=EDGE_CURVE('',#2490,#2491,#2132,.T.);
#3127=EDGE_CURVE('',#2491,#2488,#1261,.T.);
#3128=EDGE_CURVE('',#2492,#2493,#54,.T.);
#3129=EDGE_CURVE('',#2493,#2491,#168,.T.);
#3130=EDGE_CURVE('',#2490,#2494,#169,.T.);
#3131=EDGE_CURVE('',#2494,#2492,#55,.T.);
#3132=EDGE_CURVE('',#2495,#2496,#56,.F.);
#3133=EDGE_CURVE('',#2496,#2489,#170,.T.);
#3134=EDGE_CURVE('',#2488,#2495,#171,.T.);
#3135=EDGE_CURVE('',#2488,#2497,#1262,.T.);
#3136=EDGE_CURVE('',#2498,#2497,#2133,.T.);
#3137=EDGE_CURVE('',#2498,#2495,#1263,.T.);
#3138=EDGE_CURVE('',#2497,#2491,#1264,.T.);
#3139=EDGE_CURVE('',#2499,#2500,#57,.T.);
#3140=EDGE_CURVE('',#2500,#2501,#172,.T.);
#3141=EDGE_CURVE('',#2501,#2502,#2134,.T.);
#3142=EDGE_CURVE('',#2502,#2503,#173,.T.);
#3143=EDGE_CURVE('',#2503,#2499,#58,.T.);
#3144=EDGE_CURVE('',#2504,#2505,#2135,.T.);
#3145=EDGE_CURVE('',#2505,#2502,#1265,.T.);
#3146=EDGE_CURVE('',#2501,#2504,#1266,.T.);
#3147=EDGE_CURVE('',#2506,#2507,#59,.F.);
#3148=EDGE_CURVE('',#2507,#2505,#174,.T.);
#3149=EDGE_CURVE('',#2504,#2506,#175,.T.);
#3150=EDGE_CURVE('',#2506,#2496,#1267,.T.);
#3151=EDGE_CURVE('',#2494,#2500,#1268,.T.);
#3152=EDGE_CURVE('',#2508,#2509,#2136,.T.);
#3153=EDGE_CURVE('',#2509,#2510,#1269,.T.);
#3154=EDGE_CURVE('',#2510,#2511,#2137,.T.);
#3155=EDGE_CURVE('',#2511,#2508,#1270,.T.);
#3156=EDGE_CURVE('',#2512,#2513,#60,.T.);
#3157=EDGE_CURVE('',#2513,#2511,#176,.T.);
#3158=EDGE_CURVE('',#2510,#2514,#177,.T.);
#3159=EDGE_CURVE('',#2514,#2512,#61,.T.);
#3160=EDGE_CURVE('',#2515,#2516,#62,.F.);
#3161=EDGE_CURVE('',#2516,#2509,#178,.T.);
#3162=EDGE_CURVE('',#2508,#2515,#179,.T.);
#3163=EDGE_CURVE('',#2508,#2517,#1271,.T.);
#3164=EDGE_CURVE('',#2518,#2517,#2138,.T.);
#3165=EDGE_CURVE('',#2518,#2515,#1272,.T.);
#3166=EDGE_CURVE('',#2517,#2511,#1273,.T.);
#3167=EDGE_CURVE('',#2423,#2519,#63,.T.);
#3168=EDGE_CURVE('',#2519,#2520,#180,.T.);
#3169=EDGE_CURVE('',#2520,#2521,#2139,.T.);
#3170=EDGE_CURVE('',#2521,#2424,#181,.T.);
#3171=EDGE_CURVE('',#2522,#2523,#2140,.T.);
#3172=EDGE_CURVE('',#2523,#2521,#1274,.T.);
#3173=EDGE_CURVE('',#2520,#2522,#1275,.T.);
#3174=EDGE_CURVE('',#2524,#2525,#64,.F.);
#3175=EDGE_CURVE('',#2525,#2523,#182,.T.);
#3176=EDGE_CURVE('',#2522,#2524,#183,.T.);
#3177=EDGE_CURVE('',#2524,#2516,#1276,.T.);
#3178=EDGE_CURVE('',#2514,#2519,#1277,.T.);
#3179=EDGE_CURVE('',#2497,#2526,#184,.T.);
#3180=EDGE_CURVE('',#2526,#2498,#185,.T.);
#3181=EDGE_CURVE('',#2527,#2528,#186,.T.);
#3182=EDGE_CURVE('',#2528,#2529,#187,.T.);
#3183=EDGE_CURVE('',#2529,#2527,#2141,.T.);
#3184=EDGE_CURVE('',#2482,#2529,#1278,.T.);
#3185=EDGE_CURVE('',#2528,#2483,#1279,.T.);
#3186=EDGE_CURVE('',#2526,#2528,#1280,.T.);
#3187=EDGE_CURVE('',#2527,#2498,#1281,.T.);
#3188=EDGE_CURVE('',#2493,#2526,#1282,.T.);
#3189=EDGE_CURVE('',#2479,#2492,#1283,.T.);
#3190=EDGE_CURVE('',#2517,#2530,#188,.T.);
#3191=EDGE_CURVE('',#2530,#2518,#189,.T.);
#3192=EDGE_CURVE('',#2531,#2532,#190,.T.);
#3193=EDGE_CURVE('',#2532,#2533,#191,.T.);
#3194=EDGE_CURVE('',#2533,#2531,#2142,.T.);
#3195=EDGE_CURVE('',#2502,#2533,#1284,.T.);
#3196=EDGE_CURVE('',#2532,#2503,#1285,.T.);
#3197=EDGE_CURVE('',#2530,#2532,#1286,.T.);
#3198=EDGE_CURVE('',#2531,#2518,#1287,.T.);
#3199=EDGE_CURVE('',#2513,#2530,#1288,.T.);
#3200=EDGE_CURVE('',#2499,#2512,#1289,.T.);
#3201=EDGE_CURVE('',#2521,#2534,#1290,.T.);
#3202=EDGE_CURVE('',#2535,#2534,#65,.T.);
#3203=EDGE_CURVE('',#2425,#2535,#2143,.T.);
#3204=EDGE_CURVE('',#2461,#2536,#1291,.T.);
#3205=EDGE_CURVE('',#2537,#2536,#66,.T.);
#3206=EDGE_CURVE('',#2538,#2537,#2144,.T.);
#3207=EDGE_CURVE('',#2538,#2462,#1292,.T.);
#3208=EDGE_CURVE('',#2349,#2539,#2145,.T.);
#3209=EDGE_CURVE('',#2539,#2478,#1293,.T.);
#3210=EDGE_CURVE('',#2540,#2467,#1294,.T.);
#3211=EDGE_CURVE('',#2540,#2541,#2146,.T.);
#3212=EDGE_CURVE('',#2542,#2541,#1295,.T.);
#3213=EDGE_CURVE('',#2542,#2543,#2147,.T.);
#3214=EDGE_CURVE('',#2458,#2543,#1296,.T.);
#3215=EDGE_CURVE('',#2538,#2544,#1297,.T.);
#3216=EDGE_CURVE('',#2346,#2544,#2148,.F.);
#3217=EDGE_CURVE('',#2436,#2330,#1298,.T.);
#3218=EDGE_CURVE('',#2545,#2545,#2149,.T.);
#3219=EDGE_CURVE('',#2546,#2546,#2150,.T.);
#3220=EDGE_CURVE('',#2547,#2547,#2151,.T.);
#3221=EDGE_CURVE('',#2548,#2548,#2152,.T.);
#3222=EDGE_CURVE('',#2466,#2537,#1299,.T.);
#3223=EDGE_CURVE('',#2307,#2549,#1300,.T.);
#3224=EDGE_CURVE('',#2549,#2550,#1301,.T.);
#3225=EDGE_CURVE('',#2550,#2303,#1302,.T.);
#3226=EDGE_CURVE('',#2302,#2551,#1303,.T.);
#3227=EDGE_CURVE('',#2551,#2552,#1304,.T.);
#3228=EDGE_CURVE('',#2552,#2298,#1305,.T.);
#3229=EDGE_CURVE('',#2452,#2297,#1306,.T.);
#3230=EDGE_CURVE('',#2553,#2453,#1307,.T.);
#3231=EDGE_CURVE('',#2554,#2553,#1308,.T.);
#3232=EDGE_CURVE('',#2555,#2554,#1309,.T.);
#3233=EDGE_CURVE('',#2556,#2555,#1310,.T.);
#3234=EDGE_CURVE('',#2557,#2556,#1311,.T.);
#3235=EDGE_CURVE('',#2544,#2557,#1312,.T.);
#3236=EDGE_CURVE('',#2558,#2415,#1313,.T.);
#3237=EDGE_CURVE('',#2447,#2558,#1314,.T.);
#3238=EDGE_CURVE('',#2536,#2464,#1315,.T.);
#3239=EDGE_CURVE('',#2296,#2451,#1316,.T.);
#3240=EDGE_CURVE('',#2487,#2527,#1317,.T.);
#3241=EDGE_CURVE('',#2529,#2485,#1318,.T.);
#3242=EDGE_CURVE('',#2559,#2539,#1319,.T.);
#3243=EDGE_CURVE('',#2560,#2559,#1320,.T.);
#3244=EDGE_CURVE('',#2561,#2560,#1321,.T.);
#3245=EDGE_CURVE('',#2561,#2426,#1322,.T.);
#3246=EDGE_CURVE('',#2525,#2535,#1323,.T.);
#3247=EDGE_CURVE('',#2507,#2531,#1324,.T.);
#3248=EDGE_CURVE('',#2533,#2505,#1325,.T.);
#3249=EDGE_CURVE('',#2534,#2523,#1326,.T.);
#3250=EDGE_CURVE('',#2554,#2562,#2153,.T.);
#3251=EDGE_CURVE('',#2562,#2563,#1327,.T.);
#3252=EDGE_CURVE('',#2563,#2555,#192,.F.);
#3253=EDGE_CURVE('',#2564,#2565,#1328,.T.);
#3254=EDGE_CURVE('',#2565,#2554,#2154,.T.);
#3255=EDGE_CURVE('',#2553,#2564,#193,.T.);
#3256=EDGE_CURVE('',#2558,#2566,#2155,.T.);
#3257=EDGE_CURVE('',#2566,#2564,#1329,.T.);
#3258=EDGE_CURVE('',#2411,#2566,#2156,.T.);
#3259=EDGE_CURVE('',#2558,#2407,#2157,.T.);
#3260=EDGE_CURVE('',#2565,#2562,#2158,.T.);
#3261=EDGE_CURVE('',#2567,#2562,#1330,.T.);
#3262=EDGE_CURVE('',#2568,#2567,#1331,.F.);
#3263=EDGE_CURVE('',#2568,#2563,#1332,.F.);
#3264=EDGE_CURVE('',#2565,#2569,#1333,.T.);
#3265=EDGE_CURVE('',#2569,#2567,#2159,.F.);
#3266=EDGE_CURVE('',#2564,#2570,#1334,.T.);
#3267=EDGE_CURVE('',#2569,#2570,#1335,.F.);
#3268=EDGE_CURVE('',#2571,#2571,#2160,.F.);
#3269=EDGE_CURVE('',#2572,#2572,#2161,.F.);
#3270=EDGE_CURVE('',#2573,#2574,#194,.T.);
#3271=EDGE_CURVE('',#2574,#2575,#1336,.T.);
#3272=EDGE_CURVE('',#2575,#2576,#2162,.T.);
#3273=EDGE_CURVE('',#2576,#2573,#1337,.T.);
#3274=EDGE_CURVE('',#2577,#2578,#195,.T.);
#3275=EDGE_CURVE('',#2578,#2579,#1338,.T.);
#3276=EDGE_CURVE('',#2579,#2575,#2163,.T.);
#3277=EDGE_CURVE('',#2575,#2580,#1339,.T.);
#3278=EDGE_CURVE('',#2580,#2577,#196,.T.);
#3279=EDGE_CURVE('',#2579,#2576,#2164,.T.);
#3280=EDGE_CURVE('',#2581,#2576,#1340,.T.);
#3281=EDGE_CURVE('',#2582,#2581,#1341,.T.);
#3282=EDGE_CURVE('',#2573,#2582,#1342,.F.);
#3283=EDGE_CURVE('',#2579,#2583,#1343,.T.);
#3284=EDGE_CURVE('',#2581,#2583,#2165,.T.);
#3285=EDGE_CURVE('',#2584,#2578,#1344,.T.);
#3286=EDGE_CURVE('',#2585,#2584,#1345,.T.);
#3287=EDGE_CURVE('',#2585,#2586,#1346,.T.);
#3288=EDGE_CURVE('',#2587,#2586,#1347,.T.);
#3289=EDGE_CURVE('',#2588,#2587,#1348,.T.);
#3290=EDGE_CURVE('',#2589,#2588,#2166,.T.);
#3291=EDGE_CURVE('',#2590,#2589,#1349,.T.);
#3292=EDGE_CURVE('',#2583,#2590,#2167,.T.);
#3293=EDGE_CURVE('',#2577,#2591,#197,.T.);
#3294=EDGE_CURVE('',#2591,#2578,#1350,.T.);
#3295=EDGE_CURVE('',#2580,#2592,#1351,.T.);
#3296=EDGE_CURVE('',#2592,#2593,#2168,.T.);
#3297=EDGE_CURVE('',#2593,#2591,#1352,.T.);
#3298=EDGE_CURVE('',#2573,#2594,#1353,.T.);
#3299=EDGE_CURVE('',#2594,#2592,#2169,.T.);
#3300=EDGE_CURVE('',#2592,#2574,#1354,.T.);
#3301=EDGE_CURVE('',#2594,#2593,#2170,.T.);
#3302=EDGE_CURVE('',#2595,#2582,#2171,.T.);
#3303=EDGE_CURVE('',#2596,#2595,#1355,.T.);
#3304=EDGE_CURVE('',#2597,#2596,#2172,.T.);
#3305=EDGE_CURVE('',#2598,#2597,#1356,.T.);
#3306=EDGE_CURVE('',#2599,#2598,#1357,.T.);
#3307=EDGE_CURVE('',#2594,#2599,#1358,.T.);
#3308=EDGE_CURVE('',#2600,#2556,#2173,.T.);
#3309=EDGE_CURVE('',#2563,#2600,#1359,.T.);
#3310=EDGE_CURVE('',#2601,#2587,#2174,.T.);
#3311=EDGE_CURVE('',#2587,#2556,#2175,.T.);
#3312=EDGE_CURVE('',#2600,#2601,#2176,.T.);
#3313=EDGE_CURVE('',#2602,#2588,#2177,.T.);
#3314=EDGE_CURVE('',#2601,#2602,#1360,.T.);
#3315=EDGE_CURVE('',#2603,#2589,#2178,.T.);
#3316=EDGE_CURVE('',#2602,#2603,#2179,.T.);
#3317=EDGE_CURVE('',#2604,#2590,#2180,.T.);
#3318=EDGE_CURVE('',#2603,#2604,#1361,.T.);
#3319=EDGE_CURVE('',#2604,#2581,#2181,.T.);
#3320=EDGE_CURVE('',#2604,#2595,#1362,.T.);
#3321=EDGE_CURVE('',#2596,#2603,#1363,.T.);
#3322=EDGE_CURVE('',#2602,#2597,#1364,.T.);
#3323=EDGE_CURVE('',#2598,#2568,#1365,.F.);
#3324=EDGE_CURVE('',#2605,#2606,#1366,.T.);
#3325=EDGE_CURVE('',#2606,#2607,#1367,.T.);
#3326=EDGE_CURVE('',#2607,#2608,#1368,.T.);
#3327=EDGE_CURVE('',#2608,#2609,#1369,.T.);
#3328=EDGE_CURVE('',#2609,#2610,#1370,.T.);
#3329=EDGE_CURVE('',#2610,#2605,#1371,.T.);
#3330=EDGE_CURVE('',#2570,#2410,#1372,.F.);
#3331=EDGE_CURVE('',#2611,#2414,#1373,.T.);
#3332=EDGE_CURVE('',#2611,#2612,#1374,.F.);
#3333=EDGE_CURVE('',#2599,#2612,#2182,.F.);
#3334=EDGE_CURVE('',#2586,#2557,#2183,.T.);
#3335=EDGE_CURVE('',#2557,#2347,#2184,.T.);
#3336=EDGE_CURVE('',#2586,#2347,#2185,.T.);
#3337=EDGE_CURVE('',#2613,#2613,#2186,.T.);
#3338=EDGE_CURVE('',#2613,#2350,#1375,.T.);
#3339=EDGE_CURVE('',#2614,#2615,#1376,.T.);
#3340=EDGE_CURVE('',#2616,#2614,#1377,.T.);
#3341=EDGE_CURVE('',#2617,#2616,#1378,.T.);
#3342=EDGE_CURVE('',#2618,#2617,#1379,.T.);
#3343=EDGE_CURVE('',#2619,#2618,#1380,.T.);
#3344=EDGE_CURVE('',#2615,#2619,#1381,.T.);
#3345=EDGE_CURVE('',#2617,#2608,#1382,.T.);
#3346=EDGE_CURVE('',#2618,#2607,#1383,.T.);
#3347=EDGE_CURVE('',#2616,#2609,#1384,.T.);
#3348=EDGE_CURVE('',#2614,#2610,#1385,.T.);
#3349=EDGE_CURVE('',#2615,#2605,#1386,.T.);
#3350=EDGE_CURVE('',#2619,#2606,#1387,.T.);
#3351=EDGE_CURVE('',#2612,#2593,#1388,.T.);
#3352=EDGE_CURVE('',#2611,#2591,#1389,.T.);
#3353=EDGE_CURVE('',#2620,#2620,#2187,.F.);
#3354=EDGE_CURVE('',#2621,#2621,#2188,.F.);
#3355=EDGE_CURVE('',#2622,#2622,#2189,.T.);
#3356=EDGE_CURVE('',#2622,#2623,#1390,.T.);
#3357=EDGE_CURVE('',#2623,#2623,#2190,.T.);
#3358=EDGE_CURVE('',#2624,#2549,#1391,.F.);
#3359=EDGE_CURVE('',#2625,#2624,#1392,.F.);
#3360=EDGE_CURVE('',#2626,#2625,#1393,.F.);
#3361=EDGE_CURVE('',#2550,#2626,#1394,.F.);
#3362=EDGE_CURVE('',#2304,#2626,#1395,.F.);
#3363=EDGE_CURVE('',#2306,#2624,#1396,.F.);
#3364=EDGE_CURVE('',#2305,#2625,#1397,.F.);
#3365=EDGE_CURVE('',#2627,#2627,#2191,.T.);
#3366=EDGE_CURVE('',#2621,#2628,#1398,.T.);
#3367=EDGE_CURVE('',#2628,#2628,#2192,.T.);
#3368=EDGE_CURVE('',#2629,#2629,#2193,.T.);
#3369=EDGE_CURVE('',#2620,#2630,#1399,.T.);
#3370=EDGE_CURVE('',#2630,#2630,#2194,.T.);
#3371=EDGE_CURVE('',#2584,#2413,#1400,.T.);
#3372=EDGE_CURVE('',#2413,#2561,#198,.T.);
#3373=EDGE_CURVE('',#2584,#2560,#199,.T.);
#3374=EDGE_CURVE('',#2559,#2585,#2195,.F.);
#3375=EDGE_CURVE('',#2585,#2348,#2196,.F.);
#3376=EDGE_CURVE('',#2348,#2559,#2197,.F.);
#3377=EDGE_CURVE('',#2631,#2632,#1401,.T.);
#3378=EDGE_CURVE('',#2631,#2633,#1402,.T.);
#3379=EDGE_CURVE('',#2634,#2633,#1403,.T.);
#3380=EDGE_CURVE('',#2632,#2634,#1404,.T.);
#3381=EDGE_CURVE('',#2635,#2631,#1405,.T.);
#3382=EDGE_CURVE('',#2635,#2636,#1406,.T.);
#3383=EDGE_CURVE('',#2633,#2636,#1407,.T.);
#3384=EDGE_CURVE('',#2637,#2635,#1408,.T.);
#3385=EDGE_CURVE('',#2637,#2638,#1409,.T.);
#3386=EDGE_CURVE('',#2636,#2638,#1410,.T.);
#3387=EDGE_CURVE('',#2639,#2637,#1411,.T.);
#3388=EDGE_CURVE('',#2639,#2640,#1412,.T.);
#3389=EDGE_CURVE('',#2638,#2640,#1413,.T.);
#3390=EDGE_CURVE('',#2641,#2639,#1414,.T.);
#3391=EDGE_CURVE('',#2641,#2642,#1415,.T.);
#3392=EDGE_CURVE('',#2640,#2642,#1416,.T.);
#3393=EDGE_CURVE('',#2632,#2641,#1417,.T.);
#3394=EDGE_CURVE('',#2642,#2634,#1418,.T.);
#3395=EDGE_CURVE('',#2643,#2264,#1419,.T.);
#3396=EDGE_CURVE('',#2263,#2644,#1420,.T.);
#3397=EDGE_CURVE('',#2643,#2644,#1421,.T.);
#3398=EDGE_CURVE('',#2644,#2645,#1422,.T.);
#3399=EDGE_CURVE('',#2645,#2262,#1423,.T.);
#3400=EDGE_CURVE('',#2646,#2259,#1424,.T.);
#3401=EDGE_CURVE('',#2260,#2647,#1425,.T.);
#3402=EDGE_CURVE('',#2646,#2647,#1426,.T.);
#3403=EDGE_CURVE('',#2271,#2648,#1427,.T.);
#3404=EDGE_CURVE('',#2649,#2648,#1428,.T.);
#3405=EDGE_CURVE('',#2649,#2272,#1429,.T.);
#3406=EDGE_CURVE('',#2267,#2650,#1430,.T.);
#3407=EDGE_CURVE('',#2651,#2650,#1431,.T.);
#3408=EDGE_CURVE('',#2651,#2268,#1432,.T.);
#3409=EDGE_CURVE('',#2652,#2652,#2198,.T.);
#3410=EDGE_CURVE('',#2653,#2274,#1433,.T.);
#3411=EDGE_CURVE('',#2647,#2653,#1434,.T.);
#3412=EDGE_CURVE('',#2269,#2654,#1435,.T.);
#3413=EDGE_CURVE('',#2654,#2651,#1436,.T.);
#3414=EDGE_CURVE('',#2277,#2221,#1437,.T.);
#3415=EDGE_CURVE('',#2278,#2220,#1438,.T.);
#3416=EDGE_CURVE('',#2655,#2655,#2199,.T.);
#3417=EDGE_CURVE('',#2655,#2656,#1439,.T.);
#3418=EDGE_CURVE('',#2656,#2656,#2200,.T.);
#3419=EDGE_CURVE('',#2275,#2226,#1440,.T.);
#3420=EDGE_CURVE('',#2276,#2225,#1441,.T.);
#3421=EDGE_CURVE('',#2652,#2547,#1442,.T.);
#3422=EDGE_CURVE('',#2657,#2658,#1443,.T.);
#3423=EDGE_CURVE('',#2657,#2659,#1444,.T.);
#3424=EDGE_CURVE('',#2660,#2659,#1445,.T.);
#3425=EDGE_CURVE('',#2658,#2660,#1446,.T.);
#3426=EDGE_CURVE('',#2661,#2657,#1447,.T.);
#3427=EDGE_CURVE('',#2661,#2662,#1448,.T.);
#3428=EDGE_CURVE('',#2659,#2662,#1449,.T.);
#3429=EDGE_CURVE('',#2663,#2661,#1450,.T.);
#3430=EDGE_CURVE('',#2663,#2664,#1451,.T.);
#3431=EDGE_CURVE('',#2662,#2664,#1452,.T.);
#3432=EDGE_CURVE('',#2665,#2663,#1453,.T.);
#3433=EDGE_CURVE('',#2665,#2666,#1454,.T.);
#3434=EDGE_CURVE('',#2664,#2666,#1455,.T.);
#3435=EDGE_CURVE('',#2667,#2665,#1456,.T.);
#3436=EDGE_CURVE('',#2667,#2668,#1457,.T.);
#3437=EDGE_CURVE('',#2666,#2668,#1458,.T.);
#3438=EDGE_CURVE('',#2658,#2667,#1459,.T.);
#3439=EDGE_CURVE('',#2668,#2660,#1460,.T.);
#3440=EDGE_CURVE('',#2669,#2670,#1461,.T.);
#3441=EDGE_CURVE('',#2669,#2671,#1462,.T.);
#3442=EDGE_CURVE('',#2672,#2671,#1463,.T.);
#3443=EDGE_CURVE('',#2670,#2672,#1464,.T.);
#3444=EDGE_CURVE('',#2673,#2669,#1465,.T.);
#3445=EDGE_CURVE('',#2673,#2674,#1466,.T.);
#3446=EDGE_CURVE('',#2671,#2674,#1467,.T.);
#3447=EDGE_CURVE('',#2675,#2673,#1468,.T.);
#3448=EDGE_CURVE('',#2675,#2676,#1469,.T.);
#3449=EDGE_CURVE('',#2674,#2676,#1470,.T.);
#3450=EDGE_CURVE('',#2677,#2675,#1471,.T.);
#3451=EDGE_CURVE('',#2677,#2678,#1472,.T.);
#3452=EDGE_CURVE('',#2676,#2678,#1473,.T.);
#3453=EDGE_CURVE('',#2679,#2677,#1474,.T.);
#3454=EDGE_CURVE('',#2679,#2680,#1475,.T.);
#3455=EDGE_CURVE('',#2678,#2680,#1476,.T.);
#3456=EDGE_CURVE('',#2670,#2679,#1477,.T.);
#3457=EDGE_CURVE('',#2680,#2672,#1478,.T.);
#3458=EDGE_CURVE('',#2681,#2682,#1479,.T.);
#3459=EDGE_CURVE('',#2681,#2683,#1480,.T.);
#3460=EDGE_CURVE('',#2684,#2683,#1481,.T.);
#3461=EDGE_CURVE('',#2682,#2684,#1482,.T.);
#3462=EDGE_CURVE('',#2685,#2681,#1483,.T.);
#3463=EDGE_CURVE('',#2685,#2686,#1484,.T.);
#3464=EDGE_CURVE('',#2683,#2686,#1485,.T.);
#3465=EDGE_CURVE('',#2687,#2685,#1486,.T.);
#3466=EDGE_CURVE('',#2687,#2688,#1487,.T.);
#3467=EDGE_CURVE('',#2686,#2688,#1488,.T.);
#3468=EDGE_CURVE('',#2689,#2687,#1489,.T.);
#3469=EDGE_CURVE('',#2689,#2690,#1490,.T.);
#3470=EDGE_CURVE('',#2688,#2690,#1491,.T.);
#3471=EDGE_CURVE('',#2691,#2689,#1492,.T.);
#3472=EDGE_CURVE('',#2691,#2692,#1493,.T.);
#3473=EDGE_CURVE('',#2690,#2692,#1494,.T.);
#3474=EDGE_CURVE('',#2682,#2691,#1495,.T.);
#3475=EDGE_CURVE('',#2692,#2684,#1496,.T.);
#3476=EDGE_CURVE('',#2693,#2693,#2201,.T.);
#3477=EDGE_CURVE('',#2693,#2431,#1497,.T.);
#3478=EDGE_CURVE('',#2694,#2694,#2202,.T.);
#3479=EDGE_CURVE('',#2694,#2548,#1498,.T.);
#3480=EDGE_CURVE('',#2695,#2695,#2203,.T.);
#3481=EDGE_CURVE('',#2695,#2430,#1499,.T.);
#3482=EDGE_CURVE('',#2696,#2653,#2204,.T.);
#3483=EDGE_CURVE('',#2273,#2696,#1500,.T.);
#3484=EDGE_CURVE('',#2261,#2697,#1501,.T.);
#3485=EDGE_CURVE('',#2697,#2646,#1502,.T.);
#3486=EDGE_CURVE('',#2697,#2645,#2205,.T.);
#3487=EDGE_CURVE('',#2654,#2698,#2206,.T.);
#3488=EDGE_CURVE('',#2698,#2270,#1503,.T.);
#3489=EDGE_CURVE('',#2699,#2266,#1504,.T.);
#3490=EDGE_CURVE('',#2650,#2699,#1505,.T.);
#3491=EDGE_CURVE('',#2700,#2699,#2207,.T.);
#3492=EDGE_CURVE('',#2265,#2700,#1506,.T.);
#3493=EDGE_CURVE('',#2543,#2701,#1507,.T.);
#3494=EDGE_CURVE('',#2702,#2701,#1508,.T.);
#3495=EDGE_CURVE('',#2419,#2702,#1509,.T.);
#3496=EDGE_CURVE('',#2542,#2703,#1510,.T.);
#3497=EDGE_CURVE('',#2541,#2704,#1511,.T.);
#3498=EDGE_CURVE('',#2703,#2704,#1512,.T.);
#3499=EDGE_CURVE('',#2648,#2698,#1513,.T.);
#3500=EDGE_CURVE('',#2700,#2643,#1514,.T.);
#3501=EDGE_CURVE('',#2696,#2649,#1515,.T.);
#3502=EDGE_CURVE('',#2705,#2702,#2208,.T.);
#3503=EDGE_CURVE('',#2701,#2703,#2209,.T.);
#3504=EDGE_CURVE('',#2704,#2706,#2210,.T.);
#3505=EDGE_CURVE('',#2706,#2707,#1516,.T.);
#3506=EDGE_CURVE('',#2707,#2708,#2211,.T.);
#3507=EDGE_CURVE('',#2708,#2705,#1517,.T.);
#3508=EDGE_CURVE('',#2709,#2709,#2212,.T.);
#3509=EDGE_CURVE('',#2710,#2710,#2213,.T.);
#3510=EDGE_CURVE('',#2711,#2711,#2214,.T.);
#3511=EDGE_CURVE('',#2712,#2712,#2215,.T.);
#3512=EDGE_CURVE('',#2422,#2707,#1518,.T.);
#3513=EDGE_CURVE('',#2540,#2706,#1519,.T.);
#3514=EDGE_CURVE('',#2420,#2705,#1520,.T.);
#3515=EDGE_CURVE('',#2421,#2708,#1521,.T.);
#3516=EDGE_CURVE('',#2713,#2714,#1522,.F.);
#3517=EDGE_CURVE('',#2715,#2713,#1523,.F.);
#3518=EDGE_CURVE('',#2552,#2715,#1524,.F.);
#3519=EDGE_CURVE('',#2714,#2551,#1525,.F.);
#3520=EDGE_CURVE('',#2300,#2713,#1526,.F.);
#3521=EDGE_CURVE('',#2301,#2714,#1527,.F.);
#3522=EDGE_CURVE('',#2299,#2715,#1528,.F.);
#3523=EDGE_CURVE('',#2429,#2712,#1529,.T.);
#3524=EDGE_CURVE('',#2546,#2711,#1530,.T.);
#3525=EDGE_CURVE('',#2428,#2710,#1531,.T.);
#3526=EDGE_CURVE('',#2545,#2709,#1532,.T.);
#3527=EDGE_CURVE('',#2572,#2629,#1533,.T.);
#3528=EDGE_CURVE('',#2571,#2627,#1534,.T.);
#3529=ORIENTED_EDGE('',*,*,#2716,.F.);
#3530=ORIENTED_EDGE('',*,*,#2717,.F.);
#3531=ORIENTED_EDGE('',*,*,#2718,.F.);
#3532=ORIENTED_EDGE('',*,*,#2719,.F.);
#3533=ORIENTED_EDGE('',*,*,#2720,.F.);
#3534=ORIENTED_EDGE('',*,*,#2721,.F.);
#3535=ORIENTED_EDGE('',*,*,#2722,.F.);
#3536=ORIENTED_EDGE('',*,*,#2723,.F.);
#3537=ORIENTED_EDGE('',*,*,#2724,.F.);
#3538=ORIENTED_EDGE('',*,*,#2725,.F.);
#3539=ORIENTED_EDGE('',*,*,#2726,.F.);
#3540=ORIENTED_EDGE('',*,*,#2727,.F.);
#3541=ORIENTED_EDGE('',*,*,#2718,.T.);
#3542=ORIENTED_EDGE('',*,*,#2728,.F.);
#3543=ORIENTED_EDGE('',*,*,#2729,.F.);
#3544=ORIENTED_EDGE('',*,*,#2730,.T.);
#3545=ORIENTED_EDGE('',*,*,#2717,.T.);
#3546=ORIENTED_EDGE('',*,*,#2731,.F.);
#3547=ORIENTED_EDGE('',*,*,#2732,.F.);
#3548=ORIENTED_EDGE('',*,*,#2728,.T.);
#3549=ORIENTED_EDGE('',*,*,#2716,.T.);
#3550=ORIENTED_EDGE('',*,*,#2733,.F.);
#3551=ORIENTED_EDGE('',*,*,#2734,.F.);
#3552=ORIENTED_EDGE('',*,*,#2735,.T.);
#3553=ORIENTED_EDGE('',*,*,#2736,.F.);
#3554=ORIENTED_EDGE('',*,*,#2735,.F.);
#3555=ORIENTED_EDGE('',*,*,#2731,.T.);
#3556=ORIENTED_EDGE('',*,*,#2723,.T.);
#3557=ORIENTED_EDGE('',*,*,#2737,.F.);
#3558=ORIENTED_EDGE('',*,*,#2738,.F.);
#3559=ORIENTED_EDGE('',*,*,#2739,.T.);
#3560=ORIENTED_EDGE('',*,*,#2722,.T.);
#3561=ORIENTED_EDGE('',*,*,#2740,.F.);
#3562=ORIENTED_EDGE('',*,*,#2741,.F.);
#3563=ORIENTED_EDGE('',*,*,#2742,.T.);
#3564=ORIENTED_EDGE('',*,*,#2743,.T.);
#3565=ORIENTED_EDGE('',*,*,#2742,.F.);
#3566=ORIENTED_EDGE('',*,*,#2737,.T.);
#3567=ORIENTED_EDGE('',*,*,#2727,.T.);
#3568=ORIENTED_EDGE('',*,*,#2744,.F.);
#3569=ORIENTED_EDGE('',*,*,#2745,.F.);
#3570=ORIENTED_EDGE('',*,*,#2740,.T.);
#3571=ORIENTED_EDGE('',*,*,#2746,.T.);
#3572=ORIENTED_EDGE('',*,*,#2747,.T.);
#3573=ORIENTED_EDGE('',*,*,#2748,.T.);
#3574=ORIENTED_EDGE('',*,*,#2749,.T.);
#3575=ORIENTED_EDGE('',*,*,#2750,.T.);
#3576=ORIENTED_EDGE('',*,*,#2751,.T.);
#3577=ORIENTED_EDGE('',*,*,#2748,.F.);
#3578=ORIENTED_EDGE('',*,*,#2752,.T.);
#3579=ORIENTED_EDGE('',*,*,#2753,.T.);
#3580=ORIENTED_EDGE('',*,*,#2754,.T.);
#3581=ORIENTED_EDGE('',*,*,#2750,.F.);
#3582=ORIENTED_EDGE('',*,*,#2755,.T.);
#3583=ORIENTED_EDGE('',*,*,#2756,.T.);
#3584=ORIENTED_EDGE('',*,*,#2757,.T.);
#3585=ORIENTED_EDGE('',*,*,#2753,.F.);
#3586=ORIENTED_EDGE('',*,*,#2758,.T.);
#3587=ORIENTED_EDGE('',*,*,#2759,.T.);
#3588=ORIENTED_EDGE('',*,*,#2760,.T.);
#3589=ORIENTED_EDGE('',*,*,#2756,.F.);
#3590=ORIENTED_EDGE('',*,*,#2761,.T.);
#3591=ORIENTED_EDGE('',*,*,#2762,.T.);
#3592=ORIENTED_EDGE('',*,*,#2763,.T.);
#3593=ORIENTED_EDGE('',*,*,#2759,.F.);
#3594=ORIENTED_EDGE('',*,*,#2764,.T.);
#3595=ORIENTED_EDGE('',*,*,#2765,.T.);
#3596=ORIENTED_EDGE('',*,*,#2766,.T.);
#3597=ORIENTED_EDGE('',*,*,#2762,.F.);
#3598=ORIENTED_EDGE('',*,*,#2767,.T.);
#3599=ORIENTED_EDGE('',*,*,#2765,.F.);
#3600=ORIENTED_EDGE('',*,*,#2768,.T.);
#3601=ORIENTED_EDGE('',*,*,#2746,.F.);
#3602=ORIENTED_EDGE('',*,*,#2769,.T.);
#3603=ORIENTED_EDGE('',*,*,#2758,.F.);
#3604=ORIENTED_EDGE('',*,*,#2770,.T.);
#3605=ORIENTED_EDGE('',*,*,#2771,.F.);
#3606=ORIENTED_EDGE('',*,*,#2772,.T.);
#3607=ORIENTED_EDGE('',*,*,#2755,.F.);
#3608=ORIENTED_EDGE('',*,*,#2773,.F.);
#3609=ORIENTED_EDGE('',*,*,#2774,.F.);
#3610=ORIENTED_EDGE('',*,*,#2770,.F.);
#3611=ORIENTED_EDGE('',*,*,#2752,.F.);
#3612=ORIENTED_EDGE('',*,*,#2775,.T.);
#3613=ORIENTED_EDGE('',*,*,#2776,.F.);
#3614=ORIENTED_EDGE('',*,*,#2773,.T.);
#3615=ORIENTED_EDGE('',*,*,#2747,.F.);
#3616=ORIENTED_EDGE('',*,*,#2777,.F.);
#3617=ORIENTED_EDGE('',*,*,#2778,.F.);
#3618=ORIENTED_EDGE('',*,*,#2775,.F.);
#3619=ORIENTED_EDGE('',*,*,#2779,.F.);
#3620=ORIENTED_EDGE('',*,*,#2780,.T.);
#3621=ORIENTED_EDGE('',*,*,#2781,.F.);
#3622=ORIENTED_EDGE('',*,*,#2782,.T.);
#3623=ORIENTED_EDGE('',*,*,#2783,.F.);
#3624=ORIENTED_EDGE('',*,*,#2784,.T.);
#3625=ORIENTED_EDGE('',*,*,#2785,.F.);
#3626=ORIENTED_EDGE('',*,*,#2786,.T.);
#3627=ORIENTED_EDGE('',*,*,#2787,.F.);
#3628=ORIENTED_EDGE('',*,*,#2788,.T.);
#3629=ORIENTED_EDGE('',*,*,#2789,.F.);
#3630=ORIENTED_EDGE('',*,*,#2790,.T.);
#3631=ORIENTED_EDGE('',*,*,#2791,.F.);
#3632=ORIENTED_EDGE('',*,*,#2792,.T.);
#3633=ORIENTED_EDGE('',*,*,#2793,.F.);
#3634=ORIENTED_EDGE('',*,*,#2794,.T.);
#3635=ORIENTED_EDGE('',*,*,#2738,.T.);
#3636=ORIENTED_EDGE('',*,*,#2741,.T.);
#3637=ORIENTED_EDGE('',*,*,#2745,.T.);
#3638=ORIENTED_EDGE('',*,*,#2795,.T.);
#3639=ORIENTED_EDGE('',*,*,#2796,.T.);
#3640=ORIENTED_EDGE('',*,*,#2797,.T.);
#3641=ORIENTED_EDGE('',*,*,#2732,.T.);
#3642=ORIENTED_EDGE('',*,*,#2734,.T.);
#3643=ORIENTED_EDGE('',*,*,#2798,.T.);
#3644=ORIENTED_EDGE('',*,*,#2799,.T.);
#3645=ORIENTED_EDGE('',*,*,#2800,.T.);
#3646=ORIENTED_EDGE('',*,*,#2729,.T.);
#3647=ORIENTED_EDGE('',*,*,#2749,.F.);
#3648=ORIENTED_EDGE('',*,*,#2751,.F.);
#3649=ORIENTED_EDGE('',*,*,#2754,.F.);
#3650=ORIENTED_EDGE('',*,*,#2757,.F.);
#3651=ORIENTED_EDGE('',*,*,#2760,.F.);
#3652=ORIENTED_EDGE('',*,*,#2763,.F.);
#3653=ORIENTED_EDGE('',*,*,#2766,.F.);
#3654=ORIENTED_EDGE('',*,*,#2769,.F.);
#3655=ORIENTED_EDGE('',*,*,#2801,.T.);
#3656=ORIENTED_EDGE('',*,*,#2802,.T.);
#3657=ORIENTED_EDGE('',*,*,#2803,.T.);
#3658=ORIENTED_EDGE('',*,*,#2776,.T.);
#3659=ORIENTED_EDGE('',*,*,#2804,.T.);
#3660=ORIENTED_EDGE('',*,*,#2774,.T.);
#3661=ORIENTED_EDGE('',*,*,#2803,.F.);
#3662=ORIENTED_EDGE('',*,*,#2805,.T.);
#3663=ORIENTED_EDGE('',*,*,#2806,.T.);
#3664=ORIENTED_EDGE('',*,*,#2771,.T.);
#3665=ORIENTED_EDGE('',*,*,#2804,.F.);
#3666=ORIENTED_EDGE('',*,*,#2807,.T.);
#3667=ORIENTED_EDGE('',*,*,#2808,.T.);
#3668=ORIENTED_EDGE('',*,*,#2809,.T.);
#3669=ORIENTED_EDGE('',*,*,#2806,.F.);
#3670=ORIENTED_EDGE('',*,*,#2810,.T.);
#3671=ORIENTED_EDGE('',*,*,#2811,.T.);
#3672=ORIENTED_EDGE('',*,*,#2812,.T.);
#3673=ORIENTED_EDGE('',*,*,#2808,.F.);
#3674=ORIENTED_EDGE('',*,*,#2813,.T.);
#3675=ORIENTED_EDGE('',*,*,#2814,.T.);
#3676=ORIENTED_EDGE('',*,*,#2815,.T.);
#3677=ORIENTED_EDGE('',*,*,#2811,.F.);
#3678=ORIENTED_EDGE('',*,*,#2816,.T.);
#3679=ORIENTED_EDGE('',*,*,#2817,.T.);
#3680=ORIENTED_EDGE('',*,*,#2818,.T.);
#3681=ORIENTED_EDGE('',*,*,#2814,.F.);
#3682=ORIENTED_EDGE('',*,*,#2819,.T.);
#3683=ORIENTED_EDGE('',*,*,#2817,.F.);
#3684=ORIENTED_EDGE('',*,*,#2820,.T.);
#3685=ORIENTED_EDGE('',*,*,#2801,.F.);
#3686=ORIENTED_EDGE('',*,*,#2778,.T.);
#3687=ORIENTED_EDGE('',*,*,#2767,.F.);
#3688=ORIENTED_EDGE('',*,*,#2821,.F.);
#3689=ORIENTED_EDGE('',*,*,#2815,.F.);
#3690=ORIENTED_EDGE('',*,*,#2822,.F.);
#3691=ORIENTED_EDGE('',*,*,#2768,.F.);
#3692=ORIENTED_EDGE('',*,*,#2822,.T.);
#3693=ORIENTED_EDGE('',*,*,#2818,.F.);
#3694=ORIENTED_EDGE('',*,*,#2777,.T.);
#3695=ORIENTED_EDGE('',*,*,#2823,.T.);
#3696=ORIENTED_EDGE('',*,*,#2824,.T.);
#3697=ORIENTED_EDGE('',*,*,#2825,.F.);
#3698=ORIENTED_EDGE('',*,*,#2826,.F.);
#3699=ORIENTED_EDGE('',*,*,#2827,.T.);
#3700=ORIENTED_EDGE('',*,*,#2828,.T.);
#3701=ORIENTED_EDGE('',*,*,#2829,.T.);
#3702=ORIENTED_EDGE('',*,*,#2830,.T.);
#3703=ORIENTED_EDGE('',*,*,#2831,.F.);
#3704=ORIENTED_EDGE('',*,*,#2832,.T.);
#3705=ORIENTED_EDGE('',*,*,#2833,.T.);
#3706=ORIENTED_EDGE('',*,*,#2834,.T.);
#3707=ORIENTED_EDGE('',*,*,#2835,.T.);
#3708=ORIENTED_EDGE('',*,*,#2836,.F.);
#3709=ORIENTED_EDGE('',*,*,#2837,.T.);
#3710=ORIENTED_EDGE('',*,*,#2838,.T.);
#3711=ORIENTED_EDGE('',*,*,#2839,.T.);
#3712=ORIENTED_EDGE('',*,*,#2840,.T.);
#3713=ORIENTED_EDGE('',*,*,#2743,.F.);
#3714=ORIENTED_EDGE('',*,*,#2736,.T.);
#3715=ORIENTED_EDGE('',*,*,#2802,.F.);
#3716=ORIENTED_EDGE('',*,*,#2820,.F.);
#3717=ORIENTED_EDGE('',*,*,#2819,.F.);
#3718=ORIENTED_EDGE('',*,*,#2816,.F.);
#3719=ORIENTED_EDGE('',*,*,#2813,.F.);
#3720=ORIENTED_EDGE('',*,*,#2810,.F.);
#3721=ORIENTED_EDGE('',*,*,#2807,.F.);
#3722=ORIENTED_EDGE('',*,*,#2805,.F.);
#3723=ORIENTED_EDGE('',*,*,#2764,.F.);
#3724=ORIENTED_EDGE('',*,*,#2841,.T.);
#3725=ORIENTED_EDGE('',*,*,#2812,.F.);
#3726=ORIENTED_EDGE('',*,*,#2821,.T.);
#3727=ORIENTED_EDGE('',*,*,#2761,.F.);
#3728=ORIENTED_EDGE('',*,*,#2772,.F.);
#3729=ORIENTED_EDGE('',*,*,#2809,.F.);
#3730=ORIENTED_EDGE('',*,*,#2841,.F.);
#3731=ORIENTED_EDGE('',*,*,#2842,.F.);
#3732=ORIENTED_EDGE('',*,*,#2843,.F.);
#3733=ORIENTED_EDGE('',*,*,#2844,.F.);
#3734=ORIENTED_EDGE('',*,*,#2845,.T.);
#3735=ORIENTED_EDGE('',*,*,#2846,.T.);
#3736=ORIENTED_EDGE('',*,*,#2843,.T.);
#3737=ORIENTED_EDGE('',*,*,#2847,.T.);
#3738=ORIENTED_EDGE('',*,*,#2848,.T.);
#3739=ORIENTED_EDGE('',*,*,#2849,.T.);
#3740=ORIENTED_EDGE('',*,*,#2845,.F.);
#3741=ORIENTED_EDGE('',*,*,#2850,.T.);
#3742=ORIENTED_EDGE('',*,*,#2851,.T.);
#3743=ORIENTED_EDGE('',*,*,#2852,.T.);
#3744=ORIENTED_EDGE('',*,*,#2848,.F.);
#3745=ORIENTED_EDGE('',*,*,#2853,.T.);
#3746=ORIENTED_EDGE('',*,*,#2854,.T.);
#3747=ORIENTED_EDGE('',*,*,#2855,.T.);
#3748=ORIENTED_EDGE('',*,*,#2851,.F.);
#3749=ORIENTED_EDGE('',*,*,#2856,.T.);
#3750=ORIENTED_EDGE('',*,*,#2857,.F.);
#3751=ORIENTED_EDGE('',*,*,#2858,.T.);
#3752=ORIENTED_EDGE('',*,*,#2854,.F.);
#3753=ORIENTED_EDGE('',*,*,#2859,.T.);
#3754=ORIENTED_EDGE('',*,*,#2860,.F.);
#3755=ORIENTED_EDGE('',*,*,#2861,.F.);
#3756=ORIENTED_EDGE('',*,*,#2862,.F.);
#3757=ORIENTED_EDGE('',*,*,#2863,.T.);
#3758=ORIENTED_EDGE('',*,*,#2864,.T.);
#3759=ORIENTED_EDGE('',*,*,#2861,.T.);
#3760=ORIENTED_EDGE('',*,*,#2865,.T.);
#3761=ORIENTED_EDGE('',*,*,#2866,.T.);
#3762=ORIENTED_EDGE('',*,*,#2867,.T.);
#3763=ORIENTED_EDGE('',*,*,#2863,.F.);
#3764=ORIENTED_EDGE('',*,*,#2868,.T.);
#3765=ORIENTED_EDGE('',*,*,#2869,.T.);
#3766=ORIENTED_EDGE('',*,*,#2870,.T.);
#3767=ORIENTED_EDGE('',*,*,#2866,.F.);
#3768=ORIENTED_EDGE('',*,*,#2871,.T.);
#3769=ORIENTED_EDGE('',*,*,#2844,.T.);
#3770=ORIENTED_EDGE('',*,*,#2872,.T.);
#3771=ORIENTED_EDGE('',*,*,#2862,.T.);
#3772=ORIENTED_EDGE('',*,*,#2873,.T.);
#3773=ORIENTED_EDGE('',*,*,#2874,.F.);
#3774=ORIENTED_EDGE('',*,*,#2875,.T.);
#3775=ORIENTED_EDGE('',*,*,#2876,.T.);
#3776=ORIENTED_EDGE('',*,*,#2877,.T.);
#3777=ORIENTED_EDGE('',*,*,#2878,.T.);
#3778=ORIENTED_EDGE('',*,*,#2879,.T.);
#3779=ORIENTED_EDGE('',*,*,#2876,.F.);
#3780=ORIENTED_EDGE('',*,*,#2880,.T.);
#3781=ORIENTED_EDGE('',*,*,#2881,.T.);
#3782=ORIENTED_EDGE('',*,*,#2882,.T.);
#3783=ORIENTED_EDGE('',*,*,#2878,.F.);
#3784=ORIENTED_EDGE('',*,*,#2883,.T.);
#3785=ORIENTED_EDGE('',*,*,#2884,.T.);
#3786=ORIENTED_EDGE('',*,*,#2885,.T.);
#3787=ORIENTED_EDGE('',*,*,#2881,.F.);
#3788=ORIENTED_EDGE('',*,*,#2886,.T.);
#3789=ORIENTED_EDGE('',*,*,#2860,.T.);
#3790=ORIENTED_EDGE('',*,*,#2887,.T.);
#3791=ORIENTED_EDGE('',*,*,#2884,.F.);
#3792=ORIENTED_EDGE('',*,*,#2888,.T.);
#3793=ORIENTED_EDGE('',*,*,#2889,.T.);
#3794=ORIENTED_EDGE('',*,*,#2890,.T.);
#3795=ORIENTED_EDGE('',*,*,#2842,.T.);
#3796=ORIENTED_EDGE('',*,*,#2891,.T.);
#3797=ORIENTED_EDGE('',*,*,#2892,.T.);
#3798=ORIENTED_EDGE('',*,*,#2893,.T.);
#3799=ORIENTED_EDGE('',*,*,#2889,.F.);
#3800=ORIENTED_EDGE('',*,*,#2894,.T.);
#3801=ORIENTED_EDGE('',*,*,#2895,.T.);
#3802=ORIENTED_EDGE('',*,*,#2896,.T.);
#3803=ORIENTED_EDGE('',*,*,#2892,.F.);
#3804=ORIENTED_EDGE('',*,*,#2897,.T.);
#3805=ORIENTED_EDGE('',*,*,#2877,.F.);
#3806=ORIENTED_EDGE('',*,*,#2879,.F.);
#3807=ORIENTED_EDGE('',*,*,#2882,.F.);
#3808=ORIENTED_EDGE('',*,*,#2885,.F.);
#3809=ORIENTED_EDGE('',*,*,#2887,.F.);
#3810=ORIENTED_EDGE('',*,*,#2872,.F.);
#3811=ORIENTED_EDGE('',*,*,#2846,.F.);
#3812=ORIENTED_EDGE('',*,*,#2849,.F.);
#3813=ORIENTED_EDGE('',*,*,#2852,.F.);
#3814=ORIENTED_EDGE('',*,*,#2855,.F.);
#3815=ORIENTED_EDGE('',*,*,#2858,.F.);
#3816=ORIENTED_EDGE('',*,*,#2898,.F.);
#3817=ORIENTED_EDGE('',*,*,#2899,.F.);
#3818=ORIENTED_EDGE('',*,*,#2900,.F.);
#3819=ORIENTED_EDGE('',*,*,#2901,.F.);
#3820=ORIENTED_EDGE('',*,*,#2902,.F.);
#3821=ORIENTED_EDGE('',*,*,#2903,.T.);
#3822=ORIENTED_EDGE('',*,*,#2859,.F.);
#3823=ORIENTED_EDGE('',*,*,#2904,.F.);
#3824=ORIENTED_EDGE('',*,*,#2905,.F.);
#3825=ORIENTED_EDGE('',*,*,#2906,.F.);
#3826=ORIENTED_EDGE('',*,*,#2856,.F.);
#3827=ORIENTED_EDGE('',*,*,#2907,.T.);
#3828=ORIENTED_EDGE('',*,*,#2908,.T.);
#3829=ORIENTED_EDGE('',*,*,#2904,.T.);
#3830=ORIENTED_EDGE('',*,*,#2853,.F.);
#3831=ORIENTED_EDGE('',*,*,#2909,.T.);
#3832=ORIENTED_EDGE('',*,*,#2895,.F.);
#3833=ORIENTED_EDGE('',*,*,#2910,.F.);
#3834=ORIENTED_EDGE('',*,*,#2911,.T.);
#3835=ORIENTED_EDGE('',*,*,#2912,.T.);
#3836=ORIENTED_EDGE('',*,*,#2907,.F.);
#3837=ORIENTED_EDGE('',*,*,#2847,.F.);
#3838=ORIENTED_EDGE('',*,*,#2890,.F.);
#3839=ORIENTED_EDGE('',*,*,#2913,.F.);
#3840=ORIENTED_EDGE('',*,*,#2850,.F.);
#3841=ORIENTED_EDGE('',*,*,#2913,.T.);
#3842=ORIENTED_EDGE('',*,*,#2893,.F.);
#3843=ORIENTED_EDGE('',*,*,#2896,.F.);
#3844=ORIENTED_EDGE('',*,*,#2909,.F.);
#3845=ORIENTED_EDGE('',*,*,#2914,.F.);
#3846=ORIENTED_EDGE('',*,*,#2915,.T.);
#3847=ORIENTED_EDGE('',*,*,#2916,.T.);
#3848=ORIENTED_EDGE('',*,*,#2917,.T.);
#3849=ORIENTED_EDGE('',*,*,#2918,.T.);
#3850=ORIENTED_EDGE('',*,*,#2919,.T.);
#3851=ORIENTED_EDGE('',*,*,#2916,.F.);
#3852=ORIENTED_EDGE('',*,*,#2920,.T.);
#3853=ORIENTED_EDGE('',*,*,#2921,.T.);
#3854=ORIENTED_EDGE('',*,*,#2922,.T.);
#3855=ORIENTED_EDGE('',*,*,#2923,.T.);
#3856=ORIENTED_EDGE('',*,*,#2924,.T.);
#3857=ORIENTED_EDGE('',*,*,#2921,.F.);
#3858=ORIENTED_EDGE('',*,*,#2925,.T.);
#3859=ORIENTED_EDGE('',*,*,#2918,.F.);
#3860=ORIENTED_EDGE('',*,*,#2926,.T.);
#3861=ORIENTED_EDGE('',*,*,#2927,.F.);
#3862=ORIENTED_EDGE('',*,*,#2928,.F.);
#3863=ORIENTED_EDGE('',*,*,#2929,.F.);
#3864=ORIENTED_EDGE('',*,*,#2930,.T.);
#3865=ORIENTED_EDGE('',*,*,#2931,.T.);
#3866=ORIENTED_EDGE('',*,*,#2928,.T.);
#3867=ORIENTED_EDGE('',*,*,#2932,.T.);
#3868=ORIENTED_EDGE('',*,*,#2933,.T.);
#3869=ORIENTED_EDGE('',*,*,#2934,.T.);
#3870=ORIENTED_EDGE('',*,*,#2930,.F.);
#3871=ORIENTED_EDGE('',*,*,#2935,.T.);
#3872=ORIENTED_EDGE('',*,*,#2936,.F.);
#3873=ORIENTED_EDGE('',*,*,#2937,.F.);
#3874=ORIENTED_EDGE('',*,*,#2938,.F.);
#3875=ORIENTED_EDGE('',*,*,#2939,.T.);
#3876=ORIENTED_EDGE('',*,*,#2940,.T.);
#3877=ORIENTED_EDGE('',*,*,#2937,.T.);
#3878=ORIENTED_EDGE('',*,*,#2941,.T.);
#3879=ORIENTED_EDGE('',*,*,#2942,.T.);
#3880=ORIENTED_EDGE('',*,*,#2943,.T.);
#3881=ORIENTED_EDGE('',*,*,#2939,.F.);
#3882=ORIENTED_EDGE('',*,*,#2944,.T.);
#3883=ORIENTED_EDGE('',*,*,#2945,.T.);
#3884=ORIENTED_EDGE('',*,*,#2946,.T.);
#3885=ORIENTED_EDGE('',*,*,#2942,.F.);
#3886=ORIENTED_EDGE('',*,*,#2947,.T.);
#3887=ORIENTED_EDGE('',*,*,#2929,.T.);
#3888=ORIENTED_EDGE('',*,*,#2948,.T.);
#3889=ORIENTED_EDGE('',*,*,#2938,.T.);
#3890=ORIENTED_EDGE('',*,*,#2949,.T.);
#3891=ORIENTED_EDGE('',*,*,#2950,.T.);
#3892=ORIENTED_EDGE('',*,*,#2951,.T.);
#3893=ORIENTED_EDGE('',*,*,#2952,.T.);
#3894=ORIENTED_EDGE('',*,*,#2953,.T.);
#3895=ORIENTED_EDGE('',*,*,#2936,.T.);
#3896=ORIENTED_EDGE('',*,*,#2954,.T.);
#3897=ORIENTED_EDGE('',*,*,#2952,.F.);
#3898=ORIENTED_EDGE('',*,*,#2955,.T.);
#3899=ORIENTED_EDGE('',*,*,#2956,.T.);
#3900=ORIENTED_EDGE('',*,*,#2957,.T.);
#3901=ORIENTED_EDGE('',*,*,#2927,.T.);
#3902=ORIENTED_EDGE('',*,*,#2958,.T.);
#3903=ORIENTED_EDGE('',*,*,#2959,.T.);
#3904=ORIENTED_EDGE('',*,*,#2960,.T.);
#3905=ORIENTED_EDGE('',*,*,#2956,.F.);
#3906=ORIENTED_EDGE('',*,*,#2961,.T.);
#3907=ORIENTED_EDGE('',*,*,#2962,.T.);
#3908=ORIENTED_EDGE('',*,*,#2963,.T.);
#3909=ORIENTED_EDGE('',*,*,#2959,.F.);
#3910=ORIENTED_EDGE('',*,*,#2964,.T.);
#3911=ORIENTED_EDGE('',*,*,#2950,.F.);
#3912=ORIENTED_EDGE('',*,*,#2965,.T.);
#3913=ORIENTED_EDGE('',*,*,#2923,.F.);
#3914=ORIENTED_EDGE('',*,*,#2966,.T.);
#3915=ORIENTED_EDGE('',*,*,#2967,.T.);
#3916=ORIENTED_EDGE('',*,*,#2968,.T.);
#3917=ORIENTED_EDGE('',*,*,#2969,.T.);
#3918=ORIENTED_EDGE('',*,*,#2970,.T.);
#3919=ORIENTED_EDGE('',*,*,#2967,.F.);
#3920=ORIENTED_EDGE('',*,*,#2971,.T.);
#3921=ORIENTED_EDGE('',*,*,#2933,.F.);
#3922=ORIENTED_EDGE('',*,*,#2972,.T.);
#3923=ORIENTED_EDGE('',*,*,#2973,.T.);
#3924=ORIENTED_EDGE('',*,*,#2974,.T.);
#3925=ORIENTED_EDGE('',*,*,#2975,.T.);
#3926=ORIENTED_EDGE('',*,*,#2976,.T.);
#3927=ORIENTED_EDGE('',*,*,#2977,.F.);
#3928=ORIENTED_EDGE('',*,*,#2978,.T.);
#3929=ORIENTED_EDGE('',*,*,#2975,.F.);
#3930=ORIENTED_EDGE('',*,*,#2979,.T.);
#3931=ORIENTED_EDGE('',*,*,#2973,.F.);
#3932=ORIENTED_EDGE('',*,*,#2980,.T.);
#3933=ORIENTED_EDGE('',*,*,#2969,.F.);
#3934=ORIENTED_EDGE('',*,*,#2981,.T.);
#3935=ORIENTED_EDGE('',*,*,#2941,.F.);
#3936=ORIENTED_EDGE('',*,*,#2955,.F.);
#3937=ORIENTED_EDGE('',*,*,#2982,.F.);
#3938=ORIENTED_EDGE('',*,*,#2922,.F.);
#3939=ORIENTED_EDGE('',*,*,#2983,.F.);
#3940=ORIENTED_EDGE('',*,*,#2984,.F.);
#3941=ORIENTED_EDGE('',*,*,#2985,.F.);
#3942=ORIENTED_EDGE('',*,*,#2986,.F.);
#3943=ORIENTED_EDGE('',*,*,#2945,.F.);
#3944=ORIENTED_EDGE('',*,*,#2987,.F.);
#3945=ORIENTED_EDGE('',*,*,#2926,.F.);
#3946=ORIENTED_EDGE('',*,*,#2920,.F.);
#3947=ORIENTED_EDGE('',*,*,#2988,.T.);
#3948=ORIENTED_EDGE('',*,*,#2989,.T.);
#3949=ORIENTED_EDGE('',*,*,#2983,.T.);
#3950=ORIENTED_EDGE('',*,*,#2915,.F.);
#3951=ORIENTED_EDGE('',*,*,#2990,.F.);
#3952=ORIENTED_EDGE('',*,*,#2991,.T.);
#3953=ORIENTED_EDGE('',*,*,#2988,.F.);
#3954=ORIENTED_EDGE('',*,*,#2917,.F.);
#3955=ORIENTED_EDGE('',*,*,#2919,.F.);
#3956=ORIENTED_EDGE('',*,*,#2992,.F.);
#3957=ORIENTED_EDGE('',*,*,#2993,.F.);
#3958=ORIENTED_EDGE('',*,*,#2994,.F.);
#3959=ORIENTED_EDGE('',*,*,#2953,.F.);
#3960=ORIENTED_EDGE('',*,*,#2954,.F.);
#3961=ORIENTED_EDGE('',*,*,#2948,.F.);
#3962=ORIENTED_EDGE('',*,*,#2931,.F.);
#3963=ORIENTED_EDGE('',*,*,#2934,.F.);
#3964=ORIENTED_EDGE('',*,*,#2995,.F.);
#3965=ORIENTED_EDGE('',*,*,#2925,.F.);
#3966=ORIENTED_EDGE('',*,*,#2924,.F.);
#3967=ORIENTED_EDGE('',*,*,#2965,.F.);
#3968=ORIENTED_EDGE('',*,*,#2995,.T.);
#3969=ORIENTED_EDGE('',*,*,#2971,.F.);
#3970=ORIENTED_EDGE('',*,*,#2970,.F.);
#3971=ORIENTED_EDGE('',*,*,#2980,.F.);
#3972=ORIENTED_EDGE('',*,*,#2996,.T.);
#3973=ORIENTED_EDGE('',*,*,#2997,.T.);
#3974=ORIENTED_EDGE('',*,*,#2998,.T.);
#3975=ORIENTED_EDGE('',*,*,#2999,.F.);
#3976=ORIENTED_EDGE('',*,*,#2992,.T.);
#3977=ORIENTED_EDGE('',*,*,#2976,.F.);
#3978=ORIENTED_EDGE('',*,*,#2978,.F.);
#3979=ORIENTED_EDGE('',*,*,#3000,.F.);
#3980=ORIENTED_EDGE('',*,*,#3001,.F.);
#3981=ORIENTED_EDGE('',*,*,#3002,.F.);
#3982=ORIENTED_EDGE('',*,*,#3003,.T.);
#3983=ORIENTED_EDGE('',*,*,#2996,.F.);
#3984=ORIENTED_EDGE('',*,*,#2914,.T.);
#3985=ORIENTED_EDGE('',*,*,#2994,.T.);
#3986=ORIENTED_EDGE('',*,*,#3004,.F.);
#3987=ORIENTED_EDGE('',*,*,#3005,.T.);
#3988=ORIENTED_EDGE('',*,*,#3006,.F.);
#3989=ORIENTED_EDGE('',*,*,#3007,.F.);
#3990=ORIENTED_EDGE('',*,*,#3008,.F.);
#3991=ORIENTED_EDGE('',*,*,#3009,.T.);
#3992=ORIENTED_EDGE('',*,*,#3010,.F.);
#3993=ORIENTED_EDGE('',*,*,#3011,.T.);
#3994=ORIENTED_EDGE('',*,*,#3012,.F.);
#3995=ORIENTED_EDGE('',*,*,#3013,.F.);
#3996=ORIENTED_EDGE('',*,*,#3014,.F.);
#3997=ORIENTED_EDGE('',*,*,#3015,.T.);
#3998=ORIENTED_EDGE('',*,*,#3016,.T.);
#3999=ORIENTED_EDGE('',*,*,#3000,.T.);
#4000=ORIENTED_EDGE('',*,*,#2977,.T.);
#4001=ORIENTED_EDGE('',*,*,#3017,.T.);
#4002=ORIENTED_EDGE('',*,*,#3018,.T.);
#4003=ORIENTED_EDGE('',*,*,#2990,.T.);
#4004=ORIENTED_EDGE('',*,*,#3019,.T.);
#4005=ORIENTED_EDGE('',*,*,#3020,.T.);
#4006=ORIENTED_EDGE('',*,*,#3021,.T.);
#4007=ORIENTED_EDGE('',*,*,#3022,.T.);
#4008=ORIENTED_EDGE('',*,*,#2870,.F.);
#4009=ORIENTED_EDGE('',*,*,#3023,.T.);
#4010=ORIENTED_EDGE('',*,*,#3024,.T.);
#4011=ORIENTED_EDGE('',*,*,#3025,.T.);
#4012=ORIENTED_EDGE('',*,*,#3026,.T.);
#4013=ORIENTED_EDGE('',*,*,#2910,.T.);
#4014=ORIENTED_EDGE('',*,*,#2897,.F.);
#4015=ORIENTED_EDGE('',*,*,#3027,.T.);
#4016=ORIENTED_EDGE('',*,*,#3026,.F.);
#4017=ORIENTED_EDGE('',*,*,#2911,.F.);
#4018=ORIENTED_EDGE('',*,*,#3025,.F.);
#4019=ORIENTED_EDGE('',*,*,#3028,.F.);
#4020=ORIENTED_EDGE('',*,*,#3029,.F.);
#4021=ORIENTED_EDGE('',*,*,#3030,.T.);
#4022=ORIENTED_EDGE('',*,*,#3031,.F.);
#4023=ORIENTED_EDGE('',*,*,#2905,.T.);
#4024=ORIENTED_EDGE('',*,*,#2908,.F.);
#4025=ORIENTED_EDGE('',*,*,#2912,.F.);
#4026=ORIENTED_EDGE('',*,*,#2946,.F.);
#4027=ORIENTED_EDGE('',*,*,#2986,.T.);
#4028=ORIENTED_EDGE('',*,*,#3032,.T.);
#4029=ORIENTED_EDGE('',*,*,#3033,.T.);
#4030=ORIENTED_EDGE('',*,*,#3034,.T.);
#4031=ORIENTED_EDGE('',*,*,#3035,.T.);
#4032=ORIENTED_EDGE('',*,*,#2964,.F.);
#4033=ORIENTED_EDGE('',*,*,#3036,.T.);
#4034=ORIENTED_EDGE('',*,*,#2968,.F.);
#4035=ORIENTED_EDGE('',*,*,#3037,.F.);
#4036=ORIENTED_EDGE('',*,*,#2962,.F.);
#4037=ORIENTED_EDGE('',*,*,#3035,.F.);
#4038=ORIENTED_EDGE('',*,*,#3038,.F.);
#4039=ORIENTED_EDGE('',*,*,#3039,.F.);
#4040=ORIENTED_EDGE('',*,*,#3040,.F.);
#4041=ORIENTED_EDGE('',*,*,#3034,.F.);
#4042=ORIENTED_EDGE('',*,*,#3038,.T.);
#4043=ORIENTED_EDGE('',*,*,#3033,.F.);
#4044=ORIENTED_EDGE('',*,*,#2984,.T.);
#4045=ORIENTED_EDGE('',*,*,#2989,.F.);
#4046=ORIENTED_EDGE('',*,*,#2991,.F.);
#4047=ORIENTED_EDGE('',*,*,#3018,.F.);
#4048=ORIENTED_EDGE('',*,*,#3041,.F.);
#4049=ORIENTED_EDGE('',*,*,#3042,.F.);
#4050=ORIENTED_EDGE('',*,*,#3039,.T.);
#4051=ORIENTED_EDGE('',*,*,#2886,.F.);
#4052=ORIENTED_EDGE('',*,*,#3043,.F.);
#4053=ORIENTED_EDGE('',*,*,#2871,.F.);
#4054=ORIENTED_EDGE('',*,*,#2868,.F.);
#4055=ORIENTED_EDGE('',*,*,#3044,.T.);
#4056=ORIENTED_EDGE('',*,*,#2888,.F.);
#4057=ORIENTED_EDGE('',*,*,#3044,.F.);
#4058=ORIENTED_EDGE('',*,*,#2865,.F.);
#4059=ORIENTED_EDGE('',*,*,#2880,.F.);
#4060=ORIENTED_EDGE('',*,*,#3045,.T.);
#4061=ORIENTED_EDGE('',*,*,#3029,.T.);
#4062=ORIENTED_EDGE('',*,*,#3046,.T.);
#4063=ORIENTED_EDGE('',*,*,#2883,.F.);
#4064=ORIENTED_EDGE('',*,*,#3046,.F.);
#4065=ORIENTED_EDGE('',*,*,#3028,.T.);
#4066=ORIENTED_EDGE('',*,*,#3047,.T.);
#4067=ORIENTED_EDGE('',*,*,#3023,.F.);
#4068=ORIENTED_EDGE('',*,*,#2869,.F.);
#4069=ORIENTED_EDGE('',*,*,#3043,.T.);
#4070=ORIENTED_EDGE('',*,*,#2981,.F.);
#4071=ORIENTED_EDGE('',*,*,#3040,.T.);
#4072=ORIENTED_EDGE('',*,*,#3042,.T.);
#4073=ORIENTED_EDGE('',*,*,#3048,.T.);
#4074=ORIENTED_EDGE('',*,*,#2974,.F.);
#4075=ORIENTED_EDGE('',*,*,#2963,.F.);
#4076=ORIENTED_EDGE('',*,*,#3037,.T.);
#4077=ORIENTED_EDGE('',*,*,#2972,.F.);
#4078=ORIENTED_EDGE('',*,*,#2935,.F.);
#4079=ORIENTED_EDGE('',*,*,#3049,.T.);
#4080=ORIENTED_EDGE('',*,*,#2960,.F.);
#4081=ORIENTED_EDGE('',*,*,#2944,.F.);
#4082=ORIENTED_EDGE('',*,*,#2982,.T.);
#4083=ORIENTED_EDGE('',*,*,#2951,.F.);
#4084=ORIENTED_EDGE('',*,*,#2966,.F.);
#4085=ORIENTED_EDGE('',*,*,#2987,.T.);
#4086=ORIENTED_EDGE('',*,*,#2947,.F.);
#4087=ORIENTED_EDGE('',*,*,#3050,.T.);
#4088=ORIENTED_EDGE('',*,*,#3051,.T.);
#4089=ORIENTED_EDGE('',*,*,#3052,.T.);
#4090=ORIENTED_EDGE('',*,*,#3053,.T.);
#4091=ORIENTED_EDGE('',*,*,#3007,.T.);
#4092=ORIENTED_EDGE('',*,*,#3054,.T.);
#4093=ORIENTED_EDGE('',*,*,#3052,.F.);
#4094=ORIENTED_EDGE('',*,*,#3055,.T.);
#4095=ORIENTED_EDGE('',*,*,#3056,.T.);
#4096=ORIENTED_EDGE('',*,*,#3057,.T.);
#4097=ORIENTED_EDGE('',*,*,#3058,.T.);
#4098=ORIENTED_EDGE('',*,*,#3050,.F.);
#4099=ORIENTED_EDGE('',*,*,#3059,.T.);
#4100=ORIENTED_EDGE('',*,*,#3059,.F.);
#4101=ORIENTED_EDGE('',*,*,#3060,.T.);
#4102=ORIENTED_EDGE('',*,*,#3061,.T.);
#4103=ORIENTED_EDGE('',*,*,#3062,.T.);
#4104=ORIENTED_EDGE('',*,*,#3053,.F.);
#4105=ORIENTED_EDGE('',*,*,#3063,.F.);
#4106=ORIENTED_EDGE('',*,*,#3060,.F.);
#4107=ORIENTED_EDGE('',*,*,#3054,.F.);
#4108=ORIENTED_EDGE('',*,*,#3006,.T.);
#4109=ORIENTED_EDGE('',*,*,#3064,.F.);
#4110=ORIENTED_EDGE('',*,*,#3061,.F.);
#4111=ORIENTED_EDGE('',*,*,#3063,.T.);
#4112=ORIENTED_EDGE('',*,*,#2827,.F.);
#4113=ORIENTED_EDGE('',*,*,#3065,.T.);
#4114=ORIENTED_EDGE('',*,*,#3066,.T.);
#4115=ORIENTED_EDGE('',*,*,#3067,.T.);
#4116=ORIENTED_EDGE('',*,*,#3068,.F.);
#4117=ORIENTED_EDGE('',*,*,#3069,.T.);
#4118=ORIENTED_EDGE('',*,*,#3066,.F.);
#4119=ORIENTED_EDGE('',*,*,#3070,.T.);
#4120=ORIENTED_EDGE('',*,*,#3058,.F.);
#4121=ORIENTED_EDGE('',*,*,#3071,.F.);
#4122=ORIENTED_EDGE('',*,*,#3070,.F.);
#4123=ORIENTED_EDGE('',*,*,#3065,.F.);
#4124=ORIENTED_EDGE('',*,*,#3072,.F.);
#4125=ORIENTED_EDGE('',*,*,#3055,.F.);
#4126=ORIENTED_EDGE('',*,*,#3051,.F.);
#4127=ORIENTED_EDGE('',*,*,#2825,.T.);
#4128=ORIENTED_EDGE('',*,*,#3073,.T.);
#4129=ORIENTED_EDGE('',*,*,#3074,.T.);
#4130=ORIENTED_EDGE('',*,*,#3075,.T.);
#4131=ORIENTED_EDGE('',*,*,#3076,.T.);
#4132=ORIENTED_EDGE('',*,*,#3077,.T.);
#4133=ORIENTED_EDGE('',*,*,#3074,.F.);
#4134=ORIENTED_EDGE('',*,*,#3078,.T.);
#4135=ORIENTED_EDGE('',*,*,#3078,.F.);
#4136=ORIENTED_EDGE('',*,*,#3079,.T.);
#4137=ORIENTED_EDGE('',*,*,#2823,.F.);
#4138=ORIENTED_EDGE('',*,*,#3080,.T.);
#4139=ORIENTED_EDGE('',*,*,#3073,.F.);
#4140=ORIENTED_EDGE('',*,*,#2824,.F.);
#4141=ORIENTED_EDGE('',*,*,#3079,.F.);
#4142=ORIENTED_EDGE('',*,*,#3081,.T.);
#4143=ORIENTED_EDGE('',*,*,#3082,.T.);
#4144=ORIENTED_EDGE('',*,*,#3083,.T.);
#4145=ORIENTED_EDGE('',*,*,#3084,.T.);
#4146=ORIENTED_EDGE('',*,*,#3085,.T.);
#4147=ORIENTED_EDGE('',*,*,#3086,.T.);
#4148=ORIENTED_EDGE('',*,*,#3087,.T.);
#4149=ORIENTED_EDGE('',*,*,#3083,.F.);
#4150=ORIENTED_EDGE('',*,*,#3088,.T.);
#4151=ORIENTED_EDGE('',*,*,#3089,.T.);
#4152=ORIENTED_EDGE('',*,*,#3090,.T.);
#4153=ORIENTED_EDGE('',*,*,#3086,.F.);
#4154=ORIENTED_EDGE('',*,*,#3091,.T.);
#4155=ORIENTED_EDGE('',*,*,#3077,.F.);
#4156=ORIENTED_EDGE('',*,*,#3092,.F.);
#4157=ORIENTED_EDGE('',*,*,#3091,.F.);
#4158=ORIENTED_EDGE('',*,*,#3088,.F.);
#4159=ORIENTED_EDGE('',*,*,#3082,.F.);
#4160=ORIENTED_EDGE('',*,*,#3093,.F.);
#4161=ORIENTED_EDGE('',*,*,#3075,.F.);
#4162=ORIENTED_EDGE('',*,*,#3094,.T.);
#4163=ORIENTED_EDGE('',*,*,#3095,.T.);
#4164=ORIENTED_EDGE('',*,*,#3096,.T.);
#4165=ORIENTED_EDGE('',*,*,#3097,.T.);
#4166=ORIENTED_EDGE('',*,*,#3098,.T.);
#4167=ORIENTED_EDGE('',*,*,#3099,.T.);
#4168=ORIENTED_EDGE('',*,*,#3100,.T.);
#4169=ORIENTED_EDGE('',*,*,#3096,.F.);
#4170=ORIENTED_EDGE('',*,*,#3101,.T.);
#4171=ORIENTED_EDGE('',*,*,#3102,.T.);
#4172=ORIENTED_EDGE('',*,*,#3103,.T.);
#4173=ORIENTED_EDGE('',*,*,#3099,.F.);
#4174=ORIENTED_EDGE('',*,*,#3104,.T.);
#4175=ORIENTED_EDGE('',*,*,#3104,.F.);
#4176=ORIENTED_EDGE('',*,*,#3105,.T.);
#4177=ORIENTED_EDGE('',*,*,#3106,.T.);
#4178=ORIENTED_EDGE('',*,*,#3107,.T.);
#4179=ORIENTED_EDGE('',*,*,#3101,.F.);
#4180=ORIENTED_EDGE('',*,*,#3108,.F.);
#4181=ORIENTED_EDGE('',*,*,#3105,.F.);
#4182=ORIENTED_EDGE('',*,*,#3095,.F.);
#4183=ORIENTED_EDGE('',*,*,#3109,.T.);
#4184=ORIENTED_EDGE('',*,*,#3110,.F.);
#4185=ORIENTED_EDGE('',*,*,#3106,.F.);
#4186=ORIENTED_EDGE('',*,*,#3108,.T.);
#4187=ORIENTED_EDGE('',*,*,#3111,.T.);
#4188=ORIENTED_EDGE('',*,*,#3112,.T.);
#4189=ORIENTED_EDGE('',*,*,#3113,.T.);
#4190=ORIENTED_EDGE('',*,*,#3114,.T.);
#4191=ORIENTED_EDGE('',*,*,#3115,.T.);
#4192=ORIENTED_EDGE('',*,*,#3116,.T.);
#4193=ORIENTED_EDGE('',*,*,#3117,.T.);
#4194=ORIENTED_EDGE('',*,*,#3113,.F.);
#4195=ORIENTED_EDGE('',*,*,#3118,.T.);
#4196=ORIENTED_EDGE('',*,*,#3119,.T.);
#4197=ORIENTED_EDGE('',*,*,#3120,.T.);
#4198=ORIENTED_EDGE('',*,*,#3116,.F.);
#4199=ORIENTED_EDGE('',*,*,#3121,.T.);
#4200=ORIENTED_EDGE('',*,*,#3103,.F.);
#4201=ORIENTED_EDGE('',*,*,#3122,.F.);
#4202=ORIENTED_EDGE('',*,*,#3121,.F.);
#4203=ORIENTED_EDGE('',*,*,#3118,.F.);
#4204=ORIENTED_EDGE('',*,*,#3112,.F.);
#4205=ORIENTED_EDGE('',*,*,#3123,.F.);
#4206=ORIENTED_EDGE('',*,*,#3097,.F.);
#4207=ORIENTED_EDGE('',*,*,#3100,.F.);
#4208=ORIENTED_EDGE('',*,*,#3124,.T.);
#4209=ORIENTED_EDGE('',*,*,#3125,.T.);
#4210=ORIENTED_EDGE('',*,*,#3126,.T.);
#4211=ORIENTED_EDGE('',*,*,#3127,.T.);
#4212=ORIENTED_EDGE('',*,*,#3128,.T.);
#4213=ORIENTED_EDGE('',*,*,#3129,.T.);
#4214=ORIENTED_EDGE('',*,*,#3126,.F.);
#4215=ORIENTED_EDGE('',*,*,#3130,.T.);
#4216=ORIENTED_EDGE('',*,*,#3131,.T.);
#4217=ORIENTED_EDGE('',*,*,#3132,.T.);
#4218=ORIENTED_EDGE('',*,*,#3133,.T.);
#4219=ORIENTED_EDGE('',*,*,#3124,.F.);
#4220=ORIENTED_EDGE('',*,*,#3134,.T.);
#4221=ORIENTED_EDGE('',*,*,#3134,.F.);
#4222=ORIENTED_EDGE('',*,*,#3135,.T.);
#4223=ORIENTED_EDGE('',*,*,#3136,.F.);
#4224=ORIENTED_EDGE('',*,*,#3137,.T.);
#4225=ORIENTED_EDGE('',*,*,#3127,.F.);
#4226=ORIENTED_EDGE('',*,*,#3138,.F.);
#4227=ORIENTED_EDGE('',*,*,#3135,.F.);
#4228=ORIENTED_EDGE('',*,*,#3139,.T.);
#4229=ORIENTED_EDGE('',*,*,#3140,.T.);
#4230=ORIENTED_EDGE('',*,*,#3141,.T.);
#4231=ORIENTED_EDGE('',*,*,#3142,.T.);
#4232=ORIENTED_EDGE('',*,*,#3143,.T.);
#4233=ORIENTED_EDGE('',*,*,#3144,.T.);
#4234=ORIENTED_EDGE('',*,*,#3145,.T.);
#4235=ORIENTED_EDGE('',*,*,#3141,.F.);
#4236=ORIENTED_EDGE('',*,*,#3146,.T.);
#4237=ORIENTED_EDGE('',*,*,#3147,.T.);
#4238=ORIENTED_EDGE('',*,*,#3148,.T.);
#4239=ORIENTED_EDGE('',*,*,#3144,.F.);
#4240=ORIENTED_EDGE('',*,*,#3149,.T.);
#4241=ORIENTED_EDGE('',*,*,#3133,.F.);
#4242=ORIENTED_EDGE('',*,*,#3150,.F.);
#4243=ORIENTED_EDGE('',*,*,#3149,.F.);
#4244=ORIENTED_EDGE('',*,*,#3146,.F.);
#4245=ORIENTED_EDGE('',*,*,#3140,.F.);
#4246=ORIENTED_EDGE('',*,*,#3151,.F.);
#4247=ORIENTED_EDGE('',*,*,#3130,.F.);
#4248=ORIENTED_EDGE('',*,*,#3125,.F.);
#4249=ORIENTED_EDGE('',*,*,#3152,.T.);
#4250=ORIENTED_EDGE('',*,*,#3153,.T.);
#4251=ORIENTED_EDGE('',*,*,#3154,.T.);
#4252=ORIENTED_EDGE('',*,*,#3155,.T.);
#4253=ORIENTED_EDGE('',*,*,#3156,.T.);
#4254=ORIENTED_EDGE('',*,*,#3157,.T.);
#4255=ORIENTED_EDGE('',*,*,#3154,.F.);
#4256=ORIENTED_EDGE('',*,*,#3158,.T.);
#4257=ORIENTED_EDGE('',*,*,#3159,.T.);
#4258=ORIENTED_EDGE('',*,*,#3160,.T.);
#4259=ORIENTED_EDGE('',*,*,#3161,.T.);
#4260=ORIENTED_EDGE('',*,*,#3152,.F.);
#4261=ORIENTED_EDGE('',*,*,#3162,.T.);
#4262=ORIENTED_EDGE('',*,*,#3162,.F.);
#4263=ORIENTED_EDGE('',*,*,#3163,.T.);
#4264=ORIENTED_EDGE('',*,*,#3164,.F.);
#4265=ORIENTED_EDGE('',*,*,#3165,.T.);
#4266=ORIENTED_EDGE('',*,*,#3155,.F.);
#4267=ORIENTED_EDGE('',*,*,#3166,.F.);
#4268=ORIENTED_EDGE('',*,*,#3163,.F.);
#4269=ORIENTED_EDGE('',*,*,#3167,.T.);
#4270=ORIENTED_EDGE('',*,*,#3168,.T.);
#4271=ORIENTED_EDGE('',*,*,#3169,.T.);
#4272=ORIENTED_EDGE('',*,*,#3170,.T.);
#4273=ORIENTED_EDGE('',*,*,#3013,.T.);
#4274=ORIENTED_EDGE('',*,*,#3171,.T.);
#4275=ORIENTED_EDGE('',*,*,#3172,.T.);
#4276=ORIENTED_EDGE('',*,*,#3169,.F.);
#4277=ORIENTED_EDGE('',*,*,#3173,.T.);
#4278=ORIENTED_EDGE('',*,*,#3174,.T.);
#4279=ORIENTED_EDGE('',*,*,#3175,.T.);
#4280=ORIENTED_EDGE('',*,*,#3171,.F.);
#4281=ORIENTED_EDGE('',*,*,#3176,.T.);
#4282=ORIENTED_EDGE('',*,*,#3161,.F.);
#4283=ORIENTED_EDGE('',*,*,#3177,.F.);
#4284=ORIENTED_EDGE('',*,*,#3176,.F.);
#4285=ORIENTED_EDGE('',*,*,#3173,.F.);
#4286=ORIENTED_EDGE('',*,*,#3168,.F.);
#4287=ORIENTED_EDGE('',*,*,#3178,.F.);
#4288=ORIENTED_EDGE('',*,*,#3158,.F.);
#4289=ORIENTED_EDGE('',*,*,#3153,.F.);
#4290=ORIENTED_EDGE('',*,*,#3179,.T.);
#4291=ORIENTED_EDGE('',*,*,#3180,.T.);
#4292=ORIENTED_EDGE('',*,*,#3136,.T.);
#4293=ORIENTED_EDGE('',*,*,#3181,.T.);
#4294=ORIENTED_EDGE('',*,*,#3182,.T.);
#4295=ORIENTED_EDGE('',*,*,#3183,.T.);
#4296=ORIENTED_EDGE('',*,*,#3114,.F.);
#4297=ORIENTED_EDGE('',*,*,#3184,.T.);
#4298=ORIENTED_EDGE('',*,*,#3182,.F.);
#4299=ORIENTED_EDGE('',*,*,#3185,.T.);
#4300=ORIENTED_EDGE('',*,*,#3180,.F.);
#4301=ORIENTED_EDGE('',*,*,#3186,.T.);
#4302=ORIENTED_EDGE('',*,*,#3181,.F.);
#4303=ORIENTED_EDGE('',*,*,#3187,.T.);
#4304=ORIENTED_EDGE('',*,*,#3129,.F.);
#4305=ORIENTED_EDGE('',*,*,#3188,.T.);
#4306=ORIENTED_EDGE('',*,*,#3179,.F.);
#4307=ORIENTED_EDGE('',*,*,#3138,.T.);
#4308=ORIENTED_EDGE('',*,*,#3115,.F.);
#4309=ORIENTED_EDGE('',*,*,#3185,.F.);
#4310=ORIENTED_EDGE('',*,*,#3186,.F.);
#4311=ORIENTED_EDGE('',*,*,#3188,.F.);
#4312=ORIENTED_EDGE('',*,*,#3128,.F.);
#4313=ORIENTED_EDGE('',*,*,#3189,.F.);
#4314=ORIENTED_EDGE('',*,*,#3190,.T.);
#4315=ORIENTED_EDGE('',*,*,#3191,.T.);
#4316=ORIENTED_EDGE('',*,*,#3164,.T.);
#4317=ORIENTED_EDGE('',*,*,#3192,.T.);
#4318=ORIENTED_EDGE('',*,*,#3193,.T.);
#4319=ORIENTED_EDGE('',*,*,#3194,.T.);
#4320=ORIENTED_EDGE('',*,*,#3142,.F.);
#4321=ORIENTED_EDGE('',*,*,#3195,.T.);
#4322=ORIENTED_EDGE('',*,*,#3193,.F.);
#4323=ORIENTED_EDGE('',*,*,#3196,.T.);
#4324=ORIENTED_EDGE('',*,*,#3191,.F.);
#4325=ORIENTED_EDGE('',*,*,#3197,.T.);
#4326=ORIENTED_EDGE('',*,*,#3192,.F.);
#4327=ORIENTED_EDGE('',*,*,#3198,.T.);
#4328=ORIENTED_EDGE('',*,*,#3157,.F.);
#4329=ORIENTED_EDGE('',*,*,#3199,.T.);
#4330=ORIENTED_EDGE('',*,*,#3190,.F.);
#4331=ORIENTED_EDGE('',*,*,#3166,.T.);
#4332=ORIENTED_EDGE('',*,*,#3143,.F.);
#4333=ORIENTED_EDGE('',*,*,#3196,.F.);
#4334=ORIENTED_EDGE('',*,*,#3197,.F.);
#4335=ORIENTED_EDGE('',*,*,#3199,.F.);
#4336=ORIENTED_EDGE('',*,*,#3156,.F.);
#4337=ORIENTED_EDGE('',*,*,#3200,.F.);
#4338=ORIENTED_EDGE('',*,*,#3170,.F.);
#4339=ORIENTED_EDGE('',*,*,#3201,.T.);
#4340=ORIENTED_EDGE('',*,*,#3202,.F.);
#4341=ORIENTED_EDGE('',*,*,#3203,.F.);
#4342=ORIENTED_EDGE('',*,*,#3014,.T.);
#4343=ORIENTED_EDGE('',*,*,#3084,.F.);
#4344=ORIENTED_EDGE('',*,*,#3204,.T.);
#4345=ORIENTED_EDGE('',*,*,#3205,.F.);
#4346=ORIENTED_EDGE('',*,*,#3206,.F.);
#4347=ORIENTED_EDGE('',*,*,#3207,.T.);
#4348=ORIENTED_EDGE('',*,*,#2874,.T.);
#4349=ORIENTED_EDGE('',*,*,#2902,.T.);
#4350=ORIENTED_EDGE('',*,*,#3208,.T.);
#4351=ORIENTED_EDGE('',*,*,#3209,.T.);
#4352=ORIENTED_EDGE('',*,*,#3109,.F.);
#4353=ORIENTED_EDGE('',*,*,#3094,.F.);
#4354=ORIENTED_EDGE('',*,*,#3210,.F.);
#4355=ORIENTED_EDGE('',*,*,#3211,.T.);
#4356=ORIENTED_EDGE('',*,*,#3212,.F.);
#4357=ORIENTED_EDGE('',*,*,#3213,.T.);
#4358=ORIENTED_EDGE('',*,*,#3214,.F.);
#4359=ORIENTED_EDGE('',*,*,#3085,.F.);
#4360=ORIENTED_EDGE('',*,*,#3207,.F.);
#4361=ORIENTED_EDGE('',*,*,#3215,.T.);
#4362=ORIENTED_EDGE('',*,*,#3216,.F.);
#4363=ORIENTED_EDGE('',*,*,#2898,.T.);
#4364=ORIENTED_EDGE('',*,*,#2857,.T.);
#4365=ORIENTED_EDGE('',*,*,#2906,.T.);
#4366=ORIENTED_EDGE('',*,*,#3031,.T.);
#4367=ORIENTED_EDGE('',*,*,#3217,.T.);
#4368=ORIENTED_EDGE('',*,*,#3218,.T.);
#4369=ORIENTED_EDGE('',*,*,#3219,.T.);
#4370=ORIENTED_EDGE('',*,*,#3220,.T.);
#4371=ORIENTED_EDGE('',*,*,#3221,.T.);
#4372=ORIENTED_EDGE('',*,*,#3206,.T.);
#4373=ORIENTED_EDGE('',*,*,#3222,.F.);
#4374=ORIENTED_EDGE('',*,*,#3089,.F.);
#4375=ORIENTED_EDGE('',*,*,#3092,.T.);
#4376=ORIENTED_EDGE('',*,*,#3076,.F.);
#4377=ORIENTED_EDGE('',*,*,#3080,.F.);
#4378=ORIENTED_EDGE('',*,*,#2840,.F.);
#4379=ORIENTED_EDGE('',*,*,#3223,.T.);
#4380=ORIENTED_EDGE('',*,*,#3224,.T.);
#4381=ORIENTED_EDGE('',*,*,#3225,.T.);
#4382=ORIENTED_EDGE('',*,*,#2835,.F.);
#4383=ORIENTED_EDGE('',*,*,#3226,.T.);
#4384=ORIENTED_EDGE('',*,*,#3227,.T.);
#4385=ORIENTED_EDGE('',*,*,#3228,.T.);
#4386=ORIENTED_EDGE('',*,*,#2830,.F.);
#4387=ORIENTED_EDGE('',*,*,#3229,.F.);
#4388=ORIENTED_EDGE('',*,*,#3068,.T.);
#4389=ORIENTED_EDGE('',*,*,#3230,.F.);
#4390=ORIENTED_EDGE('',*,*,#3231,.F.);
#4391=ORIENTED_EDGE('',*,*,#3232,.F.);
#4392=ORIENTED_EDGE('',*,*,#3233,.F.);
#4393=ORIENTED_EDGE('',*,*,#3234,.F.);
#4394=ORIENTED_EDGE('',*,*,#3235,.F.);
#4395=ORIENTED_EDGE('',*,*,#3215,.F.);
#4396=ORIENTED_EDGE('',*,*,#3064,.T.);
#4397=ORIENTED_EDGE('',*,*,#3005,.F.);
#4398=ORIENTED_EDGE('',*,*,#3236,.F.);
#4399=ORIENTED_EDGE('',*,*,#3237,.F.);
#4400=ORIENTED_EDGE('',*,*,#3057,.F.);
#4401=ORIENTED_EDGE('',*,*,#3062,.F.);
#4402=ORIENTED_EDGE('',*,*,#3090,.F.);
#4403=ORIENTED_EDGE('',*,*,#3222,.T.);
#4404=ORIENTED_EDGE('',*,*,#3205,.T.);
#4405=ORIENTED_EDGE('',*,*,#3238,.T.);
#4406=ORIENTED_EDGE('',*,*,#3069,.F.);
#4407=ORIENTED_EDGE('',*,*,#3229,.T.);
#4408=ORIENTED_EDGE('',*,*,#2829,.F.);
#4409=ORIENTED_EDGE('',*,*,#3239,.T.);
#4410=ORIENTED_EDGE('',*,*,#3120,.F.);
#4411=ORIENTED_EDGE('',*,*,#3240,.T.);
#4412=ORIENTED_EDGE('',*,*,#3183,.F.);
#4413=ORIENTED_EDGE('',*,*,#3241,.T.);
#4414=ORIENTED_EDGE('',*,*,#3187,.F.);
#4415=ORIENTED_EDGE('',*,*,#3240,.F.);
#4416=ORIENTED_EDGE('',*,*,#3119,.F.);
#4417=ORIENTED_EDGE('',*,*,#3122,.T.);
#4418=ORIENTED_EDGE('',*,*,#3102,.F.);
#4419=ORIENTED_EDGE('',*,*,#3107,.F.);
#4420=ORIENTED_EDGE('',*,*,#3110,.T.);
#4421=ORIENTED_EDGE('',*,*,#3209,.F.);
#4422=ORIENTED_EDGE('',*,*,#3242,.F.);
#4423=ORIENTED_EDGE('',*,*,#3243,.F.);
#4424=ORIENTED_EDGE('',*,*,#3244,.F.);
#4425=ORIENTED_EDGE('',*,*,#3245,.T.);
#4426=ORIENTED_EDGE('',*,*,#3015,.F.);
#4427=ORIENTED_EDGE('',*,*,#3203,.T.);
#4428=ORIENTED_EDGE('',*,*,#3246,.F.);
#4429=ORIENTED_EDGE('',*,*,#3174,.F.);
#4430=ORIENTED_EDGE('',*,*,#3177,.T.);
#4431=ORIENTED_EDGE('',*,*,#3160,.F.);
#4432=ORIENTED_EDGE('',*,*,#3165,.F.);
#4433=ORIENTED_EDGE('',*,*,#3198,.F.);
#4434=ORIENTED_EDGE('',*,*,#3247,.F.);
#4435=ORIENTED_EDGE('',*,*,#3147,.F.);
#4436=ORIENTED_EDGE('',*,*,#3150,.T.);
#4437=ORIENTED_EDGE('',*,*,#3132,.F.);
#4438=ORIENTED_EDGE('',*,*,#3137,.F.);
#4439=ORIENTED_EDGE('',*,*,#3148,.F.);
#4440=ORIENTED_EDGE('',*,*,#3247,.T.);
#4441=ORIENTED_EDGE('',*,*,#3194,.F.);
#4442=ORIENTED_EDGE('',*,*,#3248,.T.);
#4443=ORIENTED_EDGE('',*,*,#3175,.F.);
#4444=ORIENTED_EDGE('',*,*,#3246,.T.);
#4445=ORIENTED_EDGE('',*,*,#3202,.T.);
#4446=ORIENTED_EDGE('',*,*,#3249,.T.);
#4447=ORIENTED_EDGE('',*,*,#3117,.F.);
#4448=ORIENTED_EDGE('',*,*,#3241,.F.);
#4449=ORIENTED_EDGE('',*,*,#3184,.F.);
#4450=ORIENTED_EDGE('',*,*,#3172,.F.);
#4451=ORIENTED_EDGE('',*,*,#3249,.F.);
#4452=ORIENTED_EDGE('',*,*,#3201,.F.);
#4453=ORIENTED_EDGE('',*,*,#3145,.F.);
#4454=ORIENTED_EDGE('',*,*,#3248,.F.);
#4455=ORIENTED_EDGE('',*,*,#3195,.F.);
#4456=ORIENTED_EDGE('',*,*,#3067,.F.);
#4457=ORIENTED_EDGE('',*,*,#3239,.F.);
#4458=ORIENTED_EDGE('',*,*,#2828,.F.);
#4459=ORIENTED_EDGE('',*,*,#3087,.F.);
#4460=ORIENTED_EDGE('',*,*,#3238,.F.);
#4461=ORIENTED_EDGE('',*,*,#3204,.F.);
#4462=ORIENTED_EDGE('',*,*,#3032,.F.);
#4463=ORIENTED_EDGE('',*,*,#2985,.T.);
#4464=ORIENTED_EDGE('',*,*,#2943,.F.);
#4465=ORIENTED_EDGE('',*,*,#3036,.F.);
#4466=ORIENTED_EDGE('',*,*,#2961,.F.);
#4467=ORIENTED_EDGE('',*,*,#2958,.F.);
#4468=ORIENTED_EDGE('',*,*,#2949,.F.);
#4469=ORIENTED_EDGE('',*,*,#2940,.F.);
#4470=ORIENTED_EDGE('',*,*,#2979,.F.);
#4471=ORIENTED_EDGE('',*,*,#3048,.F.);
#4472=ORIENTED_EDGE('',*,*,#3041,.T.);
#4473=ORIENTED_EDGE('',*,*,#3017,.F.);
#4474=ORIENTED_EDGE('',*,*,#2957,.F.);
#4475=ORIENTED_EDGE('',*,*,#3049,.F.);
#4476=ORIENTED_EDGE('',*,*,#2932,.F.);
#4477=ORIENTED_EDGE('',*,*,#3024,.F.);
#4478=ORIENTED_EDGE('',*,*,#3047,.F.);
#4479=ORIENTED_EDGE('',*,*,#2867,.F.);
#4480=ORIENTED_EDGE('',*,*,#3027,.F.);
#4481=ORIENTED_EDGE('',*,*,#2894,.F.);
#4482=ORIENTED_EDGE('',*,*,#2891,.F.);
#4483=ORIENTED_EDGE('',*,*,#2873,.F.);
#4484=ORIENTED_EDGE('',*,*,#2864,.F.);
#4485=ORIENTED_EDGE('',*,*,#2875,.F.);
#4486=ORIENTED_EDGE('',*,*,#3217,.F.);
#4487=ORIENTED_EDGE('',*,*,#3030,.F.);
#4488=ORIENTED_EDGE('',*,*,#3045,.F.);
#4489=ORIENTED_EDGE('',*,*,#3250,.T.);
#4490=ORIENTED_EDGE('',*,*,#3251,.T.);
#4491=ORIENTED_EDGE('',*,*,#3252,.T.);
#4492=ORIENTED_EDGE('',*,*,#3232,.T.);
#4493=ORIENTED_EDGE('',*,*,#3253,.T.);
#4494=ORIENTED_EDGE('',*,*,#3254,.T.);
#4495=ORIENTED_EDGE('',*,*,#3231,.T.);
#4496=ORIENTED_EDGE('',*,*,#3255,.T.);
#4497=ORIENTED_EDGE('',*,*,#3230,.T.);
#4498=ORIENTED_EDGE('',*,*,#3071,.T.);
#4499=ORIENTED_EDGE('',*,*,#3237,.T.);
#4500=ORIENTED_EDGE('',*,*,#3256,.T.);
#4501=ORIENTED_EDGE('',*,*,#3257,.T.);
#4502=ORIENTED_EDGE('',*,*,#3255,.F.);
#4503=ORIENTED_EDGE('',*,*,#2999,.T.);
#4504=ORIENTED_EDGE('',*,*,#3258,.T.);
#4505=ORIENTED_EDGE('',*,*,#3256,.F.);
#4506=ORIENTED_EDGE('',*,*,#3259,.T.);
#4507=ORIENTED_EDGE('',*,*,#3254,.F.);
#4508=ORIENTED_EDGE('',*,*,#3260,.T.);
#4509=ORIENTED_EDGE('',*,*,#3250,.F.);
#4510=ORIENTED_EDGE('',*,*,#3251,.F.);
#4511=ORIENTED_EDGE('',*,*,#3261,.F.);
#4512=ORIENTED_EDGE('',*,*,#3262,.F.);
#4513=ORIENTED_EDGE('',*,*,#3263,.T.);
#4514=ORIENTED_EDGE('',*,*,#3260,.F.);
#4515=ORIENTED_EDGE('',*,*,#3264,.T.);
#4516=ORIENTED_EDGE('',*,*,#3265,.T.);
#4517=ORIENTED_EDGE('',*,*,#3261,.T.);
#4518=ORIENTED_EDGE('',*,*,#3253,.F.);
#4519=ORIENTED_EDGE('',*,*,#3266,.T.);
#4520=ORIENTED_EDGE('',*,*,#3267,.F.);
#4521=ORIENTED_EDGE('',*,*,#3264,.F.);
#4522=ORIENTED_EDGE('',*,*,#3268,.T.);
#4523=ORIENTED_EDGE('',*,*,#3269,.T.);
#4524=ORIENTED_EDGE('',*,*,#3270,.T.);
#4525=ORIENTED_EDGE('',*,*,#3271,.T.);
#4526=ORIENTED_EDGE('',*,*,#3272,.T.);
#4527=ORIENTED_EDGE('',*,*,#3273,.T.);
#4528=ORIENTED_EDGE('',*,*,#3274,.T.);
#4529=ORIENTED_EDGE('',*,*,#3275,.T.);
#4530=ORIENTED_EDGE('',*,*,#3276,.T.);
#4531=ORIENTED_EDGE('',*,*,#3277,.T.);
#4532=ORIENTED_EDGE('',*,*,#3278,.T.);
#4533=ORIENTED_EDGE('',*,*,#3276,.F.);
#4534=ORIENTED_EDGE('',*,*,#3279,.T.);
#4535=ORIENTED_EDGE('',*,*,#3272,.F.);
#4536=ORIENTED_EDGE('',*,*,#3273,.F.);
#4537=ORIENTED_EDGE('',*,*,#3280,.F.);
#4538=ORIENTED_EDGE('',*,*,#3281,.F.);
#4539=ORIENTED_EDGE('',*,*,#3282,.F.);
#4540=ORIENTED_EDGE('',*,*,#3279,.F.);
#4541=ORIENTED_EDGE('',*,*,#3283,.T.);
#4542=ORIENTED_EDGE('',*,*,#3284,.F.);
#4543=ORIENTED_EDGE('',*,*,#3280,.T.);
#4544=ORIENTED_EDGE('',*,*,#3275,.F.);
#4545=ORIENTED_EDGE('',*,*,#3285,.F.);
#4546=ORIENTED_EDGE('',*,*,#3286,.F.);
#4547=ORIENTED_EDGE('',*,*,#3287,.T.);
#4548=ORIENTED_EDGE('',*,*,#3288,.F.);
#4549=ORIENTED_EDGE('',*,*,#3289,.F.);
#4550=ORIENTED_EDGE('',*,*,#3290,.F.);
#4551=ORIENTED_EDGE('',*,*,#3291,.F.);
#4552=ORIENTED_EDGE('',*,*,#3292,.F.);
#4553=ORIENTED_EDGE('',*,*,#3283,.F.);
#4554=ORIENTED_EDGE('',*,*,#3274,.F.);
#4555=ORIENTED_EDGE('',*,*,#3293,.T.);
#4556=ORIENTED_EDGE('',*,*,#3294,.T.);
#4557=ORIENTED_EDGE('',*,*,#3278,.F.);
#4558=ORIENTED_EDGE('',*,*,#3295,.T.);
#4559=ORIENTED_EDGE('',*,*,#3296,.T.);
#4560=ORIENTED_EDGE('',*,*,#3297,.T.);
#4561=ORIENTED_EDGE('',*,*,#3293,.F.);
#4562=ORIENTED_EDGE('',*,*,#3270,.F.);
#4563=ORIENTED_EDGE('',*,*,#3298,.T.);
#4564=ORIENTED_EDGE('',*,*,#3299,.T.);
#4565=ORIENTED_EDGE('',*,*,#3300,.T.);
#4566=ORIENTED_EDGE('',*,*,#3299,.F.);
#4567=ORIENTED_EDGE('',*,*,#3301,.T.);
#4568=ORIENTED_EDGE('',*,*,#3296,.F.);
#4569=ORIENTED_EDGE('',*,*,#3298,.F.);
#4570=ORIENTED_EDGE('',*,*,#3282,.T.);
#4571=ORIENTED_EDGE('',*,*,#3302,.F.);
#4572=ORIENTED_EDGE('',*,*,#3303,.F.);
#4573=ORIENTED_EDGE('',*,*,#3304,.F.);
#4574=ORIENTED_EDGE('',*,*,#3305,.F.);
#4575=ORIENTED_EDGE('',*,*,#3306,.F.);
#4576=ORIENTED_EDGE('',*,*,#3307,.F.);
#4577=ORIENTED_EDGE('',*,*,#3271,.F.);
#4578=ORIENTED_EDGE('',*,*,#3300,.F.);
#4579=ORIENTED_EDGE('',*,*,#3295,.F.);
#4580=ORIENTED_EDGE('',*,*,#3277,.F.);
#4581=ORIENTED_EDGE('',*,*,#3308,.T.);
#4582=ORIENTED_EDGE('',*,*,#3233,.T.);
#4583=ORIENTED_EDGE('',*,*,#3252,.F.);
#4584=ORIENTED_EDGE('',*,*,#3309,.T.);
#4585=ORIENTED_EDGE('',*,*,#3310,.T.);
#4586=ORIENTED_EDGE('',*,*,#3311,.T.);
#4587=ORIENTED_EDGE('',*,*,#3308,.F.);
#4588=ORIENTED_EDGE('',*,*,#3312,.T.);
#4589=ORIENTED_EDGE('',*,*,#3313,.T.);
#4590=ORIENTED_EDGE('',*,*,#3289,.T.);
#4591=ORIENTED_EDGE('',*,*,#3310,.F.);
#4592=ORIENTED_EDGE('',*,*,#3314,.T.);
#4593=ORIENTED_EDGE('',*,*,#3315,.T.);
#4594=ORIENTED_EDGE('',*,*,#3290,.T.);
#4595=ORIENTED_EDGE('',*,*,#3313,.F.);
#4596=ORIENTED_EDGE('',*,*,#3316,.T.);
#4597=ORIENTED_EDGE('',*,*,#3317,.T.);
#4598=ORIENTED_EDGE('',*,*,#3291,.T.);
#4599=ORIENTED_EDGE('',*,*,#3315,.F.);
#4600=ORIENTED_EDGE('',*,*,#3318,.T.);
#4601=ORIENTED_EDGE('',*,*,#3284,.T.);
#4602=ORIENTED_EDGE('',*,*,#3292,.T.);
#4603=ORIENTED_EDGE('',*,*,#3317,.F.);
#4604=ORIENTED_EDGE('',*,*,#3319,.T.);
#4605=ORIENTED_EDGE('',*,*,#3319,.F.);
#4606=ORIENTED_EDGE('',*,*,#3320,.T.);
#4607=ORIENTED_EDGE('',*,*,#3302,.T.);
#4608=ORIENTED_EDGE('',*,*,#3281,.T.);
#4609=ORIENTED_EDGE('',*,*,#3318,.F.);
#4610=ORIENTED_EDGE('',*,*,#3321,.F.);
#4611=ORIENTED_EDGE('',*,*,#3303,.T.);
#4612=ORIENTED_EDGE('',*,*,#3320,.F.);
#4613=ORIENTED_EDGE('',*,*,#3316,.F.);
#4614=ORIENTED_EDGE('',*,*,#3322,.T.);
#4615=ORIENTED_EDGE('',*,*,#3304,.T.);
#4616=ORIENTED_EDGE('',*,*,#3321,.T.);
#4617=ORIENTED_EDGE('',*,*,#3314,.F.);
#4618=ORIENTED_EDGE('',*,*,#3312,.F.);
#4619=ORIENTED_EDGE('',*,*,#3309,.F.);
#4620=ORIENTED_EDGE('',*,*,#3263,.F.);
#4621=ORIENTED_EDGE('',*,*,#3323,.F.);
#4622=ORIENTED_EDGE('',*,*,#3305,.T.);
#4623=ORIENTED_EDGE('',*,*,#3322,.F.);
#4624=ORIENTED_EDGE('',*,*,#3324,.T.);
#4625=ORIENTED_EDGE('',*,*,#3325,.T.);
#4626=ORIENTED_EDGE('',*,*,#3326,.T.);
#4627=ORIENTED_EDGE('',*,*,#3327,.T.);
#4628=ORIENTED_EDGE('',*,*,#3328,.T.);
#4629=ORIENTED_EDGE('',*,*,#3329,.T.);
#4630=ORIENTED_EDGE('',*,*,#3306,.T.);
#4631=ORIENTED_EDGE('',*,*,#3323,.T.);
#4632=ORIENTED_EDGE('',*,*,#3262,.T.);
#4633=ORIENTED_EDGE('',*,*,#3265,.F.);
#4634=ORIENTED_EDGE('',*,*,#3267,.T.);
#4635=ORIENTED_EDGE('',*,*,#3330,.T.);
#4636=ORIENTED_EDGE('',*,*,#2997,.F.);
#4637=ORIENTED_EDGE('',*,*,#3003,.F.);
#4638=ORIENTED_EDGE('',*,*,#3331,.F.);
#4639=ORIENTED_EDGE('',*,*,#3332,.T.);
#4640=ORIENTED_EDGE('',*,*,#3333,.F.);
#4641=ORIENTED_EDGE('',*,*,#3311,.F.);
#4642=ORIENTED_EDGE('',*,*,#3288,.T.);
#4643=ORIENTED_EDGE('',*,*,#3334,.T.);
#4644=ORIENTED_EDGE('',*,*,#3234,.T.);
#4645=ORIENTED_EDGE('',*,*,#3335,.T.);
#4646=ORIENTED_EDGE('',*,*,#2899,.T.);
#4647=ORIENTED_EDGE('',*,*,#3216,.T.);
#4648=ORIENTED_EDGE('',*,*,#3235,.T.);
#4649=ORIENTED_EDGE('',*,*,#3335,.F.);
#4650=ORIENTED_EDGE('',*,*,#3334,.F.);
#4651=ORIENTED_EDGE('',*,*,#3336,.T.);
#4652=ORIENTED_EDGE('',*,*,#3259,.F.);
#4653=ORIENTED_EDGE('',*,*,#3236,.T.);
#4654=ORIENTED_EDGE('',*,*,#3004,.T.);
#4655=ORIENTED_EDGE('',*,*,#2993,.T.);
#4656=ORIENTED_EDGE('',*,*,#3337,.F.);
#4657=ORIENTED_EDGE('',*,*,#3338,.T.);
#4658=ORIENTED_EDGE('',*,*,#2903,.F.);
#4659=ORIENTED_EDGE('',*,*,#3338,.F.);
#4660=ORIENTED_EDGE('',*,*,#3339,.F.);
#4661=ORIENTED_EDGE('',*,*,#3340,.F.);
#4662=ORIENTED_EDGE('',*,*,#3341,.F.);
#4663=ORIENTED_EDGE('',*,*,#3342,.F.);
#4664=ORIENTED_EDGE('',*,*,#3343,.F.);
#4665=ORIENTED_EDGE('',*,*,#3344,.F.);
#4666=ORIENTED_EDGE('',*,*,#3337,.T.);
#4667=ORIENTED_EDGE('',*,*,#3342,.T.);
#4668=ORIENTED_EDGE('',*,*,#3345,.T.);
#4669=ORIENTED_EDGE('',*,*,#3326,.F.);
#4670=ORIENTED_EDGE('',*,*,#3346,.F.);
#4671=ORIENTED_EDGE('',*,*,#3341,.T.);
#4672=ORIENTED_EDGE('',*,*,#3347,.T.);
#4673=ORIENTED_EDGE('',*,*,#3327,.F.);
#4674=ORIENTED_EDGE('',*,*,#3345,.F.);
#4675=ORIENTED_EDGE('',*,*,#3340,.T.);
#4676=ORIENTED_EDGE('',*,*,#3348,.T.);
#4677=ORIENTED_EDGE('',*,*,#3328,.F.);
#4678=ORIENTED_EDGE('',*,*,#3347,.F.);
#4679=ORIENTED_EDGE('',*,*,#3339,.T.);
#4680=ORIENTED_EDGE('',*,*,#3349,.T.);
#4681=ORIENTED_EDGE('',*,*,#3329,.F.);
#4682=ORIENTED_EDGE('',*,*,#3348,.F.);
#4683=ORIENTED_EDGE('',*,*,#3344,.T.);
#4684=ORIENTED_EDGE('',*,*,#3350,.T.);
#4685=ORIENTED_EDGE('',*,*,#3324,.F.);
#4686=ORIENTED_EDGE('',*,*,#3349,.F.);
#4687=ORIENTED_EDGE('',*,*,#3343,.T.);
#4688=ORIENTED_EDGE('',*,*,#3346,.T.);
#4689=ORIENTED_EDGE('',*,*,#3325,.F.);
#4690=ORIENTED_EDGE('',*,*,#3350,.F.);
#4691=ORIENTED_EDGE('',*,*,#3301,.F.);
#4692=ORIENTED_EDGE('',*,*,#3307,.T.);
#4693=ORIENTED_EDGE('',*,*,#3333,.T.);
#4694=ORIENTED_EDGE('',*,*,#3351,.T.);
#4695=ORIENTED_EDGE('',*,*,#3297,.F.);
#4696=ORIENTED_EDGE('',*,*,#3351,.F.);
#4697=ORIENTED_EDGE('',*,*,#3332,.F.);
#4698=ORIENTED_EDGE('',*,*,#3352,.T.);
#4699=ORIENTED_EDGE('',*,*,#3353,.T.);
#4700=ORIENTED_EDGE('',*,*,#3354,.T.);
#4701=ORIENTED_EDGE('',*,*,#3355,.T.);
#4702=ORIENTED_EDGE('',*,*,#3356,.T.);
#4703=ORIENTED_EDGE('',*,*,#3357,.T.);
#4704=ORIENTED_EDGE('',*,*,#3356,.F.);
#4705=ORIENTED_EDGE('',*,*,#3357,.F.);
#4706=ORIENTED_EDGE('',*,*,#3224,.F.);
#4707=ORIENTED_EDGE('',*,*,#3358,.F.);
#4708=ORIENTED_EDGE('',*,*,#3359,.F.);
#4709=ORIENTED_EDGE('',*,*,#3360,.F.);
#4710=ORIENTED_EDGE('',*,*,#3361,.F.);
#4711=ORIENTED_EDGE('',*,*,#3355,.F.);
#4712=ORIENTED_EDGE('',*,*,#3225,.F.);
#4713=ORIENTED_EDGE('',*,*,#3361,.T.);
#4714=ORIENTED_EDGE('',*,*,#3362,.F.);
#4715=ORIENTED_EDGE('',*,*,#2836,.T.);
#4716=ORIENTED_EDGE('',*,*,#3223,.F.);
#4717=ORIENTED_EDGE('',*,*,#2839,.F.);
#4718=ORIENTED_EDGE('',*,*,#3363,.T.);
#4719=ORIENTED_EDGE('',*,*,#3358,.T.);
#4720=ORIENTED_EDGE('',*,*,#2838,.F.);
#4721=ORIENTED_EDGE('',*,*,#3364,.T.);
#4722=ORIENTED_EDGE('',*,*,#3359,.T.);
#4723=ORIENTED_EDGE('',*,*,#3363,.F.);
#4724=ORIENTED_EDGE('',*,*,#2837,.F.);
#4725=ORIENTED_EDGE('',*,*,#3362,.T.);
#4726=ORIENTED_EDGE('',*,*,#3360,.T.);
#4727=ORIENTED_EDGE('',*,*,#3364,.F.);
#4728=ORIENTED_EDGE('',*,*,#3365,.F.);
#4729=ORIENTED_EDGE('',*,*,#3354,.F.);
#4730=ORIENTED_EDGE('',*,*,#3366,.T.);
#4731=ORIENTED_EDGE('',*,*,#3367,.T.);
#4732=ORIENTED_EDGE('',*,*,#3366,.F.);
#4733=ORIENTED_EDGE('',*,*,#3367,.F.);
#4734=ORIENTED_EDGE('',*,*,#3368,.F.);
#4735=ORIENTED_EDGE('',*,*,#3353,.F.);
#4736=ORIENTED_EDGE('',*,*,#3369,.T.);
#4737=ORIENTED_EDGE('',*,*,#3370,.T.);
#4738=ORIENTED_EDGE('',*,*,#3369,.F.);
#4739=ORIENTED_EDGE('',*,*,#3370,.F.);
#4740=ORIENTED_EDGE('',*,*,#2998,.F.);
#4741=ORIENTED_EDGE('',*,*,#3330,.F.);
#4742=ORIENTED_EDGE('',*,*,#3266,.F.);
#4743=ORIENTED_EDGE('',*,*,#3257,.F.);
#4744=ORIENTED_EDGE('',*,*,#3258,.F.);
#4745=ORIENTED_EDGE('',*,*,#3294,.F.);
#4746=ORIENTED_EDGE('',*,*,#3352,.F.);
#4747=ORIENTED_EDGE('',*,*,#3331,.T.);
#4748=ORIENTED_EDGE('',*,*,#3002,.T.);
#4749=ORIENTED_EDGE('',*,*,#3371,.F.);
#4750=ORIENTED_EDGE('',*,*,#3285,.T.);
#4751=ORIENTED_EDGE('',*,*,#3001,.T.);
#4752=ORIENTED_EDGE('',*,*,#3016,.F.);
#4753=ORIENTED_EDGE('',*,*,#3245,.F.);
#4754=ORIENTED_EDGE('',*,*,#3372,.F.);
#4755=ORIENTED_EDGE('',*,*,#3371,.T.);
#4756=ORIENTED_EDGE('',*,*,#3372,.T.);
#4757=ORIENTED_EDGE('',*,*,#3244,.T.);
#4758=ORIENTED_EDGE('',*,*,#3373,.F.);
#4759=ORIENTED_EDGE('',*,*,#3243,.T.);
#4760=ORIENTED_EDGE('',*,*,#3374,.T.);
#4761=ORIENTED_EDGE('',*,*,#3286,.T.);
#4762=ORIENTED_EDGE('',*,*,#3373,.T.);
#4763=ORIENTED_EDGE('',*,*,#3336,.F.);
#4764=ORIENTED_EDGE('',*,*,#3287,.F.);
#4765=ORIENTED_EDGE('',*,*,#3375,.T.);
#4766=ORIENTED_EDGE('',*,*,#2900,.T.);
#4767=ORIENTED_EDGE('',*,*,#2901,.T.);
#4768=ORIENTED_EDGE('',*,*,#3376,.T.);
#4769=ORIENTED_EDGE('',*,*,#3242,.T.);
#4770=ORIENTED_EDGE('',*,*,#3208,.F.);
#4771=ORIENTED_EDGE('',*,*,#3374,.F.);
#4772=ORIENTED_EDGE('',*,*,#3376,.F.);
#4773=ORIENTED_EDGE('',*,*,#3375,.F.);
#4774=ORIENTED_EDGE('',*,*,#3377,.F.);
#4775=ORIENTED_EDGE('',*,*,#3378,.T.);
#4776=ORIENTED_EDGE('',*,*,#3379,.F.);
#4777=ORIENTED_EDGE('',*,*,#3380,.F.);
#4778=ORIENTED_EDGE('',*,*,#3381,.F.);
#4779=ORIENTED_EDGE('',*,*,#3382,.T.);
#4780=ORIENTED_EDGE('',*,*,#3383,.F.);
#4781=ORIENTED_EDGE('',*,*,#3378,.F.);
#4782=ORIENTED_EDGE('',*,*,#3384,.F.);
#4783=ORIENTED_EDGE('',*,*,#3385,.T.);
#4784=ORIENTED_EDGE('',*,*,#3386,.F.);
#4785=ORIENTED_EDGE('',*,*,#3382,.F.);
#4786=ORIENTED_EDGE('',*,*,#3387,.F.);
#4787=ORIENTED_EDGE('',*,*,#3388,.T.);
#4788=ORIENTED_EDGE('',*,*,#3389,.F.);
#4789=ORIENTED_EDGE('',*,*,#3385,.F.);
#4790=ORIENTED_EDGE('',*,*,#3390,.F.);
#4791=ORIENTED_EDGE('',*,*,#3391,.T.);
#4792=ORIENTED_EDGE('',*,*,#3392,.F.);
#4793=ORIENTED_EDGE('',*,*,#3388,.F.);
#4794=ORIENTED_EDGE('',*,*,#3393,.F.);
#4795=ORIENTED_EDGE('',*,*,#3380,.T.);
#4796=ORIENTED_EDGE('',*,*,#3394,.F.);
#4797=ORIENTED_EDGE('',*,*,#3391,.F.);
#4798=ORIENTED_EDGE('',*,*,#3395,.T.);
#4799=ORIENTED_EDGE('',*,*,#2783,.T.);
#4800=ORIENTED_EDGE('',*,*,#3396,.T.);
#4801=ORIENTED_EDGE('',*,*,#3397,.F.);
#4802=ORIENTED_EDGE('',*,*,#3398,.F.);
#4803=ORIENTED_EDGE('',*,*,#3396,.F.);
#4804=ORIENTED_EDGE('',*,*,#2782,.F.);
#4805=ORIENTED_EDGE('',*,*,#3399,.F.);
#4806=ORIENTED_EDGE('',*,*,#3400,.T.);
#4807=ORIENTED_EDGE('',*,*,#2779,.T.);
#4808=ORIENTED_EDGE('',*,*,#3401,.T.);
#4809=ORIENTED_EDGE('',*,*,#3402,.F.);
#4810=ORIENTED_EDGE('',*,*,#3403,.T.);
#4811=ORIENTED_EDGE('',*,*,#3404,.F.);
#4812=ORIENTED_EDGE('',*,*,#3405,.T.);
#4813=ORIENTED_EDGE('',*,*,#2791,.T.);
#4814=ORIENTED_EDGE('',*,*,#3406,.T.);
#4815=ORIENTED_EDGE('',*,*,#3407,.F.);
#4816=ORIENTED_EDGE('',*,*,#3408,.T.);
#4817=ORIENTED_EDGE('',*,*,#2787,.T.);
#4818=ORIENTED_EDGE('',*,*,#3393,.T.);
#4819=ORIENTED_EDGE('',*,*,#3390,.T.);
#4820=ORIENTED_EDGE('',*,*,#3387,.T.);
#4821=ORIENTED_EDGE('',*,*,#3384,.T.);
#4822=ORIENTED_EDGE('',*,*,#3381,.T.);
#4823=ORIENTED_EDGE('',*,*,#3377,.T.);
#4824=ORIENTED_EDGE('',*,*,#3409,.T.);
#4825=ORIENTED_EDGE('',*,*,#3410,.F.);
#4826=ORIENTED_EDGE('',*,*,#3411,.F.);
#4827=ORIENTED_EDGE('',*,*,#3401,.F.);
#4828=ORIENTED_EDGE('',*,*,#2794,.F.);
#4829=ORIENTED_EDGE('',*,*,#3412,.F.);
#4830=ORIENTED_EDGE('',*,*,#2788,.F.);
#4831=ORIENTED_EDGE('',*,*,#3408,.F.);
#4832=ORIENTED_EDGE('',*,*,#3413,.F.);
#4833=ORIENTED_EDGE('',*,*,#2721,.T.);
#4834=ORIENTED_EDGE('',*,*,#3414,.F.);
#4835=ORIENTED_EDGE('',*,*,#2798,.F.);
#4836=ORIENTED_EDGE('',*,*,#2733,.T.);
#4837=ORIENTED_EDGE('',*,*,#2720,.T.);
#4838=ORIENTED_EDGE('',*,*,#3415,.F.);
#4839=ORIENTED_EDGE('',*,*,#2799,.F.);
#4840=ORIENTED_EDGE('',*,*,#3414,.T.);
#4841=ORIENTED_EDGE('',*,*,#2719,.T.);
#4842=ORIENTED_EDGE('',*,*,#2730,.F.);
#4843=ORIENTED_EDGE('',*,*,#2800,.F.);
#4844=ORIENTED_EDGE('',*,*,#3415,.T.);
#4845=ORIENTED_EDGE('',*,*,#3416,.T.);
#4846=ORIENTED_EDGE('',*,*,#3417,.T.);
#4847=ORIENTED_EDGE('',*,*,#3418,.T.);
#4848=ORIENTED_EDGE('',*,*,#3417,.F.);
#4849=ORIENTED_EDGE('',*,*,#2726,.T.);
#4850=ORIENTED_EDGE('',*,*,#3419,.F.);
#4851=ORIENTED_EDGE('',*,*,#2795,.F.);
#4852=ORIENTED_EDGE('',*,*,#2744,.T.);
#4853=ORIENTED_EDGE('',*,*,#2725,.T.);
#4854=ORIENTED_EDGE('',*,*,#3420,.F.);
#4855=ORIENTED_EDGE('',*,*,#2796,.F.);
#4856=ORIENTED_EDGE('',*,*,#3419,.T.);
#4857=ORIENTED_EDGE('',*,*,#2724,.T.);
#4858=ORIENTED_EDGE('',*,*,#2739,.F.);
#4859=ORIENTED_EDGE('',*,*,#2797,.F.);
#4860=ORIENTED_EDGE('',*,*,#3420,.T.);
#4861=ORIENTED_EDGE('',*,*,#3409,.F.);
#4862=ORIENTED_EDGE('',*,*,#3421,.T.);
#4863=ORIENTED_EDGE('',*,*,#3220,.F.);
#4864=ORIENTED_EDGE('',*,*,#3421,.F.);
#4865=ORIENTED_EDGE('',*,*,#3422,.F.);
#4866=ORIENTED_EDGE('',*,*,#3423,.T.);
#4867=ORIENTED_EDGE('',*,*,#3424,.F.);
#4868=ORIENTED_EDGE('',*,*,#3425,.F.);
#4869=ORIENTED_EDGE('',*,*,#3426,.F.);
#4870=ORIENTED_EDGE('',*,*,#3427,.T.);
#4871=ORIENTED_EDGE('',*,*,#3428,.F.);
#4872=ORIENTED_EDGE('',*,*,#3423,.F.);
#4873=ORIENTED_EDGE('',*,*,#3429,.F.);
#4874=ORIENTED_EDGE('',*,*,#3430,.T.);
#4875=ORIENTED_EDGE('',*,*,#3431,.F.);
#4876=ORIENTED_EDGE('',*,*,#3427,.F.);
#4877=ORIENTED_EDGE('',*,*,#3432,.F.);
#4878=ORIENTED_EDGE('',*,*,#3433,.T.);
#4879=ORIENTED_EDGE('',*,*,#3434,.F.);
#4880=ORIENTED_EDGE('',*,*,#3430,.F.);
#4881=ORIENTED_EDGE('',*,*,#3435,.F.);
#4882=ORIENTED_EDGE('',*,*,#3436,.T.);
#4883=ORIENTED_EDGE('',*,*,#3437,.F.);
#4884=ORIENTED_EDGE('',*,*,#3433,.F.);
#4885=ORIENTED_EDGE('',*,*,#3438,.F.);
#4886=ORIENTED_EDGE('',*,*,#3425,.T.);
#4887=ORIENTED_EDGE('',*,*,#3439,.F.);
#4888=ORIENTED_EDGE('',*,*,#3436,.F.);
#4889=ORIENTED_EDGE('',*,*,#3440,.F.);
#4890=ORIENTED_EDGE('',*,*,#3441,.T.);
#4891=ORIENTED_EDGE('',*,*,#3442,.F.);
#4892=ORIENTED_EDGE('',*,*,#3443,.F.);
#4893=ORIENTED_EDGE('',*,*,#3444,.F.);
#4894=ORIENTED_EDGE('',*,*,#3445,.T.);
#4895=ORIENTED_EDGE('',*,*,#3446,.F.);
#4896=ORIENTED_EDGE('',*,*,#3441,.F.);
#4897=ORIENTED_EDGE('',*,*,#3447,.F.);
#4898=ORIENTED_EDGE('',*,*,#3448,.T.);
#4899=ORIENTED_EDGE('',*,*,#3449,.F.);
#4900=ORIENTED_EDGE('',*,*,#3445,.F.);
#4901=ORIENTED_EDGE('',*,*,#3450,.F.);
#4902=ORIENTED_EDGE('',*,*,#3451,.T.);
#4903=ORIENTED_EDGE('',*,*,#3452,.F.);
#4904=ORIENTED_EDGE('',*,*,#3448,.F.);
#4905=ORIENTED_EDGE('',*,*,#3453,.F.);
#4906=ORIENTED_EDGE('',*,*,#3454,.T.);
#4907=ORIENTED_EDGE('',*,*,#3455,.F.);
#4908=ORIENTED_EDGE('',*,*,#3451,.F.);
#4909=ORIENTED_EDGE('',*,*,#3456,.F.);
#4910=ORIENTED_EDGE('',*,*,#3443,.T.);
#4911=ORIENTED_EDGE('',*,*,#3457,.F.);
#4912=ORIENTED_EDGE('',*,*,#3454,.F.);
#4913=ORIENTED_EDGE('',*,*,#3458,.F.);
#4914=ORIENTED_EDGE('',*,*,#3459,.T.);
#4915=ORIENTED_EDGE('',*,*,#3460,.F.);
#4916=ORIENTED_EDGE('',*,*,#3461,.F.);
#4917=ORIENTED_EDGE('',*,*,#3462,.F.);
#4918=ORIENTED_EDGE('',*,*,#3463,.T.);
#4919=ORIENTED_EDGE('',*,*,#3464,.F.);
#4920=ORIENTED_EDGE('',*,*,#3459,.F.);
#4921=ORIENTED_EDGE('',*,*,#3465,.F.);
#4922=ORIENTED_EDGE('',*,*,#3466,.T.);
#4923=ORIENTED_EDGE('',*,*,#3467,.F.);
#4924=ORIENTED_EDGE('',*,*,#3463,.F.);
#4925=ORIENTED_EDGE('',*,*,#3468,.F.);
#4926=ORIENTED_EDGE('',*,*,#3469,.T.);
#4927=ORIENTED_EDGE('',*,*,#3470,.F.);
#4928=ORIENTED_EDGE('',*,*,#3466,.F.);
#4929=ORIENTED_EDGE('',*,*,#3471,.F.);
#4930=ORIENTED_EDGE('',*,*,#3472,.T.);
#4931=ORIENTED_EDGE('',*,*,#3473,.F.);
#4932=ORIENTED_EDGE('',*,*,#3469,.F.);
#4933=ORIENTED_EDGE('',*,*,#3474,.F.);
#4934=ORIENTED_EDGE('',*,*,#3461,.T.);
#4935=ORIENTED_EDGE('',*,*,#3475,.F.);
#4936=ORIENTED_EDGE('',*,*,#3472,.F.);
#4937=ORIENTED_EDGE('',*,*,#3476,.F.);
#4938=ORIENTED_EDGE('',*,*,#3477,.T.);
#4939=ORIENTED_EDGE('',*,*,#3022,.F.);
#4940=ORIENTED_EDGE('',*,*,#3477,.F.);
#4941=ORIENTED_EDGE('',*,*,#3478,.F.);
#4942=ORIENTED_EDGE('',*,*,#3479,.T.);
#4943=ORIENTED_EDGE('',*,*,#3221,.F.);
#4944=ORIENTED_EDGE('',*,*,#3479,.F.);
#4945=ORIENTED_EDGE('',*,*,#3480,.F.);
#4946=ORIENTED_EDGE('',*,*,#3481,.T.);
#4947=ORIENTED_EDGE('',*,*,#3021,.F.);
#4948=ORIENTED_EDGE('',*,*,#3481,.F.);
#4949=ORIENTED_EDGE('',*,*,#3438,.T.);
#4950=ORIENTED_EDGE('',*,*,#3435,.T.);
#4951=ORIENTED_EDGE('',*,*,#3432,.T.);
#4952=ORIENTED_EDGE('',*,*,#3429,.T.);
#4953=ORIENTED_EDGE('',*,*,#3426,.T.);
#4954=ORIENTED_EDGE('',*,*,#3422,.T.);
#4955=ORIENTED_EDGE('',*,*,#3476,.T.);
#4956=ORIENTED_EDGE('',*,*,#3456,.T.);
#4957=ORIENTED_EDGE('',*,*,#3453,.T.);
#4958=ORIENTED_EDGE('',*,*,#3450,.T.);
#4959=ORIENTED_EDGE('',*,*,#3447,.T.);
#4960=ORIENTED_EDGE('',*,*,#3444,.T.);
#4961=ORIENTED_EDGE('',*,*,#3440,.T.);
#4962=ORIENTED_EDGE('',*,*,#3480,.T.);
#4963=ORIENTED_EDGE('',*,*,#3474,.T.);
#4964=ORIENTED_EDGE('',*,*,#3471,.T.);
#4965=ORIENTED_EDGE('',*,*,#3468,.T.);
#4966=ORIENTED_EDGE('',*,*,#3465,.T.);
#4967=ORIENTED_EDGE('',*,*,#3462,.T.);
#4968=ORIENTED_EDGE('',*,*,#3458,.T.);
#4969=ORIENTED_EDGE('',*,*,#3478,.T.);
#4970=ORIENTED_EDGE('',*,*,#3482,.T.);
#4971=ORIENTED_EDGE('',*,*,#3410,.T.);
#4972=ORIENTED_EDGE('',*,*,#2793,.T.);
#4973=ORIENTED_EDGE('',*,*,#3483,.T.);
#4974=ORIENTED_EDGE('',*,*,#3484,.F.);
#4975=ORIENTED_EDGE('',*,*,#2780,.F.);
#4976=ORIENTED_EDGE('',*,*,#3400,.F.);
#4977=ORIENTED_EDGE('',*,*,#3485,.F.);
#4978=ORIENTED_EDGE('',*,*,#3486,.T.);
#4979=ORIENTED_EDGE('',*,*,#3399,.T.);
#4980=ORIENTED_EDGE('',*,*,#2781,.T.);
#4981=ORIENTED_EDGE('',*,*,#3484,.T.);
#4982=ORIENTED_EDGE('',*,*,#3487,.T.);
#4983=ORIENTED_EDGE('',*,*,#3488,.T.);
#4984=ORIENTED_EDGE('',*,*,#2789,.T.);
#4985=ORIENTED_EDGE('',*,*,#3412,.T.);
#4986=ORIENTED_EDGE('',*,*,#3489,.F.);
#4987=ORIENTED_EDGE('',*,*,#3490,.F.);
#4988=ORIENTED_EDGE('',*,*,#3406,.F.);
#4989=ORIENTED_EDGE('',*,*,#2786,.F.);
#4990=ORIENTED_EDGE('',*,*,#3491,.T.);
#4991=ORIENTED_EDGE('',*,*,#3489,.T.);
#4992=ORIENTED_EDGE('',*,*,#2785,.T.);
#4993=ORIENTED_EDGE('',*,*,#3492,.T.);
#4994=ORIENTED_EDGE('',*,*,#3056,.F.);
#4995=ORIENTED_EDGE('',*,*,#3072,.T.);
#4996=ORIENTED_EDGE('',*,*,#2826,.T.);
#4997=ORIENTED_EDGE('',*,*,#3093,.T.);
#4998=ORIENTED_EDGE('',*,*,#3081,.F.);
#4999=ORIENTED_EDGE('',*,*,#3214,.T.);
#5000=ORIENTED_EDGE('',*,*,#3493,.T.);
#5001=ORIENTED_EDGE('',*,*,#3494,.F.);
#5002=ORIENTED_EDGE('',*,*,#3495,.F.);
#5003=ORIENTED_EDGE('',*,*,#3008,.T.);
#5004=ORIENTED_EDGE('',*,*,#3496,.F.);
#5005=ORIENTED_EDGE('',*,*,#3212,.T.);
#5006=ORIENTED_EDGE('',*,*,#3497,.T.);
#5007=ORIENTED_EDGE('',*,*,#3498,.F.);
#5008=ORIENTED_EDGE('',*,*,#3499,.F.);
#5009=ORIENTED_EDGE('',*,*,#3403,.F.);
#5010=ORIENTED_EDGE('',*,*,#2790,.F.);
#5011=ORIENTED_EDGE('',*,*,#3488,.F.);
#5012=ORIENTED_EDGE('',*,*,#3500,.F.);
#5013=ORIENTED_EDGE('',*,*,#3492,.F.);
#5014=ORIENTED_EDGE('',*,*,#2784,.F.);
#5015=ORIENTED_EDGE('',*,*,#3395,.F.);
#5016=ORIENTED_EDGE('',*,*,#3501,.F.);
#5017=ORIENTED_EDGE('',*,*,#3483,.F.);
#5018=ORIENTED_EDGE('',*,*,#2792,.F.);
#5019=ORIENTED_EDGE('',*,*,#3405,.F.);
#5020=ORIENTED_EDGE('',*,*,#3502,.T.);
#5021=ORIENTED_EDGE('',*,*,#3494,.T.);
#5022=ORIENTED_EDGE('',*,*,#3503,.T.);
#5023=ORIENTED_EDGE('',*,*,#3498,.T.);
#5024=ORIENTED_EDGE('',*,*,#3504,.T.);
#5025=ORIENTED_EDGE('',*,*,#3505,.T.);
#5026=ORIENTED_EDGE('',*,*,#3506,.T.);
#5027=ORIENTED_EDGE('',*,*,#3507,.T.);
#5028=ORIENTED_EDGE('',*,*,#3508,.T.);
#5029=ORIENTED_EDGE('',*,*,#3509,.T.);
#5030=ORIENTED_EDGE('',*,*,#3510,.T.);
#5031=ORIENTED_EDGE('',*,*,#3511,.T.);
#5032=ORIENTED_EDGE('',*,*,#3460,.T.);
#5033=ORIENTED_EDGE('',*,*,#3464,.T.);
#5034=ORIENTED_EDGE('',*,*,#3467,.T.);
#5035=ORIENTED_EDGE('',*,*,#3470,.T.);
#5036=ORIENTED_EDGE('',*,*,#3473,.T.);
#5037=ORIENTED_EDGE('',*,*,#3475,.T.);
#5038=ORIENTED_EDGE('',*,*,#3379,.T.);
#5039=ORIENTED_EDGE('',*,*,#3383,.T.);
#5040=ORIENTED_EDGE('',*,*,#3386,.T.);
#5041=ORIENTED_EDGE('',*,*,#3389,.T.);
#5042=ORIENTED_EDGE('',*,*,#3392,.T.);
#5043=ORIENTED_EDGE('',*,*,#3394,.T.);
#5044=ORIENTED_EDGE('',*,*,#3424,.T.);
#5045=ORIENTED_EDGE('',*,*,#3428,.T.);
#5046=ORIENTED_EDGE('',*,*,#3431,.T.);
#5047=ORIENTED_EDGE('',*,*,#3434,.T.);
#5048=ORIENTED_EDGE('',*,*,#3437,.T.);
#5049=ORIENTED_EDGE('',*,*,#3439,.T.);
#5050=ORIENTED_EDGE('',*,*,#3442,.T.);
#5051=ORIENTED_EDGE('',*,*,#3446,.T.);
#5052=ORIENTED_EDGE('',*,*,#3449,.T.);
#5053=ORIENTED_EDGE('',*,*,#3452,.T.);
#5054=ORIENTED_EDGE('',*,*,#3455,.T.);
#5055=ORIENTED_EDGE('',*,*,#3457,.T.);
#5056=ORIENTED_EDGE('',*,*,#3404,.T.);
#5057=ORIENTED_EDGE('',*,*,#3499,.T.);
#5058=ORIENTED_EDGE('',*,*,#3487,.F.);
#5059=ORIENTED_EDGE('',*,*,#3413,.T.);
#5060=ORIENTED_EDGE('',*,*,#3407,.T.);
#5061=ORIENTED_EDGE('',*,*,#3490,.T.);
#5062=ORIENTED_EDGE('',*,*,#3491,.F.);
#5063=ORIENTED_EDGE('',*,*,#3500,.T.);
#5064=ORIENTED_EDGE('',*,*,#3397,.T.);
#5065=ORIENTED_EDGE('',*,*,#3398,.T.);
#5066=ORIENTED_EDGE('',*,*,#3486,.F.);
#5067=ORIENTED_EDGE('',*,*,#3485,.T.);
#5068=ORIENTED_EDGE('',*,*,#3402,.T.);
#5069=ORIENTED_EDGE('',*,*,#3411,.T.);
#5070=ORIENTED_EDGE('',*,*,#3482,.F.);
#5071=ORIENTED_EDGE('',*,*,#3501,.T.);
#5072=ORIENTED_EDGE('',*,*,#3098,.F.);
#5073=ORIENTED_EDGE('',*,*,#3123,.T.);
#5074=ORIENTED_EDGE('',*,*,#3111,.F.);
#5075=ORIENTED_EDGE('',*,*,#3189,.T.);
#5076=ORIENTED_EDGE('',*,*,#3131,.F.);
#5077=ORIENTED_EDGE('',*,*,#3151,.T.);
#5078=ORIENTED_EDGE('',*,*,#3139,.F.);
#5079=ORIENTED_EDGE('',*,*,#3200,.T.);
#5080=ORIENTED_EDGE('',*,*,#3159,.F.);
#5081=ORIENTED_EDGE('',*,*,#3178,.T.);
#5082=ORIENTED_EDGE('',*,*,#3167,.F.);
#5083=ORIENTED_EDGE('',*,*,#3012,.T.);
#5084=ORIENTED_EDGE('',*,*,#3512,.T.);
#5085=ORIENTED_EDGE('',*,*,#3505,.F.);
#5086=ORIENTED_EDGE('',*,*,#3513,.F.);
#5087=ORIENTED_EDGE('',*,*,#3210,.T.);
#5088=ORIENTED_EDGE('',*,*,#3514,.T.);
#5089=ORIENTED_EDGE('',*,*,#3507,.F.);
#5090=ORIENTED_EDGE('',*,*,#3515,.F.);
#5091=ORIENTED_EDGE('',*,*,#3010,.T.);
#5092=ORIENTED_EDGE('',*,*,#3211,.F.);
#5093=ORIENTED_EDGE('',*,*,#3513,.T.);
#5094=ORIENTED_EDGE('',*,*,#3504,.F.);
#5095=ORIENTED_EDGE('',*,*,#3497,.F.);
#5096=ORIENTED_EDGE('',*,*,#3213,.F.);
#5097=ORIENTED_EDGE('',*,*,#3496,.T.);
#5098=ORIENTED_EDGE('',*,*,#3503,.F.);
#5099=ORIENTED_EDGE('',*,*,#3493,.F.);
#5100=ORIENTED_EDGE('',*,*,#3011,.F.);
#5101=ORIENTED_EDGE('',*,*,#3515,.T.);
#5102=ORIENTED_EDGE('',*,*,#3506,.F.);
#5103=ORIENTED_EDGE('',*,*,#3512,.F.);
#5104=ORIENTED_EDGE('',*,*,#3009,.F.);
#5105=ORIENTED_EDGE('',*,*,#3495,.T.);
#5106=ORIENTED_EDGE('',*,*,#3502,.F.);
#5107=ORIENTED_EDGE('',*,*,#3514,.F.);
#5108=ORIENTED_EDGE('',*,*,#3418,.F.);
#5109=ORIENTED_EDGE('',*,*,#3516,.F.);
#5110=ORIENTED_EDGE('',*,*,#3517,.F.);
#5111=ORIENTED_EDGE('',*,*,#3518,.F.);
#5112=ORIENTED_EDGE('',*,*,#3227,.F.);
#5113=ORIENTED_EDGE('',*,*,#3519,.F.);
#5114=ORIENTED_EDGE('',*,*,#3416,.F.);
#5115=ORIENTED_EDGE('',*,*,#2833,.F.);
#5116=ORIENTED_EDGE('',*,*,#3520,.T.);
#5117=ORIENTED_EDGE('',*,*,#3516,.T.);
#5118=ORIENTED_EDGE('',*,*,#3521,.F.);
#5119=ORIENTED_EDGE('',*,*,#2834,.F.);
#5120=ORIENTED_EDGE('',*,*,#3521,.T.);
#5121=ORIENTED_EDGE('',*,*,#3519,.T.);
#5122=ORIENTED_EDGE('',*,*,#3226,.F.);
#5123=ORIENTED_EDGE('',*,*,#2831,.T.);
#5124=ORIENTED_EDGE('',*,*,#3228,.F.);
#5125=ORIENTED_EDGE('',*,*,#3518,.T.);
#5126=ORIENTED_EDGE('',*,*,#3522,.F.);
#5127=ORIENTED_EDGE('',*,*,#2832,.F.);
#5128=ORIENTED_EDGE('',*,*,#3522,.T.);
#5129=ORIENTED_EDGE('',*,*,#3517,.T.);
#5130=ORIENTED_EDGE('',*,*,#3520,.F.);
#5131=ORIENTED_EDGE('',*,*,#3020,.F.);
#5132=ORIENTED_EDGE('',*,*,#3523,.T.);
#5133=ORIENTED_EDGE('',*,*,#3511,.F.);
#5134=ORIENTED_EDGE('',*,*,#3523,.F.);
#5135=ORIENTED_EDGE('',*,*,#3219,.F.);
#5136=ORIENTED_EDGE('',*,*,#3524,.T.);
#5137=ORIENTED_EDGE('',*,*,#3510,.F.);
#5138=ORIENTED_EDGE('',*,*,#3524,.F.);
#5139=ORIENTED_EDGE('',*,*,#3019,.F.);
#5140=ORIENTED_EDGE('',*,*,#3525,.T.);
#5141=ORIENTED_EDGE('',*,*,#3509,.F.);
#5142=ORIENTED_EDGE('',*,*,#3525,.F.);
#5143=ORIENTED_EDGE('',*,*,#3218,.F.);
#5144=ORIENTED_EDGE('',*,*,#3526,.T.);
#5145=ORIENTED_EDGE('',*,*,#3508,.F.);
#5146=ORIENTED_EDGE('',*,*,#3526,.F.);
#5147=ORIENTED_EDGE('',*,*,#3269,.F.);
#5148=ORIENTED_EDGE('',*,*,#3527,.T.);
#5149=ORIENTED_EDGE('',*,*,#3368,.T.);
#5150=ORIENTED_EDGE('',*,*,#3527,.F.);
#5151=ORIENTED_EDGE('',*,*,#3268,.F.);
#5152=ORIENTED_EDGE('',*,*,#3528,.T.);
#5153=ORIENTED_EDGE('',*,*,#3365,.T.);
#5154=ORIENTED_EDGE('',*,*,#3528,.F.);
#5155=PLANE('',#5638);
#5156=PLANE('',#5641);
#5157=PLANE('',#5644);
#5158=PLANE('',#5645);
#5159=PLANE('',#5649);
#5160=PLANE('',#5653);
#5161=PLANE('',#5680);
#5162=PLANE('',#5683);
#5163=PLANE('',#5684);
#5164=PLANE('',#5713);
#5165=PLANE('',#5715);
#5166=PLANE('',#5721);
#5167=PLANE('',#5765);
#5168=PLANE('',#5767);
#5169=PLANE('',#5770);
#5170=PLANE('',#5771);
#5171=PLANE('',#5820);
#5172=PLANE('',#5821);
#5173=PLANE('',#5824);
#5174=PLANE('',#5825);
#5175=PLANE('',#5826);
#5176=PLANE('',#5830);
#5177=PLANE('',#5831);
#5178=PLANE('',#5843);
#5179=PLANE('',#5844);
#5180=PLANE('',#5849);
#5181=PLANE('',#5850);
#5182=PLANE('',#5851);
#5183=PLANE('',#5854);
#5184=PLANE('',#5856);
#5185=PLANE('',#5868);
#5186=PLANE('',#5875);
#5187=PLANE('',#5881);
#5188=PLANE('',#5889);
#5189=PLANE('',#5898);
#5190=PLANE('',#5908);
#5191=PLANE('',#5918);
#5192=PLANE('',#5926);
#5193=PLANE('',#5936);
#5194=PLANE('',#5944);
#5195=PLANE('',#5953);
#5196=PLANE('',#5962);
#5197=PLANE('',#5967);
#5198=PLANE('',#5976);
#5199=PLANE('',#5977);
#5200=PLANE('',#5981);
#5201=PLANE('',#5984);
#5202=PLANE('',#5985);
#5203=PLANE('',#5986);
#5204=PLANE('',#5987);
#5205=PLANE('',#5988);
#5206=PLANE('',#5989);
#5207=PLANE('',#5990);
#5208=PLANE('',#5991);
#5209=PLANE('',#5992);
#5210=PLANE('',#5993);
#5211=PLANE('',#5994);
#5212=PLANE('',#5995);
#5213=PLANE('',#6008);
#5214=PLANE('',#6011);
#5215=PLANE('',#6023);
#5216=PLANE('',#6026);
#5217=PLANE('',#6037);
#5218=PLANE('',#6040);
#5219=PLANE('',#6056);
#5220=PLANE('',#6058);
#5221=PLANE('',#6059);
#5222=PLANE('',#6070);
#5223=PLANE('',#6071);
#5224=PLANE('',#6072);
#5225=PLANE('',#6073);
#5226=PLANE('',#6074);
#5227=PLANE('',#6075);
#5228=PLANE('',#6076);
#5229=PLANE('',#6078);
#5230=PLANE('',#6084);
#5231=PLANE('',#6085);
#5232=PLANE('',#6086);
#5233=PLANE('',#6087);
#5234=PLANE('',#6088);
#5235=PLANE('',#6089);
#5236=PLANE('',#6090);
#5237=PLANE('',#6094);
#5238=PLANE('',#6095);
#5239=PLANE('',#6099);
#5240=PLANE('',#6100);
#5241=PLANE('',#6101);
#5242=PLANE('',#6113);
#5243=PLANE('',#6114);
#5244=PLANE('',#6115);
#5245=PLANE('',#6116);
#5246=PLANE('',#6117);
#5247=PLANE('',#6118);
#5248=PLANE('',#6119);
#5249=PLANE('',#6120);
#5250=PLANE('',#6121);
#5251=PLANE('',#6122);
#5252=PLANE('',#6123);
#5253=PLANE('',#6124);
#5254=PLANE('',#6126);
#5255=PLANE('',#6127);
#5256=PLANE('',#6128);
#5257=PLANE('',#6129);
#5258=PLANE('',#6134);
#5259=PLANE('',#6136);
#5260=PLANE('',#6138);
#5261=PLANE('',#6139);
#5262=PLANE('',#6140);
#5263=PLANE('',#6141);
#5264=PLANE('',#6142);
#5265=PLANE('',#6143);
#5266=PLANE('',#6144);
#5267=PLANE('',#6145);
#5268=PLANE('',#6146);
#5269=PLANE('',#6147);
#5270=PLANE('',#6148);
#5271=PLANE('',#6149);
#5272=PLANE('',#6150);
#5273=PLANE('',#6151);
#5274=PLANE('',#6152);
#5275=PLANE('',#6153);
#5276=PLANE('',#6154);
#5277=PLANE('',#6155);
#5278=PLANE('',#6162);
#5279=PLANE('',#6163);
#5280=PLANE('',#6164);
#5281=PLANE('',#6167);
#5282=PLANE('',#6172);
#5283=PLANE('',#6175);
#5284=PLANE('',#6176);
#5285=PLANE('',#6177);
#5286=PLANE('',#6178);
#5287=PLANE('',#6179);
#5288=PLANE('',#6180);
#5289=PLANE('',#6189);
#5290=PLANE('',#6190);
#5291=PLANE('',#6195);
#5292=PLANE('',#6196);
#5293=PLANE('',#6197);
#5294=PLANE('',#6198);
#5295=PLANE('',#6199);
#5296=PLANE('',#6200);
#5297=ADVANCED_FACE('',(#368),#5155,.T.);
#5298=ADVANCED_FACE('',(#369),#5156,.T.);
#5299=ADVANCED_FACE('',(#370),#5157,.T.);
#5300=ADVANCED_FACE('',(#371),#5158,.T.);
#5301=ADVANCED_FACE('',(#372),#246,.F.);
#5302=ADVANCED_FACE('',(#373),#5159,.T.);
#5303=ADVANCED_FACE('',(#374),#247,.F.);
#5304=ADVANCED_FACE('',(#375),#5160,.T.);
#5305=ADVANCED_FACE('',(#376),#248,.T.);
#5306=ADVANCED_FACE('',(#377),#236,.T.);
#5307=ADVANCED_FACE('',(#378),#249,.T.);
#5308=ADVANCED_FACE('',(#379),#237,.T.);
#5309=ADVANCED_FACE('',(#380),#250,.T.);
#5310=ADVANCED_FACE('',(#381),#238,.T.);
#5311=ADVANCED_FACE('',(#382),#251,.T.);
#5312=ADVANCED_FACE('',(#383),#239,.T.);
#5313=ADVANCED_FACE('',(#384),#252,.F.);
#5314=ADVANCED_FACE('',(#385),#5161,.F.);
#5315=ADVANCED_FACE('',(#386),#253,.F.);
#5316=ADVANCED_FACE('',(#387),#5162,.F.);
#5317=ADVANCED_FACE('',(#388,#200,#201,#202),#5163,.F.);
#5318=ADVANCED_FACE('',(#389),#240,.T.);
#5319=ADVANCED_FACE('',(#390),#254,.T.);
#5320=ADVANCED_FACE('',(#391),#241,.T.);
#5321=ADVANCED_FACE('',(#392),#255,.T.);
#5322=ADVANCED_FACE('',(#393),#242,.T.);
#5323=ADVANCED_FACE('',(#394),#256,.T.);
#5324=ADVANCED_FACE('',(#395),#243,.T.);
#5325=ADVANCED_FACE('',(#396),#257,.T.);
#5326=ADVANCED_FACE('',(#397),#5164,.F.);
#5327=ADVANCED_FACE('',(#398),#258,.F.);
#5328=ADVANCED_FACE('',(#399,#203,#204,#205),#5165,.T.);
#5329=ADVANCED_FACE('',(#400),#259,.F.);
#5330=ADVANCED_FACE('',(#401),#5166,.F.);
#5331=ADVANCED_FACE('',(#402),#109,.F.);
#5332=ADVANCED_FACE('',(#403),#260,.F.);
#5333=ADVANCED_FACE('',(#404),#67,.T.);
#5334=ADVANCED_FACE('',(#405),#261,.F.);
#5335=ADVANCED_FACE('',(#406),#68,.T.);
#5336=ADVANCED_FACE('',(#407),#262,.F.);
#5337=ADVANCED_FACE('',(#408),#110,.F.);
#5338=ADVANCED_FACE('',(#409),#263,.F.);
#5339=ADVANCED_FACE('',(#410),#69,.T.);
#5340=ADVANCED_FACE('',(#411),#70,.T.);
#5341=ADVANCED_FACE('',(#412),#264,.F.);
#5342=ADVANCED_FACE('',(#413),#265,.F.);
#5343=ADVANCED_FACE('',(#414),#71,.T.);
#5344=ADVANCED_FACE('',(#415),#266,.F.);
#5345=ADVANCED_FACE('',(#416),#72,.T.);
#5346=ADVANCED_FACE('',(#417),#267,.F.);
#5347=ADVANCED_FACE('',(#418),#268,.F.);
#5348=ADVANCED_FACE('',(#419),#73,.T.);
#5349=ADVANCED_FACE('',(#420),#74,.T.);
#5350=ADVANCED_FACE('',(#421,#206),#5167,.T.);
#5351=ADVANCED_FACE('',(#422),#5168,.F.);
#5352=ADVANCED_FACE('',(#423),#269,.T.);
#5353=ADVANCED_FACE('',(#424),#5169,.F.);
#5354=ADVANCED_FACE('',(#425),#5170,.F.);
#5355=ADVANCED_FACE('',(#426),#270,.T.);
#5356=ADVANCED_FACE('',(#427),#271,.F.);
#5357=ADVANCED_FACE('',(#428),#75,.T.);
#5358=ADVANCED_FACE('',(#429),#272,.F.);
#5359=ADVANCED_FACE('',(#430),#76,.T.);
#5360=ADVANCED_FACE('',(#431),#111,.F.);
#5361=ADVANCED_FACE('',(#432),#273,.F.);
#5362=ADVANCED_FACE('',(#433),#77,.T.);
#5363=ADVANCED_FACE('',(#434),#112,.F.);
#5364=ADVANCED_FACE('',(#435),#274,.F.);
#5365=ADVANCED_FACE('',(#436),#78,.T.);
#5366=ADVANCED_FACE('',(#437),#79,.T.);
#5367=ADVANCED_FACE('',(#438),#275,.F.);
#5368=ADVANCED_FACE('',(#439),#80,.T.);
#5369=ADVANCED_FACE('',(#440),#276,.F.);
#5370=ADVANCED_FACE('',(#441),#277,.F.);
#5371=ADVANCED_FACE('',(#442),#81,.T.);
#5372=ADVANCED_FACE('',(#443),#82,.T.);
#5373=ADVANCED_FACE('',(#444),#83,.T.);
#5374=ADVANCED_FACE('',(#445),#278,.F.);
#5375=ADVANCED_FACE('',(#446),#84,.T.);
#5376=ADVANCED_FACE('',(#447),#85,.T.);
#5377=ADVANCED_FACE('',(#448),#279,.F.);
#5378=ADVANCED_FACE('',(#449),#86,.T.);
#5379=ADVANCED_FACE('',(#450),#5171,.T.);
#5380=ADVANCED_FACE('',(#451),#5172,.T.);
#5381=ADVANCED_FACE('',(#452),#280,.T.);
#5382=ADVANCED_FACE('',(#453),#5173,.T.);
#5383=ADVANCED_FACE('',(#454),#5174,.T.);
#5384=ADVANCED_FACE('',(#455),#5175,.T.);
#5385=ADVANCED_FACE('',(#456),#281,.T.);
#5386=ADVANCED_FACE('',(#457),#5176,.T.);
#5387=ADVANCED_FACE('',(#458,#207,#208,#209,#210),#5177,.T.);
#5388=ADVANCED_FACE('',(#459),#282,.T.);
#5389=ADVANCED_FACE('',(#460),#5178,.T.);
#5390=ADVANCED_FACE('',(#461),#5179,.F.);
#5391=ADVANCED_FACE('',(#462),#283,.T.);
#5392=ADVANCED_FACE('',(#463),#5180,.T.);
#5393=ADVANCED_FACE('',(#464),#5181,.T.);
#5394=ADVANCED_FACE('',(#465),#5182,.T.);
#5395=ADVANCED_FACE('',(#466),#284,.T.);
#5396=ADVANCED_FACE('',(#467),#5183,.F.);
#5397=ADVANCED_FACE('',(#468),#285,.T.);
#5398=ADVANCED_FACE('',(#469),#5184,.F.);
#5399=ADVANCED_FACE('',(#470),#286,.T.);
#5400=ADVANCED_FACE('',(#471),#287,.T.);
#5401=ADVANCED_FACE('',(#472),#288,.T.);
#5402=ADVANCED_FACE('',(#473),#289,.T.);
#5403=ADVANCED_FACE('',(#474),#87,.F.);
#5404=ADVANCED_FACE('',(#475),#88,.F.);
#5405=ADVANCED_FACE('',(#476),#290,.F.);
#5406=ADVANCED_FACE('',(#477),#5185,.T.);
#5407=ADVANCED_FACE('',(#478),#291,.F.);
#5408=ADVANCED_FACE('',(#479),#292,.T.);
#5409=ADVANCED_FACE('',(#480),#89,.F.);
#5410=ADVANCED_FACE('',(#481),#5186,.T.);
#5411=ADVANCED_FACE('',(#482),#293,.T.);
#5412=ADVANCED_FACE('',(#483),#90,.F.);
#5413=ADVANCED_FACE('',(#484),#294,.F.);
#5414=ADVANCED_FACE('',(#485),#5187,.F.);
#5415=ADVANCED_FACE('',(#486),#91,.F.);
#5416=ADVANCED_FACE('',(#487),#295,.T.);
#5417=ADVANCED_FACE('',(#488),#92,.F.);
#5418=ADVANCED_FACE('',(#489),#5188,.F.);
#5419=ADVANCED_FACE('',(#490),#93,.F.);
#5420=ADVANCED_FACE('',(#491),#296,.T.);
#5421=ADVANCED_FACE('',(#492),#94,.F.);
#5422=ADVANCED_FACE('',(#493),#297,.F.);
#5423=ADVANCED_FACE('',(#494),#5189,.F.);
#5424=ADVANCED_FACE('',(#495),#298,.F.);
#5425=ADVANCED_FACE('',(#496),#95,.F.);
#5426=ADVANCED_FACE('',(#497),#299,.T.);
#5427=ADVANCED_FACE('',(#498),#96,.F.);
#5428=ADVANCED_FACE('',(#499),#5190,.F.);
#5429=ADVANCED_FACE('',(#500),#300,.T.);
#5430=ADVANCED_FACE('',(#501),#97,.F.);
#5431=ADVANCED_FACE('',(#502),#98,.F.);
#5432=ADVANCED_FACE('',(#503),#301,.F.);
#5433=ADVANCED_FACE('',(#504),#5191,.T.);
#5434=ADVANCED_FACE('',(#505),#99,.F.);
#5435=ADVANCED_FACE('',(#506),#302,.T.);
#5436=ADVANCED_FACE('',(#507),#100,.F.);
#5437=ADVANCED_FACE('',(#508),#5192,.T.);
#5438=ADVANCED_FACE('',(#509),#303,.T.);
#5439=ADVANCED_FACE('',(#510),#101,.F.);
#5440=ADVANCED_FACE('',(#511),#102,.F.);
#5441=ADVANCED_FACE('',(#512),#304,.F.);
#5442=ADVANCED_FACE('',(#513),#5193,.T.);
#5443=ADVANCED_FACE('',(#514),#103,.F.);
#5444=ADVANCED_FACE('',(#515),#305,.T.);
#5445=ADVANCED_FACE('',(#516),#104,.F.);
#5446=ADVANCED_FACE('',(#517),#5194,.T.);
#5447=ADVANCED_FACE('',(#518),#105,.T.);
#5448=ADVANCED_FACE('',(#519),#106,.T.);
#5449=ADVANCED_FACE('',(#520),#306,.F.);
#5450=ADVANCED_FACE('',(#521),#307,.F.);
#5451=ADVANCED_FACE('',(#522),#308,.F.);
#5452=ADVANCED_FACE('',(#523),#5195,.T.);
#5453=ADVANCED_FACE('',(#524),#107,.T.);
#5454=ADVANCED_FACE('',(#525),#108,.T.);
#5455=ADVANCED_FACE('',(#526),#309,.F.);
#5456=ADVANCED_FACE('',(#527),#310,.F.);
#5457=ADVANCED_FACE('',(#528),#311,.F.);
#5458=ADVANCED_FACE('',(#529),#5196,.T.);
#5459=ADVANCED_FACE('',(#530),#312,.F.);
#5460=ADVANCED_FACE('',(#531),#313,.F.);
#5461=ADVANCED_FACE('',(#532,#211,#212,#213,#214),#5197,.T.);
#5462=ADVANCED_FACE('',(#533),#5198,.T.);
#5463=ADVANCED_FACE('',(#534),#5199,.T.);
#5464=ADVANCED_FACE('',(#535),#314,.F.);
#5465=ADVANCED_FACE('',(#536),#315,.F.);
#5466=ADVANCED_FACE('',(#537),#316,.F.);
#5467=ADVANCED_FACE('',(#538),#5200,.T.);
#5468=ADVANCED_FACE('',(#539),#317,.F.);
#5469=ADVANCED_FACE('',(#540),#318,.F.);
#5470=ADVANCED_FACE('',(#541),#5201,.F.);
#5471=ADVANCED_FACE('',(#542),#5202,.T.);
#5472=ADVANCED_FACE('',(#543),#5203,.T.);
#5473=ADVANCED_FACE('',(#544),#5204,.T.);
#5474=ADVANCED_FACE('',(#545),#5205,.F.);
#5475=ADVANCED_FACE('',(#546),#5206,.T.);
#5476=ADVANCED_FACE('',(#547),#5207,.T.);
#5477=ADVANCED_FACE('',(#548),#5208,.T.);
#5478=ADVANCED_FACE('',(#549),#5209,.T.);
#5479=ADVANCED_FACE('',(#550),#5210,.T.);
#5480=ADVANCED_FACE('',(#551),#5211,.T.);
#5481=ADVANCED_FACE('',(#552),#5212,.F.);
#5482=ADVANCED_FACE('',(#553),#319,.T.);
#5483=ADVANCED_FACE('',(#554),#320,.T.);
#5484=ADVANCED_FACE('',(#555),#321,.T.);
#5485=ADVANCED_FACE('',(#556),#15,.F.);
#5486=ADVANCED_FACE('',(#557),#113,.T.);
#5487=ADVANCED_FACE('',(#558),#5213,.T.);
#5488=ADVANCED_FACE('',(#559),#322,.T.);
#5489=ADVANCED_FACE('',(#560,#215,#216),#5214,.T.);
#5490=ADVANCED_FACE('',(#561),#323,.T.);
#5491=ADVANCED_FACE('',(#562),#324,.T.);
#5492=ADVANCED_FACE('',(#563),#114,.T.);
#5493=ADVANCED_FACE('',(#564),#5215,.F.);
#5494=ADVANCED_FACE('',(#565),#325,.T.);
#5495=ADVANCED_FACE('',(#566),#5216,.T.);
#5496=ADVANCED_FACE('',(#567),#326,.T.);
#5497=ADVANCED_FACE('',(#568),#327,.T.);
#5498=ADVANCED_FACE('',(#569),#328,.T.);
#5499=ADVANCED_FACE('',(#570),#115,.T.);
#5500=ADVANCED_FACE('',(#571),#5217,.T.);
#5501=ADVANCED_FACE('',(#572),#5218,.T.);
#5502=ADVANCED_FACE('',(#573),#329,.T.);
#5503=ADVANCED_FACE('',(#574),#16,.F.);
#5504=ADVANCED_FACE('',(#575),#330,.T.);
#5505=ADVANCED_FACE('',(#576),#244,.T.);
#5506=ADVANCED_FACE('',(#577),#331,.T.);
#5507=ADVANCED_FACE('',(#578),#245,.T.);
#5508=ADVANCED_FACE('',(#579),#332,.F.);
#5509=ADVANCED_FACE('',(#580),#5219,.T.);
#5510=ADVANCED_FACE('',(#581),#333,.F.);
#5511=ADVANCED_FACE('',(#582,#217),#5220,.T.);
#5512=ADVANCED_FACE('',(#583),#5221,.F.);
#5513=ADVANCED_FACE('',(#584),#334,.T.);
#5514=ADVANCED_FACE('',(#585),#335,.T.);
#5515=ADVANCED_FACE('',(#586),#116,.T.);
#5516=ADVANCED_FACE('',(#587),#336,.T.);
#5517=ADVANCED_FACE('',(#588),#337,.F.);
#5518=ADVANCED_FACE('',(#589,#218),#5222,.F.);
#5519=ADVANCED_FACE('',(#590),#5223,.F.);
#5520=ADVANCED_FACE('',(#591),#5224,.F.);
#5521=ADVANCED_FACE('',(#592),#5225,.F.);
#5522=ADVANCED_FACE('',(#593),#5226,.F.);
#5523=ADVANCED_FACE('',(#594),#5227,.F.);
#5524=ADVANCED_FACE('',(#595),#5228,.F.);
#5525=ADVANCED_FACE('',(#596),#338,.T.);
#5526=ADVANCED_FACE('',(#597,#219,#220),#5229,.T.);
#5527=ADVANCED_FACE('',(#598),#339,.F.);
#5528=ADVANCED_FACE('',(#599),#5230,.T.);
#5529=ADVANCED_FACE('',(#600,#221),#5231,.F.);
#5530=ADVANCED_FACE('',(#601),#5232,.F.);
#5531=ADVANCED_FACE('',(#602),#5233,.F.);
#5532=ADVANCED_FACE('',(#603),#5234,.F.);
#5533=ADVANCED_FACE('',(#604),#5235,.F.);
#5534=ADVANCED_FACE('',(#605),#5236,.T.);
#5535=ADVANCED_FACE('',(#606),#340,.F.);
#5536=ADVANCED_FACE('',(#607),#5237,.T.);
#5537=ADVANCED_FACE('',(#608),#5238,.T.);
#5538=ADVANCED_FACE('',(#609),#341,.F.);
#5539=ADVANCED_FACE('',(#610),#5239,.T.);
#5540=ADVANCED_FACE('',(#611),#5240,.T.);
#5541=ADVANCED_FACE('',(#612),#5241,.T.);
#5542=ADVANCED_FACE('',(#613),#342,.T.);
#5543=ADVANCED_FACE('',(#614),#343,.T.);
#5544=ADVANCED_FACE('',(#615),#344,.T.);
#5545=ADVANCED_FACE('',(#616),#345,.T.);
#5546=ADVANCED_FACE('',(#617),#346,.T.);
#5547=ADVANCED_FACE('',(#618),#117,.T.);
#5548=ADVANCED_FACE('',(#619),#5242,.T.);
#5549=ADVANCED_FACE('',(#620),#5243,.T.);
#5550=ADVANCED_FACE('',(#621),#5244,.T.);
#5551=ADVANCED_FACE('',(#622),#5245,.T.);
#5552=ADVANCED_FACE('',(#623),#5246,.T.);
#5553=ADVANCED_FACE('',(#624),#5247,.T.);
#5554=ADVANCED_FACE('',(#625),#5248,.F.);
#5555=ADVANCED_FACE('',(#626),#5249,.F.);
#5556=ADVANCED_FACE('',(#627),#5250,.F.);
#5557=ADVANCED_FACE('',(#628),#5251,.F.);
#5558=ADVANCED_FACE('',(#629),#5252,.F.);
#5559=ADVANCED_FACE('',(#630,#222),#5253,.F.);
#5560=ADVANCED_FACE('',(#631),#5254,.T.);
#5561=ADVANCED_FACE('',(#632),#5255,.T.);
#5562=ADVANCED_FACE('',(#633),#5256,.T.);
#5563=ADVANCED_FACE('',(#634),#5257,.T.);
#5564=ADVANCED_FACE('',(#635),#347,.T.);
#5565=ADVANCED_FACE('',(#636),#348,.F.);
#5566=ADVANCED_FACE('',(#637),#5258,.T.);
#5567=ADVANCED_FACE('',(#638),#349,.T.);
#5568=ADVANCED_FACE('',(#639),#5259,.T.);
#5569=ADVANCED_FACE('',(#640),#350,.F.);
#5570=ADVANCED_FACE('',(#641),#5260,.T.);
#5571=ADVANCED_FACE('',(#642),#5261,.T.);
#5572=ADVANCED_FACE('',(#643),#5262,.T.);
#5573=ADVANCED_FACE('',(#644),#5263,.T.);
#5574=ADVANCED_FACE('',(#645),#5264,.T.);
#5575=ADVANCED_FACE('',(#646),#5265,.T.);
#5576=ADVANCED_FACE('',(#647),#5266,.T.);
#5577=ADVANCED_FACE('',(#648),#5267,.T.);
#5578=ADVANCED_FACE('',(#649),#5268,.T.);
#5579=ADVANCED_FACE('',(#650),#5269,.T.);
#5580=ADVANCED_FACE('',(#651),#5270,.T.);
#5581=ADVANCED_FACE('',(#652),#5271,.T.);
#5582=ADVANCED_FACE('',(#653),#5272,.T.);
#5583=ADVANCED_FACE('',(#654),#5273,.T.);
#5584=ADVANCED_FACE('',(#655),#5274,.T.);
#5585=ADVANCED_FACE('',(#656),#5275,.T.);
#5586=ADVANCED_FACE('',(#657),#5276,.T.);
#5587=ADVANCED_FACE('',(#658),#5277,.T.);
#5588=ADVANCED_FACE('',(#659),#351,.F.);
#5589=ADVANCED_FACE('',(#660),#352,.F.);
#5590=ADVANCED_FACE('',(#661),#353,.F.);
#5591=ADVANCED_FACE('',(#662,#223),#5278,.F.);
#5592=ADVANCED_FACE('',(#663,#224),#5279,.F.);
#5593=ADVANCED_FACE('',(#664,#225),#5280,.F.);
#5594=ADVANCED_FACE('',(#665),#354,.T.);
#5595=ADVANCED_FACE('',(#666),#5281,.T.);
#5596=ADVANCED_FACE('',(#667),#355,.T.);
#5597=ADVANCED_FACE('',(#668),#356,.T.);
#5598=ADVANCED_FACE('',(#669),#5282,.T.);
#5599=ADVANCED_FACE('',(#670),#357,.T.);
#5600=ADVANCED_FACE('',(#671),#5283,.T.);
#5601=ADVANCED_FACE('',(#672),#5284,.T.);
#5602=ADVANCED_FACE('',(#673),#5285,.F.);
#5603=ADVANCED_FACE('',(#674),#5286,.T.);
#5604=ADVANCED_FACE('',(#675),#5287,.T.);
#5605=ADVANCED_FACE('',(#676,#226,#227,#228,#229,#230,#231,#232,#233,#234),
#5288,.F.);
#5606=ADVANCED_FACE('',(#677),#5289,.T.);
#5607=ADVANCED_FACE('',(#678),#5290,.T.);
#5608=ADVANCED_FACE('',(#679),#358,.T.);
#5609=ADVANCED_FACE('',(#680),#359,.T.);
#5610=ADVANCED_FACE('',(#681),#360,.T.);
#5611=ADVANCED_FACE('',(#682),#361,.T.);
#5612=ADVANCED_FACE('',(#683),#5291,.T.);
#5613=ADVANCED_FACE('',(#684,#235),#5292,.F.);
#5614=ADVANCED_FACE('',(#685),#5293,.F.);
#5615=ADVANCED_FACE('',(#686),#5294,.F.);
#5616=ADVANCED_FACE('',(#687),#5295,.F.);
#5617=ADVANCED_FACE('',(#688),#5296,.F.);
#5618=ADVANCED_FACE('',(#689),#362,.F.);
#5619=ADVANCED_FACE('',(#690),#363,.F.);
#5620=ADVANCED_FACE('',(#691),#364,.F.);
#5621=ADVANCED_FACE('',(#692),#365,.F.);
#5622=ADVANCED_FACE('',(#693),#366,.F.);
#5623=ADVANCED_FACE('',(#694),#367,.F.);
#5624=CLOSED_SHELL('',(#5297,#5298,#5299,#5300,#5301,#5302,#5303,#5304,
#5305,#5306,#5307,#5308,#5309,#5310,#5311,#5312,#5313,#5314,#5315,#5316,
#5317,#5318,#5319,#5320,#5321,#5322,#5323,#5324,#5325,#5326,#5327,#5328,
#5329,#5330,#5331,#5332,#5333,#5334,#5335,#5336,#5337,#5338,#5339,#5340,
#5341,#5342,#5343,#5344,#5345,#5346,#5347,#5348,#5349,#5350,#5351,#5352,
#5353,#5354,#5355,#5356,#5357,#5358,#5359,#5360,#5361,#5362,#5363,#5364,
#5365,#5366,#5367,#5368,#5369,#5370,#5371,#5372,#5373,#5374,#5375,#5376,
#5377,#5378,#5379,#5380,#5381,#5382,#5383,#5384,#5385,#5386,#5387,#5388,
#5389,#5390,#5391,#5392,#5393,#5394,#5395,#5396,#5397,#5398,#5399,#5400,
#5401,#5402,#5403,#5404,#5405,#5406,#5407,#5408,#5409,#5410,#5411,#5412,
#5413,#5414,#5415,#5416,#5417,#5418,#5419,#5420,#5421,#5422,#5423,#5424,
#5425,#5426,#5427,#5428,#5429,#5430,#5431,#5432,#5433,#5434,#5435,#5436,
#5437,#5438,#5439,#5440,#5441,#5442,#5443,#5444,#5445,#5446,#5447,#5448,
#5449,#5450,#5451,#5452,#5453,#5454,#5455,#5456,#5457,#5458,#5459,#5460,
#5461,#5462,#5463,#5464,#5465,#5466,#5467,#5468,#5469,#5470,#5471,#5472,
#5473,#5474,#5475,#5476,#5477,#5478,#5479,#5480,#5481,#5482,#5483,#5484,
#5485,#5486,#5487,#5488,#5489,#5490,#5491,#5492,#5493,#5494,#5495,#5496,
#5497,#5498,#5499,#5500,#5501,#5502,#5503,#5504,#5505,#5506,#5507,#5508,
#5509,#5510,#5511,#5512,#5513,#5514,#5515,#5516,#5517,#5518,#5519,#5520,
#5521,#5522,#5523,#5524,#5525,#5526,#5527,#5528,#5529,#5530,#5531,#5532,
#5533,#5534,#5535,#5536,#5537,#5538,#5539,#5540,#5541,#5542,#5543,#5544,
#5545,#5546,#5547,#5548,#5549,#5550,#5551,#5552,#5553,#5554,#5555,#5556,
#5557,#5558,#5559,#5560,#5561,#5562,#5563,#5564,#5565,#5566,#5567,#5568,
#5569,#5570,#5571,#5572,#5573,#5574,#5575,#5576,#5577,#5578,#5579,#5580,
#5581,#5582,#5583,#5584,#5585,#5586,#5587,#5588,#5589,#5590,#5591,#5592,
#5593,#5594,#5595,#5596,#5597,#5598,#5599,#5600,#5601,#5602,#5603,#5604,
#5605,#5606,#5607,#5608,#5609,#5610,#5611,#5612,#5613,#5614,#5615,#5616,
#5617,#5618,#5619,#5620,#5621,#5622,#5623));
#5625=DERIVED_UNIT_ELEMENT(#5627,1.);
#5626=DERIVED_UNIT_ELEMENT(#11072,-3.);
#5627=(
MASS_UNIT()
NAMED_UNIT(*)
SI_UNIT(.KILO.,.GRAM.)
);
#5628=DERIVED_UNIT((#5625,#5626));
#5629=MEASURE_REPRESENTATION_ITEM('density measure',
POSITIVE_RATIO_MEASURE(7850.),#5628);
#5630=PROPERTY_DEFINITION_REPRESENTATION(#5635,#5632);
#5631=PROPERTY_DEFINITION_REPRESENTATION(#5636,#5633);
#5632=REPRESENTATION('material name',(#5634),#11069);
#5633=REPRESENTATION('density',(#5629),#11069);
#5634=DESCRIPTIVE_REPRESENTATION_ITEM('\X2\AC15CCA0\X0\','\X2\AC15CCA0\X0\');
#5635=PROPERTY_DEFINITION('material property','material name',#11079);
#5636=PROPERTY_DEFINITION('material property','density of part',#11079);
#5637=AXIS2_PLACEMENT_3D('',#7824,#6207,#6208);
#5638=AXIS2_PLACEMENT_3D('',#7825,#6209,#6210);
#5639=AXIS2_PLACEMENT_3D('',#7828,#6211,#6212);
#5640=AXIS2_PLACEMENT_3D('',#7834,#6215,#6216);
#5641=AXIS2_PLACEMENT_3D('',#7838,#6219,#6220);
#5642=AXIS2_PLACEMENT_3D('',#7841,#6221,#6222);
#5643=AXIS2_PLACEMENT_3D('',#7847,#6225,#6226);
#5644=AXIS2_PLACEMENT_3D('',#7851,#6229,#6230);
#5645=AXIS2_PLACEMENT_3D('',#7857,#6234,#6235);
#5646=AXIS2_PLACEMENT_3D('',#7861,#6238,#6239);
#5647=AXIS2_PLACEMENT_3D('',#7864,#6241,#6242);
#5648=AXIS2_PLACEMENT_3D('',#7867,#6244,#6245);
#5649=AXIS2_PLACEMENT_3D('',#7868,#6246,#6247);
#5650=AXIS2_PLACEMENT_3D('',#7874,#6251,#6252);
#5651=AXIS2_PLACEMENT_3D('',#7877,#6254,#6255);
#5652=AXIS2_PLACEMENT_3D('',#7880,#6257,#6258);
#5653=AXIS2_PLACEMENT_3D('',#7881,#6259,#6260);
#5654=AXIS2_PLACEMENT_3D('',#7885,#6263,#6264);
#5655=AXIS2_PLACEMENT_3D('',#7888,#6265,#6266);
#5656=AXIS2_PLACEMENT_3D('',#7892,#6268,#6269);
#5657=AXIS2_PLACEMENT_3D('',#7894,#6271,#6272);
#5658=AXIS2_PLACEMENT_3D('',#7897,#6273,#6274);
#5659=AXIS2_PLACEMENT_3D('',#7898,#6275,#6276);
#5660=AXIS2_PLACEMENT_3D('',#7899,#6277,#6278);
#5661=AXIS2_PLACEMENT_3D('',#7900,#6279,#6280);
#5662=AXIS2_PLACEMENT_3D('',#7903,#6281,#6282);
#5663=AXIS2_PLACEMENT_3D('',#7906,#6285,#6286);
#5664=AXIS2_PLACEMENT_3D('',#7909,#6287,#6288);
#5665=AXIS2_PLACEMENT_3D('',#7910,#6289,#6290);
#5666=AXIS2_PLACEMENT_3D('',#7911,#6291,#6292);
#5667=AXIS2_PLACEMENT_3D('',#7912,#6293,#6294);
#5668=AXIS2_PLACEMENT_3D('',#7915,#6295,#6296);
#5669=AXIS2_PLACEMENT_3D('',#7918,#6299,#6300);
#5670=AXIS2_PLACEMENT_3D('',#7921,#6301,#6302);
#5671=AXIS2_PLACEMENT_3D('',#7922,#6303,#6304);
#5672=AXIS2_PLACEMENT_3D('',#7923,#6305,#6306);
#5673=AXIS2_PLACEMENT_3D('',#7924,#6307,#6308);
#5674=AXIS2_PLACEMENT_3D('',#7927,#6309,#6310);
#5675=AXIS2_PLACEMENT_3D('',#7930,#6313,#6314);
#5676=AXIS2_PLACEMENT_3D('',#7931,#6315,#6316);
#5677=AXIS2_PLACEMENT_3D('',#7932,#6317,#6318);
#5678=AXIS2_PLACEMENT_3D('',#7933,#6319,#6320);
#5679=AXIS2_PLACEMENT_3D('',#7937,#6322,#6323);
#5680=AXIS2_PLACEMENT_3D('',#7939,#6325,#6326);
#5681=AXIS2_PLACEMENT_3D('',#7943,#6329,#6330);
#5682=AXIS2_PLACEMENT_3D('',#7946,#6332,#6333);
#5683=AXIS2_PLACEMENT_3D('',#7947,#6334,#6335);
#5684=AXIS2_PLACEMENT_3D('',#7951,#6338,#6339);
#5685=AXIS2_PLACEMENT_3D('',#7958,#6342,#6343);
#5686=AXIS2_PLACEMENT_3D('',#7966,#6347,#6348);
#5687=AXIS2_PLACEMENT_3D('',#7974,#6352,#6353);
#5688=AXIS2_PLACEMENT_3D('',#7982,#6357,#6358);
#5689=AXIS2_PLACEMENT_3D('',#7987,#6361,#6362);
#5690=AXIS2_PLACEMENT_3D('',#7993,#6366,#6367);
#5691=AXIS2_PLACEMENT_3D('',#7994,#6368,#6369);
#5692=AXIS2_PLACEMENT_3D('',#7996,#6370,#6371);
#5693=AXIS2_PLACEMENT_3D('',#7998,#6372,#6373);
#5694=AXIS2_PLACEMENT_3D('',#7999,#6374,#6375);
#5695=AXIS2_PLACEMENT_3D('',#8000,#6376,#6377);
#5696=AXIS2_PLACEMENT_3D('',#8002,#6378,#6379);
#5697=AXIS2_PLACEMENT_3D('',#8004,#6381,#6382);
#5698=AXIS2_PLACEMENT_3D('',#8006,#6383,#6384);
#5699=AXIS2_PLACEMENT_3D('',#8007,#6385,#6386);
#5700=AXIS2_PLACEMENT_3D('',#8008,#6387,#6388);
#5701=AXIS2_PLACEMENT_3D('',#8011,#6389,#6390);
#5702=AXIS2_PLACEMENT_3D('',#8014,#6393,#6394);
#5703=AXIS2_PLACEMENT_3D('',#8017,#6395,#6396);
#5704=AXIS2_PLACEMENT_3D('',#8018,#6397,#6398);
#5705=AXIS2_PLACEMENT_3D('',#8019,#6399,#6400);
#5706=AXIS2_PLACEMENT_3D('',#8020,#6401,#6402);
#5707=AXIS2_PLACEMENT_3D('',#8023,#6403,#6404);
#5708=AXIS2_PLACEMENT_3D('',#8026,#6407,#6408);
#5709=AXIS2_PLACEMENT_3D('',#8028,#6409,#6410);
#5710=AXIS2_PLACEMENT_3D('',#8029,#6411,#6412);
#5711=AXIS2_PLACEMENT_3D('',#8030,#6413,#6414);
#5712=AXIS2_PLACEMENT_3D('',#8031,#6415,#6416);
#5713=AXIS2_PLACEMENT_3D('',#8033,#6418,#6419);
#5714=AXIS2_PLACEMENT_3D('',#8036,#6422,#6423);
#5715=AXIS2_PLACEMENT_3D('',#8037,#6424,#6425);
#5716=AXIS2_PLACEMENT_3D('',#8040,#6426,#6427);
#5717=AXIS2_PLACEMENT_3D('',#8044,#6429,#6430);
#5718=AXIS2_PLACEMENT_3D('',#8048,#6432,#6433);
#5719=AXIS2_PLACEMENT_3D('',#8052,#6435,#6436);
#5720=AXIS2_PLACEMENT_3D('',#8074,#6448,#6449);
#5721=AXIS2_PLACEMENT_3D('',#8076,#6451,#6452);
#5722=AXIS2_PLACEMENT_3D('',#8077,#6453,#6454);
#5723=AXIS2_PLACEMENT_3D('',#8080,#6455,#6456);
#5724=AXIS2_PLACEMENT_3D('',#8082,#6457,#6458);
#5725=AXIS2_PLACEMENT_3D('',#8083,#6459,#6460);
#5726=AXIS2_PLACEMENT_3D('',#8084,#6461,#6462);
#5727=AXIS2_PLACEMENT_3D('',#8087,#6463,#6464);
#5728=AXIS2_PLACEMENT_3D('',#8117,#6467,#6468);
#5729=AXIS2_PLACEMENT_3D('',#8118,#6469,#6470);
#5730=AXIS2_PLACEMENT_3D('',#8119,#6471,#6472);
#5731=AXIS2_PLACEMENT_3D('',#8120,#6473,#6474);
#5732=AXIS2_PLACEMENT_3D('',#8123,#6475,#6476);
#5733=AXIS2_PLACEMENT_3D('',#8158,#6479,#6480);
#5734=AXIS2_PLACEMENT_3D('',#8159,#6481,#6482);
#5735=AXIS2_PLACEMENT_3D('',#8160,#6483,#6484);
#5736=AXIS2_PLACEMENT_3D('',#8161,#6485,#6486);
#5737=AXIS2_PLACEMENT_3D('',#8164,#6487,#6488);
#5738=AXIS2_PLACEMENT_3D('',#8167,#6491,#6492);
#5739=AXIS2_PLACEMENT_3D('',#8170,#6493,#6494);
#5740=AXIS2_PLACEMENT_3D('',#8172,#6495,#6496);
#5741=AXIS2_PLACEMENT_3D('',#8173,#6497,#6498);
#5742=AXIS2_PLACEMENT_3D('',#8174,#6499,#6500);
#5743=AXIS2_PLACEMENT_3D('',#8177,#6501,#6502);
#5744=AXIS2_PLACEMENT_3D('',#8202,#6505,#6506);
#5745=AXIS2_PLACEMENT_3D('',#8203,#6507,#6508);
#5746=AXIS2_PLACEMENT_3D('',#8204,#6509,#6510);
#5747=AXIS2_PLACEMENT_3D('',#8265,#6511,#6512);
#5748=AXIS2_PLACEMENT_3D('',#8268,#6515,#6516);
#5749=AXIS2_PLACEMENT_3D('',#8271,#6517,#6518);
#5750=AXIS2_PLACEMENT_3D('',#8275,#6520,#6521);
#5751=AXIS2_PLACEMENT_3D('',#8304,#6523,#6524);
#5752=AXIS2_PLACEMENT_3D('',#8305,#6525,#6526);
#5753=AXIS2_PLACEMENT_3D('',#8306,#6527,#6528);
#5754=AXIS2_PLACEMENT_3D('',#8307,#6529,#6530);
#5755=AXIS2_PLACEMENT_3D('',#8310,#6531,#6532);
#5756=AXIS2_PLACEMENT_3D('',#8345,#6535,#6536);
#5757=AXIS2_PLACEMENT_3D('',#8346,#6537,#6538);
#5758=AXIS2_PLACEMENT_3D('',#8347,#6539,#6540);
#5759=AXIS2_PLACEMENT_3D('',#8348,#6541,#6542);
#5760=AXIS2_PLACEMENT_3D('',#8351,#6545,#6546);
#5761=AXIS2_PLACEMENT_3D('',#8354,#6547,#6548);
#5762=AXIS2_PLACEMENT_3D('',#8379,#6551,#6552);
#5763=AXIS2_PLACEMENT_3D('',#8380,#6553,#6554);
#5764=AXIS2_PLACEMENT_3D('',#8381,#6555,#6556);
#5765=AXIS2_PLACEMENT_3D('',#8444,#6557,#6558);
#5766=AXIS2_PLACEMENT_3D('',#8455,#6564,#6565);
#5767=AXIS2_PLACEMENT_3D('',#8456,#6566,#6567);
#5768=AXIS2_PLACEMENT_3D('',#8462,#6571,#6572);
#5769=AXIS2_PLACEMENT_3D('',#8465,#6574,#6575);
#5770=AXIS2_PLACEMENT_3D('',#8466,#6576,#6577);
#5771=AXIS2_PLACEMENT_3D('',#8473,#6582,#6583);
#5772=AXIS2_PLACEMENT_3D('',#8475,#6585,#6586);
#5773=AXIS2_PLACEMENT_3D('',#8476,#6587,#6588);
#5774=AXIS2_PLACEMENT_3D('',#8479,#6589,#6590);
#5775=AXIS2_PLACEMENT_3D('',#8483,#6592,#6593);
#5776=AXIS2_PLACEMENT_3D('',#8512,#6595,#6596);
#5777=AXIS2_PLACEMENT_3D('',#8513,#6597,#6598);
#5778=AXIS2_PLACEMENT_3D('',#8514,#6599,#6600);
#5779=AXIS2_PLACEMENT_3D('',#8515,#6601,#6602);
#5780=AXIS2_PLACEMENT_3D('',#8518,#6603,#6604);
#5781=AXIS2_PLACEMENT_3D('',#8522,#6606,#6607);
#5782=AXIS2_PLACEMENT_3D('',#8548,#6609,#6610);
#5783=AXIS2_PLACEMENT_3D('',#8551,#6611,#6612);
#5784=AXIS2_PLACEMENT_3D('',#8553,#6613,#6614);
#5785=AXIS2_PLACEMENT_3D('',#8554,#6615,#6616);
#5786=AXIS2_PLACEMENT_3D('',#8555,#6617,#6618);
#5787=AXIS2_PLACEMENT_3D('',#8558,#6619,#6620);
#5788=AXIS2_PLACEMENT_3D('',#8588,#6623,#6624);
#5789=AXIS2_PLACEMENT_3D('',#8589,#6625,#6626);
#5790=AXIS2_PLACEMENT_3D('',#8590,#6627,#6628);
#5791=AXIS2_PLACEMENT_3D('',#8591,#6629,#6630);
#5792=AXIS2_PLACEMENT_3D('',#8594,#6631,#6632);
#5793=AXIS2_PLACEMENT_3D('',#8596,#6633,#6634);
#5794=AXIS2_PLACEMENT_3D('',#8597,#6635,#6636);
#5795=AXIS2_PLACEMENT_3D('',#8598,#6637,#6638);
#5796=AXIS2_PLACEMENT_3D('',#8601,#6639,#6640);
#5797=AXIS2_PLACEMENT_3D('',#8626,#6643,#6644);
#5798=AXIS2_PLACEMENT_3D('',#8627,#6645,#6646);
#5799=AXIS2_PLACEMENT_3D('',#8628,#6647,#6648);
#5800=AXIS2_PLACEMENT_3D('',#8689,#6649,#6650);
#5801=AXIS2_PLACEMENT_3D('',#8719,#6653,#6654);
#5802=AXIS2_PLACEMENT_3D('',#8721,#6655,#6656);
#5803=AXIS2_PLACEMENT_3D('',#8723,#6657,#6658);
#5804=AXIS2_PLACEMENT_3D('',#8724,#6659,#6660);
#5805=AXIS2_PLACEMENT_3D('',#8725,#6661,#6662);
#5806=AXIS2_PLACEMENT_3D('',#8728,#6665,#6666);
#5807=AXIS2_PLACEMENT_3D('',#8731,#6667,#6668);
#5808=AXIS2_PLACEMENT_3D('',#8756,#6671,#6672);
#5809=AXIS2_PLACEMENT_3D('',#8757,#6673,#6674);
#5810=AXIS2_PLACEMENT_3D('',#8758,#6675,#6676);
#5811=AXIS2_PLACEMENT_3D('',#8845,#6677,#6678);
#5812=AXIS2_PLACEMENT_3D('',#8848,#6679,#6680);
#5813=AXIS2_PLACEMENT_3D('',#8852,#6682,#6683);
#5814=AXIS2_PLACEMENT_3D('',#8905,#6685,#6686);
#5815=AXIS2_PLACEMENT_3D('',#8907,#6687,#6688);
#5816=AXIS2_PLACEMENT_3D('',#8909,#6689,#6690);
#5817=AXIS2_PLACEMENT_3D('',#8910,#6691,#6692);
#5818=AXIS2_PLACEMENT_3D('',#8911,#6693,#6694);
#5819=AXIS2_PLACEMENT_3D('',#8914,#6695,#6696);
#5820=AXIS2_PLACEMENT_3D('',#8941,#6699,#6700);
#5821=AXIS2_PLACEMENT_3D('',#8943,#6702,#6703);
#5822=AXIS2_PLACEMENT_3D('',#8952,#6709,#6710);
#5823=AXIS2_PLACEMENT_3D('',#8955,#6712,#6713);
#5824=AXIS2_PLACEMENT_3D('',#8956,#6714,#6715);
#5825=AXIS2_PLACEMENT_3D('',#8960,#6718,#6719);
#5826=AXIS2_PLACEMENT_3D('',#8966,#6723,#6724);
#5827=AXIS2_PLACEMENT_3D('',#8968,#6726,#6727);
#5828=AXIS2_PLACEMENT_3D('',#8972,#6729,#6730);
#5829=AXIS2_PLACEMENT_3D('',#8975,#6732,#6733);
#5830=AXIS2_PLACEMENT_3D('',#8976,#6734,#6735);
#5831=AXIS2_PLACEMENT_3D('',#8984,#6740,#6741);
#5832=AXIS2_PLACEMENT_3D('',#8986,#6742,#6743);
#5833=AXIS2_PLACEMENT_3D('',#9007,#6747,#6748);
#5834=AXIS2_PLACEMENT_3D('',#9011,#6750,#6751);
#5835=AXIS2_PLACEMENT_3D('',#9027,#6755,#6756);
#5836=AXIS2_PLACEMENT_3D('',#9032,#6759,#6760);
#5837=AXIS2_PLACEMENT_3D('',#9034,#6761,#6762);
#5838=AXIS2_PLACEMENT_3D('',#9036,#6763,#6764);
#5839=AXIS2_PLACEMENT_3D('',#9038,#6765,#6766);
#5840=AXIS2_PLACEMENT_3D('',#9039,#6767,#6768);
#5841=AXIS2_PLACEMENT_3D('',#9043,#6770,#6771);
#5842=AXIS2_PLACEMENT_3D('',#9045,#6773,#6774);
#5843=AXIS2_PLACEMENT_3D('',#9047,#6776,#6777);
#5844=AXIS2_PLACEMENT_3D('',#9048,#6778,#6779);
#5845=AXIS2_PLACEMENT_3D('',#9052,#6781,#6782);
#5846=AXIS2_PLACEMENT_3D('',#9056,#6785,#6786);
#5847=AXIS2_PLACEMENT_3D('',#9057,#6787,#6788);
#5848=AXIS2_PLACEMENT_3D('',#9061,#6790,#6791);
#5849=AXIS2_PLACEMENT_3D('',#9064,#6794,#6795);
#5850=AXIS2_PLACEMENT_3D('',#9070,#6800,#6801);
#5851=AXIS2_PLACEMENT_3D('',#9071,#6802,#6803);
#5852=AXIS2_PLACEMENT_3D('',#9074,#6805,#6806);
#5853=AXIS2_PLACEMENT_3D('',#9075,#6807,#6808);
#5854=AXIS2_PLACEMENT_3D('',#9078,#6811,#6812);
#5855=AXIS2_PLACEMENT_3D('',#9079,#6813,#6814);
#5856=AXIS2_PLACEMENT_3D('',#9082,#6817,#6818);
#5857=AXIS2_PLACEMENT_3D('',#9084,#6820,#6821);
#5858=AXIS2_PLACEMENT_3D('',#9086,#6823,#6824);
#5859=AXIS2_PLACEMENT_3D('',#9088,#6826,#6827);
#5860=AXIS2_PLACEMENT_3D('',#9089,#6828,#6829);
#5861=AXIS2_PLACEMENT_3D('',#9092,#6830,#6831);
#5862=AXIS2_PLACEMENT_3D('',#9096,#6833,#6834);
#5863=AXIS2_PLACEMENT_3D('',#9133,#6836,#6837);
#5864=AXIS2_PLACEMENT_3D('',#9135,#6838,#6839);
#5865=AXIS2_PLACEMENT_3D('',#9195,#6840,#6841);
#5866=AXIS2_PLACEMENT_3D('',#9196,#6842,#6843);
#5867=AXIS2_PLACEMENT_3D('',#9197,#6844,#6845);
#5868=AXIS2_PLACEMENT_3D('',#9210,#6848,#6849);
#5869=AXIS2_PLACEMENT_3D('',#9212,#6851,#6852);
#5870=AXIS2_PLACEMENT_3D('',#9213,#6853,#6854);
#5871=AXIS2_PLACEMENT_3D('',#9214,#6855,#6856);
#5872=AXIS2_PLACEMENT_3D('',#9218,#6858,#6859);
#5873=AXIS2_PLACEMENT_3D('',#9257,#6861,#6862);
#5874=AXIS2_PLACEMENT_3D('',#9258,#6863,#6864);
#5875=AXIS2_PLACEMENT_3D('',#9259,#6865,#6866);
#5876=AXIS2_PLACEMENT_3D('',#9262,#6869,#6870);
#5877=AXIS2_PLACEMENT_3D('',#9266,#6872,#6873);
#5878=AXIS2_PLACEMENT_3D('',#9312,#6875,#6876);
#5879=AXIS2_PLACEMENT_3D('',#9313,#6877,#6878);
#5880=AXIS2_PLACEMENT_3D('',#9314,#6879,#6880);
#5881=AXIS2_PLACEMENT_3D('',#9317,#6883,#6884);
#5882=AXIS2_PLACEMENT_3D('',#9376,#6885,#6886);
#5883=AXIS2_PLACEMENT_3D('',#9378,#6887,#6888);
#5884=AXIS2_PLACEMENT_3D('',#9380,#6889,#6890);
#5885=AXIS2_PLACEMENT_3D('',#9389,#6891,#6892);
#5886=AXIS2_PLACEMENT_3D('',#9392,#6893,#6894);
#5887=AXIS2_PLACEMENT_3D('',#9437,#6897,#6898);
#5888=AXIS2_PLACEMENT_3D('',#9438,#6899,#6900);
#5889=AXIS2_PLACEMENT_3D('',#9439,#6901,#6902);
#5890=AXIS2_PLACEMENT_3D('',#9492,#6905,#6906);
#5891=AXIS2_PLACEMENT_3D('',#9494,#6907,#6908);
#5892=AXIS2_PLACEMENT_3D('',#9496,#6909,#6910);
#5893=AXIS2_PLACEMENT_3D('',#9517,#6911,#6912);
#5894=AXIS2_PLACEMENT_3D('',#9520,#6913,#6914);
#5895=AXIS2_PLACEMENT_3D('',#9562,#6917,#6918);
#5896=AXIS2_PLACEMENT_3D('',#9563,#6919,#6920);
#5897=AXIS2_PLACEMENT_3D('',#9564,#6921,#6922);
#5898=AXIS2_PLACEMENT_3D('',#9579,#6925,#6926);
#5899=AXIS2_PLACEMENT_3D('',#9581,#6928,#6929);
#5900=AXIS2_PLACEMENT_3D('',#9584,#6931,#6932);
#5901=AXIS2_PLACEMENT_3D('',#9643,#6933,#6934);
#5902=AXIS2_PLACEMENT_3D('',#9645,#6935,#6936);
#5903=AXIS2_PLACEMENT_3D('',#9647,#6937,#6938);
#5904=AXIS2_PLACEMENT_3D('',#9656,#6939,#6940);
#5905=AXIS2_PLACEMENT_3D('',#9659,#6941,#6942);
#5906=AXIS2_PLACEMENT_3D('',#9704,#6945,#6946);
#5907=AXIS2_PLACEMENT_3D('',#9705,#6947,#6948);
#5908=AXIS2_PLACEMENT_3D('',#9706,#6949,#6950);
#5909=AXIS2_PLACEMENT_3D('',#9709,#6953,#6954);
#5910=AXIS2_PLACEMENT_3D('',#9712,#6955,#6956);
#5911=AXIS2_PLACEMENT_3D('',#9716,#6958,#6959);
#5912=AXIS2_PLACEMENT_3D('',#9767,#6961,#6962);
#5913=AXIS2_PLACEMENT_3D('',#9769,#6963,#6964);
#5914=AXIS2_PLACEMENT_3D('',#9829,#6965,#6966);
#5915=AXIS2_PLACEMENT_3D('',#9830,#6967,#6968);
#5916=AXIS2_PLACEMENT_3D('',#9831,#6969,#6970);
#5917=AXIS2_PLACEMENT_3D('',#9835,#6972,#6973);
#5918=AXIS2_PLACEMENT_3D('',#9837,#6975,#6976);
#5919=AXIS2_PLACEMENT_3D('',#9897,#6978,#6979);
#5920=AXIS2_PLACEMENT_3D('',#9899,#6980,#6981);
#5921=AXIS2_PLACEMENT_3D('',#9901,#6982,#6983);
#5922=AXIS2_PLACEMENT_3D('',#9910,#6984,#6985);
#5923=AXIS2_PLACEMENT_3D('',#9913,#6986,#6987);
#5924=AXIS2_PLACEMENT_3D('',#9953,#6990,#6991);
#5925=AXIS2_PLACEMENT_3D('',#9954,#6992,#6993);
#5926=AXIS2_PLACEMENT_3D('',#9955,#6994,#6995);
#5927=AXIS2_PLACEMENT_3D('',#9958,#6998,#6999);
#5928=AXIS2_PLACEMENT_3D('',#9961,#7000,#7001);
#5929=AXIS2_PLACEMENT_3D('',#9965,#7003,#7004);
#5930=AXIS2_PLACEMENT_3D('',#10016,#7006,#7007);
#5931=AXIS2_PLACEMENT_3D('',#10018,#7008,#7009);
#5932=AXIS2_PLACEMENT_3D('',#10078,#7010,#7011);
#5933=AXIS2_PLACEMENT_3D('',#10079,#7012,#7013);
#5934=AXIS2_PLACEMENT_3D('',#10080,#7014,#7015);
#5935=AXIS2_PLACEMENT_3D('',#10084,#7017,#7018);
#5936=AXIS2_PLACEMENT_3D('',#10086,#7020,#7021);
#5937=AXIS2_PLACEMENT_3D('',#10145,#7023,#7024);
#5938=AXIS2_PLACEMENT_3D('',#10147,#7025,#7026);
#5939=AXIS2_PLACEMENT_3D('',#10148,#7027,#7028);
#5940=AXIS2_PLACEMENT_3D('',#10149,#7029,#7030);
#5941=AXIS2_PLACEMENT_3D('',#10152,#7031,#7032);
#5942=AXIS2_PLACEMENT_3D('',#10197,#7035,#7036);
#5943=AXIS2_PLACEMENT_3D('',#10198,#7037,#7038);
#5944=AXIS2_PLACEMENT_3D('',#10199,#7039,#7040);
#5945=AXIS2_PLACEMENT_3D('',#10233,#7043,#7044);
#5946=AXIS2_PLACEMENT_3D('',#10234,#7045,#7046);
#5947=AXIS2_PLACEMENT_3D('',#10267,#7047,#7048);
#5948=AXIS2_PLACEMENT_3D('',#10269,#7049,#7050);
#5949=AXIS2_PLACEMENT_3D('',#10270,#7051,#7052);
#5950=AXIS2_PLACEMENT_3D('',#10271,#7053,#7054);
#5951=AXIS2_PLACEMENT_3D('',#10274,#7057,#7058);
#5952=AXIS2_PLACEMENT_3D('',#10277,#7061,#7062);
#5953=AXIS2_PLACEMENT_3D('',#10279,#7064,#7065);
#5954=AXIS2_PLACEMENT_3D('',#10312,#7067,#7068);
#5955=AXIS2_PLACEMENT_3D('',#10313,#7069,#7070);
#5956=AXIS2_PLACEMENT_3D('',#10346,#7071,#7072);
#5957=AXIS2_PLACEMENT_3D('',#10348,#7073,#7074);
#5958=AXIS2_PLACEMENT_3D('',#10349,#7075,#7076);
#5959=AXIS2_PLACEMENT_3D('',#10350,#7077,#7078);
#5960=AXIS2_PLACEMENT_3D('',#10353,#7081,#7082);
#5961=AXIS2_PLACEMENT_3D('',#10356,#7085,#7086);
#5962=AXIS2_PLACEMENT_3D('',#10358,#7088,#7089);
#5963=AXIS2_PLACEMENT_3D('',#10360,#7091,#7092);
#5964=AXIS2_PLACEMENT_3D('',#10374,#7094,#7095);
#5965=AXIS2_PLACEMENT_3D('',#10375,#7096,#7097);
#5966=AXIS2_PLACEMENT_3D('',#10388,#7099,#7100);
#5967=AXIS2_PLACEMENT_3D('',#10390,#7102,#7103);
#5968=AXIS2_PLACEMENT_3D('',#10392,#7104,#7105);
#5969=AXIS2_PLACEMENT_3D('',#10397,#7108,#7109);
#5970=AXIS2_PLACEMENT_3D('',#10401,#7111,#7112);
#5971=AXIS2_PLACEMENT_3D('',#10405,#7115,#7116);
#5972=AXIS2_PLACEMENT_3D('',#10408,#7118,#7119);
#5973=AXIS2_PLACEMENT_3D('',#10410,#7120,#7121);
#5974=AXIS2_PLACEMENT_3D('',#10412,#7122,#7123);
#5975=AXIS2_PLACEMENT_3D('',#10414,#7124,#7125);
#5976=AXIS2_PLACEMENT_3D('',#10415,#7126,#7127);
#5977=AXIS2_PLACEMENT_3D('',#10439,#7142,#7143);
#5978=AXIS2_PLACEMENT_3D('',#10443,#7146,#7147);
#5979=AXIS2_PLACEMENT_3D('',#10445,#7149,#7150);
#5980=AXIS2_PLACEMENT_3D('',#10447,#7152,#7153);
#5981=AXIS2_PLACEMENT_3D('',#10450,#7156,#7157);
#5982=AXIS2_PLACEMENT_3D('',#10460,#7164,#7165);
#5983=AXIS2_PLACEMENT_3D('',#10462,#7167,#7168);
#5984=AXIS2_PLACEMENT_3D('',#10464,#7170,#7171);
#5985=AXIS2_PLACEMENT_3D('',#10465,#7172,#7173);
#5986=AXIS2_PLACEMENT_3D('',#10466,#7174,#7175);
#5987=AXIS2_PLACEMENT_3D('',#10467,#7176,#7177);
#5988=AXIS2_PLACEMENT_3D('',#10468,#7178,#7179);
#5989=AXIS2_PLACEMENT_3D('',#10469,#7180,#7181);
#5990=AXIS2_PLACEMENT_3D('',#10470,#7182,#7183);
#5991=AXIS2_PLACEMENT_3D('',#10471,#7184,#7185);
#5992=AXIS2_PLACEMENT_3D('',#10472,#7186,#7187);
#5993=AXIS2_PLACEMENT_3D('',#10473,#7188,#7189);
#5994=AXIS2_PLACEMENT_3D('',#10474,#7190,#7191);
#5995=AXIS2_PLACEMENT_3D('',#10475,#7192,#7193);
#5996=AXIS2_PLACEMENT_3D('',#10476,#7194,#7195);
#5997=AXIS2_PLACEMENT_3D('',#10478,#7196,#7197);
#5998=AXIS2_PLACEMENT_3D('',#10481,#7199,#7200);
#5999=AXIS2_PLACEMENT_3D('',#10482,#7201,#7202);
#6000=AXIS2_PLACEMENT_3D('',#10486,#7204,#7205);
#6001=AXIS2_PLACEMENT_3D('',#10487,#7206,#7207);
#6002=AXIS2_PLACEMENT_3D('',#10488,#7208,#7209);
#6003=AXIS2_PLACEMENT_3D('',#10490,#7210,#7211);
#6004=AXIS2_PLACEMENT_3D('',#10501,#7213,#7214);
#6005=AXIS2_PLACEMENT_3D('',#10502,#7215,#7216);
#6006=AXIS2_PLACEMENT_3D('',#10503,#7217,#7218);
#6007=AXIS2_PLACEMENT_3D('',#10504,#7219,#7220);
#6008=AXIS2_PLACEMENT_3D('',#10505,#7221,#7222);
#6009=AXIS2_PLACEMENT_3D('',#10511,#7226,#7227);
#6010=AXIS2_PLACEMENT_3D('',#10514,#7229,#7230);
#6011=AXIS2_PLACEMENT_3D('',#10515,#7231,#7232);
#6012=AXIS2_PLACEMENT_3D('',#10520,#7235,#7236);
#6013=AXIS2_PLACEMENT_3D('',#10522,#7237,#7238);
#6014=AXIS2_PLACEMENT_3D('',#10523,#7239,#7240);
#6015=AXIS2_PLACEMENT_3D('',#10526,#7241,#7242);
#6016=AXIS2_PLACEMENT_3D('',#10530,#7244,#7245);
#6017=AXIS2_PLACEMENT_3D('',#10532,#7247,#7248);
#6018=AXIS2_PLACEMENT_3D('',#10535,#7249,#7250);
#6019=AXIS2_PLACEMENT_3D('',#10538,#7252,#7253);
#6020=AXIS2_PLACEMENT_3D('',#10541,#7255,#7256);
#6021=AXIS2_PLACEMENT_3D('',#10542,#7257,#7258);
#6022=AXIS2_PLACEMENT_3D('',#10543,#7259,#7260);
#6023=AXIS2_PLACEMENT_3D('',#10544,#7261,#7262);
#6024=AXIS2_PLACEMENT_3D('',#10550,#7266,#7267);
#6025=AXIS2_PLACEMENT_3D('',#10553,#7269,#7270);
#6026=AXIS2_PLACEMENT_3D('',#10554,#7271,#7272);
#6027=AXIS2_PLACEMENT_3D('',#10566,#7278,#7279);
#6028=AXIS2_PLACEMENT_3D('',#10569,#7281,#7282);
#6029=AXIS2_PLACEMENT_3D('',#10570,#7283,#7284);
#6030=AXIS2_PLACEMENT_3D('',#10572,#7285,#7286);
#6031=AXIS2_PLACEMENT_3D('',#10574,#7288,#7289);
#6032=AXIS2_PLACEMENT_3D('',#10578,#7291,#7292);
#6033=AXIS2_PLACEMENT_3D('',#10580,#7294,#7295);
#6034=AXIS2_PLACEMENT_3D('',#10583,#7297,#7298);
#6035=AXIS2_PLACEMENT_3D('',#10585,#7300,#7301);
#6036=AXIS2_PLACEMENT_3D('',#10586,#7302,#7303);
#6037=AXIS2_PLACEMENT_3D('',#10587,#7304,#7305);
#6038=AXIS2_PLACEMENT_3D('',#10589,#7306,#7307);
#6039=AXIS2_PLACEMENT_3D('',#10593,#7309,#7310);
#6040=AXIS2_PLACEMENT_3D('',#10599,#7314,#7315);
#6041=AXIS2_PLACEMENT_3D('',#10600,#7316,#7317);
#6042=AXIS2_PLACEMENT_3D('',#10602,#7318,#7319);
#6043=AXIS2_PLACEMENT_3D('',#10614,#7321,#7322);
#6044=AXIS2_PLACEMENT_3D('',#10615,#7323,#7324);
#6045=AXIS2_PLACEMENT_3D('',#10616,#7325,#7326);
#6046=AXIS2_PLACEMENT_3D('',#10617,#7327,#7328);
#6047=AXIS2_PLACEMENT_3D('',#10619,#7329,#7330);
#6048=AXIS2_PLACEMENT_3D('',#10621,#7332,#7333);
#6049=AXIS2_PLACEMENT_3D('',#10623,#7334,#7335);
#6050=AXIS2_PLACEMENT_3D('',#10624,#7336,#7337);
#6051=AXIS2_PLACEMENT_3D('',#10625,#7338,#7339);
#6052=AXIS2_PLACEMENT_3D('',#10627,#7340,#7341);
#6053=AXIS2_PLACEMENT_3D('',#10629,#7343,#7344);
#6054=AXIS2_PLACEMENT_3D('',#10630,#7345,#7346);
#6055=AXIS2_PLACEMENT_3D('',#10631,#7347,#7348);
#6056=AXIS2_PLACEMENT_3D('',#10633,#7350,#7351);
#6057=AXIS2_PLACEMENT_3D('',#10635,#7353,#7354);
#6058=AXIS2_PLACEMENT_3D('',#10637,#7356,#7357);
#6059=AXIS2_PLACEMENT_3D('',#10651,#7365,#7366);
#6060=AXIS2_PLACEMENT_3D('',#10657,#7370,#7371);
#6061=AXIS2_PLACEMENT_3D('',#10658,#7372,#7373);
#6062=AXIS2_PLACEMENT_3D('',#10659,#7374,#7375);
#6063=AXIS2_PLACEMENT_3D('',#10660,#7376,#7377);
#6064=AXIS2_PLACEMENT_3D('',#10661,#7378,#7379);
#6065=AXIS2_PLACEMENT_3D('',#10662,#7380,#7381);
#6066=AXIS2_PLACEMENT_3D('',#10663,#7382,#7383);
#6067=AXIS2_PLACEMENT_3D('',#10664,#7384,#7385);
#6068=AXIS2_PLACEMENT_3D('',#10665,#7386,#7387);
#6069=AXIS2_PLACEMENT_3D('',#10667,#7388,#7389);
#6070=AXIS2_PLACEMENT_3D('',#10669,#7391,#7392);
#6071=AXIS2_PLACEMENT_3D('',#10682,#7399,#7400);
#6072=AXIS2_PLACEMENT_3D('',#10685,#7403,#7404);
#6073=AXIS2_PLACEMENT_3D('',#10687,#7406,#7407);
#6074=AXIS2_PLACEMENT_3D('',#10689,#7409,#7410);
#6075=AXIS2_PLACEMENT_3D('',#10691,#7412,#7413);
#6076=AXIS2_PLACEMENT_3D('',#10693,#7415,#7416);
#6077=AXIS2_PLACEMENT_3D('',#10694,#7417,#7418);
#6078=AXIS2_PLACEMENT_3D('',#10696,#7420,#7421);
#6079=AXIS2_PLACEMENT_3D('',#10699,#7423,#7424);
#6080=AXIS2_PLACEMENT_3D('',#10701,#7425,#7426);
#6081=AXIS2_PLACEMENT_3D('',#10702,#7427,#7428);
#6082=AXIS2_PLACEMENT_3D('',#10704,#7429,#7430);
#6083=AXIS2_PLACEMENT_3D('',#10707,#7432,#7433);
#6084=AXIS2_PLACEMENT_3D('',#10708,#7434,#7435);
#6085=AXIS2_PLACEMENT_3D('',#10709,#7436,#7437);
#6086=AXIS2_PLACEMENT_3D('',#10717,#7442,#7443);
#6087=AXIS2_PLACEMENT_3D('',#10719,#7445,#7446);
#6088=AXIS2_PLACEMENT_3D('',#10721,#7448,#7449);
#6089=AXIS2_PLACEMENT_3D('',#10723,#7451,#7452);
#6090=AXIS2_PLACEMENT_3D('',#10724,#7453,#7454);
#6091=AXIS2_PLACEMENT_3D('',#10726,#7455,#7456);
#6092=AXIS2_PLACEMENT_3D('',#10727,#7457,#7458);
#6093=AXIS2_PLACEMENT_3D('',#10730,#7460,#7461);
#6094=AXIS2_PLACEMENT_3D('',#10731,#7462,#7463);
#6095=AXIS2_PLACEMENT_3D('',#10732,#7464,#7465);
#6096=AXIS2_PLACEMENT_3D('',#10734,#7466,#7467);
#6097=AXIS2_PLACEMENT_3D('',#10735,#7468,#7469);
#6098=AXIS2_PLACEMENT_3D('',#10738,#7471,#7472);
#6099=AXIS2_PLACEMENT_3D('',#10739,#7473,#7474);
#6100=AXIS2_PLACEMENT_3D('',#10740,#7475,#7476);
#6101=AXIS2_PLACEMENT_3D('',#10741,#7477,#7478);
#6102=AXIS2_PLACEMENT_3D('',#10743,#7480,#7481);
#6103=AXIS2_PLACEMENT_3D('',#10744,#7482,#7483);
#6104=AXIS2_PLACEMENT_3D('',#10745,#7484,#7485);
#6105=AXIS2_PLACEMENT_3D('',#10746,#7486,#7487);
#6106=AXIS2_PLACEMENT_3D('',#10747,#7488,#7489);
#6107=AXIS2_PLACEMENT_3D('',#10748,#7490,#7491);
#6108=AXIS2_PLACEMENT_3D('',#10749,#7492,#7493);
#6109=AXIS2_PLACEMENT_3D('',#10750,#7494,#7495);
#6110=AXIS2_PLACEMENT_3D('',#10751,#7496,#7497);
#6111=AXIS2_PLACEMENT_3D('',#10752,#7498,#7499);
#6112=AXIS2_PLACEMENT_3D('',#10753,#7500,#7501);
#6113=AXIS2_PLACEMENT_3D('',#10754,#7502,#7503);
#6114=AXIS2_PLACEMENT_3D('',#10763,#7508,#7509);
#6115=AXIS2_PLACEMENT_3D('',#10769,#7513,#7514);
#6116=AXIS2_PLACEMENT_3D('',#10775,#7518,#7519);
#6117=AXIS2_PLACEMENT_3D('',#10781,#7523,#7524);
#6118=AXIS2_PLACEMENT_3D('',#10787,#7528,#7529);
#6119=AXIS2_PLACEMENT_3D('',#10790,#7532,#7533);
#6120=AXIS2_PLACEMENT_3D('',#10796,#7537,#7538);
#6121=AXIS2_PLACEMENT_3D('',#10800,#7541,#7542);
#6122=AXIS2_PLACEMENT_3D('',#10806,#7546,#7547);
#6123=AXIS2_PLACEMENT_3D('',#10812,#7551,#7552);
#6124=AXIS2_PLACEMENT_3D('',#10818,#7556,#7557);
#6125=AXIS2_PLACEMENT_3D('',#10820,#7558,#7559);
#6126=AXIS2_PLACEMENT_3D('',#10821,#7560,#7561);
#6127=AXIS2_PLACEMENT_3D('',#10825,#7564,#7565);
#6128=AXIS2_PLACEMENT_3D('',#10829,#7568,#7569);
#6129=AXIS2_PLACEMENT_3D('',#10831,#7571,#7572);
#6130=AXIS2_PLACEMENT_3D('',#10833,#7574,#7575);
#6131=AXIS2_PLACEMENT_3D('',#10834,#7576,#7577);
#6132=AXIS2_PLACEMENT_3D('',#10836,#7578,#7579);
#6133=AXIS2_PLACEMENT_3D('',#10839,#7581,#7582);
#6134=AXIS2_PLACEMENT_3D('',#10840,#7583,#7584);
#6135=AXIS2_PLACEMENT_3D('',#10842,#7586,#7587);
#6136=AXIS2_PLACEMENT_3D('',#10844,#7589,#7590);
#6137=AXIS2_PLACEMENT_3D('',#10845,#7591,#7592);
#6138=AXIS2_PLACEMENT_3D('',#10847,#7594,#7595);
#6139=AXIS2_PLACEMENT_3D('',#10856,#7600,#7601);
#6140=AXIS2_PLACEMENT_3D('',#10862,#7605,#7606);
#6141=AXIS2_PLACEMENT_3D('',#10868,#7610,#7611);
#6142=AXIS2_PLACEMENT_3D('',#10874,#7615,#7616);
#6143=AXIS2_PLACEMENT_3D('',#10880,#7620,#7621);
#6144=AXIS2_PLACEMENT_3D('',#10883,#7624,#7625);
#6145=AXIS2_PLACEMENT_3D('',#10892,#7630,#7631);
#6146=AXIS2_PLACEMENT_3D('',#10898,#7635,#7636);
#6147=AXIS2_PLACEMENT_3D('',#10904,#7640,#7641);
#6148=AXIS2_PLACEMENT_3D('',#10910,#7645,#7646);
#6149=AXIS2_PLACEMENT_3D('',#10916,#7650,#7651);
#6150=AXIS2_PLACEMENT_3D('',#10919,#7654,#7655);
#6151=AXIS2_PLACEMENT_3D('',#10928,#7660,#7661);
#6152=AXIS2_PLACEMENT_3D('',#10934,#7665,#7666);
#6153=AXIS2_PLACEMENT_3D('',#10940,#7670,#7671);
#6154=AXIS2_PLACEMENT_3D('',#10946,#7675,#7676);
#6155=AXIS2_PLACEMENT_3D('',#10952,#7680,#7681);
#6156=AXIS2_PLACEMENT_3D('',#10955,#7684,#7685);
#6157=AXIS2_PLACEMENT_3D('',#10957,#7686,#7687);
#6158=AXIS2_PLACEMENT_3D('',#10959,#7689,#7690);
#6159=AXIS2_PLACEMENT_3D('',#10961,#7691,#7692);
#6160=AXIS2_PLACEMENT_3D('',#10963,#7694,#7695);
#6161=AXIS2_PLACEMENT_3D('',#10965,#7696,#7697);
#6162=AXIS2_PLACEMENT_3D('',#10967,#7699,#7700);
#6163=AXIS2_PLACEMENT_3D('',#10968,#7701,#7702);
#6164=AXIS2_PLACEMENT_3D('',#10969,#7703,#7704);
#6165=AXIS2_PLACEMENT_3D('',#10970,#7705,#7706);
#6166=AXIS2_PLACEMENT_3D('',#10972,#7707,#7708);
#6167=AXIS2_PLACEMENT_3D('',#10974,#7710,#7711);
#6168=AXIS2_PLACEMENT_3D('',#10978,#7714,#7715);
#6169=AXIS2_PLACEMENT_3D('',#10979,#7716,#7717);
#6170=AXIS2_PLACEMENT_3D('',#10980,#7718,#7719);
#6171=AXIS2_PLACEMENT_3D('',#10982,#7720,#7721);
#6172=AXIS2_PLACEMENT_3D('',#10984,#7723,#7724);
#6173=AXIS2_PLACEMENT_3D('',#10988,#7727,#7728);
#6174=AXIS2_PLACEMENT_3D('',#10990,#7729,#7730);
#6175=AXIS2_PLACEMENT_3D('',#10992,#7732,#7733);
#6176=AXIS2_PLACEMENT_3D('',#10998,#7737,#7738);
#6177=AXIS2_PLACEMENT_3D('',#11004,#7742,#7743);
#6178=AXIS2_PLACEMENT_3D('',#11006,#7745,#7746);
#6179=AXIS2_PLACEMENT_3D('',#11008,#7748,#7749);
#6180=AXIS2_PLACEMENT_3D('',#11010,#7751,#7752);
#6181=AXIS2_PLACEMENT_3D('',#11012,#7753,#7754);
#6182=AXIS2_PLACEMENT_3D('',#11013,#7755,#7756);
#6183=AXIS2_PLACEMENT_3D('',#11015,#7757,#7758);
#6184=AXIS2_PLACEMENT_3D('',#11019,#7760,#7761);
#6185=AXIS2_PLACEMENT_3D('',#11022,#7763,#7764);
#6186=AXIS2_PLACEMENT_3D('',#11024,#7765,#7766);
#6187=AXIS2_PLACEMENT_3D('',#11026,#7767,#7768);
#6188=AXIS2_PLACEMENT_3D('',#11028,#7769,#7770);
#6189=AXIS2_PLACEMENT_3D('',#11029,#7771,#7772);
#6190=AXIS2_PLACEMENT_3D('',#11032,#7775,#7776);
#6191=AXIS2_PLACEMENT_3D('',#11035,#7779,#7780);
#6192=AXIS2_PLACEMENT_3D('',#11036,#7781,#7782);
#6193=AXIS2_PLACEMENT_3D('',#11037,#7783,#7784);
#6194=AXIS2_PLACEMENT_3D('',#11038,#7785,#7786);
#6195=AXIS2_PLACEMENT_3D('',#11039,#7787,#7788);
#6196=AXIS2_PLACEMENT_3D('',#11040,#7789,#7790);
#6197=AXIS2_PLACEMENT_3D('',#11048,#7795,#7796);
#6198=AXIS2_PLACEMENT_3D('',#11051,#7799,#7800);
#6199=AXIS2_PLACEMENT_3D('',#11052,#7801,#7802);
#6200=AXIS2_PLACEMENT_3D('',#11054,#7804,#7805);
#6201=AXIS2_PLACEMENT_3D('',#11055,#7806,#7807);
#6202=AXIS2_PLACEMENT_3D('',#11057,#7809,#7810);
#6203=AXIS2_PLACEMENT_3D('',#11059,#7812,#7813);
#6204=AXIS2_PLACEMENT_3D('',#11061,#7815,#7816);
#6205=AXIS2_PLACEMENT_3D('',#11063,#7818,#7819);
#6206=AXIS2_PLACEMENT_3D('',#11065,#7821,#7822);
#6207=DIRECTION('axis',(0.,0.,1.));
#6208=DIRECTION('refdir',(1.,0.,0.));
#6209=DIRECTION('center_axis',(0.,-1.,0.));
#6210=DIRECTION('ref_axis',(1.,0.,0.));
#6211=DIRECTION('center_axis',(0.,-1.,0.));
#6212=DIRECTION('ref_axis',(1.,0.,0.));
#6213=DIRECTION('',(0.,0.,-1.));
#6214=DIRECTION('',(1.,0.,0.));
#6215=DIRECTION('center_axis',(0.,1.,0.));
#6216=DIRECTION('ref_axis',(1.,0.,0.));
#6217=DIRECTION('',(1.,0.,0.));
#6218=DIRECTION('',(0.,0.,1.));
#6219=DIRECTION('center_axis',(0.,-1.,0.));
#6220=DIRECTION('ref_axis',(1.,0.,0.));
#6221=DIRECTION('center_axis',(0.,-1.,0.));
#6222=DIRECTION('ref_axis',(1.,0.,0.));
#6223=DIRECTION('',(0.,0.,-1.));
#6224=DIRECTION('',(1.,0.,0.));
#6225=DIRECTION('center_axis',(0.,1.,0.));
#6226=DIRECTION('ref_axis',(1.,0.,0.));
#6227=DIRECTION('',(1.,0.,0.));
#6228=DIRECTION('',(0.,0.,1.));
#6229=DIRECTION('center_axis',(0.,0.,1.));
#6230=DIRECTION('ref_axis',(-1.,0.,0.));
#6231=DIRECTION('',(0.,-1.,0.));
#6232=DIRECTION('',(1.,0.,0.));
#6233=DIRECTION('',(0.,-1.,0.));
#6234=DIRECTION('center_axis',(1.,0.,0.));
#6235=DIRECTION('ref_axis',(0.,0.,1.));
#6236=DIRECTION('',(0.,-1.,0.));
#6237=DIRECTION('',(0.,0.,-1.));
#6238=DIRECTION('center_axis',(0.,1.,0.));
#6239=DIRECTION('ref_axis',(1.,0.,0.));
#6240=DIRECTION('',(0.,-1.,0.));
#6241=DIRECTION('center_axis',(0.,1.,0.));
#6242=DIRECTION('ref_axis',(1.,0.,0.));
#6243=DIRECTION('',(0.,1.,0.));
#6244=DIRECTION('center_axis',(0.,-1.,0.));
#6245=DIRECTION('ref_axis',(1.,0.,0.));
#6246=DIRECTION('center_axis',(1.,0.,0.));
#6247=DIRECTION('ref_axis',(0.,0.,1.));
#6248=DIRECTION('',(0.,-1.,0.));
#6249=DIRECTION('',(0.,0.,-1.));
#6250=DIRECTION('',(0.,-1.,0.));
#6251=DIRECTION('center_axis',(0.,1.,0.));
#6252=DIRECTION('ref_axis',(1.,0.,0.));
#6253=DIRECTION('',(0.,-1.,0.));
#6254=DIRECTION('center_axis',(0.,1.,0.));
#6255=DIRECTION('ref_axis',(1.,0.,0.));
#6256=DIRECTION('',(0.,1.,0.));
#6257=DIRECTION('center_axis',(0.,1.,0.));
#6258=DIRECTION('ref_axis',(1.,0.,0.));
#6259=DIRECTION('center_axis',(-1.,0.,0.));
#6260=DIRECTION('ref_axis',(0.,0.,-1.));
#6261=DIRECTION('',(0.,-1.,0.));
#6262=DIRECTION('',(0.,0.,1.));
#6263=DIRECTION('center_axis',(0.,0.,1.));
#6264=DIRECTION('ref_axis',(0.707106781186543,-0.707106781186552,0.));
#6265=DIRECTION('center_axis',(0.,0.,1.));
#6266=DIRECTION('ref_axis',(0.,-1.,0.));
#6267=DIRECTION('',(0.,0.,1.));
#6268=DIRECTION('center_axis',(0.,0.,-1.));
#6269=DIRECTION('ref_axis',(1.,0.,0.));
#6270=DIRECTION('',(0.,0.,-1.));
#6271=DIRECTION('center_axis',(0.,-1.,0.));
#6272=DIRECTION('ref_axis',(0.,0.,-1.));
#6273=DIRECTION('center_axis',(-1.,0.,0.));
#6274=DIRECTION('ref_axis',(0.,0.,-1.));
#6275=DIRECTION('center_axis',(0.,-1.,0.));
#6276=DIRECTION('ref_axis',(-0.707106781186548,0.,0.707106781186548));
#6277=DIRECTION('center_axis',(0.,1.,0.));
#6278=DIRECTION('ref_axis',(-0.707106781186548,0.,0.707106781186548));
#6279=DIRECTION('center_axis',(1.,0.,0.));
#6280=DIRECTION('ref_axis',(0.,-0.707106781186554,-0.707106781186541));
#6281=DIRECTION('center_axis',(-1.,0.,0.));
#6282=DIRECTION('ref_axis',(0.,0.,-1.));
#6283=DIRECTION('',(-1.,0.,0.));
#6284=DIRECTION('',(1.,0.,0.));
#6285=DIRECTION('center_axis',(0.,-1.,0.));
#6286=DIRECTION('ref_axis',(0.,0.,-1.));
#6287=DIRECTION('center_axis',(0.,0.,1.));
#6288=DIRECTION('ref_axis',(-1.,0.,0.));
#6289=DIRECTION('center_axis',(0.,-1.,0.));
#6290=DIRECTION('ref_axis',(0.707106781186548,0.,0.707106781186547));
#6291=DIRECTION('center_axis',(0.,1.,0.));
#6292=DIRECTION('ref_axis',(0.707106781186548,0.,0.707106781186547));
#6293=DIRECTION('center_axis',(-2.7755575615629E-16,0.,-1.));
#6294=DIRECTION('ref_axis',(-0.707106781186542,-0.707106781186553,0.));
#6295=DIRECTION('center_axis',(0.,0.,1.));
#6296=DIRECTION('ref_axis',(-1.,0.,0.));
#6297=DIRECTION('',(2.7755575615629E-16,0.,1.));
#6298=DIRECTION('',(-2.7755575615629E-16,0.,-1.));
#6299=DIRECTION('center_axis',(0.,-1.,0.));
#6300=DIRECTION('ref_axis',(0.,0.,-1.));
#6301=DIRECTION('center_axis',(1.,0.,0.));
#6302=DIRECTION('ref_axis',(0.,0.,1.));
#6303=DIRECTION('center_axis',(0.,-1.,0.));
#6304=DIRECTION('ref_axis',(0.707106781186548,0.,-0.707106781186547));
#6305=DIRECTION('center_axis',(0.,1.,0.));
#6306=DIRECTION('ref_axis',(0.707106781186548,0.,-0.707106781186547));
#6307=DIRECTION('center_axis',(-1.,0.,0.));
#6308=DIRECTION('ref_axis',(0.,-0.707106781186554,0.707106781186541));
#6309=DIRECTION('center_axis',(1.,0.,0.));
#6310=DIRECTION('ref_axis',(0.,0.,1.));
#6311=DIRECTION('',(1.,0.,0.));
#6312=DIRECTION('',(-1.,0.,0.));
#6313=DIRECTION('center_axis',(0.,-1.,0.));
#6314=DIRECTION('ref_axis',(0.,0.,-1.));
#6315=DIRECTION('center_axis',(0.,1.,0.));
#6316=DIRECTION('ref_axis',(-0.707106781186548,0.,-0.707106781186548));
#6317=DIRECTION('center_axis',(0.,-1.,0.));
#6318=DIRECTION('ref_axis',(-0.707106781186548,0.,-0.707106781186548));
#6319=DIRECTION('center_axis',(0.,-1.,0.));
#6320=DIRECTION('ref_axis',(0.707106781186548,0.,0.707106781186547));
#6321=DIRECTION('',(0.,1.,0.));
#6322=DIRECTION('center_axis',(0.,-1.,0.));
#6323=DIRECTION('ref_axis',(0.707106781186548,0.,0.707106781186547));
#6324=DIRECTION('',(0.,-1.,0.));
#6325=DIRECTION('center_axis',(0.,0.,1.));
#6326=DIRECTION('ref_axis',(-1.,0.,0.));
#6327=DIRECTION('',(0.,-1.,0.));
#6328=DIRECTION('',(-1.,0.,0.));
#6329=DIRECTION('center_axis',(0.,-1.,0.));
#6330=DIRECTION('ref_axis',(-0.707106781186549,0.,0.707106781186546));
#6331=DIRECTION('',(0.,1.,0.));
#6332=DIRECTION('center_axis',(0.,-1.,0.));
#6333=DIRECTION('ref_axis',(-0.707106781186548,0.,0.707106781186548));
#6334=DIRECTION('center_axis',(-1.,0.,0.));
#6335=DIRECTION('ref_axis',(0.,0.,-1.));
#6336=DIRECTION('',(0.,-1.,0.));
#6337=DIRECTION('',(0.,0.,-1.));
#6338=DIRECTION('center_axis',(0.,1.,0.));
#6339=DIRECTION('ref_axis',(-1.,0.,0.));
#6340=DIRECTION('',(0.,0.,1.));
#6341=DIRECTION('',(1.,0.,3.17206578464331E-16));
#6342=DIRECTION('center_axis',(0.,1.,0.));
#6343=DIRECTION('ref_axis',(0.707106781186547,0.,0.707106781186548));
#6344=DIRECTION('',(0.,0.,-1.));
#6345=DIRECTION('',(-1.,0.,9.57088814332031E-17));
#6346=DIRECTION('',(7.93016446160803E-16,0.,1.));
#6347=DIRECTION('center_axis',(0.,1.,0.));
#6348=DIRECTION('ref_axis',(-0.707106781186547,0.,0.707106781186548));
#6349=DIRECTION('',(1.,0.,6.34413156928658E-16));
#6350=DIRECTION('',(0.,0.,-1.));
#6351=DIRECTION('',(-1.,0.,-5.94762334620619E-17));
#6352=DIRECTION('center_axis',(0.,1.,0.));
#6353=DIRECTION('ref_axis',(-0.707106781186547,0.,-0.707106781186548));
#6354=DIRECTION('',(1.91417762866406E-16,0.,1.));
#6355=DIRECTION('',(1.,0.,0.));
#6356=DIRECTION('',(-1.18952466924125E-15,0.,-1.));
#6357=DIRECTION('center_axis',(0.,1.,0.));
#6358=DIRECTION('ref_axis',(0.707106781186547,0.,-0.707106781186548));
#6359=DIRECTION('',(-1.,0.,-4.95635278850515E-17));
#6360=DIRECTION('',(1.,0.,0.));
#6361=DIRECTION('center_axis',(0.,1.,0.));
#6362=DIRECTION('ref_axis',(1.,0.,0.));
#6363=DIRECTION('',(1.,0.,0.));
#6364=DIRECTION('',(0.,0.,1.));
#6365=DIRECTION('',(1.,0.,0.));
#6366=DIRECTION('center_axis',(0.,1.,0.));
#6367=DIRECTION('ref_axis',(1.,0.,0.));
#6368=DIRECTION('center_axis',(0.,1.,0.));
#6369=DIRECTION('ref_axis',(0.,0.,1.));
#6370=DIRECTION('center_axis',(0.,0.,1.));
#6371=DIRECTION('ref_axis',(1.,0.,0.));
#6372=DIRECTION('center_axis',(0.,1.,0.));
#6373=DIRECTION('ref_axis',(-0.707106781186548,0.,0.707106781186548));
#6374=DIRECTION('center_axis',(-1.,0.,0.));
#6375=DIRECTION('ref_axis',(0.,1.,0.));
#6376=DIRECTION('center_axis',(-1.,0.,0.));
#6377=DIRECTION('ref_axis',(0.,0.707106781186554,-0.707106781186541));
#6378=DIRECTION('center_axis',(-1.,0.,0.));
#6379=DIRECTION('ref_axis',(0.,1.,0.));
#6380=DIRECTION('',(1.,0.,0.));
#6381=DIRECTION('center_axis',(0.,1.,0.));
#6382=DIRECTION('ref_axis',(0.,0.,1.));
#6383=DIRECTION('center_axis',(0.,0.,1.));
#6384=DIRECTION('ref_axis',(0.,1.,0.));
#6385=DIRECTION('center_axis',(0.,1.,0.));
#6386=DIRECTION('ref_axis',(0.707106781186548,0.,0.707106781186547));
#6387=DIRECTION('center_axis',(2.7755575615629E-16,0.,1.));
#6388=DIRECTION('ref_axis',(-0.707106781186542,0.707106781186553,0.));
#6389=DIRECTION('center_axis',(0.,0.,1.));
#6390=DIRECTION('ref_axis',(0.,1.,0.));
#6391=DIRECTION('',(2.7755575615629E-16,0.,1.));
#6392=DIRECTION('',(-2.7755575615629E-16,0.,-1.));
#6393=DIRECTION('center_axis',(0.,1.,0.));
#6394=DIRECTION('ref_axis',(0.,0.,1.));
#6395=DIRECTION('center_axis',(1.,0.,0.));
#6396=DIRECTION('ref_axis',(0.,1.,0.));
#6397=DIRECTION('center_axis',(0.,-1.,0.));
#6398=DIRECTION('ref_axis',(0.707106781186548,0.,-0.707106781186547));
#6399=DIRECTION('center_axis',(0.,1.,0.));
#6400=DIRECTION('ref_axis',(0.707106781186548,0.,-0.707106781186547));
#6401=DIRECTION('center_axis',(1.,0.,0.));
#6402=DIRECTION('ref_axis',(0.,0.707106781186554,0.707106781186541));
#6403=DIRECTION('center_axis',(1.,0.,0.));
#6404=DIRECTION('ref_axis',(0.,1.,0.));
#6405=DIRECTION('',(1.,0.,0.));
#6406=DIRECTION('',(-1.,0.,0.));
#6407=DIRECTION('center_axis',(0.,1.,0.));
#6408=DIRECTION('ref_axis',(0.,0.,1.));
#6409=DIRECTION('center_axis',(0.,0.,-1.));
#6410=DIRECTION('ref_axis',(0.,1.,0.));
#6411=DIRECTION('center_axis',(0.,-1.,0.));
#6412=DIRECTION('ref_axis',(-0.707106781186548,0.,-0.707106781186548));
#6413=DIRECTION('center_axis',(0.,1.,0.));
#6414=DIRECTION('ref_axis',(-0.707106781186548,0.,-0.707106781186548));
#6415=DIRECTION('center_axis',(0.,0.,-1.));
#6416=DIRECTION('ref_axis',(0.707106781186543,0.707106781186552,0.));
#6417=DIRECTION('',(0.,0.,1.));
#6418=DIRECTION('center_axis',(0.,0.,-1.));
#6419=DIRECTION('ref_axis',(1.,0.,0.));
#6420=DIRECTION('',(0.,-1.,0.));
#6421=DIRECTION('',(0.,1.,0.));
#6422=DIRECTION('center_axis',(0.,-1.,0.));
#6423=DIRECTION('ref_axis',(-0.707106781186549,0.,-0.707106781186546));
#6424=DIRECTION('center_axis',(0.,1.,0.));
#6425=DIRECTION('ref_axis',(-1.,0.,0.));
#6426=DIRECTION('center_axis',(0.,1.,0.));
#6427=DIRECTION('ref_axis',(0.707106781186544,0.,0.707106781186551));
#6428=DIRECTION('',(0.,0.,-1.));
#6429=DIRECTION('center_axis',(0.,-1.,0.));
#6430=DIRECTION('ref_axis',(4.19180083055709E-16,0.,-1.));
#6431=DIRECTION('',(1.,0.,-6.58886068026799E-17));
#6432=DIRECTION('center_axis',(0.,-1.,0.));
#6433=DIRECTION('ref_axis',(-4.19180083055709E-16,0.,-1.));
#6434=DIRECTION('',(0.,0.,1.));
#6435=DIRECTION('center_axis',(0.,1.,0.));
#6436=DIRECTION('ref_axis',(-0.707106781186548,0.,0.707106781186548));
#6437=DIRECTION('',(1.,0.,1.49880108324393E-15));
#6438=DIRECTION('',(0.,0.,-1.));
#6439=DIRECTION('',(-0.866025403784439,0.,-0.5));
#6440=DIRECTION('',(-0.866025403784439,0.,0.5));
#6441=DIRECTION('',(0.,0.,1.));
#6442=DIRECTION('',(1.,0.,0.));
#6443=DIRECTION('',(6.79431990283728E-16,0.,-1.));
#6444=DIRECTION('',(-0.866025403784439,0.,-0.5));
#6445=DIRECTION('',(-0.866025403784439,0.,0.5));
#6446=DIRECTION('',(-6.79431990283728E-16,0.,1.));
#6447=DIRECTION('',(1.,0.,0.));
#6448=DIRECTION('center_axis',(0.,-1.,0.));
#6449=DIRECTION('ref_axis',(0.707106781186549,0.,-0.707106781186546));
#6450=DIRECTION('',(0.,1.,0.));
#6451=DIRECTION('center_axis',(1.,0.,-2.7755575615629E-16));
#6452=DIRECTION('ref_axis',(2.7755575615629E-16,0.,1.));
#6453=DIRECTION('center_axis',(0.408248290463865,0.408248290463858,-0.816496580927727));
#6454=DIRECTION('ref_axis',(-0.577350269189628,-0.577350269189621,-0.577350269189628));
#6455=DIRECTION('center_axis',(1.,0.,0.));
#6456=DIRECTION('ref_axis',(0.,0.,-1.));
#6457=DIRECTION('center_axis',(0.,1.,0.));
#6458=DIRECTION('ref_axis',(-1.,0.,0.));
#6459=DIRECTION('center_axis',(2.2204460492503E-15,0.,1.));
#6460=DIRECTION('ref_axis',(0.,-1.,0.));
#6461=DIRECTION('center_axis',(0.,1.,5.73388263202142E-17));
#6462=DIRECTION('ref_axis',(-0.707106781186549,0.,-0.707106781186546));
#6463=DIRECTION('center_axis',(0.,1.,0.));
#6464=DIRECTION('ref_axis',(0.,0.,-1.));
#6465=DIRECTION('',(0.,-1.,-5.73388263202142E-17));
#6466=DIRECTION('',(0.,1.,5.73388263202142E-17));
#6467=DIRECTION('center_axis',(0.,0.,-1.));
#6468=DIRECTION('ref_axis',(-0.902034672657858,-0.431663583503441,0.));
#6469=DIRECTION('center_axis',(1.,0.,0.));
#6470=DIRECTION('ref_axis',(0.,1.,0.));
#6471=DIRECTION('center_axis',(-0.977721418227049,-0.209906713423101,8.68391064147865E-15));
#6472=DIRECTION('ref_axis',(-0.209906713423101,0.977721418227049,0.));
#6473=DIRECTION('center_axis',(0.,0.,-1.));
#6474=DIRECTION('ref_axis',(-0.975201177362353,-0.221320273972089,0.));
#6475=DIRECTION('center_axis',(0.,0.,-1.));
#6476=DIRECTION('ref_axis',(-0.902034672657838,-0.431663583503482,0.));
#6477=DIRECTION('',(0.,0.,1.));
#6478=DIRECTION('',(0.,0.,-1.));
#6479=DIRECTION('center_axis',(0.,-1.,0.));
#6480=DIRECTION('ref_axis',(-3.55271367880051E-14,0.,1.));
#6481=DIRECTION('center_axis',(1.,0.,0.));
#6482=DIRECTION('ref_axis',(0.,1.,0.));
#6483=DIRECTION('center_axis',(-0.977721418227049,-0.209906713423101,8.68391064147865E-15));
#6484=DIRECTION('ref_axis',(-0.209906713423101,0.977721418227049,0.));
#6485=DIRECTION('center_axis',(0.,-1.,0.));
#6486=DIRECTION('ref_axis',(-0.707106781186549,0.,0.707106781186546));
#6487=DIRECTION('center_axis',(0.,1.,0.));
#6488=DIRECTION('ref_axis',(-0.707106781186549,0.,0.707106781186546));
#6489=DIRECTION('',(0.,1.,0.));
#6490=DIRECTION('',(0.,-1.,0.));
#6491=DIRECTION('center_axis',(-0.408248290463864,-0.408248290463861,-0.816496580927727));
#6492=DIRECTION('ref_axis',(-0.577350269189628,-0.577350269189625,0.577350269189625));
#6493=DIRECTION('center_axis',(0.,1.,0.));
#6494=DIRECTION('ref_axis',(0.,0.,1.));
#6495=DIRECTION('center_axis',(1.,0.,0.));
#6496=DIRECTION('ref_axis',(0.,-1.,0.));
#6497=DIRECTION('center_axis',(0.,-1.11022302462516E-15,-1.));
#6498=DIRECTION('ref_axis',(-1.,0.,0.));
#6499=DIRECTION('center_axis',(-1.,0.,0.));
#6500=DIRECTION('ref_axis',(0.,-0.70710678118654,0.707106781186555));
#6501=DIRECTION('center_axis',(1.,0.,0.));
#6502=DIRECTION('ref_axis',(0.,0.,1.));
#6503=DIRECTION('',(-1.,0.,0.));
#6504=DIRECTION('',(1.,0.,0.));
#6505=DIRECTION('center_axis',(0.896420885619865,0.,0.443203785886919));
#6506=DIRECTION('ref_axis',(-0.433559580234314,-0.207477481452863,0.876914582543261));
#6507=DIRECTION('center_axis',(0.,1.,0.));
#6508=DIRECTION('ref_axis',(1.,0.,6.25912289121844E-16));
#6509=DIRECTION('center_axis',(-0.31184984827328,-0.950131397298254,0.));
#6510=DIRECTION('ref_axis',(0.950131397298254,-0.31184984827328,0.));
#6511=DIRECTION('center_axis',(0.,0.,-1.));
#6512=DIRECTION('ref_axis',(-0.707106781186557,-0.707106781186538,0.));
#6513=DIRECTION('',(0.,0.,1.));
#6514=DIRECTION('',(0.,0.,-1.));
#6515=DIRECTION('center_axis',(0.,1.,5.73388263202142E-17));
#6516=DIRECTION('ref_axis',(-0.707106781186549,0.,-0.707106781186546));
#6517=DIRECTION('center_axis',(0.,1.,0.));
#6518=DIRECTION('ref_axis',(-0.707106781186549,0.,-0.707106781186546));
#6519=DIRECTION('',(0.,1.,5.73388263202142E-17));
#6520=DIRECTION('center_axis',(0.,1.,0.));
#6521=DIRECTION('ref_axis',(0.,0.,-1.));
#6522=DIRECTION('',(0.,-1.,-5.73388263202142E-17));
#6523=DIRECTION('center_axis',(-5.55111512312578E-16,1.16000017243403E-15,
-1.));
#6524=DIRECTION('ref_axis',(-0.902034672657858,-0.431663583503441,0.));
#6525=DIRECTION('center_axis',(1.,0.,0.));
#6526=DIRECTION('ref_axis',(0.,1.,-5.99053561622203E-17));
#6527=DIRECTION('center_axis',(-0.977721418227049,-0.209906713423101,8.68391064147866E-15));
#6528=DIRECTION('ref_axis',(-0.209906713423101,0.977721418227049,0.));
#6529=DIRECTION('center_axis',(0.,0.,-1.));
#6530=DIRECTION('ref_axis',(-0.975201177362353,-0.221320273972089,0.));
#6531=DIRECTION('center_axis',(0.,0.,-1.));
#6532=DIRECTION('ref_axis',(-0.902034672657839,-0.43166358350348,0.));
#6533=DIRECTION('',(0.,0.,1.));
#6534=DIRECTION('',(0.,0.,-1.));
#6535=DIRECTION('center_axis',(0.,-1.,-1.77635683940025E-14));
#6536=DIRECTION('ref_axis',(-3.99680288865056E-14,-1.77635683940025E-14,
1.));
#6537=DIRECTION('center_axis',(1.,0.,0.));
#6538=DIRECTION('ref_axis',(0.,1.,5.99053561622203E-17));
#6539=DIRECTION('center_axis',(-0.977721418227049,-0.209906713423101,8.68391064147866E-15));
#6540=DIRECTION('ref_axis',(-0.209906713423101,0.977721418227049,0.));
#6541=DIRECTION('center_axis',(0.,-1.,0.));
#6542=DIRECTION('ref_axis',(-0.70710678118655,0.,0.707106781186545));
#6543=DIRECTION('',(0.,1.,0.));
#6544=DIRECTION('',(0.,-1.,0.));
#6545=DIRECTION('center_axis',(1.,0.,5.66470206346948E-17));
#6546=DIRECTION('ref_axis',(0.,-0.70710678118654,-0.707106781186555));
#6547=DIRECTION('center_axis',(1.,0.,0.));
#6548=DIRECTION('ref_axis',(0.,-1.,0.));
#6549=DIRECTION('',(-1.,0.,-5.66470206346948E-17));
#6550=DIRECTION('',(1.,0.,5.66470206346948E-17));
#6551=DIRECTION('center_axis',(0.896420885619864,0.,-0.443203785886919));
#6552=DIRECTION('ref_axis',(0.,-1.,0.));
#6553=DIRECTION('center_axis',(-0.31184984827328,-0.950131397298254,0.));
#6554=DIRECTION('ref_axis',(0.950131397298254,-0.31184984827328,0.));
#6555=DIRECTION('center_axis',(0.,1.,0.));
#6556=DIRECTION('ref_axis',(1.,0.,-2.50364915648738E-16));
#6557=DIRECTION('center_axis',(1.,0.,0.));
#6558=DIRECTION('ref_axis',(0.,1.,0.));
#6559=DIRECTION('',(0.,0.,1.));
#6560=DIRECTION('',(0.,-1.,-1.87072776108972E-15));
#6561=DIRECTION('',(0.,0.,-1.));
#6562=DIRECTION('',(0.,1.,0.));
#6563=DIRECTION('',(0.,0.,1.));
#6564=DIRECTION('center_axis',(-1.,0.,0.));
#6565=DIRECTION('ref_axis',(0.,0.,-1.));
#6566=DIRECTION('center_axis',(0.,0.,1.));
#6567=DIRECTION('ref_axis',(1.,0.,0.));
#6568=DIRECTION('',(-0.431663583503476,0.902034672657841,0.));
#6569=DIRECTION('',(0.,1.,0.));
#6570=DIRECTION('',(1.,0.,0.));
#6571=DIRECTION('center_axis',(-0.431663583503476,0.902034672657841,0.));
#6572=DIRECTION('ref_axis',(0.637834833901746,0.305232247086595,-0.707106781186547));
#6573=DIRECTION('',(0.431663583503476,-0.902034672657841,0.));
#6574=DIRECTION('center_axis',(-1.,0.,0.));
#6575=DIRECTION('ref_axis',(0.,1.,0.));
#6576=DIRECTION('center_axis',(-0.902034672657841,-0.431663583503476,0.));
#6577=DIRECTION('ref_axis',(-0.431663583503476,0.902034672657841,2.72691535083715E-17));
#6578=DIRECTION('',(0.431663583503476,-0.902034672657841,-2.72691535083715E-17));
#6579=DIRECTION('',(0.,0.,-1.));
#6580=DIRECTION('',(0.431663583503476,-0.902034672657841,-2.72691535083715E-17));
#6581=DIRECTION('',(0.,0.,-1.));
#6582=DIRECTION('center_axis',(5.66470206346948E-17,5.73388263202142E-17,
-1.));
#6583=DIRECTION('ref_axis',(-1.,0.,-5.66470206346948E-17));
#6584=DIRECTION('',(0.431663583503476,-0.902034672657841,-2.72691535083715E-17));
#6585=DIRECTION('center_axis',(0.431663583503476,-0.902034672657841,-2.72691535083715E-17));
#6586=DIRECTION('ref_axis',(0.637834833901746,0.305232247086595,0.707106781186547));
#6587=DIRECTION('center_axis',(2.15840454024608E-30,1.,0.));
#6588=DIRECTION('ref_axis',(0.707106781186544,0.,0.707106781186551));
#6589=DIRECTION('center_axis',(0.,1.,0.));
#6590=DIRECTION('ref_axis',(0.707106781186544,0.,0.707106781186551));
#6591=DIRECTION('',(2.15840454024608E-30,1.,0.));
#6592=DIRECTION('center_axis',(0.,1.,0.));
#6593=DIRECTION('ref_axis',(0.,0.,1.));
#6594=DIRECTION('',(-2.15840454024608E-30,-1.,0.));
#6595=DIRECTION('center_axis',(-1.77376539799107E-15,0.601552963795563,
0.79883291854353));
#6596=DIRECTION('ref_axis',(0.857850611667384,-0.410519551373692,0.309137551911506));
#6597=DIRECTION('center_axis',(-1.,2.15840454024608E-30,-1.50049177820532E-15));
#6598=DIRECTION('ref_axis',(3.14716697855669E-30,1.,-6.58958917784424E-16));
#6599=DIRECTION('center_axis',(0.977721418227049,-0.209906713423101,6.13263060487792E-16));
#6600=DIRECTION('ref_axis',(0.209906713423101,0.977721418227049,-5.16705783778934E-16));
#6601=DIRECTION('center_axis',(-1.50049177820532E-15,-1.80340795878198E-15,
1.));
#6602=DIRECTION('ref_axis',(0.958474267945458,-0.285179027430874,0.));
#6603=DIRECTION('center_axis',(6.20103052941174E-15,1.29581108008709E-14,
-1.));
#6604=DIRECTION('ref_axis',(0.991294035121009,-0.131666760928902,4.44089209850064E-15));
#6605=DIRECTION('',(-9.8179471907315E-16,-2.05162749854532E-15,1.));
#6606=DIRECTION('center_axis',(-6.20103052941173E-15,-1.29581108008709E-14,
1.));
#6607=DIRECTION('ref_axis',(0.902034672657836,-0.431663583503487,0.));
#6608=DIRECTION('',(1.50049177820532E-15,1.80340795878198E-15,-1.));
#6609=DIRECTION('center_axis',(-0.408248290463863,-0.816496580927725,-0.408248290463865));
#6610=DIRECTION('ref_axis',(0.577350269189625,-0.577350269189625,0.577350269189628));
#6611=DIRECTION('center_axis',(-1.,0.,0.));
#6612=DIRECTION('ref_axis',(0.,0.,1.));
#6613=DIRECTION('center_axis',(0.,1.,0.));
#6614=DIRECTION('ref_axis',(1.,0.,1.11022302462516E-15));
#6615=DIRECTION('center_axis',(0.,0.,-1.));
#6616=DIRECTION('ref_axis',(0.,-1.,0.));
#6617=DIRECTION('center_axis',(2.15840454024608E-30,1.,0.));
#6618=DIRECTION('ref_axis',(0.707106781186546,0.,0.707106781186549));
#6619=DIRECTION('center_axis',(0.,1.,0.));
#6620=DIRECTION('ref_axis',(0.,0.,1.));
#6621=DIRECTION('',(-2.15840454024608E-30,-1.,0.));
#6622=DIRECTION('',(2.15840454024608E-30,1.,0.));
#6623=DIRECTION('center_axis',(0.,0.601552963795579,0.798832918543518));
#6624=DIRECTION('ref_axis',(0.857850611667402,-0.410519551373661,0.309137551911494));
#6625=DIRECTION('center_axis',(-1.,2.15840454024608E-30,-1.50049177820532E-15));
#6626=DIRECTION('ref_axis',(3.19211072575262E-30,1.,-6.88911595865534E-16));
#6627=DIRECTION('center_axis',(0.977721418227049,-0.209906713423101,4.34195532073933E-15));
#6628=DIRECTION('ref_axis',(0.209906713423101,0.977721418227049,-5.16705783778932E-16));
#6629=DIRECTION('center_axis',(-0.408248290463863,-0.816496580927725,0.408248290463865));
#6630=DIRECTION('ref_axis',(0.577350269189625,-0.577350269189625,-0.577350269189627));
#6631=DIRECTION('center_axis',(0.,1.,0.));
#6632=DIRECTION('ref_axis',(0.,0.,-1.));
#6633=DIRECTION('center_axis',(-1.,0.,0.));
#6634=DIRECTION('ref_axis',(0.,-1.,0.));
#6635=DIRECTION('center_axis',(-2.22044604925032E-15,0.,1.));
#6636=DIRECTION('ref_axis',(1.,0.,2.22044604925032E-15));
#6637=DIRECTION('center_axis',(1.,0.,-5.66470206346948E-17));
#6638=DIRECTION('ref_axis',(0.,-0.70710678118654,-0.707106781186555));
#6639=DIRECTION('center_axis',(-1.,0.,0.));
#6640=DIRECTION('ref_axis',(0.,0.,-1.));
#6641=DIRECTION('',(1.,0.,-5.66470206346948E-17));
#6642=DIRECTION('',(-1.,0.,5.66470206346948E-17));
#6643=DIRECTION('center_axis',(-0.896420885619864,0.,-0.443203785886919));
#6644=DIRECTION('ref_axis',(0.433559580234314,-0.207477481452863,-0.876914582543261));
#6645=DIRECTION('center_axis',(0.,1.,0.));
#6646=DIRECTION('ref_axis',(-1.,0.,-2.50364915648738E-16));
#6647=DIRECTION('center_axis',(0.31184984827328,-0.950131397298254,0.));
#6648=DIRECTION('ref_axis',(-0.950131397298254,-0.31184984827328,0.));
#6649=DIRECTION('center_axis',(-1.50049177820532E-15,0.,1.));
#6650=DIRECTION('ref_axis',(0.707106781186554,-0.707106781186541,0.));
#6651=DIRECTION('',(1.50049177820532E-15,0.,-1.));
#6652=DIRECTION('',(-1.50049177820532E-15,0.,1.));
#6653=DIRECTION('center_axis',(1.77376539799106E-15,0.60155296379557,-0.798832918543525));
#6654=DIRECTION('ref_axis',(1.,0.,2.22044604925031E-15));
#6655=DIRECTION('center_axis',(0.977721418227049,-0.209906713423101,3.72869226025153E-15));
#6656=DIRECTION('ref_axis',(0.209906713423101,0.977721418227049,-5.16705783778934E-16));
#6657=DIRECTION('center_axis',(0.,-1.,0.));
#6658=DIRECTION('ref_axis',(-4.44089209850064E-15,0.,-1.));
#6659=DIRECTION('center_axis',(-1.,2.15840454024608E-30,-1.50049177820532E-15));
#6660=DIRECTION('ref_axis',(3.37188571453637E-30,1.,-8.08722308189975E-16));
#6661=DIRECTION('center_axis',(-2.07236810278066E-30,-1.,-5.73388263202142E-17));
#6662=DIRECTION('ref_axis',(0.707106781186548,0.,-0.707106781186548));
#6663=DIRECTION('',(2.07236810278066E-30,1.,5.73388263202142E-17));
#6664=DIRECTION('',(-2.07236810278066E-30,-1.,-5.73388263202142E-17));
#6665=DIRECTION('center_axis',(-1.,0.,0.));
#6666=DIRECTION('ref_axis',(0.,-0.70710678118654,0.707106781186555));
#6667=DIRECTION('center_axis',(-1.,0.,0.));
#6668=DIRECTION('ref_axis',(0.,-1.,0.));
#6669=DIRECTION('',(1.,0.,0.));
#6670=DIRECTION('',(-1.,0.,0.));
#6671=DIRECTION('center_axis',(-0.896420885619865,0.,0.443203785886919));
#6672=DIRECTION('ref_axis',(0.,-1.,0.));
#6673=DIRECTION('center_axis',(0.31184984827328,-0.950131397298254,0.));
#6674=DIRECTION('ref_axis',(-0.950131397298254,-0.31184984827328,0.));
#6675=DIRECTION('center_axis',(0.,1.,0.));
#6676=DIRECTION('ref_axis',(-1.,0.,6.25912289121844E-16));
#6677=DIRECTION('center_axis',(-1.50049177820532E-15,-1.80340795878198E-15,
1.));
#6678=DIRECTION('ref_axis',(0.958474267945458,-0.285179027430874,0.));
#6679=DIRECTION('center_axis',(6.67389275096068E-15,1.65182006545938E-14,
-1.));
#6680=DIRECTION('ref_axis',(0.991294035121009,-0.131666760928902,4.44089209850064E-15));
#6681=DIRECTION('',(-9.8179471907315E-16,-2.05162749854532E-15,1.));
#6682=DIRECTION('center_axis',(-5.96459941863729E-15,-1.11780658740096E-14,
1.));
#6683=DIRECTION('ref_axis',(0.902034672657836,-0.431663583503485,5.55111512312586E-16));
#6684=DIRECTION('',(1.50049177820532E-15,1.80340795878198E-15,-1.));
#6685=DIRECTION('center_axis',(2.66064809698657E-15,0.601552963795582,-0.798832918543515));
#6686=DIRECTION('ref_axis',(1.,0.,3.33066907387547E-15));
#6687=DIRECTION('center_axis',(0.977721418227049,-0.209906713423101,0.));
#6688=DIRECTION('ref_axis',(0.209906713423101,0.977721418227049,-5.16705783778932E-16));
#6689=DIRECTION('center_axis',(3.94430452610506E-29,-1.,-1.77635683940025E-14));
#6690=DIRECTION('ref_axis',(0.,1.77635683940025E-14,-1.));
#6691=DIRECTION('center_axis',(-1.,2.15840454024608E-30,-1.50049177820532E-15));
#6692=DIRECTION('ref_axis',(3.37188571453637E-30,1.,-8.08722308189975E-16));
#6693=DIRECTION('center_axis',(-2.07236810278066E-30,-1.,-5.73388263202142E-17));
#6694=DIRECTION('ref_axis',(0.707106781186547,0.,-0.707106781186548));
#6695=DIRECTION('center_axis',(0.,1.,0.));
#6696=DIRECTION('ref_axis',(0.707106781186547,0.,-0.707106781186548));
#6697=DIRECTION('',(2.07236810278066E-30,1.,5.73388263202142E-17));
#6698=DIRECTION('',(-2.07236810278066E-30,-1.,-5.73388263202142E-17));
#6699=DIRECTION('center_axis',(5.66470206346948E-17,-5.73388263202142E-17,
1.));
#6700=DIRECTION('ref_axis',(1.,0.,-5.66470206346948E-17));
#6701=DIRECTION('',(0.431663583503476,0.902034672657841,2.72691535083715E-17));
#6702=DIRECTION('center_axis',(-0.902034672657841,0.431663583503476,0.));
#6703=DIRECTION('ref_axis',(0.431663583503476,0.902034672657841,2.72691535083715E-17));
#6704=DIRECTION('',(0.431663583503476,0.902034672657841,0.));
#6705=DIRECTION('',(0.,0.,-1.));
#6706=DIRECTION('',(-0.431663583503476,-0.902034672657841,-2.72691535083715E-17));
#6707=DIRECTION('',(0.,0.,1.));
#6708=DIRECTION('',(-0.431663583503476,-0.902034672657841,-2.72691535083715E-17));
#6709=DIRECTION('center_axis',(0.431663583503476,0.902034672657841,0.));
#6710=DIRECTION('ref_axis',(-0.637834833901746,0.305232247086595,-0.707106781186547));
#6711=DIRECTION('',(-0.431663583503476,-0.902034672657841,0.));
#6712=DIRECTION('center_axis',(1.,0.,0.));
#6713=DIRECTION('ref_axis',(0.,1.,0.));
#6714=DIRECTION('center_axis',(0.,0.,-1.));
#6715=DIRECTION('ref_axis',(-1.,0.,0.));
#6716=DIRECTION('',(1.,0.,0.));
#6717=DIRECTION('',(0.,1.,0.));
#6718=DIRECTION('center_axis',(-1.,2.15840454024608E-30,-1.50049177820532E-15));
#6719=DIRECTION('ref_axis',(7.87120270010968E-31,-1.,-1.9630396201038E-15));
#6720=DIRECTION('',(-1.50049177820532E-15,-1.80340795878198E-15,1.));
#6721=DIRECTION('',(-6.48607084529489E-31,1.,1.87072776108972E-15));
#6722=DIRECTION('',(1.50049177820532E-15,0.,-1.));
#6723=DIRECTION('center_axis',(-1.,2.15840454024608E-30,-1.50049177820532E-15));
#6724=DIRECTION('ref_axis',(7.87120270010968E-31,-1.,-1.9630396201038E-15));
#6725=DIRECTION('',(-1.50049177820532E-15,-1.80340795878198E-15,1.));
#6726=DIRECTION('center_axis',(-1.50049177820532E-15,-1.80340795878198E-15,
1.));
#6727=DIRECTION('ref_axis',(-0.707106781186544,0.707106781186551,0.));
#6728=DIRECTION('',(-1.50049177820532E-15,-1.80340795878198E-15,1.));
#6729=DIRECTION('center_axis',(0.,0.,1.));
#6730=DIRECTION('ref_axis',(-0.707106781186544,0.707106781186551,0.));
#6731=DIRECTION('',(1.50049177820532E-15,1.80340795878198E-15,-1.));
#6732=DIRECTION('center_axis',(0.,0.,-1.));
#6733=DIRECTION('ref_axis',(-1.,0.,0.));
#6734=DIRECTION('center_axis',(-1.,2.15840454024608E-30,-1.50049177820532E-15));
#6735=DIRECTION('ref_axis',(7.87120270010968E-31,-1.,-1.9630396201038E-15));
#6736=DIRECTION('',(1.50049177820532E-15,0.,-1.));
#6737=DIRECTION('',(-2.15840454024608E-30,-1.,0.));
#6738=DIRECTION('',(-1.50049177820532E-15,0.,1.));
#6739=DIRECTION('',(0.,-1.,0.));
#6740=DIRECTION('center_axis',(0.,1.,0.));
#6741=DIRECTION('ref_axis',(-1.,0.,0.));
#6742=DIRECTION('center_axis',(0.,-1.,0.));
#6743=DIRECTION('ref_axis',(-0.707106781186546,0.,-0.707106781186549));
#6744=DIRECTION('',(1.,0.,1.49880108324393E-15));
#6745=DIRECTION('',(0.,0.,1.));
#6746=DIRECTION('',(1.,0.,-6.58886068026799E-17));
#6747=DIRECTION('center_axis',(0.,1.,0.));
#6748=DIRECTION('ref_axis',(-1.,0.,0.));
#6749=DIRECTION('',(0.,0.,-1.));
#6750=DIRECTION('center_axis',(0.,1.,0.));
#6751=DIRECTION('ref_axis',(0.,0.,1.));
#6752=DIRECTION('',(-1.,0.,3.294430340134E-17));
#6753=DIRECTION('',(0.,0.,1.));
#6754=DIRECTION('',(-1.,0.,0.));
#6755=DIRECTION('center_axis',(0.,-1.,0.));
#6756=DIRECTION('ref_axis',(-0.707106781186548,-1.2762643874821E-15,0.707106781186547));
#6757=DIRECTION('',(-1.,0.,5.66470206346948E-17));
#6758=DIRECTION('',(0.,0.,-1.));
#6759=DIRECTION('center_axis',(0.,-1.,0.));
#6760=DIRECTION('ref_axis',(-1.,0.,0.));
#6761=DIRECTION('center_axis',(0.,-1.,0.));
#6762=DIRECTION('ref_axis',(-1.,0.,0.));
#6763=DIRECTION('center_axis',(0.,-1.,0.));
#6764=DIRECTION('ref_axis',(-1.,0.,0.));
#6765=DIRECTION('center_axis',(0.,-1.,0.));
#6766=DIRECTION('ref_axis',(-1.,0.,0.));
#6767=DIRECTION('center_axis',(0.,0.,-1.));
#6768=DIRECTION('ref_axis',(0.707106781186541,0.707106781186554,0.));
#6769=DIRECTION('',(0.,0.,-1.));
#6770=DIRECTION('center_axis',(-3.15861176973154E-17,0.,-1.));
#6771=DIRECTION('ref_axis',(0.707106781186541,0.707106781186554,0.));
#6772=DIRECTION('',(0.,0.,-1.));
#6773=DIRECTION('center_axis',(0.,0.,1.));
#6774=DIRECTION('ref_axis',(0.707106781186541,0.707106781186554,0.));
#6775=DIRECTION('',(0.,0.,1.));
#6776=DIRECTION('center_axis',(0.,0.,-1.));
#6777=DIRECTION('ref_axis',(-1.,0.,0.));
#6778=DIRECTION('center_axis',(-1.,0.,0.));
#6779=DIRECTION('ref_axis',(0.,1.,0.));
#6780=DIRECTION('',(0.,0.,-1.));
#6781=DIRECTION('center_axis',(-1.,0.,0.));
#6782=DIRECTION('ref_axis',(0.,1.,-2.99526780811102E-17));
#6783=DIRECTION('',(0.,-1.,0.));
#6784=DIRECTION('',(0.,0.,1.));
#6785=DIRECTION('center_axis',(0.,0.,1.));
#6786=DIRECTION('ref_axis',(-0.707106781186541,0.707106781186554,0.));
#6787=DIRECTION('center_axis',(-6.31722353946309E-17,0.,1.));
#6788=DIRECTION('ref_axis',(-0.707106781186541,0.707106781186554,0.));
#6789=DIRECTION('',(0.,0.,1.));
#6790=DIRECTION('center_axis',(3.15861176973154E-17,0.,-1.));
#6791=DIRECTION('ref_axis',(-0.707106781186541,0.707106781186554,0.));
#6792=DIRECTION('',(0.,0.,1.));
#6793=DIRECTION('',(0.,0.,-1.));
#6794=DIRECTION('center_axis',(-0.902034672657841,0.431663583503476,0.));
#6795=DIRECTION('ref_axis',(0.431663583503476,0.902034672657841,2.72691535083715E-17));
#6796=DIRECTION('',(0.431663583503476,0.902034672657841,0.));
#6797=DIRECTION('',(0.431663583503476,0.902034672657841,2.72691535083715E-17));
#6798=DIRECTION('',(0.,0.,-1.));
#6799=DIRECTION('',(-0.431663583503476,-0.902034672657841,-2.72691535083715E-17));
#6800=DIRECTION('center_axis',(-3.15861176973154E-17,0.,1.));
#6801=DIRECTION('ref_axis',(1.,0.,3.15861176973154E-17));
#6802=DIRECTION('center_axis',(-1.,0.,0.));
#6803=DIRECTION('ref_axis',(0.,1.,0.));
#6804=DIRECTION('',(0.,-1.,0.));
#6805=DIRECTION('center_axis',(1.,0.,0.));
#6806=DIRECTION('ref_axis',(0.,1.,0.));
#6807=DIRECTION('center_axis',(-0.431663583503476,0.902034672657841,0.));
#6808=DIRECTION('ref_axis',(0.637834833901747,0.305232247086595,-0.707106781186547));
#6809=DIRECTION('',(-0.431663583503476,0.902034672657841,0.));
#6810=DIRECTION('',(-0.431663583503476,0.902034672657841,0.));
#6811=DIRECTION('center_axis',(0.,0.,1.));
#6812=DIRECTION('ref_axis',(1.,0.,0.));
#6813=DIRECTION('center_axis',(0.431663583503476,-0.902034672657841,-2.72691535083715E-17));
#6814=DIRECTION('ref_axis',(0.637834833901747,0.305232247086595,0.707106781186547));
#6815=DIRECTION('',(0.431663583503476,-0.902034672657841,-2.72691535083715E-17));
#6816=DIRECTION('',(-0.431663583503476,0.902034672657841,2.72691535083715E-17));
#6817=DIRECTION('center_axis',(-0.902034672657841,-0.431663583503476,0.));
#6818=DIRECTION('ref_axis',(-0.431663583503476,0.902034672657841,2.72691535083715E-17));
#6819=DIRECTION('',(-0.431663583503476,0.902034672657841,2.72691535083715E-17));
#6820=DIRECTION('center_axis',(-0.431663583503476,-0.902034672657841,-2.72691535083715E-17));
#6821=DIRECTION('ref_axis',(-0.637834833901746,0.305232247086595,0.707106781186547));
#6822=DIRECTION('',(0.431663583503476,0.902034672657841,2.72691535083715E-17));
#6823=DIRECTION('center_axis',(0.431663583503476,0.902034672657841,0.));
#6824=DIRECTION('ref_axis',(-0.637834833901747,0.305232247086595,-0.707106781186547));
#6825=DIRECTION('',(-0.431663583503476,-0.902034672657841,0.));
#6826=DIRECTION('center_axis',(-0.431663583503476,-0.902034672657841,-2.72691535083715E-17));
#6827=DIRECTION('ref_axis',(-0.637834833901746,0.305232247086595,0.707106781186547));
#6828=DIRECTION('center_axis',(0.,-0.906153247608395,-0.42294951453898));
#6829=DIRECTION('ref_axis',(-0.707106781186547,0.299070469830064,-0.640747106178113));
#6830=DIRECTION('center_axis',(1.25218210478726E-15,-0.90615324760839,-0.422949514538992));
#6831=DIRECTION('ref_axis',(-1.,0.,-2.96059473233375E-15));
#6832=DIRECTION('',(0.,-0.906153247608395,-0.42294951453898));
#6833=DIRECTION('center_axis',(2.50436420957445E-15,0.906153247608394,0.422949514538982));
#6834=DIRECTION('ref_axis',(0.,0.422949514538982,-0.906153247608394));
#6835=DIRECTION('',(0.,0.906153247608395,0.42294951453898));
#6836=DIRECTION('center_axis',(0.,-0.632604554353522,0.774474969131463));
#6837=DIRECTION('ref_axis',(0.,-0.774474969131463,-0.632604554353522));
#6838=DIRECTION('center_axis',(0.,0.42294951453898,-0.906153247608395));
#6839=DIRECTION('ref_axis',(-2.874377712382E-16,-0.906153247608395,-0.42294951453898));
#6840=DIRECTION('center_axis',(0.,0.42294951453898,-0.906153247608395));
#6841=DIRECTION('ref_axis',(-9.39136578590412E-17,0.906153247608395,0.42294951453898));
#6842=DIRECTION('center_axis',(0.,-0.183529819345601,0.983014143037104));
#6843=DIRECTION('ref_axis',(0.,0.983014143037103,0.183529819345601));
#6844=DIRECTION('center_axis',(0.,-1.,-1.87072776108972E-15));
#6845=DIRECTION('ref_axis',(0.707106781186544,0.,0.707106781186551));
#6846=DIRECTION('',(0.,-1.,-1.87072776108972E-15));
#6847=DIRECTION('',(0.,1.,1.87072776108972E-15));
#6848=DIRECTION('center_axis',(-1.,0.,0.));
#6849=DIRECTION('ref_axis',(0.,0.,1.));
#6850=DIRECTION('',(0.,0.,-1.));
#6851=DIRECTION('center_axis',(0.,0.,-1.));
#6852=DIRECTION('ref_axis',(0.707106781186549,-0.707106781186546,0.));
#6853=DIRECTION('center_axis',(1.49880108324393E-15,1.87072776108972E-15,
-1.));
#6854=DIRECTION('ref_axis',(0.707106781186549,-0.707106781186546,0.));
#6855=DIRECTION('center_axis',(0.,0.906153247608395,0.42294951453898));
#6856=DIRECTION('ref_axis',(0.707106781186547,0.299070469830064,-0.640747106178113));
#6857=DIRECTION('',(0.,0.906153247608395,0.42294951453898));
#6858=DIRECTION('center_axis',(-1.19831922310134E-14,-0.906153247608399,
-0.422949514538972));
#6859=DIRECTION('ref_axis',(0.,0.422949514538972,-0.906153247608399));
#6860=DIRECTION('',(0.,-0.906153247608395,-0.42294951453898));
#6861=DIRECTION('center_axis',(0.,-0.183529819345601,0.983014143037104));
#6862=DIRECTION('ref_axis',(0.,0.983014143037103,0.183529819345601));
#6863=DIRECTION('center_axis',(0.,0.42294951453898,-0.906153247608395));
#6864=DIRECTION('ref_axis',(-4.69568289295206E-17,0.906153247608395,0.42294951453898));
#6865=DIRECTION('center_axis',(0.,0.42294951453898,-0.906153247608395));
#6866=DIRECTION('ref_axis',(0.,0.906153247608395,0.42294951453898));
#6867=DIRECTION('',(-1.,2.15508563905137E-30,-1.49880108324393E-15));
#6868=DIRECTION('',(1.,0.,-6.58886068026799E-17));
#6869=DIRECTION('center_axis',(0.,0.906153247608395,0.42294951453898));
#6870=DIRECTION('ref_axis',(-0.707106781186547,0.299070469830064,-0.640747106178113));
#6871=DIRECTION('',(0.,0.906153247608395,0.42294951453898));
#6872=DIRECTION('center_axis',(1.19831922310134E-14,-0.906153247608399,
-0.422949514538972));
#6873=DIRECTION('ref_axis',(-1.,-1.1842378929335E-14,-2.96059473233375E-15));
#6874=DIRECTION('',(0.,-0.906153247608395,-0.42294951453898));
#6875=DIRECTION('center_axis',(0.,0.42294951453898,-0.906153247608395));
#6876=DIRECTION('ref_axis',(-9.39136578590412E-17,0.906153247608395,0.42294951453898));
#6877=DIRECTION('center_axis',(3.26014449828451E-15,-0.183529819345601,
0.983014143037104));
#6878=DIRECTION('ref_axis',(0.,0.983014143037103,0.183529819345601));
#6879=DIRECTION('center_axis',(0.,-1.,-1.87072776108972E-15));
#6880=DIRECTION('ref_axis',(0.707106781186544,0.,0.707106781186551));
#6881=DIRECTION('',(0.,-1.,-1.87072776108972E-15));
#6882=DIRECTION('',(0.,1.,1.87072776108972E-15));
#6883=DIRECTION('center_axis',(1.,0.,0.));
#6884=DIRECTION('ref_axis',(0.,0.,-1.));
#6885=DIRECTION('center_axis',(0.,0.42294951453898,-0.906153247608395));
#6886=DIRECTION('ref_axis',(7.185944280955E-17,-0.906153247608395,-0.42294951453898));
#6887=DIRECTION('center_axis',(0.,-0.906153247608395,-0.42294951453898));
#6888=DIRECTION('ref_axis',(0.,0.42294951453898,-0.906153247608395));
#6889=DIRECTION('center_axis',(0.,-0.632604554353522,0.774474969131463));
#6890=DIRECTION('ref_axis',(0.,-0.774474969131463,-0.632604554353522));
#6891=DIRECTION('center_axis',(0.,-0.906153247608395,-0.42294951453898));
#6892=DIRECTION('ref_axis',(0.707106781186547,0.299070469830064,-0.640747106178113));
#6893=DIRECTION('center_axis',(-1.19831922310134E-14,-0.906153247608394,
-0.422949514538982));
#6894=DIRECTION('ref_axis',(0.,0.422949514538982,-0.906153247608394));
#6895=DIRECTION('',(0.,-0.906153247608395,-0.42294951453898));
#6896=DIRECTION('',(0.,0.906153247608395,0.42294951453898));
#6897=DIRECTION('center_axis',(0.,-0.183529819345601,0.983014143037104));
#6898=DIRECTION('ref_axis',(0.,0.983014143037103,0.183529819345601));
#6899=DIRECTION('center_axis',(0.,0.42294951453898,-0.906153247608395));
#6900=DIRECTION('ref_axis',(-4.69568289295206E-17,0.906153247608395,0.42294951453898));
#6901=DIRECTION('center_axis',(0.,-0.42294951453898,0.906153247608395));
#6902=DIRECTION('ref_axis',(0.,0.906153247608395,0.42294951453898));
#6903=DIRECTION('',(-1.,-3.21112431251013E-15,-1.49880108324394E-15));
#6904=DIRECTION('',(1.,0.,-6.58886068026799E-17));
#6905=DIRECTION('center_axis',(0.,-0.59950385045038,-0.800371871879046));
#6906=DIRECTION('ref_axis',(0.,-0.800371871879046,0.59950385045038));
#6907=DIRECTION('center_axis',(0.,-0.919329118718883,0.393489480768625));
#6908=DIRECTION('ref_axis',(1.,0.,0.));
#6909=DIRECTION('center_axis',(0.,0.393489480768626,0.919329118718882));
#6910=DIRECTION('ref_axis',(1.45808622115722E-16,-0.919329118718882,0.393489480768626));
#6911=DIRECTION('center_axis',(0.,0.919329118718882,-0.393489480768626));
#6912=DIRECTION('ref_axis',(0.707106781186551,0.278239080177061,0.650063853988375));
#6913=DIRECTION('center_axis',(2.91240720998085E-16,-0.919329118718882,
0.393489480768626));
#6914=DIRECTION('ref_axis',(1.,0.,-7.40148683083438E-16));
#6915=DIRECTION('',(0.,-0.919329118718882,0.393489480768626));
#6916=DIRECTION('',(0.,0.919329118718882,-0.393489480768626));
#6917=DIRECTION('center_axis',(0.,0.393489480768626,0.919329118718882));
#6918=DIRECTION('ref_axis',(-4.36861081497126E-17,0.919329118718882,-0.393489480768626));
#6919=DIRECTION('center_axis',(0.,-0.168751872982943,-0.98565856429331));
#6920=DIRECTION('ref_axis',(0.,0.98565856429331,-0.168751872982943));
#6921=DIRECTION('center_axis',(0.,-1.,0.));
#6922=DIRECTION('ref_axis',(-0.707106781186548,0.,-0.707106781186548));
#6923=DIRECTION('',(0.,-1.,0.));
#6924=DIRECTION('',(0.,1.,0.));
#6925=DIRECTION('center_axis',(-1.,0.,0.));
#6926=DIRECTION('ref_axis',(0.,0.,1.));
#6927=DIRECTION('',(0.,0.,1.));
#6928=DIRECTION('center_axis',(0.,0.,1.));
#6929=DIRECTION('ref_axis',(-0.707106781186548,-0.707106781186547,0.));
#6930=DIRECTION('',(0.,0.,-1.));
#6931=DIRECTION('center_axis',(0.,0.,1.));
#6932=DIRECTION('ref_axis',(-0.707106781186548,-0.707106781186547,0.));
#6933=DIRECTION('center_axis',(0.,0.393489480768626,0.919329118718882));
#6934=DIRECTION('ref_axis',(-1.45808622115722E-16,-0.919329118718882,0.393489480768626));
#6935=DIRECTION('center_axis',(0.,-0.919329118718883,0.393489480768625));
#6936=DIRECTION('ref_axis',(0.,0.393489480768625,0.919329118718883));
#6937=DIRECTION('center_axis',(0.,-0.59950385045038,-0.800371871879046));
#6938=DIRECTION('ref_axis',(0.,-0.800371871879046,0.59950385045038));
#6939=DIRECTION('center_axis',(0.,-0.919329118718882,0.393489480768626));
#6940=DIRECTION('ref_axis',(-0.707106781186551,0.278239080177061,0.650063853988375));
#6941=DIRECTION('center_axis',(-2.91240720998085E-16,-0.919329118718882,
0.393489480768626));
#6942=DIRECTION('ref_axis',(0.,0.393489480768626,0.919329118718882));
#6943=DIRECTION('',(0.,-0.919329118718882,0.393489480768626));
#6944=DIRECTION('',(0.,0.919329118718882,-0.393489480768626));
#6945=DIRECTION('center_axis',(0.,-0.168751872982943,-0.98565856429331));
#6946=DIRECTION('ref_axis',(0.,0.98565856429331,-0.168751872982943));
#6947=DIRECTION('center_axis',(0.,0.393489480768626,0.919329118718882));
#6948=DIRECTION('ref_axis',(4.36861081497126E-17,0.919329118718882,-0.393489480768626));
#6949=DIRECTION('center_axis',(0.,-0.393489480768626,-0.919329118718882));
#6950=DIRECTION('ref_axis',(0.,-0.919329118718882,0.393489480768626));
#6951=DIRECTION('',(1.,0.,0.));
#6952=DIRECTION('',(-1.,0.,3.294430340134E-17));
#6953=DIRECTION('center_axis',(0.,-0.919329118718882,0.393489480768626));
#6954=DIRECTION('ref_axis',(0.70710678118655,0.278239080177061,0.650063853988375));
#6955=DIRECTION('center_axis',(-2.91240720998084E-16,-0.919329118718883,
0.393489480768626));
#6956=DIRECTION('ref_axis',(1.,0.,7.40148683083438E-16));
#6957=DIRECTION('',(0.,-0.919329118718882,0.393489480768626));
#6958=DIRECTION('center_axis',(0.,0.919329118718887,-0.393489480768616));
#6959=DIRECTION('ref_axis',(0.,0.393489480768616,0.919329118718887));
#6960=DIRECTION('',(0.,0.919329118718882,-0.393489480768626));
#6961=DIRECTION('center_axis',(-1.7771825608449E-15,-0.599503850450381,
-0.800371871879045));
#6962=DIRECTION('ref_axis',(-2.22147820105614E-16,-0.800371871879045,0.599503850450381));
#6963=DIRECTION('center_axis',(0.,0.393489480768626,0.919329118718882));
#6964=DIRECTION('ref_axis',(-7.29043110578612E-17,-0.919329118718882,0.393489480768626));
#6965=DIRECTION('center_axis',(0.,0.393489480768626,0.919329118718882));
#6966=DIRECTION('ref_axis',(0.,0.919329118718882,-0.393489480768626));
#6967=DIRECTION('center_axis',(0.,-0.168751872982943,-0.98565856429331));
#6968=DIRECTION('ref_axis',(0.,0.98565856429331,-0.168751872982943));
#6969=DIRECTION('center_axis',(0.,-1.,0.));
#6970=DIRECTION('ref_axis',(-0.707106781186547,0.,-0.707106781186548));
#6971=DIRECTION('',(0.,-1.,0.));
#6972=DIRECTION('center_axis',(0.,1.,0.));
#6973=DIRECTION('ref_axis',(0.,0.,-1.));
#6974=DIRECTION('',(0.,1.,0.));
#6975=DIRECTION('center_axis',(1.,0.,0.));
#6976=DIRECTION('ref_axis',(0.,0.,-1.));
#6977=DIRECTION('',(0.,0.,1.));
#6978=DIRECTION('center_axis',(0.,0.393489480768626,0.919329118718882));
#6979=DIRECTION('ref_axis',(3.64521555289306E-16,-0.919329118718882,0.393489480768626));
#6980=DIRECTION('center_axis',(0.,-0.919329118718883,0.393489480768625));
#6981=DIRECTION('ref_axis',(0.,0.393489480768625,0.919329118718883));
#6982=DIRECTION('center_axis',(1.7771825608449E-15,-0.599503850450381,-0.800371871879045));
#6983=DIRECTION('ref_axis',(4.44295640211228E-16,-0.800371871879045,0.599503850450381));
#6984=DIRECTION('center_axis',(0.,0.919329118718882,-0.393489480768626));
#6985=DIRECTION('ref_axis',(-0.70710678118655,0.278239080177061,0.650063853988375));
#6986=DIRECTION('center_axis',(2.91240720998084E-16,-0.919329118718883,
0.393489480768626));
#6987=DIRECTION('ref_axis',(0.,0.393489480768626,0.919329118718883));
#6988=DIRECTION('',(0.,-0.919329118718882,0.393489480768626));
#6989=DIRECTION('',(0.,0.919329118718882,-0.393489480768626));
#6990=DIRECTION('center_axis',(0.,-0.168751872982943,-0.98565856429331));
#6991=DIRECTION('ref_axis',(0.,0.98565856429331,-0.168751872982943));
#6992=DIRECTION('center_axis',(0.,0.393489480768626,0.919329118718882));
#6993=DIRECTION('ref_axis',(0.,0.919329118718882,-0.393489480768626));
#6994=DIRECTION('center_axis',(0.,0.393489480768626,0.919329118718882));
#6995=DIRECTION('ref_axis',(0.,-0.919329118718882,0.393489480768626));
#6996=DIRECTION('',(1.,0.,0.));
#6997=DIRECTION('',(-1.,0.,3.294430340134E-17));
#6998=DIRECTION('center_axis',(0.,-0.919329118718882,0.393489480768626));
#6999=DIRECTION('ref_axis',(0.70710678118655,0.278239080177061,0.650063853988375));
#7000=DIRECTION('center_axis',(-2.91240720998084E-16,-0.919329118718883,
0.393489480768626));
#7001=DIRECTION('ref_axis',(1.,0.,7.40148683083438E-16));
#7002=DIRECTION('',(0.,-0.919329118718882,0.393489480768626));
#7003=DIRECTION('center_axis',(0.,0.919329118718887,-0.393489480768616));
#7004=DIRECTION('ref_axis',(0.,0.393489480768616,0.919329118718887));
#7005=DIRECTION('',(0.,0.919329118718882,-0.393489480768626));
#7006=DIRECTION('center_axis',(0.,-0.59950385045038,-0.800371871879046));
#7007=DIRECTION('ref_axis',(0.,-0.800371871879046,0.59950385045038));
#7008=DIRECTION('center_axis',(0.,0.393489480768626,0.919329118718882));
#7009=DIRECTION('ref_axis',(1.45808622115722E-16,-0.919329118718882,0.393489480768626));
#7010=DIRECTION('center_axis',(0.,0.393489480768626,0.919329118718882));
#7011=DIRECTION('ref_axis',(-4.36861081497126E-17,0.919329118718882,-0.393489480768626));
#7012=DIRECTION('center_axis',(0.,-0.168751872982943,-0.98565856429331));
#7013=DIRECTION('ref_axis',(0.,0.98565856429331,-0.168751872982943));
#7014=DIRECTION('center_axis',(0.,-1.,0.));
#7015=DIRECTION('ref_axis',(-0.707106781186548,0.,-0.707106781186548));
#7016=DIRECTION('',(0.,-1.,0.));
#7017=DIRECTION('center_axis',(0.,1.,0.));
#7018=DIRECTION('ref_axis',(0.,0.,-1.));
#7019=DIRECTION('',(0.,1.,0.));
#7020=DIRECTION('center_axis',(1.,0.,0.));
#7021=DIRECTION('ref_axis',(0.,0.,-1.));
#7022=DIRECTION('',(0.,0.,1.));
#7023=DIRECTION('center_axis',(0.,0.393489480768626,0.919329118718882));
#7024=DIRECTION('ref_axis',(3.64521555289306E-16,-0.919329118718882,0.393489480768626));
#7025=DIRECTION('center_axis',(0.,-0.919329118718883,0.393489480768625));
#7026=DIRECTION('ref_axis',(0.,0.393489480768625,0.919329118718883));
#7027=DIRECTION('center_axis',(1.7771825608449E-15,-0.599503850450381,-0.800371871879045));
#7028=DIRECTION('ref_axis',(0.,-0.800371871879045,0.599503850450381));
#7029=DIRECTION('center_axis',(0.,0.919329118718882,-0.393489480768626));
#7030=DIRECTION('ref_axis',(-0.70710678118655,0.278239080177061,0.650063853988375));
#7031=DIRECTION('center_axis',(2.91240720998084E-16,-0.919329118718883,
0.393489480768626));
#7032=DIRECTION('ref_axis',(0.,0.393489480768626,0.919329118718883));
#7033=DIRECTION('',(0.,-0.919329118718882,0.393489480768626));
#7034=DIRECTION('',(0.,0.919329118718882,-0.393489480768626));
#7035=DIRECTION('center_axis',(0.,-0.168751872982943,-0.98565856429331));
#7036=DIRECTION('ref_axis',(0.,0.98565856429331,-0.168751872982943));
#7037=DIRECTION('center_axis',(0.,0.393489480768626,0.919329118718882));
#7038=DIRECTION('ref_axis',(4.36861081497126E-17,0.919329118718882,-0.393489480768626));
#7039=DIRECTION('center_axis',(0.,0.393489480768626,0.919329118718882));
#7040=DIRECTION('ref_axis',(0.,-0.919329118718882,0.393489480768626));
#7041=DIRECTION('',(1.,0.,0.));
#7042=DIRECTION('',(-1.,0.,3.294430340134E-17));
#7043=DIRECTION('center_axis',(-0.447213595499958,0.,0.894427190999916));
#7044=DIRECTION('ref_axis',(-0.894427190999916,0.,-0.447213595499958));
#7045=DIRECTION('center_axis',(0.894427190999916,-2.48253415324728E-16,
-0.447213595499958));
#7046=DIRECTION('ref_axis',(-0.447213595499958,0.,-0.894427190999916));
#7047=DIRECTION('center_axis',(-0.894427190999916,0.,-0.447213595499957));
#7048=DIRECTION('ref_axis',(0.447213595499957,0.,-0.894427190999916));
#7049=DIRECTION('center_axis',(0.447213595499958,0.,0.894427190999916));
#7050=DIRECTION('ref_axis',(0.894427190999916,0.,-0.447213595499958));
#7051=DIRECTION('center_axis',(0.,1.,0.));
#7052=DIRECTION('ref_axis',(1.,0.,0.));
#7053=DIRECTION('center_axis',(0.,0.,-1.));
#7054=DIRECTION('ref_axis',(0.707106781186548,-0.707106781186547,0.));
#7055=DIRECTION('',(0.,0.,-1.));
#7056=DIRECTION('',(0.,0.,1.));
#7057=DIRECTION('center_axis',(-1.,0.,0.));
#7058=DIRECTION('ref_axis',(0.,-0.707106781186546,-0.707106781186549));
#7059=DIRECTION('',(1.,0.,0.));
#7060=DIRECTION('',(-1.,0.,0.));
#7061=DIRECTION('center_axis',(0.,0.,1.));
#7062=DIRECTION('ref_axis',(-0.707106781186549,-0.707106781186546,0.));
#7063=DIRECTION('',(0.,0.,-1.));
#7064=DIRECTION('center_axis',(0.,1.,0.));
#7065=DIRECTION('ref_axis',(-1.,0.,0.));
#7066=DIRECTION('',(-1.,0.,3.294430340134E-17));
#7067=DIRECTION('center_axis',(-0.447213595499958,0.,0.894427190999916));
#7068=DIRECTION('ref_axis',(-0.894427190999916,0.,-0.447213595499958));
#7069=DIRECTION('center_axis',(0.894427190999916,0.,-0.447213595499957));
#7070=DIRECTION('ref_axis',(-0.447213595499957,0.,-0.894427190999916));
#7071=DIRECTION('center_axis',(-0.894427190999916,0.,-0.447213595499958));
#7072=DIRECTION('ref_axis',(0.447213595499958,0.,-0.894427190999916));
#7073=DIRECTION('center_axis',(0.447213595499958,0.,0.894427190999916));
#7074=DIRECTION('ref_axis',(0.894427190999916,0.,-0.447213595499958));
#7075=DIRECTION('center_axis',(0.,1.,0.));
#7076=DIRECTION('ref_axis',(1.,0.,0.));
#7077=DIRECTION('center_axis',(0.,0.,-1.));
#7078=DIRECTION('ref_axis',(0.707106781186549,-0.707106781186546,0.));
#7079=DIRECTION('',(0.,0.,-1.));
#7080=DIRECTION('',(0.,0.,1.));
#7081=DIRECTION('center_axis',(-1.,0.,0.));
#7082=DIRECTION('ref_axis',(0.,-0.707106781186546,-0.707106781186549));
#7083=DIRECTION('',(1.,0.,0.));
#7084=DIRECTION('',(-1.,0.,0.));
#7085=DIRECTION('center_axis',(0.,0.,1.));
#7086=DIRECTION('ref_axis',(-0.707106781186548,-0.707106781186547,0.));
#7087=DIRECTION('',(0.,0.,-1.));
#7088=DIRECTION('center_axis',(0.,1.,0.));
#7089=DIRECTION('ref_axis',(-1.,0.,0.));
#7090=DIRECTION('',(-1.,0.,3.294430340134E-17));
#7091=DIRECTION('center_axis',(0.,0.,-1.));
#7092=DIRECTION('ref_axis',(0.707106781186549,-0.707106781186546,0.));
#7093=DIRECTION('',(0.,0.,-1.));
#7094=DIRECTION('center_axis',(0.,0.,1.));
#7095=DIRECTION('ref_axis',(0.707106781186549,-0.707106781186546,0.));
#7096=DIRECTION('center_axis',(0.,0.,1.));
#7097=DIRECTION('ref_axis',(-0.707106781186548,-0.707106781186547,0.));
#7098=DIRECTION('',(0.,0.,1.));
#7099=DIRECTION('center_axis',(1.49880108324393E-15,1.87072776108972E-15,
-1.));
#7100=DIRECTION('ref_axis',(-0.707106781186548,-0.707106781186547,0.));
#7101=DIRECTION('',(0.,0.,-1.));
#7102=DIRECTION('center_axis',(0.,1.,0.));
#7103=DIRECTION('ref_axis',(-1.,0.,0.));
#7104=DIRECTION('center_axis',(0.,-1.,0.));
#7105=DIRECTION('ref_axis',(0.707106781186548,-1.27626438748211E-15,0.707106781186547));
#7106=DIRECTION('',(-1.,0.,0.));
#7107=DIRECTION('',(-1.,0.,3.294430340134E-17));
#7108=DIRECTION('center_axis',(0.,1.,0.));
#7109=DIRECTION('ref_axis',(1.,0.,5.55111512312578E-16));
#7110=DIRECTION('',(0.,0.,1.));
#7111=DIRECTION('center_axis',(0.,1.,0.));
#7112=DIRECTION('ref_axis',(0.,0.,-1.));
#7113=DIRECTION('',(1.,0.,-6.58886068026799E-17));
#7114=DIRECTION('',(1.,0.,0.));
#7115=DIRECTION('center_axis',(0.,-1.,0.));
#7116=DIRECTION('ref_axis',(0.707106781186549,0.,-0.707106781186546));
#7117=DIRECTION('',(-1.,0.,-5.66470206346948E-17));
#7118=DIRECTION('center_axis',(0.,-1.,0.));
#7119=DIRECTION('ref_axis',(-1.,0.,0.));
#7120=DIRECTION('center_axis',(0.,-1.,0.));
#7121=DIRECTION('ref_axis',(-1.,0.,0.));
#7122=DIRECTION('center_axis',(0.,-1.,0.));
#7123=DIRECTION('ref_axis',(-1.,0.,0.));
#7124=DIRECTION('center_axis',(0.,-1.,0.));
#7125=DIRECTION('ref_axis',(-1.,0.,0.));
#7126=DIRECTION('center_axis',(1.49880108324393E-15,1.87072776108972E-15,
-1.));
#7127=DIRECTION('ref_axis',(6.487631557244E-31,-1.,-1.87072776108972E-15));
#7128=DIRECTION('',(0.,-1.,-1.87072776108972E-15));
#7129=DIRECTION('',(-1.27103228599621E-30,1.,1.87072776108972E-15));
#7130=DIRECTION('',(-1.,0.,-1.49880108324393E-15));
#7131=DIRECTION('',(1.27103228599621E-30,-1.,-1.87072776108972E-15));
#7132=DIRECTION('',(0.,1.,1.87072776108972E-15));
#7133=DIRECTION('',(-1.,0.,-1.49880108324393E-15));
#7134=DIRECTION('',(0.,-1.,-1.87072776108972E-15));
#7135=DIRECTION('',(0.,-1.,-1.87072776108972E-15));
#7136=DIRECTION('',(-1.,2.15508563905137E-30,-1.49880108324393E-15));
#7137=DIRECTION('',(6.487631557244E-31,-1.,-1.87072776108972E-15));
#7138=DIRECTION('',(-1.,-6.26028842079383E-15,-1.49880108324395E-15));
#7139=DIRECTION('',(0.,-1.,-1.87072776108972E-15));
#7140=DIRECTION('',(-1.,0.,-1.49880108324393E-15));
#7141=DIRECTION('',(0.,1.,1.87072776108972E-15));
#7142=DIRECTION('center_axis',(1.49880108324393E-15,1.87072776108972E-15,
-1.));
#7143=DIRECTION('ref_axis',(6.487631557244E-31,-1.,-1.87072776108972E-15));
#7144=DIRECTION('',(6.48607084529489E-31,-1.,-1.87072776108972E-15));
#7145=DIRECTION('',(-1.,2.15508563905137E-30,-1.49880108324393E-15));
#7146=DIRECTION('center_axis',(0.,1.,1.87072776108972E-15));
#7147=DIRECTION('ref_axis',(-0.707106781186548,0.,0.707106781186548));
#7148=DIRECTION('',(0.,1.,1.87072776108972E-15));
#7149=DIRECTION('center_axis',(0.,1.,1.87072776108972E-15));
#7150=DIRECTION('ref_axis',(-0.707106781186548,0.,0.707106781186548));
#7151=DIRECTION('',(0.,1.,1.87072776108972E-15));
#7152=DIRECTION('center_axis',(0.,1.,0.));
#7153=DIRECTION('ref_axis',(0.707106781186548,0.,-0.707106781186548));
#7154=DIRECTION('',(0.,-1.,0.));
#7155=DIRECTION('',(0.,1.,0.));
#7156=DIRECTION('center_axis',(0.,0.,1.));
#7157=DIRECTION('ref_axis',(1.,0.,0.));
#7158=DIRECTION('',(0.,-1.,-1.80491040595099E-15));
#7159=DIRECTION('',(1.,0.,0.));
#7160=DIRECTION('',(0.707106781186548,0.707106781186547,0.));
#7161=DIRECTION('',(0.,-1.,-1.80491040595099E-15));
#7162=DIRECTION('',(0.,-1.,0.));
#7163=DIRECTION('',(0.,-1.,0.));
#7164=DIRECTION('center_axis',(0.,1.,0.));
#7165=DIRECTION('ref_axis',(0.707106781186547,0.,-0.707106781186548));
#7166=DIRECTION('',(0.,1.,0.));
#7167=DIRECTION('center_axis',(0.,1.,0.));
#7168=DIRECTION('ref_axis',(0.707106781186548,0.,-0.707106781186548));
#7169=DIRECTION('',(0.,1.,0.));
#7170=DIRECTION('center_axis',(1.,0.,0.));
#7171=DIRECTION('ref_axis',(0.,0.,-1.));
#7172=DIRECTION('center_axis',(-1.,0.,0.));
#7173=DIRECTION('ref_axis',(0.,0.,1.));
#7174=DIRECTION('center_axis',(-1.,0.,0.));
#7175=DIRECTION('ref_axis',(0.,0.,1.));
#7176=DIRECTION('center_axis',(1.,0.,0.));
#7177=DIRECTION('ref_axis',(0.,0.,-1.));
#7178=DIRECTION('center_axis',(-1.,0.,0.));
#7179=DIRECTION('ref_axis',(0.,0.,1.));
#7180=DIRECTION('center_axis',(6.31722353946309E-17,0.,-1.));
#7181=DIRECTION('ref_axis',(-1.,0.,-6.31722353946309E-17));
#7182=DIRECTION('center_axis',(0.,1.,0.));
#7183=DIRECTION('ref_axis',(0.,0.,1.));
#7184=DIRECTION('center_axis',(5.66470206346948E-17,-5.73388263202142E-17,
1.));
#7185=DIRECTION('ref_axis',(1.,0.,-5.66470206346948E-17));
#7186=DIRECTION('center_axis',(0.,0.,-1.));
#7187=DIRECTION('ref_axis',(-1.,0.,0.));
#7188=DIRECTION('center_axis',(3.15861176973154E-17,0.,1.));
#7189=DIRECTION('ref_axis',(1.,0.,-3.15861176973154E-17));
#7190=DIRECTION('center_axis',(0.,1.,0.));
#7191=DIRECTION('ref_axis',(0.,0.,1.));
#7192=DIRECTION('center_axis',(5.66470206346948E-17,5.73388263202142E-17,
-1.));
#7193=DIRECTION('ref_axis',(-1.,0.,-5.66470206346948E-17));
#7194=DIRECTION('center_axis',(-1.,-6.26028842079383E-15,-1.49880108324395E-15));
#7195=DIRECTION('ref_axis',(-3.336446474703E-15,0.707106781186554,-0.707106781186541));
#7196=DIRECTION('center_axis',(1.,6.66133814775084E-15,2.22044604925031E-15));
#7197=DIRECTION('ref_axis',(2.22044604925031E-15,0.,-1.));
#7198=DIRECTION('',(1.,6.26028842079383E-15,1.49880108324395E-15));
#7199=DIRECTION('center_axis',(0.707106781186552,0.707106781186543,1.57009245868378E-15));
#7200=DIRECTION('ref_axis',(-0.707106781186543,0.707106781186552,-5.39719282672555E-16));
#7201=DIRECTION('center_axis',(-6.487631557244E-31,1.,1.87072776108972E-15));
#7202=DIRECTION('ref_axis',(-0.707106781186549,0.,-0.707106781186546));
#7203=DIRECTION('',(-6.487631557244E-31,1.,1.87072776108972E-15));
#7204=DIRECTION('center_axis',(0.,-1.,0.));
#7205=DIRECTION('ref_axis',(-1.,0.,0.));
#7206=DIRECTION('center_axis',(0.707106781186551,0.707106781186544,1.57009245868378E-15));
#7207=DIRECTION('ref_axis',(0.707106781186543,-0.707106781186551,-1.07551611255716E-15));
#7208=DIRECTION('center_axis',(-1.,2.15508563905137E-30,-1.49880108324393E-15));
#7209=DIRECTION('ref_axis',(0.,0.707106781186554,-0.707106781186541));
#7210=DIRECTION('center_axis',(1.,0.,4.44089209850064E-15));
#7211=DIRECTION('ref_axis',(4.44089209850064E-15,0.,-1.));
#7212=DIRECTION('',(1.,-2.15508563905137E-30,1.49880108324393E-15));
#7213=DIRECTION('center_axis',(5.47864163101791E-31,-1.,-1.80340795878198E-15));
#7214=DIRECTION('ref_axis',(-0.707106781186546,1.27520199690053E-15,-0.707106781186549));
#7215=DIRECTION('center_axis',(-5.47864163101791E-31,1.,1.80340795878198E-15));
#7216=DIRECTION('ref_axis',(-0.707106781186546,1.2490009027033E-15,-0.707106781186549));
#7217=DIRECTION('center_axis',(-0.816496580927728,-0.408248290463861,0.408248290463861));
#7218=DIRECTION('ref_axis',(-0.577350269189627,0.577350269189625,-0.577350269189625));
#7219=DIRECTION('center_axis',(1.50049177820532E-15,1.80340795878198E-15,
-1.));
#7220=DIRECTION('ref_axis',(-0.707106781186546,0.707106781186549,0.));
#7221=DIRECTION('center_axis',(-6.26028842079384E-15,1.,1.80340795878197E-15));
#7222=DIRECTION('ref_axis',(-1.,-6.26028842079383E-15,-1.49880108324395E-15));
#7223=DIRECTION('',(1.50049177820532E-15,1.80340795878198E-15,-1.));
#7224=DIRECTION('',(1.,6.26028842079383E-15,0.));
#7225=DIRECTION('',(0.,-1.80340795878197E-15,1.));
#7226=DIRECTION('center_axis',(-1.50049177820532E-15,-1.80340795878198E-15,
1.));
#7227=DIRECTION('ref_axis',(-0.707106781186544,0.707106781186551,0.));
#7228=DIRECTION('',(-1.50049177820532E-15,-1.80340795878198E-15,1.));
#7229=DIRECTION('center_axis',(0.,0.,1.));
#7230=DIRECTION('ref_axis',(-0.707106781186544,0.707106781186551,0.));
#7231=DIRECTION('center_axis',(-1.,2.15824846905117E-30,-1.50049177820532E-15));
#7232=DIRECTION('ref_axis',(6.487631557244E-31,-1.,-1.87072776108972E-15));
#7233=DIRECTION('',(-1.50049177820532E-15,-1.80340795878198E-15,1.));
#7234=DIRECTION('',(2.15824846905117E-30,1.,0.));
#7235=DIRECTION('center_axis',(-1.,2.15824846905117E-30,-1.50049177820532E-15));
#7236=DIRECTION('ref_axis',(0.,0.,1.));
#7237=DIRECTION('center_axis',(-1.,2.15824846905117E-30,-1.50049177820532E-15));
#7238=DIRECTION('ref_axis',(0.,0.,1.));
#7239=DIRECTION('center_axis',(0.,-1.,0.));
#7240=DIRECTION('ref_axis',(0.707106781186545,0.,-0.70710678118655));
#7241=DIRECTION('center_axis',(0.707106781186553,0.707106781186542,0.));
#7242=DIRECTION('ref_axis',(0.707106781186542,-0.707106781186553,0.));
#7243=DIRECTION('',(0.,1.,0.));
#7244=DIRECTION('center_axis',(0.,-1.,0.));
#7245=DIRECTION('ref_axis',(0.,0.,-1.));
#7246=DIRECTION('',(0.,-1.,0.));
#7247=DIRECTION('center_axis',(1.,0.,0.));
#7248=DIRECTION('ref_axis',(0.,0.707106781186551,-0.707106781186544));
#7249=DIRECTION('center_axis',(0.923879532511291,0.38268343236508,0.));
#7250=DIRECTION('ref_axis',(-0.38268343236508,0.923879532511291,4.48749143926108E-16));
#7251=DIRECTION('',(1.,0.,0.));
#7252=DIRECTION('center_axis',(-1.,0.,0.));
#7253=DIRECTION('ref_axis',(0.,1.,0.));
#7254=DIRECTION('',(-1.,0.,0.));
#7255=DIRECTION('center_axis',(0.707106781186551,0.707106781186544,0.));
#7256=DIRECTION('ref_axis',(-0.707106781186544,0.707106781186551,4.90653893338682E-17));
#7257=DIRECTION('center_axis',(-0.816496580927729,0.40824829046386,-0.40824829046386));
#7258=DIRECTION('ref_axis',(0.577350269189626,0.577350269189626,-0.577350269189626));
#7259=DIRECTION('center_axis',(0.,0.,-1.));
#7260=DIRECTION('ref_axis',(0.707106781186545,0.70710678118655,0.));
#7261=DIRECTION('center_axis',(-1.,0.,0.));
#7262=DIRECTION('ref_axis',(0.,0.,1.));
#7263=DIRECTION('',(0.,0.,-1.));
#7264=DIRECTION('',(0.,1.,0.));
#7265=DIRECTION('',(0.,0.,-1.));
#7266=DIRECTION('center_axis',(0.,0.,-1.));
#7267=DIRECTION('ref_axis',(0.707106781186542,0.707106781186553,0.));
#7268=DIRECTION('',(0.,0.,1.));
#7269=DIRECTION('center_axis',(0.,0.,1.));
#7270=DIRECTION('ref_axis',(1.,0.,0.));
#7271=DIRECTION('center_axis',(0.,1.,0.));
#7272=DIRECTION('ref_axis',(0.,0.,1.));
#7273=DIRECTION('',(1.50049177820532E-15,0.,-1.));
#7274=DIRECTION('',(-1.,0.,0.));
#7275=DIRECTION('',(0.,0.,-1.));
#7276=DIRECTION('',(1.,0.,1.49880108324393E-15));
#7277=DIRECTION('',(0.,0.,-1.));
#7278=DIRECTION('center_axis',(0.,1.,0.));
#7279=DIRECTION('ref_axis',(0.707106781186547,0.,0.707106781186547));
#7280=DIRECTION('',(1.,0.,0.));
#7281=DIRECTION('center_axis',(0.,1.,0.));
#7282=DIRECTION('ref_axis',(-0.707106781186548,0.,0.707106781186548));
#7283=DIRECTION('center_axis',(0.707106781186548,0.707106781186547,0.));
#7284=DIRECTION('ref_axis',(-0.500000000000002,0.49999999999998,-0.70710678118656));
#7285=DIRECTION('center_axis',(0.382683432365076,0.923879532511293,0.));
#7286=DIRECTION('ref_axis',(-0.923879532511292,0.382683432365076,0.));
#7287=DIRECTION('',(0.707106781186548,0.707106781186547,0.));
#7288=DIRECTION('center_axis',(0.,1.,0.));
#7289=DIRECTION('ref_axis',(-0.707106781186546,0.,-0.707106781186549));
#7290=DIRECTION('',(0.,-1.,0.));
#7291=DIRECTION('center_axis',(0.,1.,0.));
#7292=DIRECTION('ref_axis',(0.,0.,-1.));
#7293=DIRECTION('',(0.,1.,0.));
#7294=DIRECTION('center_axis',(-1.,0.,0.));
#7295=DIRECTION('ref_axis',(0.,-0.707106781186551,-0.707106781186544));
#7296=DIRECTION('',(-1.,0.,0.));
#7297=DIRECTION('center_axis',(1.,0.,0.));
#7298=DIRECTION('ref_axis',(0.,-1.,0.));
#7299=DIRECTION('',(1.,0.,0.));
#7300=DIRECTION('center_axis',(-0.816496580927729,0.40824829046386,0.40824829046386));
#7301=DIRECTION('ref_axis',(-0.577350269189626,-0.577350269189626,-0.577350269189626));
#7302=DIRECTION('center_axis',(0.,0.,-1.));
#7303=DIRECTION('ref_axis',(-0.707106781186546,-0.707106781186549,0.));
#7304=DIRECTION('center_axis',(0.,-1.,0.));
#7305=DIRECTION('ref_axis',(-1.,0.,0.));
#7306=DIRECTION('center_axis',(0.,-1.,0.));
#7307=DIRECTION('ref_axis',(-0.707106781186547,0.,0.707106781186548));
#7308=DIRECTION('',(-1.,0.,0.));
#7309=DIRECTION('center_axis',(0.,-1.,0.));
#7310=DIRECTION('ref_axis',(0.707106781186548,0.,0.707106781186548));
#7311=DIRECTION('',(0.,0.,-1.));
#7312=DIRECTION('',(1.,0.,0.));
#7313=DIRECTION('',(0.,0.,1.));
#7314=DIRECTION('center_axis',(0.,0.,-1.));
#7315=DIRECTION('ref_axis',(-1.,0.,0.));
#7316=DIRECTION('center_axis',(0.,1.,1.87072776108972E-15));
#7317=DIRECTION('ref_axis',(-0.707106781186549,0.,-0.707106781186546));
#7318=DIRECTION('center_axis',(0.,-1.,0.));
#7319=DIRECTION('ref_axis',(-1.,0.,0.));
#7320=DIRECTION('',(0.,1.,1.87072776108972E-15));
#7321=DIRECTION('center_axis',(0.,0.,-1.));
#7322=DIRECTION('ref_axis',(-1.,0.,0.));
#7323=DIRECTION('center_axis',(-1.,0.,0.));
#7324=DIRECTION('ref_axis',(0.,0.707106781186545,-0.70710678118655));
#7325=DIRECTION('center_axis',(1.,0.,0.));
#7326=DIRECTION('ref_axis',(0.,0.707106781186545,-0.70710678118655));
#7327=DIRECTION('center_axis',(0.,0.,1.));
#7328=DIRECTION('ref_axis',(-0.707106781186518,0.707106781186577,0.));
#7329=DIRECTION('center_axis',(0.,0.,-1.));
#7330=DIRECTION('ref_axis',(-1.,0.,0.));
#7331=DIRECTION('',(0.,0.,1.));
#7332=DIRECTION('center_axis',(0.,1.,0.));
#7333=DIRECTION('ref_axis',(0.,0.,1.));
#7334=DIRECTION('center_axis',(1.,0.,0.));
#7335=DIRECTION('ref_axis',(0.,0.,-1.));
#7336=DIRECTION('center_axis',(0.,-1.,0.));
#7337=DIRECTION('ref_axis',(0.707106781186548,0.,0.707106781186548));
#7338=DIRECTION('center_axis',(1.,0.,0.));
#7339=DIRECTION('ref_axis',(0.,0.707106781186552,-0.707106781186543));
#7340=DIRECTION('center_axis',(1.,0.,0.));
#7341=DIRECTION('ref_axis',(0.,0.,-1.));
#7342=DIRECTION('',(-1.,0.,0.));
#7343=DIRECTION('center_axis',(0.,1.,0.));
#7344=DIRECTION('ref_axis',(0.,0.,1.));
#7345=DIRECTION('center_axis',(0.,-1.,0.));
#7346=DIRECTION('ref_axis',(-0.707106781186548,0.,0.707106781186548));
#7347=DIRECTION('center_axis',(0.,-1.,0.));
#7348=DIRECTION('ref_axis',(-0.707106781186547,0.,0.707106781186548));
#7349=DIRECTION('',(0.,-1.,0.));
#7350=DIRECTION('center_axis',(0.,0.,-1.));
#7351=DIRECTION('ref_axis',(-1.,0.,0.));
#7352=DIRECTION('',(0.,1.,0.));
#7353=DIRECTION('center_axis',(0.,1.,0.));
#7354=DIRECTION('ref_axis',(0.707106781186548,0.,0.707106781186548));
#7355=DIRECTION('',(0.,-1.,0.));
#7356=DIRECTION('center_axis',(-1.,0.,0.));
#7357=DIRECTION('ref_axis',(0.,1.,0.));
#7358=DIRECTION('',(0.,1.,0.));
#7359=DIRECTION('',(0.,0.499999999999999,0.866025403784439));
#7360=DIRECTION('',(0.,-0.5,0.866025403784439));
#7361=DIRECTION('',(0.,-1.,6.99259158684936E-16));
#7362=DIRECTION('',(0.,-0.5,-0.866025403784439));
#7363=DIRECTION('',(0.,0.5,-0.866025403784439));
#7364=DIRECTION('',(0.,1.,-4.19555495210962E-15));
#7365=DIRECTION('center_axis',(0.,0.,1.));
#7366=DIRECTION('ref_axis',(1.,0.,0.));
#7367=DIRECTION('',(1.,5.47864163101791E-31,0.));
#7368=DIRECTION('',(-0.707106781186548,-0.707106781186547,0.));
#7369=DIRECTION('',(0.,1.,0.));
#7370=DIRECTION('center_axis',(0.,0.,1.));
#7371=DIRECTION('ref_axis',(-0.707106781186543,-0.707106781186552,0.));
#7372=DIRECTION('center_axis',(1.,0.,1.49880108324393E-15));
#7373=DIRECTION('ref_axis',(1.57009245868377E-15,0.707106781186554,-0.707106781186541));
#7374=DIRECTION('center_axis',(-1.,0.,0.));
#7375=DIRECTION('ref_axis',(0.,1.,0.));
#7376=DIRECTION('center_axis',(0.,-1.,-1.87072776108972E-15));
#7377=DIRECTION('ref_axis',(0.707106781186549,0.,-0.707106781186546));
#7378=DIRECTION('center_axis',(0.,-1.,0.));
#7379=DIRECTION('ref_axis',(2.22044604925031E-15,0.,-1.));
#7380=DIRECTION('center_axis',(-0.408248290463864,-0.40824829046386,-0.816496580927727));
#7381=DIRECTION('ref_axis',(0.577350269189629,0.577350269189623,-0.577350269189625));
#7382=DIRECTION('center_axis',(0.,0.,-1.));
#7383=DIRECTION('ref_axis',(0.707106781186545,0.70710678118655,0.));
#7384=DIRECTION('center_axis',(-6.48607084529489E-31,1.,1.87072776108972E-15));
#7385=DIRECTION('ref_axis',(-0.707106781186546,0.,-0.707106781186549));
#7386=DIRECTION('center_axis',(-1.,0.,0.));
#7387=DIRECTION('ref_axis',(0.,0.,-1.));
#7388=DIRECTION('center_axis',(1.,0.,0.));
#7389=DIRECTION('ref_axis',(0.,0.,-1.));
#7390=DIRECTION('',(1.,0.,0.));
#7391=DIRECTION('center_axis',(1.,0.,0.));
#7392=DIRECTION('ref_axis',(0.,0.,-1.));
#7393=DIRECTION('',(0.,1.,-4.19555495210962E-15));
#7394=DIRECTION('',(0.,0.5,-0.866025403784439));
#7395=DIRECTION('',(0.,-0.5,-0.866025403784439));
#7396=DIRECTION('',(0.,-1.,6.99259158684936E-16));
#7397=DIRECTION('',(0.,-0.5,0.866025403784439));
#7398=DIRECTION('',(0.,0.499999999999999,0.866025403784439));
#7399=DIRECTION('center_axis',(0.,6.99259158684936E-16,1.));
#7400=DIRECTION('ref_axis',(0.,1.,-6.99259158684936E-16));
#7401=DIRECTION('',(-1.,0.,0.));
#7402=DIRECTION('',(-1.,0.,0.));
#7403=DIRECTION('center_axis',(0.,-0.866025403784439,0.5));
#7404=DIRECTION('ref_axis',(0.,0.5,0.866025403784439));
#7405=DIRECTION('',(-1.,0.,0.));
#7406=DIRECTION('center_axis',(0.,-0.866025403784439,-0.5));
#7407=DIRECTION('ref_axis',(0.,-0.5,0.866025403784439));
#7408=DIRECTION('',(-1.,0.,0.));
#7409=DIRECTION('center_axis',(0.,-4.19555495210962E-15,-1.));
#7410=DIRECTION('ref_axis',(0.,-1.,4.19555495210962E-15));
#7411=DIRECTION('',(-1.,0.,0.));
#7412=DIRECTION('center_axis',(0.,0.866025403784439,-0.499999999999999));
#7413=DIRECTION('ref_axis',(0.,-0.499999999999999,-0.866025403784439));
#7414=DIRECTION('',(-1.,0.,0.));
#7415=DIRECTION('center_axis',(0.,0.866025403784439,0.5));
#7416=DIRECTION('ref_axis',(0.,0.5,-0.866025403784439));
#7417=DIRECTION('center_axis',(0.,0.,-1.));
#7418=DIRECTION('ref_axis',(-0.707106781186543,-0.707106781186552,0.));
#7419=DIRECTION('',(0.,0.,-1.));
#7420=DIRECTION('center_axis',(-1.,0.,0.));
#7421=DIRECTION('ref_axis',(0.,1.,0.));
#7422=DIRECTION('',(0.,-1.50049177820532E-15,-1.));
#7423=DIRECTION('center_axis',(-1.,0.,0.));
#7424=DIRECTION('ref_axis',(0.,0.,1.));
#7425=DIRECTION('center_axis',(-1.,0.,0.));
#7426=DIRECTION('ref_axis',(0.,0.,1.));
#7427=DIRECTION('center_axis',(0.,1.,0.));
#7428=DIRECTION('ref_axis',(1.,0.,0.));
#7429=DIRECTION('center_axis',(0.,-1.,0.));
#7430=DIRECTION('ref_axis',(-1.,0.,0.));
#7431=DIRECTION('',(0.,1.,0.));
#7432=DIRECTION('center_axis',(0.,1.,0.));
#7433=DIRECTION('ref_axis',(1.,0.,0.));
#7434=DIRECTION('center_axis',(0.,-1.,0.));
#7435=DIRECTION('ref_axis',(-1.,0.,0.));
#7436=DIRECTION('center_axis',(0.,1.,0.));
#7437=DIRECTION('ref_axis',(-1.,0.,0.));
#7438=DIRECTION('',(-6.79431990283728E-16,0.,1.));
#7439=DIRECTION('',(-0.866025403784439,0.,0.5));
#7440=DIRECTION('',(-0.866025403784439,0.,-0.5));
#7441=DIRECTION('',(6.79431990283728E-16,0.,-1.));
#7442=DIRECTION('center_axis',(-1.,0.,-6.79431990283728E-16));
#7443=DIRECTION('ref_axis',(-6.79431990283728E-16,0.,1.));
#7444=DIRECTION('',(0.,-1.,0.));
#7445=DIRECTION('center_axis',(1.,0.,6.79431990283728E-16));
#7446=DIRECTION('ref_axis',(6.79431990283728E-16,0.,-1.));
#7447=DIRECTION('',(0.,-1.,0.));
#7448=DIRECTION('center_axis',(0.5,0.,0.866025403784439));
#7449=DIRECTION('ref_axis',(0.866025403784439,0.,-0.5));
#7450=DIRECTION('',(0.,-1.,0.));
#7451=DIRECTION('center_axis',(-0.5,0.,0.866025403784439));
#7452=DIRECTION('ref_axis',(0.866025403784439,0.,0.5));
#7453=DIRECTION('center_axis',(-1.,0.,0.));
#7454=DIRECTION('ref_axis',(0.,0.,1.));
#7455=DIRECTION('center_axis',(1.,0.,0.));
#7456=DIRECTION('ref_axis',(0.,0.,1.));
#7457=DIRECTION('center_axis',(1.,0.,0.));
#7458=DIRECTION('ref_axis',(0.,0.,1.));
#7459=DIRECTION('',(1.,0.,0.));
#7460=DIRECTION('center_axis',(1.,0.,0.));
#7461=DIRECTION('ref_axis',(0.,0.,1.));
#7462=DIRECTION('center_axis',(-1.,0.,0.));
#7463=DIRECTION('ref_axis',(0.,0.,1.));
#7464=DIRECTION('center_axis',(-1.,0.,0.));
#7465=DIRECTION('ref_axis',(0.,0.,1.));
#7466=DIRECTION('center_axis',(1.,0.,0.));
#7467=DIRECTION('ref_axis',(0.,0.,1.));
#7468=DIRECTION('center_axis',(1.,0.,0.));
#7469=DIRECTION('ref_axis',(0.,0.,1.));
#7470=DIRECTION('',(1.,0.,0.));
#7471=DIRECTION('center_axis',(1.,0.,0.));
#7472=DIRECTION('ref_axis',(0.,0.,1.));
#7473=DIRECTION('center_axis',(-1.,0.,0.));
#7474=DIRECTION('ref_axis',(0.,0.,1.));
#7475=DIRECTION('center_axis',(-5.47864163101791E-31,1.,1.80340795878198E-15));
#7476=DIRECTION('ref_axis',(-1.,2.15508563905137E-30,-1.49880108324393E-15));
#7477=DIRECTION('center_axis',(-0.707106781186547,0.707106781186548,-1.06100791148364E-15));
#7478=DIRECTION('ref_axis',(-1.50049177820532E-15,0.,1.));
#7479=DIRECTION('',(-0.707106781186548,-0.707106781186547,0.));
#7480=DIRECTION('center_axis',(2.15840454024608E-30,1.,0.));
#7481=DIRECTION('ref_axis',(-0.707106781186548,0.,0.707106781186547));
#7482=DIRECTION('center_axis',(0.382683432365061,0.923879532511299,0.));
#7483=DIRECTION('ref_axis',(-0.923879532511299,0.382683432365061,0.));
#7484=DIRECTION('center_axis',(0.707106781186548,0.707106781186547,0.));
#7485=DIRECTION('ref_axis',(-0.499999999999997,0.5,0.707106781186549));
#7486=DIRECTION('center_axis',(0.923879532511293,0.382683432365075,-1.02571232897396E-15));
#7487=DIRECTION('ref_axis',(-0.382683432365075,0.923879532511293,-2.47628861570235E-15));
#7488=DIRECTION('center_axis',(1.,0.,0.));
#7489=DIRECTION('ref_axis',(0.,0.707106781186553,0.707106781186543));
#7490=DIRECTION('center_axis',(1.,0.,0.));
#7491=DIRECTION('ref_axis',(0.,0.,1.));
#7492=DIRECTION('center_axis',(0.,0.,-1.));
#7493=DIRECTION('ref_axis',(0.707106781186543,0.707106781186552,0.));
#7494=DIRECTION('center_axis',(0.,0.,1.));
#7495=DIRECTION('ref_axis',(0.,1.,0.));
#7496=DIRECTION('center_axis',(0.,1.,0.));
#7497=DIRECTION('ref_axis',(0.707106781186548,0.,0.707106781186547));
#7498=DIRECTION('center_axis',(0.,1.,0.));
#7499=DIRECTION('ref_axis',(1.,0.,0.));
#7500=DIRECTION('center_axis',(0.408248290463865,0.40824829046386,-0.816496580927727));
#7501=DIRECTION('ref_axis',(0.577350269189628,0.577350269189623,0.577350269189627));
#7502=DIRECTION('center_axis',(-1.,0.,0.));
#7503=DIRECTION('ref_axis',(0.,0.,-1.));
#7504=DIRECTION('',(0.,0.,1.));
#7505=DIRECTION('',(0.,-1.,0.));
#7506=DIRECTION('',(0.,0.,-1.));
#7507=DIRECTION('',(0.,-1.,0.));
#7508=DIRECTION('center_axis',(-0.500000000000002,0.,0.866025403784438));
#7509=DIRECTION('ref_axis',(-0.866025403784438,0.,-0.500000000000002));
#7510=DIRECTION('',(0.866025403784438,0.,0.500000000000002));
#7511=DIRECTION('',(0.,-1.,0.));
#7512=DIRECTION('',(-0.866025403784438,0.,-0.500000000000002));
#7513=DIRECTION('center_axis',(0.500000000000002,0.,0.866025403784437));
#7514=DIRECTION('ref_axis',(-0.866025403784437,0.,0.500000000000002));
#7515=DIRECTION('',(0.866025403784437,0.,-0.500000000000002));
#7516=DIRECTION('',(0.,-1.,0.));
#7517=DIRECTION('',(-0.866025403784437,0.,0.500000000000002));
#7518=DIRECTION('center_axis',(1.,0.,0.));
#7519=DIRECTION('ref_axis',(0.,0.,1.));
#7520=DIRECTION('',(0.,0.,-1.));
#7521=DIRECTION('',(0.,-1.,0.));
#7522=DIRECTION('',(0.,0.,1.));
#7523=DIRECTION('center_axis',(0.500000000000004,0.,-0.866025403784436));
#7524=DIRECTION('ref_axis',(0.866025403784436,0.,0.500000000000004));
#7525=DIRECTION('',(-0.866025403784436,0.,-0.500000000000004));
#7526=DIRECTION('',(0.,-1.,0.));
#7527=DIRECTION('',(0.866025403784436,0.,0.500000000000004));
#7528=DIRECTION('center_axis',(-0.499999999999996,0.,-0.866025403784441));
#7529=DIRECTION('ref_axis',(0.866025403784441,0.,-0.499999999999996));
#7530=DIRECTION('',(-0.866025403784441,0.,0.499999999999996));
#7531=DIRECTION('',(0.866025403784441,0.,-0.499999999999996));
#7532=DIRECTION('center_axis',(-9.57088814332031E-17,0.,-1.));
#7533=DIRECTION('ref_axis',(-1.,0.,9.57088814332031E-17));
#7534=DIRECTION('',(0.,1.,0.));
#7535=DIRECTION('',(0.,-1.,0.));
#7536=DIRECTION('',(-1.,0.,9.57088814332031E-17));
#7537=DIRECTION('center_axis',(-1.,0.,0.));
#7538=DIRECTION('ref_axis',(0.,-1.,0.));
#7539=DIRECTION('',(0.,0.,1.));
#7540=DIRECTION('',(0.,1.,0.));
#7541=DIRECTION('center_axis',(-1.,0.,0.));
#7542=DIRECTION('ref_axis',(0.,0.,1.));
#7543=DIRECTION('',(0.,1.,0.));
#7544=DIRECTION('',(0.,-1.,0.));
#7545=DIRECTION('',(0.,0.,1.));
#7546=DIRECTION('center_axis',(0.,0.,1.));
#7547=DIRECTION('ref_axis',(1.,0.,0.));
#7548=DIRECTION('',(0.,-1.,0.));
#7549=DIRECTION('',(1.,0.,0.));
#7550=DIRECTION('',(0.,1.,0.));
#7551=DIRECTION('center_axis',(1.,0.,0.));
#7552=DIRECTION('ref_axis',(0.,0.,-1.));
#7553=DIRECTION('',(0.,-1.,0.));
#7554=DIRECTION('',(0.,0.,-1.));
#7555=DIRECTION('',(0.,1.,0.));
#7556=DIRECTION('center_axis',(0.,1.,0.));
#7557=DIRECTION('ref_axis',(-1.,0.,0.));
#7558=DIRECTION('center_axis',(0.,1.,0.));
#7559=DIRECTION('ref_axis',(-1.,0.,0.));
#7560=DIRECTION('center_axis',(4.95635278850515E-17,0.,-1.));
#7561=DIRECTION('ref_axis',(1.,0.,4.95635278850515E-17));
#7562=DIRECTION('',(0.,1.,0.));
#7563=DIRECTION('',(1.,0.,4.95635278850515E-17));
#7564=DIRECTION('center_axis',(5.94762334620619E-17,0.,-1.));
#7565=DIRECTION('ref_axis',(1.,0.,5.94762334620619E-17));
#7566=DIRECTION('',(0.,-1.,0.));
#7567=DIRECTION('',(1.,0.,5.94762334620619E-17));
#7568=DIRECTION('center_axis',(-1.,0.,0.));
#7569=DIRECTION('ref_axis',(0.,0.,-1.));
#7570=DIRECTION('',(0.,-1.,0.));
#7571=DIRECTION('center_axis',(0.,0.,1.));
#7572=DIRECTION('ref_axis',(-1.,0.,0.));
#7573=DIRECTION('',(0.,-1.,0.));
#7574=DIRECTION('center_axis',(0.,-1.,0.));
#7575=DIRECTION('ref_axis',(-1.83697019872103E-16,0.,-1.));
#7576=DIRECTION('center_axis',(0.,1.,0.));
#7577=DIRECTION('ref_axis',(1.,0.,0.));
#7578=DIRECTION('center_axis',(0.,-1.,0.));
#7579=DIRECTION('ref_axis',(1.,0.,0.));
#7580=DIRECTION('',(0.,1.,0.));
#7581=DIRECTION('center_axis',(-5.47864163101791E-31,1.,1.80340795878198E-15));
#7582=DIRECTION('ref_axis',(1.,0.,0.));
#7583=DIRECTION('center_axis',(0.,0.,1.));
#7584=DIRECTION('ref_axis',(-1.,0.,0.));
#7585=DIRECTION('',(0.,-1.,0.));
#7586=DIRECTION('center_axis',(0.,-1.,0.));
#7587=DIRECTION('ref_axis',(-1.83697019872103E-16,0.,-1.));
#7588=DIRECTION('',(0.,-1.,0.));
#7589=DIRECTION('center_axis',(0.,0.,1.));
#7590=DIRECTION('ref_axis',(-1.,0.,0.));
#7591=DIRECTION('center_axis',(0.,1.,0.));
#7592=DIRECTION('ref_axis',(-1.,0.,0.));
#7593=DIRECTION('',(0.,1.,0.));
#7594=DIRECTION('center_axis',(-1.,0.,-2.79703663473973E-15));
#7595=DIRECTION('ref_axis',(2.79703663473973E-15,0.,-1.));
#7596=DIRECTION('',(-2.79703663473973E-15,0.,1.));
#7597=DIRECTION('',(0.,-1.,0.));
#7598=DIRECTION('',(2.79703663473973E-15,0.,-1.));
#7599=DIRECTION('',(0.,-1.,0.));
#7600=DIRECTION('center_axis',(-0.500000000000002,0.,0.866025403784437));
#7601=DIRECTION('ref_axis',(-0.866025403784437,0.,-0.500000000000002));
#7602=DIRECTION('',(0.866025403784437,0.,0.500000000000002));
#7603=DIRECTION('',(0.,-1.,0.));
#7604=DIRECTION('',(-0.866025403784437,0.,-0.500000000000002));
#7605=DIRECTION('center_axis',(0.5,0.,0.866025403784439));
#7606=DIRECTION('ref_axis',(-0.866025403784439,0.,0.5));
#7607=DIRECTION('',(0.866025403784439,0.,-0.5));
#7608=DIRECTION('',(0.,-1.,0.));
#7609=DIRECTION('',(-0.866025403784439,0.,0.5));
#7610=DIRECTION('center_axis',(1.,0.,2.79703663473974E-15));
#7611=DIRECTION('ref_axis',(-2.79703663473974E-15,0.,1.));
#7612=DIRECTION('',(2.79703663473974E-15,0.,-1.));
#7613=DIRECTION('',(0.,-1.,0.));
#7614=DIRECTION('',(-2.79703663473974E-15,0.,1.));
#7615=DIRECTION('center_axis',(0.500000000000005,0.,-0.866025403784436));
#7616=DIRECTION('ref_axis',(0.866025403784435,0.,0.500000000000005));
#7617=DIRECTION('',(-0.866025403784435,0.,-0.500000000000005));
#7618=DIRECTION('',(0.,-1.,0.));
#7619=DIRECTION('',(0.866025403784435,0.,0.500000000000005));
#7620=DIRECTION('center_axis',(-0.5,0.,-0.866025403784439));
#7621=DIRECTION('ref_axis',(0.866025403784439,0.,-0.5));
#7622=DIRECTION('',(-0.866025403784439,0.,0.5));
#7623=DIRECTION('',(0.866025403784439,0.,-0.5));
#7624=DIRECTION('center_axis',(1.,0.,0.));
#7625=DIRECTION('ref_axis',(0.,0.,1.));
#7626=DIRECTION('',(0.,0.,-1.));
#7627=DIRECTION('',(0.,-1.,0.));
#7628=DIRECTION('',(0.,0.,1.));
#7629=DIRECTION('',(0.,-1.,0.));
#7630=DIRECTION('center_axis',(0.500000000000001,0.,-0.866025403784438));
#7631=DIRECTION('ref_axis',(0.866025403784438,0.,0.500000000000001));
#7632=DIRECTION('',(-0.866025403784438,0.,-0.500000000000001));
#7633=DIRECTION('',(0.,-1.,0.));
#7634=DIRECTION('',(0.866025403784438,0.,0.500000000000001));
#7635=DIRECTION('center_axis',(-0.500000000000001,0.,-0.866025403784438));
#7636=DIRECTION('ref_axis',(0.866025403784438,0.,-0.500000000000001));
#7637=DIRECTION('',(-0.866025403784438,0.,0.500000000000001));
#7638=DIRECTION('',(0.,-1.,0.));
#7639=DIRECTION('',(0.866025403784438,0.,-0.500000000000001));
#7640=DIRECTION('center_axis',(-1.,0.,1.39851831736987E-15));
#7641=DIRECTION('ref_axis',(-1.39851831736987E-15,0.,-1.));
#7642=DIRECTION('',(1.39851831736987E-15,0.,1.));
#7643=DIRECTION('',(0.,-1.,0.));
#7644=DIRECTION('',(-1.39851831736987E-15,0.,-1.));
#7645=DIRECTION('center_axis',(-0.5,0.,0.866025403784439));
#7646=DIRECTION('ref_axis',(-0.866025403784438,0.,-0.5));
#7647=DIRECTION('',(0.866025403784438,0.,0.5));
#7648=DIRECTION('',(0.,-1.,0.));
#7649=DIRECTION('',(-0.866025403784439,0.,-0.5));
#7650=DIRECTION('center_axis',(0.500000000000003,0.,0.866025403784437));
#7651=DIRECTION('ref_axis',(-0.866025403784437,0.,0.500000000000003));
#7652=DIRECTION('',(0.866025403784437,0.,-0.500000000000003));
#7653=DIRECTION('',(-0.866025403784437,0.,0.500000000000003));
#7654=DIRECTION('center_axis',(1.,0.,1.39851831736987E-15));
#7655=DIRECTION('ref_axis',(-1.39851831736987E-15,0.,1.));
#7656=DIRECTION('',(1.39851831736987E-15,0.,-1.));
#7657=DIRECTION('',(0.,-1.,0.));
#7658=DIRECTION('',(-1.39851831736987E-15,0.,1.));
#7659=DIRECTION('',(0.,-1.,0.));
#7660=DIRECTION('center_axis',(0.5,0.,-0.866025403784439));
#7661=DIRECTION('ref_axis',(0.866025403784439,0.,0.5));
#7662=DIRECTION('',(-0.866025403784439,0.,-0.5));
#7663=DIRECTION('',(0.,-1.,0.));
#7664=DIRECTION('',(0.866025403784439,0.,0.5));
#7665=DIRECTION('center_axis',(-0.500000000000001,0.,-0.866025403784438));
#7666=DIRECTION('ref_axis',(0.866025403784438,0.,-0.500000000000001));
#7667=DIRECTION('',(-0.866025403784438,0.,0.500000000000001));
#7668=DIRECTION('',(0.,-1.,0.));
#7669=DIRECTION('',(0.866025403784438,0.,-0.500000000000001));
#7670=DIRECTION('center_axis',(-1.,0.,0.));
#7671=DIRECTION('ref_axis',(0.,0.,-1.));
#7672=DIRECTION('',(0.,0.,1.));
#7673=DIRECTION('',(0.,-1.,0.));
#7674=DIRECTION('',(0.,0.,-1.));
#7675=DIRECTION('center_axis',(-0.5,0.,0.866025403784439));
#7676=DIRECTION('ref_axis',(-0.866025403784438,0.,-0.5));
#7677=DIRECTION('',(0.866025403784438,0.,0.5));
#7678=DIRECTION('',(0.,-1.,0.));
#7679=DIRECTION('',(-0.866025403784439,0.,-0.5));
#7680=DIRECTION('center_axis',(0.5,0.,0.866025403784439));
#7681=DIRECTION('ref_axis',(-0.866025403784439,0.,0.5));
#7682=DIRECTION('',(0.866025403784439,0.,-0.5));
#7683=DIRECTION('',(-0.866025403784439,0.,0.5));
#7684=DIRECTION('center_axis',(0.,1.,0.));
#7685=DIRECTION('ref_axis',(-1.,0.,0.));
#7686=DIRECTION('center_axis',(0.,1.,0.));
#7687=DIRECTION('ref_axis',(-1.,0.,0.));
#7688=DIRECTION('',(0.,1.,0.));
#7689=DIRECTION('center_axis',(0.,1.,0.));
#7690=DIRECTION('ref_axis',(-1.,0.,0.));
#7691=DIRECTION('center_axis',(0.,1.,0.));
#7692=DIRECTION('ref_axis',(-1.,0.,0.));
#7693=DIRECTION('',(0.,1.,0.));
#7694=DIRECTION('center_axis',(0.,1.,0.));
#7695=DIRECTION('ref_axis',(-1.,0.,0.));
#7696=DIRECTION('center_axis',(0.,1.,0.));
#7697=DIRECTION('ref_axis',(-1.,0.,0.));
#7698=DIRECTION('',(0.,1.,0.));
#7699=DIRECTION('center_axis',(0.,1.,0.));
#7700=DIRECTION('ref_axis',(-1.,0.,0.));
#7701=DIRECTION('center_axis',(0.,1.,0.));
#7702=DIRECTION('ref_axis',(-1.,0.,0.));
#7703=DIRECTION('center_axis',(0.,1.,0.));
#7704=DIRECTION('ref_axis',(-1.,0.,0.));
#7705=DIRECTION('center_axis',(0.,-1.,0.));
#7706=DIRECTION('ref_axis',(0.707106781186547,0.,-0.707106781186548));
#7707=DIRECTION('center_axis',(0.,1.,0.));
#7708=DIRECTION('ref_axis',(0.707106781186547,0.,-0.707106781186548));
#7709=DIRECTION('',(0.,-1.,0.));
#7710=DIRECTION('center_axis',(-3.17206578464331E-16,0.,1.));
#7711=DIRECTION('ref_axis',(-1.,0.,-3.17206578464331E-16));
#7712=DIRECTION('',(0.,-1.,0.));
#7713=DIRECTION('',(-1.,0.,-3.17206578464331E-16));
#7714=DIRECTION('center_axis',(0.,-1.,0.));
#7715=DIRECTION('ref_axis',(0.707106781186547,0.,0.707106781186548));
#7716=DIRECTION('center_axis',(0.,1.,0.));
#7717=DIRECTION('ref_axis',(0.707106781186547,0.,0.707106781186548));
#7718=DIRECTION('center_axis',(0.,-1.,0.));
#7719=DIRECTION('ref_axis',(-0.707106781186547,0.,-0.707106781186548));
#7720=DIRECTION('center_axis',(0.,1.,0.));
#7721=DIRECTION('ref_axis',(-0.707106781186547,0.,-0.707106781186548));
#7722=DIRECTION('',(0.,1.,0.));
#7723=DIRECTION('center_axis',(-6.34413156928658E-16,0.,1.));
#7724=DIRECTION('ref_axis',(-1.,0.,-6.34413156928658E-16));
#7725=DIRECTION('',(0.,1.,0.));
#7726=DIRECTION('',(-1.,0.,-6.34413156928658E-16));
#7727=DIRECTION('center_axis',(0.,-1.,0.));
#7728=DIRECTION('ref_axis',(-0.707106781186547,0.,0.707106781186548));
#7729=DIRECTION('center_axis',(0.,1.,0.));
#7730=DIRECTION('ref_axis',(-0.707106781186547,0.,0.707106781186548));
#7731=DIRECTION('',(0.,-1.,0.));
#7732=DIRECTION('center_axis',(-6.58886068026799E-17,0.,-1.));
#7733=DIRECTION('ref_axis',(1.,0.,-6.58886068026799E-17));
#7734=DIRECTION('',(0.,-1.,0.));
#7735=DIRECTION('',(1.,0.,-6.58886068026799E-17));
#7736=DIRECTION('',(0.,-1.,0.));
#7737=DIRECTION('center_axis',(1.,0.,0.));
#7738=DIRECTION('ref_axis',(0.,0.,1.));
#7739=DIRECTION('',(0.,-1.,0.));
#7740=DIRECTION('',(0.,-1.,0.));
#7741=DIRECTION('',(0.,0.,1.));
#7742=DIRECTION('center_axis',(1.,0.,-1.91417762866406E-16));
#7743=DIRECTION('ref_axis',(0.,-1.,0.));
#7744=DIRECTION('',(0.,0.,-1.));
#7745=DIRECTION('center_axis',(-1.,0.,0.));
#7746=DIRECTION('ref_axis',(0.,-1.,0.));
#7747=DIRECTION('',(-7.93016446160803E-16,0.,-1.));
#7748=DIRECTION('center_axis',(1.,0.,1.91417762866406E-16));
#7749=DIRECTION('ref_axis',(0.,-1.,0.));
#7750=DIRECTION('',(1.18952466924125E-15,0.,1.));
#7751=DIRECTION('center_axis',(0.,1.,0.));
#7752=DIRECTION('ref_axis',(-1.,0.,0.));
#7753=DIRECTION('center_axis',(0.,-1.,0.));
#7754=DIRECTION('ref_axis',(-1.,0.,0.));
#7755=DIRECTION('center_axis',(0.,-1.,0.));
#7756=DIRECTION('ref_axis',(0.,0.,-1.));
#7757=DIRECTION('center_axis',(0.,-1.,0.));
#7758=DIRECTION('ref_axis',(1.,0.,5.55111512312578E-16));
#7759=DIRECTION('',(-1.,0.,3.294430340134E-17));
#7760=DIRECTION('center_axis',(0.,-1.,0.));
#7761=DIRECTION('ref_axis',(0.,0.,1.));
#7762=DIRECTION('',(0.,0.,-1.));
#7763=DIRECTION('center_axis',(0.,1.,0.));
#7764=DIRECTION('ref_axis',(-1.,0.,0.));
#7765=DIRECTION('center_axis',(0.,1.,0.));
#7766=DIRECTION('ref_axis',(-1.,0.,0.));
#7767=DIRECTION('center_axis',(0.,1.,0.));
#7768=DIRECTION('ref_axis',(-1.,0.,0.));
#7769=DIRECTION('center_axis',(0.,1.,0.));
#7770=DIRECTION('ref_axis',(-1.,0.,0.));
#7771=DIRECTION('center_axis',(3.294430340134E-17,0.,1.));
#7772=DIRECTION('ref_axis',(-1.,0.,3.294430340134E-17));
#7773=DIRECTION('',(0.,-1.,0.));
#7774=DIRECTION('',(0.,-1.,0.));
#7775=DIRECTION('center_axis',(-1.,0.,0.));
#7776=DIRECTION('ref_axis',(0.,0.,-1.));
#7777=DIRECTION('',(0.,-1.,0.));
#7778=DIRECTION('',(0.,-1.,0.));
#7779=DIRECTION('center_axis',(0.,1.,0.));
#7780=DIRECTION('ref_axis',(1.,0.,5.55111512312578E-16));
#7781=DIRECTION('center_axis',(0.,1.,0.));
#7782=DIRECTION('ref_axis',(0.,0.,-1.));
#7783=DIRECTION('center_axis',(0.,1.,0.));
#7784=DIRECTION('ref_axis',(0.,0.,1.));
#7785=DIRECTION('center_axis',(0.,1.,0.));
#7786=DIRECTION('ref_axis',(-1.,0.,0.));
#7787=DIRECTION('center_axis',(5.47864163101791E-31,-1.,-1.80340795878198E-15));
#7788=DIRECTION('ref_axis',(1.,-2.15508563905137E-30,1.49880108324393E-15));
#7789=DIRECTION('center_axis',(0.,1.,0.));
#7790=DIRECTION('ref_axis',(-1.,0.,0.));
#7791=DIRECTION('',(-0.866025403784439,0.,0.5));
#7792=DIRECTION('',(-0.866025403784439,0.,-0.5));
#7793=DIRECTION('',(0.,0.,-1.));
#7794=DIRECTION('',(0.,0.,1.));
#7795=DIRECTION('center_axis',(0.5,0.,0.866025403784439));
#7796=DIRECTION('ref_axis',(0.866025403784439,0.,-0.5));
#7797=DIRECTION('',(0.,-1.,0.));
#7798=DIRECTION('',(0.,-1.,0.));
#7799=DIRECTION('center_axis',(1.,0.,0.));
#7800=DIRECTION('ref_axis',(0.,0.,-1.));
#7801=DIRECTION('center_axis',(-1.,0.,0.));
#7802=DIRECTION('ref_axis',(0.,0.,1.));
#7803=DIRECTION('',(0.,-1.,0.));
#7804=DIRECTION('center_axis',(-0.5,0.,0.866025403784439));
#7805=DIRECTION('ref_axis',(0.866025403784439,0.,0.5));
#7806=DIRECTION('center_axis',(0.,-1.,0.));
#7807=DIRECTION('ref_axis',(-1.,0.,0.));
#7808=DIRECTION('',(0.,-1.,0.));
#7809=DIRECTION('center_axis',(0.,-1.,0.));
#7810=DIRECTION('ref_axis',(-1.,0.,0.));
#7811=DIRECTION('',(0.,-1.,0.));
#7812=DIRECTION('center_axis',(0.,-1.,0.));
#7813=DIRECTION('ref_axis',(-1.,0.,0.));
#7814=DIRECTION('',(0.,-1.,0.));
#7815=DIRECTION('center_axis',(0.,-1.,0.));
#7816=DIRECTION('ref_axis',(-1.,0.,0.));
#7817=DIRECTION('',(0.,-1.,0.));
#7818=DIRECTION('center_axis',(1.,0.,0.));
#7819=DIRECTION('ref_axis',(0.,0.,1.));
#7820=DIRECTION('',(1.,0.,0.));
#7821=DIRECTION('center_axis',(1.,0.,0.));
#7822=DIRECTION('ref_axis',(0.,0.,1.));
#7823=DIRECTION('',(1.,0.,0.));
#7824=CARTESIAN_POINT('',(0.,0.,0.));
#7825=CARTESIAN_POINT('Origin',(6.74999999999999,77.9,-18.875));
#7826=CARTESIAN_POINT('',(4.99999999999999,77.9,-17.875));
#7827=CARTESIAN_POINT('',(8.49999999999999,77.9,-17.875));
#7828=CARTESIAN_POINT('Origin',(6.74999999999999,77.9,-17.875));
#7829=CARTESIAN_POINT('',(4.99999999999999,77.9,-15.875));
#7830=CARTESIAN_POINT('',(4.99999999999999,77.9,-18.375));
#7831=CARTESIAN_POINT('',(3.28589838486224,77.9,-15.875));
#7832=CARTESIAN_POINT('',(5.87499999999999,77.9,-15.875));
#7833=CARTESIAN_POINT('',(10.2141016151377,77.9,-15.875));
#7834=CARTESIAN_POINT('Origin',(6.74999999999999,77.9,-17.875));
#7835=CARTESIAN_POINT('',(8.49999999999999,77.9,-15.875));
#7836=CARTESIAN_POINT('',(8.48205080756887,77.9,-15.875));
#7837=CARTESIAN_POINT('',(8.49999999999999,77.9,-17.375));
#7838=CARTESIAN_POINT('Origin',(-8.75000000000001,77.9,-18.875));
#7839=CARTESIAN_POINT('',(-10.5,77.9,-17.875));
#7840=CARTESIAN_POINT('',(-7.00000000000001,77.9,-17.875));
#7841=CARTESIAN_POINT('Origin',(-8.75000000000001,77.9,-17.875));
#7842=CARTESIAN_POINT('',(-10.5,77.9,-15.875));
#7843=CARTESIAN_POINT('',(-10.5,77.9,-18.375));
#7844=CARTESIAN_POINT('',(-12.2141016151378,77.9,-15.875));
#7845=CARTESIAN_POINT('',(-9.62500000000001,77.9,-15.875));
#7846=CARTESIAN_POINT('',(-5.28589838486225,77.9,-15.875));
#7847=CARTESIAN_POINT('Origin',(-8.75000000000001,77.9,-17.875));
#7848=CARTESIAN_POINT('',(-7.00000000000001,77.9,-15.875));
#7849=CARTESIAN_POINT('',(-7.01794919243113,77.9,-15.875));
#7850=CARTESIAN_POINT('',(-7.00000000000001,77.9,-17.375));
#7851=CARTESIAN_POINT('Origin',(4.99999999999999,80.4,-15.875));
#7852=CARTESIAN_POINT('',(4.99999999999999,80.4,-15.875));
#7853=CARTESIAN_POINT('',(4.99999999999999,80.4,-15.875));
#7854=CARTESIAN_POINT('',(3.28589838486224,80.4,-15.875));
#7855=CARTESIAN_POINT('',(2.,80.4,-15.875));
#7856=CARTESIAN_POINT('',(3.28589838486224,80.4,-15.875));
#7857=CARTESIAN_POINT('Origin',(4.99999999999999,80.4,-17.875));
#7858=CARTESIAN_POINT('',(4.99999999999999,80.4,-17.875));
#7859=CARTESIAN_POINT('',(4.99999999999999,80.4,-17.875));
#7860=CARTESIAN_POINT('',(4.99999999999999,80.4,-15.1375));
#7861=CARTESIAN_POINT('Origin',(6.74999999999999,80.4,-17.875));
#7862=CARTESIAN_POINT('',(8.49999999999999,80.4,-17.875));
#7863=CARTESIAN_POINT('',(8.49999999999999,80.4,-17.875));
#7864=CARTESIAN_POINT('Origin',(6.74999999999999,80.4,-17.875));
#7865=CARTESIAN_POINT('',(4.99999999999999,82.9,-17.875));
#7866=CARTESIAN_POINT('',(4.99999999999999,80.4,-17.875));
#7867=CARTESIAN_POINT('Origin',(6.74999999999999,82.9,-17.875));
#7868=CARTESIAN_POINT('Origin',(-10.5,80.4,-17.875));
#7869=CARTESIAN_POINT('',(-10.5,80.4,-17.875));
#7870=CARTESIAN_POINT('',(-10.5,80.4,-17.875));
#7871=CARTESIAN_POINT('',(-10.5,80.4,-15.875));
#7872=CARTESIAN_POINT('',(-10.5,80.4,-15.1375));
#7873=CARTESIAN_POINT('',(-10.5,80.4,-15.875));
#7874=CARTESIAN_POINT('Origin',(-8.75000000000001,80.4,-17.875));
#7875=CARTESIAN_POINT('',(-7.00000000000001,80.4,-17.875));
#7876=CARTESIAN_POINT('',(-7.00000000000001,80.4,-17.875));
#7877=CARTESIAN_POINT('Origin',(-8.75000000000001,80.4,-17.875));
#7878=CARTESIAN_POINT('',(-10.5,82.9,-17.875));
#7879=CARTESIAN_POINT('',(-10.5,80.4,-17.875));
#7880=CARTESIAN_POINT('Origin',(-8.75000000000001,82.9,-17.875));
#7881=CARTESIAN_POINT('Origin',(-7.00000000000001,80.4,-15.875));
#7882=CARTESIAN_POINT('',(-7.00000000000001,80.4,-15.875));
#7883=CARTESIAN_POINT('',(-7.00000000000001,80.4,-15.875));
#7884=CARTESIAN_POINT('',(-7.00000000000001,80.4,-14.1375));
#7885=CARTESIAN_POINT('Origin',(-12.,81.4,-21.9));
#7886=CARTESIAN_POINT('',(-12.,80.4,-34.3999999999999));
#7887=CARTESIAN_POINT('',(-11.,81.4,-34.3999999999999));
#7888=CARTESIAN_POINT('Origin',(-12.,81.4,-34.3999999999999));
#7889=CARTESIAN_POINT('',(-11.,81.4,-32.3999999999999));
#7890=CARTESIAN_POINT('',(-11.,81.4,-21.9));
#7891=CARTESIAN_POINT('',(-12.,80.4,-32.3999999999999));
#7892=CARTESIAN_POINT('Origin',(-12.,81.4,-32.3999999999999));
#7893=CARTESIAN_POINT('',(-12.,80.4,-21.9));
#7894=CARTESIAN_POINT('Origin',(-10.,81.4,-32.3999999999999));
#7895=CARTESIAN_POINT('',(-10.,81.4,-31.3999999999999));
#7896=CARTESIAN_POINT('',(-10.,80.4,-30.3999999999999));
#7897=CARTESIAN_POINT('Origin',(-10.,81.4,-30.3999999999999));
#7898=CARTESIAN_POINT('Origin',(-10.,80.4,-32.3999999999999));
#7899=CARTESIAN_POINT('Origin',(-10.,81.4,-32.3999999999999));
#7900=CARTESIAN_POINT('Origin',(4.,81.4,-30.3999999999999));
#7901=CARTESIAN_POINT('',(7.99999999999999,81.4,-31.3999999999999));
#7902=CARTESIAN_POINT('',(7.99999999999999,80.4,-30.3999999999999));
#7903=CARTESIAN_POINT('Origin',(7.99999999999999,81.4,-30.3999999999999));
#7904=CARTESIAN_POINT('',(4.,80.4,-30.3999999999999));
#7905=CARTESIAN_POINT('',(4.,81.4,-31.3999999999999));
#7906=CARTESIAN_POINT('Origin',(7.99999999999999,81.4,-32.3999999999999));
#7907=CARTESIAN_POINT('',(8.99999999999999,81.4,-32.3999999999999));
#7908=CARTESIAN_POINT('',(10.,80.4,-32.3999999999999));
#7909=CARTESIAN_POINT('Origin',(10.,81.4,-32.3999999999999));
#7910=CARTESIAN_POINT('Origin',(7.99999999999999,80.4,-32.3999999999999));
#7911=CARTESIAN_POINT('Origin',(7.99999999999999,81.4,-32.3999999999999));
#7912=CARTESIAN_POINT('Origin',(10.,81.4,-23.9));
#7913=CARTESIAN_POINT('',(8.99999999999999,81.4,-34.3999999999999));
#7914=CARTESIAN_POINT('',(9.99999999999999,80.4,-34.3999999999999));
#7915=CARTESIAN_POINT('Origin',(9.99999999999999,81.4,-34.3999999999999));
#7916=CARTESIAN_POINT('',(10.,80.4,-23.9));
#7917=CARTESIAN_POINT('',(9.,81.4,-23.9));
#7918=CARTESIAN_POINT('Origin',(7.99999999999999,81.4,-34.3999999999999));
#7919=CARTESIAN_POINT('',(7.99999999999999,81.4,-35.3999999999999));
#7920=CARTESIAN_POINT('',(7.99999999999999,80.4,-36.3999999999999));
#7921=CARTESIAN_POINT('Origin',(7.99999999999999,81.4,-36.3999999999999));
#7922=CARTESIAN_POINT('Origin',(7.99999999999999,80.4,-34.3999999999999));
#7923=CARTESIAN_POINT('Origin',(7.99999999999999,81.4,-34.3999999999999));
#7924=CARTESIAN_POINT('Origin',(-6.,81.4,-36.3999999999999));
#7925=CARTESIAN_POINT('',(-10.,81.4,-35.3999999999999));
#7926=CARTESIAN_POINT('',(-10.,80.4,-36.3999999999999));
#7927=CARTESIAN_POINT('Origin',(-10.,81.4,-36.3999999999999));
#7928=CARTESIAN_POINT('',(-6.,80.4,-36.3999999999999));
#7929=CARTESIAN_POINT('',(-6.,81.4,-35.3999999999999));
#7930=CARTESIAN_POINT('Origin',(-10.,81.4,-34.3999999999999));
#7931=CARTESIAN_POINT('Origin',(-10.,81.4,-34.3999999999999));
#7932=CARTESIAN_POINT('Origin',(-10.,80.4,-34.3999999999999));
#7933=CARTESIAN_POINT('Origin',(7.99999999999999,82.9,-32.3999999999999));
#7934=CARTESIAN_POINT('',(7.99999999999999,81.9,-31.3999999999999));
#7935=CARTESIAN_POINT('',(7.99999999999999,82.9,-31.3999999999999));
#7936=CARTESIAN_POINT('',(8.99999999999999,81.9,-32.3999999999999));
#7937=CARTESIAN_POINT('Origin',(7.99999999999999,81.9,-32.3999999999999));
#7938=CARTESIAN_POINT('',(8.99999999999999,82.9,-32.3999999999999));
#7939=CARTESIAN_POINT('Origin',(8.99999999999999,82.9,-31.3999999999999));
#7940=CARTESIAN_POINT('',(-10.,81.9,-31.3999999999999));
#7941=CARTESIAN_POINT('',(-10.,82.9,-31.3999999999999));
#7942=CARTESIAN_POINT('',(4.,81.9,-31.3999999999999));
#7943=CARTESIAN_POINT('Origin',(-10.,82.9,-32.3999999999999));
#7944=CARTESIAN_POINT('',(-11.,81.9,-32.3999999999999));
#7945=CARTESIAN_POINT('',(-11.,82.9,-32.3999999999999));
#7946=CARTESIAN_POINT('Origin',(-10.,81.9,-32.3999999999999));
#7947=CARTESIAN_POINT('Origin',(-11.,82.9,-31.3999999999999));
#7948=CARTESIAN_POINT('',(-11.,81.9,-34.3999999999999));
#7949=CARTESIAN_POINT('',(-11.,82.9,-34.3999999999999));
#7950=CARTESIAN_POINT('',(-11.,81.9,-21.9));
#7951=CARTESIAN_POINT('Origin',(-0.999999999999996,80.4,-12.4));
#7952=CARTESIAN_POINT('',(-49.9,80.4,-23.8));
#7953=CARTESIAN_POINT('',(-49.9,80.4,-0.999999999999956));
#7954=CARTESIAN_POINT('',(-49.9,80.4,-24.9));
#7955=CARTESIAN_POINT('',(-35.9,80.4,-23.8));
#7956=CARTESIAN_POINT('',(-16.7,80.4,-23.8));
#7957=CARTESIAN_POINT('',(-32.4,80.4,-27.3));
#7958=CARTESIAN_POINT('Origin',(-35.9,80.4,-27.3));
#7959=CARTESIAN_POINT('',(-32.4,80.4,-39.9));
#7960=CARTESIAN_POINT('',(-32.4,80.4,-23.7));
#7961=CARTESIAN_POINT('',(30.4,80.4,-39.9));
#7962=CARTESIAN_POINT('',(22.2,80.4,-39.9));
#7963=CARTESIAN_POINT('',(30.4,80.4,-27.2999999999997));
#7964=CARTESIAN_POINT('',(30.4,80.4,-18.0999999999999));
#7965=CARTESIAN_POINT('',(33.9,80.4,-23.7999999999997));
#7966=CARTESIAN_POINT('Origin',(33.9,80.4,-27.2999999999997));
#7967=CARTESIAN_POINT('',(47.9,80.4,-23.7999999999997));
#7968=CARTESIAN_POINT('',(21.7,80.4,-23.7999999999997));
#7969=CARTESIAN_POINT('',(47.9,80.4,-0.99999999999996));
#7970=CARTESIAN_POINT('',(47.9,80.4,0.0999999999999868));
#7971=CARTESIAN_POINT('',(33.9,80.4,-0.999999999999961));
#7972=CARTESIAN_POINT('',(14.7,80.4,-0.999999999999962));
#7973=CARTESIAN_POINT('',(30.4,80.4,2.50000000000004));
#7974=CARTESIAN_POINT('Origin',(33.9,80.4,2.50000000000004));
#7975=CARTESIAN_POINT('',(30.4,80.4,15.1));
#7976=CARTESIAN_POINT('',(30.4,80.4,-1.10000000000003));
#7977=CARTESIAN_POINT('',(-32.4,80.4,15.1));
#7978=CARTESIAN_POINT('',(-24.2,80.4,15.1));
#7979=CARTESIAN_POINT('',(-32.4,80.4,2.50000000000004));
#7980=CARTESIAN_POINT('',(-32.4,80.4,-6.69999999999997));
#7981=CARTESIAN_POINT('',(-35.9,80.4,-0.999999999999956));
#7982=CARTESIAN_POINT('Origin',(-35.9,80.4,2.50000000000004));
#7983=CARTESIAN_POINT('',(-23.7,80.4,-0.999999999999955));
#7984=CARTESIAN_POINT('',(-5.28589838486225,80.4,-15.875));
#7985=CARTESIAN_POINT('',(-3.14294919243113,80.4,-15.875));
#7986=CARTESIAN_POINT('',(-12.2141016151378,80.4,-15.875));
#7987=CARTESIAN_POINT('Origin',(-8.75000000000001,80.4,-17.875));
#7988=CARTESIAN_POINT('',(-5.75,80.4,-15.875));
#7989=CARTESIAN_POINT('',(8.49999999999999,80.4,-15.875));
#7990=CARTESIAN_POINT('',(8.49999999999999,80.4,-14.1375));
#7991=CARTESIAN_POINT('',(10.2141016151377,80.4,-15.875));
#7992=CARTESIAN_POINT('',(4.60705080756887,80.4,-15.875));
#7993=CARTESIAN_POINT('Origin',(6.74999999999999,80.4,-17.875));
#7994=CARTESIAN_POINT('Origin',(-10.,81.9,-32.3999999999999));
#7995=CARTESIAN_POINT('',(-12.,82.9,-32.3999999999999));
#7996=CARTESIAN_POINT('Origin',(-12.,81.9,-32.3999999999999));
#7997=CARTESIAN_POINT('',(-10.,82.9,-30.3999999999999));
#7998=CARTESIAN_POINT('Origin',(-10.,82.9,-32.3999999999999));
#7999=CARTESIAN_POINT('Origin',(-10.,81.9,-30.3999999999999));
#8000=CARTESIAN_POINT('Origin',(4.,81.9,-30.3999999999999));
#8001=CARTESIAN_POINT('',(7.99999999999999,82.9,-30.3999999999999));
#8002=CARTESIAN_POINT('Origin',(7.99999999999999,81.9,-30.3999999999999));
#8003=CARTESIAN_POINT('',(4.,82.9,-30.3999999999999));
#8004=CARTESIAN_POINT('Origin',(7.99999999999999,81.9,-32.3999999999999));
#8005=CARTESIAN_POINT('',(10.,82.9,-32.3999999999999));
#8006=CARTESIAN_POINT('Origin',(10.,81.9,-32.3999999999999));
#8007=CARTESIAN_POINT('Origin',(7.99999999999999,82.9,-32.3999999999999));
#8008=CARTESIAN_POINT('Origin',(10.,81.9,-23.9));
#8009=CARTESIAN_POINT('',(9.99999999999999,82.9,-34.3999999999999));
#8010=CARTESIAN_POINT('',(8.99999999999999,81.9,-34.3999999999999));
#8011=CARTESIAN_POINT('Origin',(9.99999999999999,81.9,-34.3999999999999));
#8012=CARTESIAN_POINT('',(9.,81.9,-23.9));
#8013=CARTESIAN_POINT('',(10.,82.9,-23.9));
#8014=CARTESIAN_POINT('Origin',(7.99999999999999,81.9,-34.3999999999999));
#8015=CARTESIAN_POINT('',(7.99999999999999,82.9,-36.3999999999999));
#8016=CARTESIAN_POINT('',(7.99999999999999,81.9,-35.3999999999999));
#8017=CARTESIAN_POINT('Origin',(7.99999999999999,81.9,-36.3999999999999));
#8018=CARTESIAN_POINT('Origin',(7.99999999999999,81.9,-34.3999999999999));
#8019=CARTESIAN_POINT('Origin',(7.99999999999999,82.9,-34.3999999999999));
#8020=CARTESIAN_POINT('Origin',(-6.,81.9,-36.3999999999999));
#8021=CARTESIAN_POINT('',(-10.,82.9,-36.3999999999999));
#8022=CARTESIAN_POINT('',(-10.,81.9,-35.3999999999999));
#8023=CARTESIAN_POINT('Origin',(-10.,81.9,-36.3999999999999));
#8024=CARTESIAN_POINT('',(-6.,81.9,-35.3999999999999));
#8025=CARTESIAN_POINT('',(-6.,82.9,-36.3999999999999));
#8026=CARTESIAN_POINT('Origin',(-10.,81.9,-34.3999999999999));
#8027=CARTESIAN_POINT('',(-12.,82.9,-34.3999999999999));
#8028=CARTESIAN_POINT('Origin',(-12.,81.9,-34.3999999999999));
#8029=CARTESIAN_POINT('Origin',(-10.,81.9,-34.3999999999999));
#8030=CARTESIAN_POINT('Origin',(-10.,82.9,-34.3999999999999));
#8031=CARTESIAN_POINT('Origin',(-12.,81.9,-21.9));
#8032=CARTESIAN_POINT('',(-12.,82.9,-21.9));
#8033=CARTESIAN_POINT('Origin',(-11.,82.9,-35.3999999999999));
#8034=CARTESIAN_POINT('',(7.99999999999999,82.9,-35.3999999999999));
#8035=CARTESIAN_POINT('',(-10.,82.9,-35.3999999999999));
#8036=CARTESIAN_POINT('Origin',(-10.,82.9,-34.3999999999999));
#8037=CARTESIAN_POINT('Origin',(-0.999999999999996,82.9,-12.4));
#8038=CARTESIAN_POINT('',(10.5,82.9,-22.2499999999991));
#8039=CARTESIAN_POINT('',(11.5,82.9,-23.2499999999991));
#8040=CARTESIAN_POINT('Origin',(10.5,82.9,-23.2499999999991));
#8041=CARTESIAN_POINT('',(11.5,82.9,-56.7446508590473));
#8042=CARTESIAN_POINT('',(11.5,82.9,-26.3624999999997));
#8043=CARTESIAN_POINT('',(13.,82.9,-58.3999999999999));
#8044=CARTESIAN_POINT('Origin',(13.,82.9,-56.7446508590473));
#8045=CARTESIAN_POINT('',(-15.,82.9,-58.3999999999999));
#8046=CARTESIAN_POINT('',(-68.4,82.9,-58.3999999999999));
#8047=CARTESIAN_POINT('',(-13.5,82.9,-56.7446508590473));
#8048=CARTESIAN_POINT('Origin',(-15.,82.9,-56.7446508590473));
#8049=CARTESIAN_POINT('',(-13.5,82.9,-23.2499999999992));
#8050=CARTESIAN_POINT('',(-13.5,82.9,-26.3624999999997));
#8051=CARTESIAN_POINT('',(-12.5,82.9,-22.2499999999991));
#8052=CARTESIAN_POINT('Origin',(-12.5,82.9,-23.2499999999992));
#8053=CARTESIAN_POINT('',(-11.6,82.9,-22.2499999999991));
#8054=CARTESIAN_POINT('',(-12.7500000000001,82.9,-22.2499999999991));
#8055=CARTESIAN_POINT('',(-11.6,82.9,-16.2295517328096));
#8056=CARTESIAN_POINT('',(-11.6,82.9,-17.3249999999995));
#8057=CARTESIAN_POINT('',(-8.75000000000001,82.9,-14.5841034656191));
#8058=CARTESIAN_POINT('',(-6.77087772857006,82.9,-13.4414566894499));
#8059=CARTESIAN_POINT('',(-5.90000000000001,82.9,-16.2295517328096));
#8060=CARTESIAN_POINT('',(-6.29162227142995,82.9,-16.0034485089788));
#8061=CARTESIAN_POINT('',(-5.90000000000001,82.9,-22.2499999999991));
#8062=CARTESIAN_POINT('',(-5.90000000000001,82.9,-14.3436433798643));
#8063=CARTESIAN_POINT('',(3.9,82.9,-22.2499999999991));
#8064=CARTESIAN_POINT('',(4.87499999999989,82.9,-22.2499999999991));
#8065=CARTESIAN_POINT('',(3.89999999999999,82.9,-16.2295517328096));
#8066=CARTESIAN_POINT('',(3.9,82.9,-25.7819643354771));
#8067=CARTESIAN_POINT('',(6.74999999999999,82.9,-14.5841034656191));
#8068=CARTESIAN_POINT('',(2.91662227142994,82.9,-16.7973051291146));
#8069=CARTESIAN_POINT('',(9.59999999999999,82.9,-16.2295517328096));
#8070=CARTESIAN_POINT('',(3.39587772857005,82.9,-12.6476000693141));
#8071=CARTESIAN_POINT('',(9.6,82.9,-22.2499999999991));
#8072=CARTESIAN_POINT('',(9.59999999999999,82.9,-14.3436433798643));
#8073=CARTESIAN_POINT('',(4.87499999999989,82.9,-22.2499999999991));
#8074=CARTESIAN_POINT('Origin',(7.99999999999999,82.9,-34.3999999999999));
#8075=CARTESIAN_POINT('',(8.99999999999999,82.9,-34.3999999999999));
#8076=CARTESIAN_POINT('Origin',(8.99999999999999,82.9,-35.3999999999999));
#8077=CARTESIAN_POINT('Origin',(23.4999999999997,88.9,-14.2499999999993));
#8078=CARTESIAN_POINT('',(23.4999999999997,88.9,-15.2499999999993));
#8079=CARTESIAN_POINT('',(23.4999999999997,87.9,-14.2499999999993));
#8080=CARTESIAN_POINT('Origin',(23.4999999999997,88.9,-14.2499999999993));
#8081=CARTESIAN_POINT('',(22.4999999999997,88.9,-14.2499999999993));
#8082=CARTESIAN_POINT('Origin',(23.4999999999997,88.9,-14.2499999999993));
#8083=CARTESIAN_POINT('Origin',(23.4999999999997,88.9,-14.2499999999993));
#8084=CARTESIAN_POINT('Origin',(23.4999999999997,126.174850234326,-14.2499999999992));
#8085=CARTESIAN_POINT('',(23.4999999999997,155.943710599306,-15.2499999999992));
#8086=CARTESIAN_POINT('',(22.4999999999997,155.943710599306,-14.2499999999992));
#8087=CARTESIAN_POINT('Origin',(23.4999999999997,155.943710599306,-14.2499999999992));
#8088=CARTESIAN_POINT('',(22.4999999999997,126.174850234326,-14.2499999999992));
#8089=CARTESIAN_POINT('',(23.4999999999997,126.174850234326,-15.2499999999992));
#8090=CARTESIAN_POINT('Ctrl Pts',(22.5979653273419,160.145284741736,-16.2499999999992));
#8091=CARTESIAN_POINT('Ctrl Pts',(22.5979653273419,160.145284741736,-16.0256005247428));
#8092=CARTESIAN_POINT('Ctrl Pts',(22.7629770287816,159.376679144875,-15.5012397760991));
#8093=CARTESIAN_POINT('Ctrl Pts',(23.2301118570564,157.200818643055,-15.2499999999993));
#8094=CARTESIAN_POINT('Ctrl Pts',(23.4999999999998,155.943710599306,-15.2499999999992));
#8095=CARTESIAN_POINT('Ctrl Pts',(22.5612668334647,160.22197250317,-16.2499999999992));
#8096=CARTESIAN_POINT('Ctrl Pts',(22.5612668334647,160.22197250317,-15.9857383837976));
#8097=CARTESIAN_POINT('Ctrl Pts',(22.6632213126647,159.42842715656,-15.3668041131968));
#8098=CARTESIAN_POINT('Ctrl Pts',(22.9825715022332,157.200405888939,-15.1667814098207));
#8099=CARTESIAN_POINT('Ctrl Pts',(23.2008006996579,155.943710599306,-15.2499999999993));
#8100=CARTESIAN_POINT('Ctrl Pts',(22.5142649704814,160.364404819356,-16.2499999999992));
#8101=CARTESIAN_POINT('Ctrl Pts',(22.5142649704814,160.364404819356,-15.9116904617429));
#8102=CARTESIAN_POINT('Ctrl Pts',(22.5376695153532,159.542721988922,-15.1203088727694));
#8103=CARTESIAN_POINT('Ctrl Pts',(22.6172759648428,157.233372744094,-14.8703752494435));
#8104=CARTESIAN_POINT('Ctrl Pts',(22.6830100262921,155.943710599306,-14.9986958362129));
#8105=CARTESIAN_POINT('Ctrl Pts',(22.4999999999997,160.513186007871,-16.2499999999992));
#8106=CARTESIAN_POINT('Ctrl Pts',(22.4999999999997,160.513186007871,-15.8343471595128));
#8107=CARTESIAN_POINT('Ctrl Pts',(22.5001813330791,159.673375597204,-14.8629147627811));
#8108=CARTESIAN_POINT('Ctrl Pts',(22.5006959229167,157.301049405188,-14.4361780857848));
#8109=CARTESIAN_POINT('Ctrl Pts',(22.4999999999997,155.943710599306,-14.4743994752557));
#8110=CARTESIAN_POINT('Ctrl Pts',(22.4999999999997,160.576948325239,-16.2499999999992));
#8111=CARTESIAN_POINT('Ctrl Pts',(22.4999999999997,160.576948325239,-15.8012010494863));
#8112=CARTESIAN_POINT('Ctrl Pts',(22.4999999999997,159.729377313275,-14.7524795521989));
#8113=CARTESIAN_POINT('Ctrl Pts',(22.4999999999997,157.329972085223,-14.2499999999992));
#8114=CARTESIAN_POINT('Ctrl Pts',(22.4999999999997,155.943710599306,-14.2499999999992));
#8115=CARTESIAN_POINT('',(22.5979653273419,160.145284741736,-16.2499999999992));
#8116=CARTESIAN_POINT('',(22.4999999999997,160.576948325239,-16.2499999999992));
#8117=CARTESIAN_POINT('Origin',(23.4999999999997,160.576948325239,-16.2499999999992));
#8118=CARTESIAN_POINT('Origin',(22.4999999999997,155.943710599306,-16.2499999999992));
#8119=CARTESIAN_POINT('Origin',(23.4999999999997,155.943710599306,-16.2499999999992));
#8120=CARTESIAN_POINT('Origin',(23.4999999999997,160.576948325239,-8.89999999999926));
#8121=CARTESIAN_POINT('',(22.5979653273419,160.145284741736,-17.2499999999993));
#8122=CARTESIAN_POINT('',(22.4999999999997,160.576948325239,-17.2499999999993));
#8123=CARTESIAN_POINT('Origin',(23.4999999999997,160.576948325239,-17.2499999999993));
#8124=CARTESIAN_POINT('',(22.4999999999997,160.576948325239,-8.89999999999926));
#8125=CARTESIAN_POINT('',(22.5979653273419,160.145284741736,-8.89999999999926));
#8126=CARTESIAN_POINT('Ctrl Pts',(23.4999999999998,155.943710599306,-18.2499999999993));
#8127=CARTESIAN_POINT('Ctrl Pts',(23.2975838927923,156.886541632118,-18.2499999999992));
#8128=CARTESIAN_POINT('Ctrl Pts',(22.961490307549,158.452027039717,-18.1188128967962));
#8129=CARTESIAN_POINT('Ctrl Pts',(22.6596368904044,159.858025667843,-17.6983666726743));
#8130=CARTESIAN_POINT('Ctrl Pts',(22.5979653273419,160.145284741736,-17.3995996501703));
#8131=CARTESIAN_POINT('Ctrl Pts',(22.5979653273419,160.145284741736,-17.2499999999993));
#8132=CARTESIAN_POINT('Ctrl Pts',(23.2008006996579,155.943710599306,-18.2499999999992));
#8133=CARTESIAN_POINT('Ctrl Pts',(23.0371288015893,156.886232066531,-18.3124139426332));
#8134=CARTESIAN_POINT('Ctrl Pts',(22.7963333792838,158.480325939772,-18.2365957523951));
#8135=CARTESIAN_POINT('Ctrl Pts',(22.6002359585176,159.925563972319,-17.7784843819739));
#8136=CARTESIAN_POINT('Ctrl Pts',(22.5612668334647,160.22197250317,-17.4261744108004));
#8137=CARTESIAN_POINT('Ctrl Pts',(22.5612668334647,160.22197250317,-17.2499999999993));
#8138=CARTESIAN_POINT('Ctrl Pts',(22.6830104255976,155.943710599306,-18.5013044965793));
#8139=CARTESIAN_POINT('Ctrl Pts',(22.6337098795107,156.910957207897,-18.5975449366563));
#8140=CARTESIAN_POINT('Ctrl Pts',(22.5706589936869,158.56014853553,-18.5117419766765));
#8141=CARTESIAN_POINT('Ctrl Pts',(22.5231650941243,160.057102672106,-17.9254109324087));
#8142=CARTESIAN_POINT('Ctrl Pts',(22.5142649741223,160.364404820089,-17.4755396921702));
#8143=CARTESIAN_POINT('Ctrl Pts',(22.5142649741223,160.364404820089,-17.2499999999993));
#8144=CARTESIAN_POINT('Ctrl Pts',(22.4999999999997,155.943710599306,-19.0256005247428));
#8145=CARTESIAN_POINT('Ctrl Pts',(22.5005219421875,156.961714703717,-19.054266566846));
#8146=CARTESIAN_POINT('Ctrl Pts',(22.5001089573697,158.664871683508,-18.8448445669972));
#8147=CARTESIAN_POINT('Ctrl Pts',(22.500206986044,160.199256054248,-18.0802815585801));
#8148=CARTESIAN_POINT('Ctrl Pts',(22.4999999999997,160.513186007871,-17.5271018936569));
#8149=CARTESIAN_POINT('Ctrl Pts',(22.4999999999997,160.513186007871,-17.2499999999993));
#8150=CARTESIAN_POINT('Ctrl Pts',(22.4999999999997,155.943710599306,-19.2499999999993));
#8151=CARTESIAN_POINT('Ctrl Pts',(22.4999999999997,156.983406713743,-19.2499999999992));
#8152=CARTESIAN_POINT('Ctrl Pts',(22.4999999999997,158.709727802937,-18.9876257935931));
#8153=CARTESIAN_POINT('Ctrl Pts',(22.4999999999997,160.260176674149,-18.1467333453493));
#8154=CARTESIAN_POINT('Ctrl Pts',(22.4999999999997,160.576948325239,-17.5491993003412));
#8155=CARTESIAN_POINT('Ctrl Pts',(22.4999999999997,160.576948325239,-17.2499999999993));
#8156=CARTESIAN_POINT('',(23.4999999999997,155.943710599306,-18.2499999999993));
#8157=CARTESIAN_POINT('',(22.4999999999997,155.943710599306,-19.2499999999993));
#8158=CARTESIAN_POINT('Origin',(23.4999999999997,155.943710599306,-19.2499999999993));
#8159=CARTESIAN_POINT('Origin',(22.4999999999997,155.943710599306,-17.2499999999993));
#8160=CARTESIAN_POINT('Origin',(23.4999999999997,155.943710599306,-17.2499999999993));
#8161=CARTESIAN_POINT('Origin',(23.4999999999997,126.174850234326,-19.2499999999993));
#8162=CARTESIAN_POINT('',(22.4999999999997,82.9,-19.2499999999993));
#8163=CARTESIAN_POINT('',(23.4999999999997,82.9,-18.2499999999993));
#8164=CARTESIAN_POINT('Origin',(23.4999999999997,82.9,-19.2499999999993));
#8165=CARTESIAN_POINT('',(22.4999999999997,126.174850234326,-19.2499999999993));
#8166=CARTESIAN_POINT('',(23.4999999999997,126.174850234326,-18.2499999999993));
#8167=CARTESIAN_POINT('Origin',(23.4999999999997,88.9,-7.54999999999925));
#8168=CARTESIAN_POINT('',(23.4999999999997,88.9,-6.54999999999926));
#8169=CARTESIAN_POINT('',(22.4999999999997,88.9,-7.54999999999926));
#8170=CARTESIAN_POINT('Origin',(23.4999999999997,88.9,-7.54999999999926));
#8171=CARTESIAN_POINT('',(23.4999999999997,87.9,-7.54999999999925));
#8172=CARTESIAN_POINT('Origin',(23.4999999999997,88.9,-7.54999999999925));
#8173=CARTESIAN_POINT('Origin',(23.4999999999997,88.9,-7.54999999999926));
#8174=CARTESIAN_POINT('Origin',(40.074540740718,88.9,-7.54999999999925));
#8175=CARTESIAN_POINT('',(55.583387973761,88.9,-6.54999999999926));
#8176=CARTESIAN_POINT('',(55.583387973761,87.9,-7.54999999999925));
#8177=CARTESIAN_POINT('Origin',(55.583387973761,88.9,-7.54999999999925));
#8178=CARTESIAN_POINT('',(40.074540740718,87.9,-7.54999999999925));
#8179=CARTESIAN_POINT('',(40.074540740718,88.9,-6.54999999999926));
#8180=CARTESIAN_POINT('Ctrl Pts',(56.2155219012016,88.6925225185472,-6.42691458254252));
#8181=CARTESIAN_POINT('Ctrl Pts',(56.0227709340939,88.7557867786463,-6.50724523325799));
#8182=CARTESIAN_POINT('Ctrl Pts',(55.8031938373476,88.8278558466714,-6.54999999999926));
#8183=CARTESIAN_POINT('Ctrl Pts',(55.583387973761,88.9,-6.54999999999926));
#8184=CARTESIAN_POINT('Ctrl Pts',(56.2393741142844,88.4387763010816,-6.47515790233476));
#8185=CARTESIAN_POINT('Ctrl Pts',(56.0329555254987,88.4863993711926,-6.54638241459675));
#8186=CARTESIAN_POINT('Ctrl Pts',(55.8027120400182,88.5424655667838,-6.57224527044413));
#8187=CARTESIAN_POINT('Ctrl Pts',(55.583387973761,88.6008006996582,-6.54999999999926));
#8188=CARTESIAN_POINT('Ctrl Pts',(56.3614846089066,88.0360874767154,-6.72213773693553));
#8189=CARTESIAN_POINT('Ctrl Pts',(56.1144699363212,88.0494439488789,-6.80992162576141));
#8190=CARTESIAN_POINT('Ctrl Pts',(55.8411934073567,88.065421123224,-6.83559116892722));
#8191=CARTESIAN_POINT('Ctrl Pts',(55.583387973761,88.082992581371,-6.80128962464242));
#8192=CARTESIAN_POINT('Ctrl Pts',(56.5628593059649,87.9,-7.12943679444965));
#8193=CARTESIAN_POINT('Ctrl Pts',(56.2612741499162,87.8999066492661,-7.2682968900894));
#8194=CARTESIAN_POINT('Ctrl Pts',(55.9201906439316,87.9001860280674,-7.33581753447268));
#8195=CARTESIAN_POINT('Ctrl Pts',(55.583387973761,87.9,-7.32560052474284));
#8196=CARTESIAN_POINT('Ctrl Pts',(56.6490814814359,87.9,-7.30382916508577));
#8197=CARTESIAN_POINT('Ctrl Pts',(56.3241290539079,87.9,-7.46449046651671));
#8198=CARTESIAN_POINT('Ctrl Pts',(55.9539513490279,87.9,-7.54999999999926));
#8199=CARTESIAN_POINT('Ctrl Pts',(55.583387973761,87.9,-7.54999999999926));
#8200=CARTESIAN_POINT('',(56.2155219012016,88.6925225185472,-6.42691458254252));
#8201=CARTESIAN_POINT('',(56.6490814814359,87.9,-7.30382916508577));
#8202=CARTESIAN_POINT('Origin',(56.6490814814359,88.9,-7.30382916508577));
#8203=CARTESIAN_POINT('Origin',(55.583387973761,87.9,-5.54999999999926));
#8204=CARTESIAN_POINT('Origin',(55.583387973761,88.9,-5.54999999999926));
#8205=CARTESIAN_POINT('Ctrl Pts',(56.6490814814359,87.9,-7.30382916508578));
#8206=CARTESIAN_POINT('Ctrl Pts',(56.8070584568922,87.9,-7.14761684400226));
#8207=CARTESIAN_POINT('Ctrl Pts',(57.0428856950006,87.8387151406986,-6.79540137192371));
#8208=CARTESIAN_POINT('Ctrl Pts',(57.2496013180352,87.7054538254927,-6.28576324118917));
#8209=CARTESIAN_POINT('Ctrl Pts',(57.3486700199718,87.6161608100975,-5.89596354471983));
#8210=CARTESIAN_POINT('Ctrl Pts',(57.3734886696497,87.5893723418184,-5.66748720301306));
#8211=CARTESIAN_POINT('Ctrl Pts',(57.3734886696497,87.5893723418184,-5.54999999999911));
#8212=CARTESIAN_POINT('Ctrl Pts',(56.5484889433865,87.9,-7.10037139934363));
#8213=CARTESIAN_POINT('Ctrl Pts',(56.6910689803101,87.9163734967259,-6.97651819079053));
#8214=CARTESIAN_POINT('Ctrl Pts',(56.9435217254042,87.8849401083448,-6.67879686940036));
#8215=CARTESIAN_POINT('Ctrl Pts',(57.1879980576717,87.7530289915203,-6.22123080226563));
#8216=CARTESIAN_POINT('Ctrl Pts',(57.3072716443212,87.6571575575465,-5.86663052992996));
#8217=CARTESIAN_POINT('Ctrl Pts',(57.3373786536045,87.6273175183259,-5.65753352250309));
#8218=CARTESIAN_POINT('Ctrl Pts',(57.3373786536045,87.6273175183259,-5.54999999999912));
#8219=CARTESIAN_POINT('Ctrl Pts',(56.3478074515384,88.0609420632543,-6.69447441385212));
#8220=CARTESIAN_POINT('Ctrl Pts',(56.4854065372313,88.0756730335015,-6.63422869184283));
#8221=CARTESIAN_POINT('Ctrl Pts',(56.7793833024989,88.0393115021231,-6.4453954994907));
#8222=CARTESIAN_POINT('Ctrl Pts',(57.0826964253589,87.869955623283,-6.09197801940272));
#8223=CARTESIAN_POINT('Ctrl Pts',(57.232938050243,87.7471616189722,-5.80788930200164));
#8224=CARTESIAN_POINT('Ctrl Pts',(57.2711347863687,87.7088940882356,-5.6376264165314));
#8225=CARTESIAN_POINT('Ctrl Pts',(57.2711347863687,87.7088940882356,-5.54999999999916));
#8226=CARTESIAN_POINT('Ctrl Pts',(56.236392587649,88.4704945782647,-6.46912748736073));
#8227=CARTESIAN_POINT('Ctrl Pts',(56.4049927490608,88.4337519165683,-6.41128542979556));
#8228=CARTESIAN_POINT('Ctrl Pts',(56.7123663081846,88.2896867023482,-6.25152415434282));
#8229=CARTESIAN_POINT('Ctrl Pts',(57.0218996651345,88.0234015128006,-5.97303184133773));
#8230=CARTESIAN_POINT('Ctrl Pts',(57.1781199762274,87.8509522928765,-5.75084791611419));
#8231=CARTESIAN_POINT('Ctrl Pts',(57.2184721575074,87.799831617485,-5.61820953422315));
#8232=CARTESIAN_POINT('Ctrl Pts',(57.2184721575074,87.799831617485,-5.54999999999919));
#8233=CARTESIAN_POINT('Ctrl Pts',(56.2155219012016,88.6925225185471,-6.42691458254252));
#8234=CARTESIAN_POINT('Ctrl Pts',(56.4029352714081,88.6310101517002,-6.34880842200087));
#8235=CARTESIAN_POINT('Ctrl Pts',(56.70656783615,88.428034499032,-6.1727006859614));
#8236=CARTESIAN_POINT('Ctrl Pts',(57.0036901880571,88.1058529060889,-5.91788162059403));
#8237=CARTESIAN_POINT('Ctrl Pts',(57.1559872171798,87.9053302236003,-5.72298177235942));
#8238=CARTESIAN_POINT('Ctrl Pts',(57.1958611852056,87.8470811001333,-5.60874360150618));
#8239=CARTESIAN_POINT('Ctrl Pts',(57.1958611852056,87.8470811001333,-5.54999999999921));
#8240=CARTESIAN_POINT('',(57.1958611852056,87.8470811001333,-5.54999999999926));
#8241=CARTESIAN_POINT('',(57.2764145818168,87.6787510392715,-6.16827511045847));
#8242=CARTESIAN_POINT('Ctrl Pts',(57.1958611852056,87.8470811001334,-5.54999999999931));
#8243=CARTESIAN_POINT('Ctrl Pts',(57.1960705128029,87.8466436744206,-5.55048493225968));
#8244=CARTESIAN_POINT('Ctrl Pts',(57.1962793687115,87.8462072343818,-5.550970942087));
#8245=CARTESIAN_POINT('Ctrl Pts',(57.2073522213058,87.8230686205467,-5.57685319348846));
#8246=CARTESIAN_POINT('Ctrl Pts',(57.2167391710869,87.8034529881501,-5.60475695699987));
#8247=CARTESIAN_POINT('Ctrl Pts',(57.2341853377362,87.7669962477067,-5.66897691158984));
#8248=CARTESIAN_POINT('Ctrl Pts',(57.2417911942924,87.751102513347,-5.70549452223208));
#8249=CARTESIAN_POINT('Ctrl Pts',(57.2698452343564,87.6924788123611,-5.87445742963405));
#8250=CARTESIAN_POINT('Ctrl Pts',(57.2764145827898,87.6787510384877,-6.02747065899747));
#8251=CARTESIAN_POINT('Ctrl Pts',(57.2764145827898,87.6787510384877,-6.16827510382228));
#8252=CARTESIAN_POINT('Ctrl Pts',(57.2759351992323,87.6792503114445,-6.16801534192012));
#8253=CARTESIAN_POINT('Ctrl Pts',(57.274347846374,87.6805307265296,-6.17340562103499));
#8254=CARTESIAN_POINT('Ctrl Pts',(57.2171291214641,87.7263873551368,-6.36582041983098));
#8255=CARTESIAN_POINT('Ctrl Pts',(57.0428856950006,87.8387151406986,-6.79540137192371));
#8256=CARTESIAN_POINT('Ctrl Pts',(56.8070584568922,87.9,-7.14761684400226));
#8257=CARTESIAN_POINT('Ctrl Pts',(56.6490814814359,87.9,-7.30382916508578));
#8258=CARTESIAN_POINT('Ctrl Pts',(56.2155219012016,88.6925225185471,-6.42691458254252));
#8259=CARTESIAN_POINT('Ctrl Pts',(56.4029352714081,88.6310101517002,-6.34880842200087));
#8260=CARTESIAN_POINT('Ctrl Pts',(56.70656783615,88.428034499032,-6.1727006859614));
#8261=CARTESIAN_POINT('Ctrl Pts',(57.0036901880571,88.1058529060889,-5.91788162059403));
#8262=CARTESIAN_POINT('Ctrl Pts',(57.1559872171798,87.9053302236003,-5.72298177235942));
#8263=CARTESIAN_POINT('Ctrl Pts',(57.1958611852056,87.8470811001333,-5.60874360150618));
#8264=CARTESIAN_POINT('Ctrl Pts',(57.1958611852056,87.8470811001333,-5.54999999999921));
#8265=CARTESIAN_POINT('Origin',(23.4999999999997,88.9,-6.72499999999926));
#8266=CARTESIAN_POINT('',(22.4999999999997,88.9,-6.72499999999926));
#8267=CARTESIAN_POINT('',(23.4999999999997,87.9,-6.72499999999926));
#8268=CARTESIAN_POINT('Origin',(23.4999999999997,126.174850234326,-2.54999999999925));
#8269=CARTESIAN_POINT('',(23.4999999999997,82.9,-3.54999999999926));
#8270=CARTESIAN_POINT('',(22.4999999999997,82.9,-2.54999999999926));
#8271=CARTESIAN_POINT('Origin',(23.4999999999997,82.9,-2.54999999999926));
#8272=CARTESIAN_POINT('',(23.4999999999997,155.943710599306,-3.54999999999925));
#8273=CARTESIAN_POINT('',(23.4999999999997,126.174850234326,-3.54999999999925));
#8274=CARTESIAN_POINT('',(22.4999999999997,155.943710599306,-2.54999999999925));
#8275=CARTESIAN_POINT('Origin',(23.4999999999997,155.943710599306,-2.54999999999925));
#8276=CARTESIAN_POINT('',(22.4999999999997,126.174850234326,-2.54999999999925));
#8277=CARTESIAN_POINT('Ctrl Pts',(22.5979653273419,160.145284741736,-4.54999999999918));
#8278=CARTESIAN_POINT('Ctrl Pts',(22.5979653273419,160.145284741736,-4.32560052474276));
#8279=CARTESIAN_POINT('Ctrl Pts',(22.7629702969553,159.37671050095,-3.80123355625545));
#8280=CARTESIAN_POINT('Ctrl Pts',(23.2301118570564,157.200818643055,-3.54999999999927));
#8281=CARTESIAN_POINT('Ctrl Pts',(23.4999999999998,155.943710599306,-3.54999999999925));
#8282=CARTESIAN_POINT('Ctrl Pts',(22.5612668334647,160.22197250317,-4.54999999999918));
#8283=CARTESIAN_POINT('Ctrl Pts',(22.5612668334647,160.22197250317,-4.28573838379757));
#8284=CARTESIAN_POINT('Ctrl Pts',(22.6632138236534,159.428462690167,-3.66680975559814));
#8285=CARTESIAN_POINT('Ctrl Pts',(22.9825715022332,157.200405888939,-3.46678140982071));
#8286=CARTESIAN_POINT('Ctrl Pts',(23.2008006996579,155.943710599306,-3.54999999999927));
#8287=CARTESIAN_POINT('Ctrl Pts',(22.5142649383368,160.364404812881,-4.54999999999918));
#8288=CARTESIAN_POINT('Ctrl Pts',(22.5142649383368,160.364404812881,-4.21169046174292));
#8289=CARTESIAN_POINT('Ctrl Pts',(22.5376698520877,159.542758992552,-3.42029132602478));
#8290=CARTESIAN_POINT('Ctrl Pts',(22.6172724395227,157.233372744094,-3.17037818755565));
#8291=CARTESIAN_POINT('Ctrl Pts',(22.683006500972,155.943710599306,-3.29869877432501));
#8292=CARTESIAN_POINT('Ctrl Pts',(22.4999999999997,160.513186007871,-4.54999999999918));
#8293=CARTESIAN_POINT('Ctrl Pts',(22.4999999999997,160.513186007871,-4.13434715951278));
#8294=CARTESIAN_POINT('Ctrl Pts',(22.5001767421762,159.673410804857,-3.16289933654596));
#8295=CARTESIAN_POINT('Ctrl Pts',(22.5006959229167,157.301049405188,-2.73617808578481));
#8296=CARTESIAN_POINT('Ctrl Pts',(22.4999999999997,155.943710599306,-2.77439947525568));
#8297=CARTESIAN_POINT('Ctrl Pts',(22.4999999999997,160.576948325239,-4.54999999999918));
#8298=CARTESIAN_POINT('Ctrl Pts',(22.4999999999997,160.576948325239,-4.10120104948636));
#8299=CARTESIAN_POINT('Ctrl Pts',(22.4999999999997,159.729411890828,-3.05246711251169));
#8300=CARTESIAN_POINT('Ctrl Pts',(22.4999999999997,157.329972085223,-2.54999999999925));
#8301=CARTESIAN_POINT('Ctrl Pts',(22.4999999999997,155.943710599306,-2.54999999999925));
#8302=CARTESIAN_POINT('',(22.5979653273419,160.145284741736,-4.54999999999925));
#8303=CARTESIAN_POINT('',(22.4999999999997,160.576948325239,-4.54999999999925));
#8304=CARTESIAN_POINT('Origin',(23.4999999999997,160.576948325239,-4.54999999999925));
#8305=CARTESIAN_POINT('Origin',(22.4999999999997,155.943710599306,-4.54999999999925));
#8306=CARTESIAN_POINT('Origin',(23.4999999999997,155.943710599306,-4.54999999999925));
#8307=CARTESIAN_POINT('Origin',(23.4999999999997,160.576948325239,-3.04999999999926));
#8308=CARTESIAN_POINT('',(22.5979653273419,160.145284741736,-5.54999999999926));
#8309=CARTESIAN_POINT('',(22.4999999999997,160.576948325239,-5.54999999999926));
#8310=CARTESIAN_POINT('Origin',(23.4999999999997,160.576948325239,-5.54999999999926));
#8311=CARTESIAN_POINT('',(22.4999999999997,160.576948325239,-3.04999999999926));
#8312=CARTESIAN_POINT('',(22.5979653273419,160.145284741736,-3.04999999999926));
#8313=CARTESIAN_POINT('Ctrl Pts',(23.4999999999998,155.943710599306,-6.54999999999926));
#8314=CARTESIAN_POINT('Ctrl Pts',(23.2975838927923,156.886541632118,-6.54999999999924));
#8315=CARTESIAN_POINT('Ctrl Pts',(22.9614888643505,158.45203376197,-6.41881639917014));
#8316=CARTESIAN_POINT('Ctrl Pts',(22.6596358867145,159.858030342916,-5.99836842007471));
#8317=CARTESIAN_POINT('Ctrl Pts',(22.5979653273419,160.145284741736,-5.69959965017028));
#8318=CARTESIAN_POINT('Ctrl Pts',(22.5979653273419,160.145284741736,-5.54999999999934));
#8319=CARTESIAN_POINT('Ctrl Pts',(23.2008006996579,155.943710599306,-6.54999999999924));
#8320=CARTESIAN_POINT('Ctrl Pts',(23.0371288015894,156.886232066531,-6.61241394263316));
#8321=CARTESIAN_POINT('Ctrl Pts',(22.7963301227018,158.480334736864,-6.53659163978837));
#8322=CARTESIAN_POINT('Ctrl Pts',(22.6002332113917,159.925569586761,-6.07848080815071));
#8323=CARTESIAN_POINT('Ctrl Pts',(22.5612668334647,160.22197250317,-5.72617441080041));
#8324=CARTESIAN_POINT('Ctrl Pts',(22.5612668334647,160.22197250317,-5.54999999999934));
#8325=CARTESIAN_POINT('Ctrl Pts',(22.6830069485067,155.943710599306,-6.80130159866298));
#8326=CARTESIAN_POINT('Ctrl Pts',(22.6337064024198,156.910957207897,-6.89754203874));
#8327=CARTESIAN_POINT('Ctrl Pts',(22.5706587301073,158.560157569491,-6.8117524397568));
#8328=CARTESIAN_POINT('Ctrl Pts',(22.5231646865613,160.057108755356,-6.22541610521006));
#8329=CARTESIAN_POINT('Ctrl Pts',(22.5142649424175,160.364404813703,-5.77553969217017));
#8330=CARTESIAN_POINT('Ctrl Pts',(22.5142649424175,160.364404813703,-5.54999999999934));
#8331=CARTESIAN_POINT('Ctrl Pts',(22.4999999999997,155.943710599306,-7.32560052474284));
#8332=CARTESIAN_POINT('Ctrl Pts',(22.5005219421875,156.961714703717,-7.35426656684598));
#8333=CARTESIAN_POINT('Ctrl Pts',(22.5001060788287,158.664879492506,-7.14485351436416));
#8334=CARTESIAN_POINT('Ctrl Pts',(22.5002051934992,160.19926146014,-6.38028626094302));
#8335=CARTESIAN_POINT('Ctrl Pts',(22.4999999999997,160.513186007871,-5.82710189365693));
#8336=CARTESIAN_POINT('Ctrl Pts',(22.4999999999997,160.513186007871,-5.54999999999933));
#8337=CARTESIAN_POINT('Ctrl Pts',(22.4999999999997,155.943710599306,-7.54999999999926));
#8338=CARTESIAN_POINT('Ctrl Pts',(22.4999999999997,156.983406713743,-7.54999999999925));
#8339=CARTESIAN_POINT('Ctrl Pts',(22.4999999999997,158.709735215825,-7.287632798341));
#8340=CARTESIAN_POINT('Ctrl Pts',(22.4999999999997,160.260181829532,-6.44673684015009));
#8341=CARTESIAN_POINT('Ctrl Pts',(22.4999999999997,160.576948325239,-5.84919930034121));
#8342=CARTESIAN_POINT('Ctrl Pts',(22.4999999999997,160.576948325239,-5.54999999999933));
#8343=CARTESIAN_POINT('',(23.4999999999997,155.943710599306,-6.54999999999926));
#8344=CARTESIAN_POINT('',(22.4999999999997,155.943710599306,-7.54999999999926));
#8345=CARTESIAN_POINT('Origin',(23.4999999999997,155.943710599306,-7.54999999999926));
#8346=CARTESIAN_POINT('Origin',(22.4999999999997,155.943710599306,-5.54999999999926));
#8347=CARTESIAN_POINT('Origin',(23.4999999999997,155.943710599306,-5.54999999999926));
#8348=CARTESIAN_POINT('Origin',(23.4999999999997,126.174850234326,-7.54999999999926));
#8349=CARTESIAN_POINT('',(22.4999999999997,126.174850234326,-7.54999999999926));
#8350=CARTESIAN_POINT('',(23.4999999999997,126.174850234326,-6.54999999999926));
#8351=CARTESIAN_POINT('Origin',(40.074540740718,88.9,-14.2499999999993));
#8352=CARTESIAN_POINT('',(55.583387973761,87.9,-14.2499999999993));
#8353=CARTESIAN_POINT('',(55.583387973761,88.9,-15.2499999999992));
#8354=CARTESIAN_POINT('Origin',(55.583387973761,88.9,-14.2499999999993));
#8355=CARTESIAN_POINT('',(40.074540740718,88.9,-15.2499999999993));
#8356=CARTESIAN_POINT('',(40.074540740718,87.9,-14.2499999999993));
#8357=CARTESIAN_POINT('Ctrl Pts',(56.6490814814359,87.9,-14.4961708349127));
#8358=CARTESIAN_POINT('Ctrl Pts',(56.3241290539079,87.9,-14.3355095334818));
#8359=CARTESIAN_POINT('Ctrl Pts',(55.9539513490279,87.9,-14.2499999999993));
#8360=CARTESIAN_POINT('Ctrl Pts',(55.583387973761,87.9,-14.2499999999993));
#8361=CARTESIAN_POINT('Ctrl Pts',(56.534118580808,87.9,-14.7286939957609));
#8362=CARTESIAN_POINT('Ctrl Pts',(56.2403608594117,87.8996599964892,-14.5973657963884));
#8363=CARTESIAN_POINT('Ctrl Pts',(55.9086493701484,87.9005662650411,-14.5351597185037));
#8364=CARTESIAN_POINT('Ctrl Pts',(55.583387973761,87.9,-14.5491993003411));
#8365=CARTESIAN_POINT('Ctrl Pts',(56.3341946793193,88.0859756123599,-15.1330586842763));
#8366=CARTESIAN_POINT('Ctrl Pts',(56.094855164108,88.1045668005113,-15.0517195458319));
#8367=CARTESIAN_POINT('Ctrl Pts',(55.8308339063962,88.1266771833818,-15.030615399743));
#8368=CARTESIAN_POINT('Ctrl Pts',(55.583387973761,88.1512927939349,-15.0670036159252));
#8369=CARTESIAN_POINT('Ctrl Pts',(56.2334110610136,88.502212855448,-15.3369029276118));
#8370=CARTESIAN_POINT('Ctrl Pts',(56.0303766202199,88.5538893969383,-15.2631819407021));
#8371=CARTESIAN_POINT('Ctrl Pts',(55.8030713100043,88.6136147463787,-15.2336579777277));
#8372=CARTESIAN_POINT('Ctrl Pts',(55.583387973761,88.6756005247436,-15.2499999999992));
#8373=CARTESIAN_POINT('Ctrl Pts',(56.2155219012016,88.6925225185472,-15.373085417456));
#8374=CARTESIAN_POINT('Ctrl Pts',(56.0227709340939,88.7557867786463,-15.2927547667405));
#8375=CARTESIAN_POINT('Ctrl Pts',(55.8031938373476,88.8278558466714,-15.2499999999992));
#8376=CARTESIAN_POINT('Ctrl Pts',(55.583387973761,88.9,-15.2499999999992));
#8377=CARTESIAN_POINT('',(56.6490814814359,87.9,-14.4961708349127));
#8378=CARTESIAN_POINT('',(56.2155219012016,88.6925225185472,-15.373085417456));
#8379=CARTESIAN_POINT('Origin',(56.6490814814359,88.9,-14.4961708349127));
#8380=CARTESIAN_POINT('Origin',(55.583387973761,88.9,-16.2499999999993));
#8381=CARTESIAN_POINT('Origin',(55.583387973761,87.9,-16.2499999999993));
#8382=CARTESIAN_POINT('Ctrl Pts',(56.2155219012016,88.6925225185472,-15.373085417456));
#8383=CARTESIAN_POINT('Ctrl Pts',(56.4654196379093,88.6105016827999,-15.4772324840222));
#8384=CARTESIAN_POINT('Ctrl Pts',(56.7666194083351,88.3724380283863,-15.6651759722399));
#8385=CARTESIAN_POINT('Ctrl Pts',(57.0421651830348,88.0550715487234,-15.9304673784119));
#8386=CARTESIAN_POINT('Ctrl Pts',(57.1557796376043,87.9056361067859,-16.0771728187474));
#8387=CARTESIAN_POINT('Ctrl Pts',(57.1958611852056,87.8470811001333,-16.1912394349445));
#8388=CARTESIAN_POINT('Ctrl Pts',(57.1958611852056,87.8470811001334,-16.2499999999993));
#8389=CARTESIAN_POINT('Ctrl Pts',(56.236392587649,88.4704945782648,-15.3308725126378));
#8390=CARTESIAN_POINT('Ctrl Pts',(56.4612047165753,88.4215017663409,-15.407999343323));
#8391=CARTESIAN_POINT('Ctrl Pts',(56.7763908998716,88.2463800862899,-15.5868891045763));
#8392=CARTESIAN_POINT('Ctrl Pts',(57.061141583996,87.9795199611605,-15.8822330264193));
#8393=CARTESIAN_POINT('Ctrl Pts',(57.1780308559792,87.8513132367647,-16.0492453773465));
#8394=CARTESIAN_POINT('Ctrl Pts',(57.2184721575074,87.799831617485,-16.1817707687246));
#8395=CARTESIAN_POINT('Ctrl Pts',(57.2184721575073,87.799831617485,-16.2499999999994));
#8396=CARTESIAN_POINT('Ctrl Pts',(56.3478087960598,88.0609458077899,-15.1055228667269));
#8397=CARTESIAN_POINT('Ctrl Pts',(56.5312839667472,88.0805881423802,-15.1858547531866));
#8398=CARTESIAN_POINT('Ctrl Pts',(56.8438622527661,88.0170110237993,-15.4026123007036));
#8399=CARTESIAN_POINT('Ctrl Pts',(57.1201546708511,87.8382956217343,-15.7787299014148));
#8400=CARTESIAN_POINT('Ctrl Pts',(57.2329590826788,87.747541435628,-15.992282929436));
#8401=CARTESIAN_POINT('Ctrl Pts',(57.2711347984842,87.7088940965862,-16.162348279351));
#8402=CARTESIAN_POINT('Ctrl Pts',(57.2711347984842,87.7088940965863,-16.2499999999994));
#8403=CARTESIAN_POINT('Ctrl Pts',(56.5484889433864,87.9,-14.6996286006549));
#8404=CARTESIAN_POINT('Ctrl Pts',(56.7386057343479,87.9218324859602,-14.8647749638375));
#8405=CARTESIAN_POINT('Ctrl Pts',(56.9951901558016,87.8670653179192,-15.1877129881869));
#8406=CARTESIAN_POINT('Ctrl Pts',(57.217929588811,87.7284491320448,-15.6668067557228));
#8407=CARTESIAN_POINT('Ctrl Pts',(57.3072081133952,87.6574602578957,-15.9336241321496));
#8408=CARTESIAN_POINT('Ctrl Pts',(57.3373786536045,87.6273175183259,-16.1424354247508));
#8409=CARTESIAN_POINT('Ctrl Pts',(57.3373786536045,87.6273175183259,-16.2499999999994));
#8410=CARTESIAN_POINT('Ctrl Pts',(56.6490814814359,87.9,-14.4961708349127));
#8411=CARTESIAN_POINT('Ctrl Pts',(56.8597286117605,87.9,-14.7044649680452));
#8412=CARTESIAN_POINT('Ctrl Pts',(57.0865185065815,87.8174284703534,-15.0803519444806));
#8413=CARTESIAN_POINT('Ctrl Pts',(57.2746052150535,87.6828226246439,-15.6109347568245));
#8414=CARTESIAN_POINT('Ctrl Pts',(57.3485413316176,87.6163018366224,-15.9043456374955));
#8415=CARTESIAN_POINT('Ctrl Pts',(57.3734886696497,87.5893723418184,-16.1324788698897));
#8416=CARTESIAN_POINT('Ctrl Pts',(57.3734886696497,87.5893723418184,-16.2499999999994));
#8417=CARTESIAN_POINT('',(57.276414582787,87.6787510384899,-15.6317248961576));
#8418=CARTESIAN_POINT('',(57.1958611852056,87.8470811001333,-16.2499999999993));
#8419=CARTESIAN_POINT('Ctrl Pts',(57.2764145827898,87.6787510384877,-15.6317248961763));
#8420=CARTESIAN_POINT('Ctrl Pts',(57.2764145827898,87.6787510384877,-15.6634546956339));
#8421=CARTESIAN_POINT('Ctrl Pts',(57.2760809841874,87.6794481496586,-15.6952911325705));
#8422=CARTESIAN_POINT('Ctrl Pts',(57.2731964402802,87.6854758960762,-15.8200045668534));
#8423=CARTESIAN_POINT('Ctrl Pts',(57.267505327426,87.6973684469344,-15.9159713674105));
#8424=CARTESIAN_POINT('Ctrl Pts',(57.2492268445347,87.7355644541066,-16.0542920676129));
#8425=CARTESIAN_POINT('Ctrl Pts',(57.2407099617047,87.7533619332299,-16.1025654471652));
#8426=CARTESIAN_POINT('Ctrl Pts',(57.2204023312346,87.7957981903144,-16.184049402098));
#8427=CARTESIAN_POINT('Ctrl Pts',(57.2095138631877,87.8185515011931,-16.2180940741081));
#8428=CARTESIAN_POINT('Ctrl Pts',(57.196279368717,87.8462072343702,-16.2490290579065));
#8429=CARTESIAN_POINT('Ctrl Pts',(57.1960705131132,87.8466436737722,-16.2495150670201));
#8430=CARTESIAN_POINT('Ctrl Pts',(57.1958611852056,87.8470811001333,-16.2499999999993));
#8431=CARTESIAN_POINT('Ctrl Pts',(57.1958611852056,87.8470811001334,-16.2499999999993));
#8432=CARTESIAN_POINT('Ctrl Pts',(57.1958611852056,87.8470811001333,-16.1912394349445));
#8433=CARTESIAN_POINT('Ctrl Pts',(57.1557796376043,87.9056361067859,-16.0771728187474));
#8434=CARTESIAN_POINT('Ctrl Pts',(57.0421651830348,88.0550715487234,-15.9304673784119));
#8435=CARTESIAN_POINT('Ctrl Pts',(56.7666194083351,88.3724380283863,-15.6651759722399));
#8436=CARTESIAN_POINT('Ctrl Pts',(56.4654196379093,88.6105016827999,-15.4772324840222));
#8437=CARTESIAN_POINT('Ctrl Pts',(56.2155219012016,88.6925225185472,-15.373085417456));
#8438=CARTESIAN_POINT('Ctrl Pts',(56.6490814814359,87.9,-14.4961708349127));
#8439=CARTESIAN_POINT('Ctrl Pts',(56.8597286117605,87.9,-14.7044649680452));
#8440=CARTESIAN_POINT('Ctrl Pts',(57.0865185065815,87.8174284703534,-15.0803519444806));
#8441=CARTESIAN_POINT('Ctrl Pts',(57.2450780795434,87.703953969219,-15.5276402448057));
#8442=CARTESIAN_POINT('Ctrl Pts',(57.2744947333555,87.680362635956,-15.6264534419942));
#8443=CARTESIAN_POINT('Ctrl Pts',(57.2760976035923,87.6790689508192,-15.6318938829096));
#8444=CARTESIAN_POINT('Origin',(22.4999999999997,130.724700468651,-2.54999999999926));
#8445=CARTESIAN_POINT('',(22.4999999999997,82.9,-20.2499999999991));
#8446=CARTESIAN_POINT('',(22.4999999999997,82.9,-7.47499999999964));
#8447=CARTESIAN_POINT('',(22.4999999999997,215.550000000001,-20.2499999999988));
#8448=CARTESIAN_POINT('',(22.4999999999997,138.724850234326,-20.249999999999));
#8449=CARTESIAN_POINT('',(22.4999999999997,215.550000000001,-1.54999999999926));
#8450=CARTESIAN_POINT('',(22.4999999999997,215.550000000001,-2.54999999999912));
#8451=CARTESIAN_POINT('',(22.4999999999997,82.9,-1.54999999999935));
#8452=CARTESIAN_POINT('',(22.4999999999997,151.931025351489,-1.54999999999926));
#8453=CARTESIAN_POINT('',(22.4999999999997,82.9,-7.47499999999964));
#8454=CARTESIAN_POINT('',(22.4999999999997,198.65,-10.6999999999999));
#8455=CARTESIAN_POINT('Origin',(22.4999999999997,198.65,-12.3999999999999));
#8456=CARTESIAN_POINT('Origin',(40.074540740718,121.625,-18.2499999999993));
#8457=CARTESIAN_POINT('',(57.6490814814359,84.5833811370332,-18.2499999999993));
#8458=CARTESIAN_POINT('',(48.349151957663,104.01716986582,-18.2499999999993));
#8459=CARTESIAN_POINT('',(57.6490814814359,82.9,-18.2499999999993));
#8460=CARTESIAN_POINT('',(57.6490814814359,86.9,-18.2499999999993));
#8461=CARTESIAN_POINT('',(19.537270370359,82.9,-18.2499999999993));
#8462=CARTESIAN_POINT('Origin',(48.349151957663,104.01716986582,-17.2499999999993));
#8463=CARTESIAN_POINT('',(57.6490814814359,86.9,-17.2499999999993));
#8464=CARTESIAN_POINT('',(49.2511866303208,104.448833449323,-17.2499999999993));
#8465=CARTESIAN_POINT('Origin',(57.6490814814359,84.5833811370332,-17.2499999999993));
#8466=CARTESIAN_POINT('Origin',(57.6490814814359,86.9,-15.2499999999993));
#8467=CARTESIAN_POINT('',(49.2511866303208,104.448833449323,-16.2499999999993));
#8468=CARTESIAN_POINT('',(57.2764145827898,87.6787510384877,-15.2499999999993));
#8469=CARTESIAN_POINT('',(57.2764145827898,87.6787510384877,-13.0749999999993));
#8470=CARTESIAN_POINT('',(57.6490814814359,86.9,-15.2499999999993));
#8471=CARTESIAN_POINT('',(22.5000000000002,160.350000000001,-15.2499999999992));
#8472=CARTESIAN_POINT('',(57.6490814814359,86.9,-15.2499999999993));
#8473=CARTESIAN_POINT('Origin',(40.074540740718,121.625,-15.2499999999992));
#8474=CARTESIAN_POINT('',(48.349151957663,104.01716986582,-15.2499999999992));
#8475=CARTESIAN_POINT('Origin',(48.349151957663,104.01716986582,-16.2499999999993));
#8476=CARTESIAN_POINT('Origin',(-25.5000000000002,141.587500000001,-19.2499999999993));
#8477=CARTESIAN_POINT('',(-25.5000000000002,82.9,-18.2499999999993));
#8478=CARTESIAN_POINT('',(-24.5000000000002,82.9,-19.2499999999993));
#8479=CARTESIAN_POINT('Origin',(-25.5000000000002,82.9,-19.2499999999993));
#8480=CARTESIAN_POINT('',(-25.5000000000002,155.943710599305,-18.2499999999993));
#8481=CARTESIAN_POINT('',(-25.5000000000002,141.587500000001,-18.2499999999993));
#8482=CARTESIAN_POINT('',(-24.5000000000002,155.943710599305,-19.2499999999993));
#8483=CARTESIAN_POINT('Origin',(-25.5000000000002,155.943710599305,-19.2499999999993));
#8484=CARTESIAN_POINT('',(-24.5000000000002,141.587500000001,-19.2499999999993));
#8485=CARTESIAN_POINT('Ctrl Pts',(-24.6421493883328,159.939480448627,-17.5591375519108));
#8486=CARTESIAN_POINT('Ctrl Pts',(-24.6922038744152,159.706332388124,-17.7298465627459));
#8487=CARTESIAN_POINT('Ctrl Pts',(-24.9080191248548,158.701089681525,-18.0928144376435));
#8488=CARTESIAN_POINT('Ctrl Pts',(-25.2841112657979,156.949295584851,-18.2499999999992));
#8489=CARTESIAN_POINT('Ctrl Pts',(-25.5000000000003,155.943710599305,-18.2499999999993));
#8490=CARTESIAN_POINT('Ctrl Pts',(-24.5893182189935,160.009930278568,-17.6121890762234));
#8491=CARTESIAN_POINT('Ctrl Pts',(-24.6212184516463,159.769809911283,-17.8100318022961));
#8492=CARTESIAN_POINT('Ctrl Pts',(-24.7594041203635,158.73487213418,-18.2181072083773));
#8493=CARTESIAN_POINT('Ctrl Pts',(-25.0262349529597,156.948965414867,-18.3165681563466));
#8494=CARTESIAN_POINT('Ctrl Pts',(-25.2008006996584,155.943710599305,-18.2499999999992));
#8495=CARTESIAN_POINT('Ctrl Pts',(-24.5208835365371,160.144685906387,-17.7136654243071));
#8496=CARTESIAN_POINT('Ctrl Pts',(-24.5284569930838,159.895893689656,-17.9669438421009));
#8497=CARTESIAN_POINT('Ctrl Pts',(-24.5611572896916,158.823837924886,-18.4882462149499));
#8498=CARTESIAN_POINT('Ctrl Pts',(-24.6304290324926,156.975336238544,-18.6039510698851));
#8499=CARTESIAN_POINT('Ctrl Pts',(-24.6830109768696,155.943710599305,-18.5013049560262));
#8500=CARTESIAN_POINT('Ctrl Pts',(-24.5000000000002,160.288407256769,-17.8218933181206));
#8501=CARTESIAN_POINT('Ctrl Pts',(-24.4999954772003,160.033800488443,-18.1368721272543));
#8502=CARTESIAN_POINT('Ctrl Pts',(-24.5002057627907,158.936228497238,-18.80134840305));
#8503=CARTESIAN_POINT('Ctrl Pts',(-24.5005566821724,157.029472105868,-19.056174551828));
#8504=CARTESIAN_POINT('Ctrl Pts',(-24.5000000000002,155.943710599305,-19.0256005247428));
#8505=CARTESIAN_POINT('Ctrl Pts',(-24.5000000000002,160.350000000001,-17.8682751038223));
#8506=CARTESIAN_POINT('Ctrl Pts',(-24.5000000000002,160.09289864869,-18.2096931254925));
#8507=CARTESIAN_POINT('Ctrl Pts',(-24.5000000000002,158.984378776364,-18.9356288752877));
#8508=CARTESIAN_POINT('Ctrl Pts',(-24.5000000000002,157.052607915816,-19.2499999999992));
#8509=CARTESIAN_POINT('Ctrl Pts',(-24.5000000000002,155.943710599305,-19.2499999999992));
#8510=CARTESIAN_POINT('',(-24.6421493883328,159.939480448627,-17.5591375519108));
#8511=CARTESIAN_POINT('',(-24.5000000000002,160.350000000001,-17.8682751038223));
#8512=CARTESIAN_POINT('Origin',(-25.5000000000002,160.350000000001,-17.8682751038223));
#8513=CARTESIAN_POINT('Origin',(-24.5000000000002,155.943710599305,-17.2499999999992));
#8514=CARTESIAN_POINT('Origin',(-25.5000000000002,155.943710599305,-17.2499999999993));
#8515=CARTESIAN_POINT('Origin',(-25.4825880702422,160.613333521858,-22.249999999999));
#8516=CARTESIAN_POINT('',(-24.4912940351212,160.48166676093,-17.2499999999992));
#8517=CARTESIAN_POINT('',(-24.5805533975844,160.181669938355,-17.2499999999993));
#8518=CARTESIAN_POINT('Origin',(-25.4825880702422,160.613333521858,-17.2499999999993));
#8519=CARTESIAN_POINT('',(-24.5805533975844,160.181669938355,-16.2499999999993));
#8520=CARTESIAN_POINT('',(-24.5805533975844,160.181669938355,-22.249999999999));
#8521=CARTESIAN_POINT('',(-24.4912940351212,160.48166676093,-16.2499999999992));
#8522=CARTESIAN_POINT('Origin',(-25.4825880702422,160.613333521858,-16.2499999999993));
#8523=CARTESIAN_POINT('',(-24.4912940351212,160.48166676093,-22.249999999999));
#8524=CARTESIAN_POINT('Ctrl Pts',(-24.5000000000002,160.350000000001,-17.8682751038223));
#8525=CARTESIAN_POINT('Ctrl Pts',(-24.5000000000002,160.418596873321,-17.6860885173863));
#8526=CARTESIAN_POINT('Ctrl Pts',(-24.4912940351212,160.481666760929,-17.478065947467));
#8527=CARTESIAN_POINT('Ctrl Pts',(-24.4912940351212,160.48166676093,-17.2499999999994));
#8528=CARTESIAN_POINT('Ctrl Pts',(-24.5000000000002,160.206283599127,-17.760050937185));
#8529=CARTESIAN_POINT('Ctrl Pts',(-24.5100527960432,160.29384734321,-17.6119126585594));
#8530=CARTESIAN_POINT('Ctrl Pts',(-24.5050877096316,160.37781680542,-17.4394204954754));
#8531=CARTESIAN_POINT('Ctrl Pts',(-24.5050877096316,160.37781680542,-17.2499999999994));
#8532=CARTESIAN_POINT('Ctrl Pts',(-24.549694841989,160.062767651023,-17.6519777194578));
#8533=CARTESIAN_POINT('Ctrl Pts',(-24.5494852079737,160.172513833743,-17.5376976843484));
#8534=CARTESIAN_POINT('Ctrl Pts',(-24.5353314529809,160.276168903652,-17.4007821864892));
#8535=CARTESIAN_POINT('Ctrl Pts',(-24.5353314529809,160.276168903652,-17.2499999999993));
#8536=CARTESIAN_POINT('Ctrl Pts',(-24.6421493883328,159.939480448627,-17.5591375519107));
#8537=CARTESIAN_POINT('Ctrl Pts',(-24.6154394451653,160.063892303247,-17.4680442586952));
#8538=CARTESIAN_POINT('Ctrl Pts',(-24.5805533975844,160.181669938355,-17.3640329737331));
#8539=CARTESIAN_POINT('Ctrl Pts',(-24.5805533975844,160.181669938355,-17.2499999999993));
#8540=CARTESIAN_POINT('Ctrl Pts',(-24.4912940351212,160.48166676093,-17.2499999999994));
#8541=CARTESIAN_POINT('Ctrl Pts',(-24.4912940351212,160.481666760929,-17.478065947467));
#8542=CARTESIAN_POINT('Ctrl Pts',(-24.5000000000002,160.418596873321,-17.6860885173863));
#8543=CARTESIAN_POINT('Ctrl Pts',(-24.5000000000002,160.350000000001,-17.8682751038223));
#8544=CARTESIAN_POINT('Ctrl Pts',(-24.6421493883328,159.939480448627,-17.5591375519107));
#8545=CARTESIAN_POINT('Ctrl Pts',(-24.6154394451653,160.063892303247,-17.4680442586952));
#8546=CARTESIAN_POINT('Ctrl Pts',(-24.5805533975844,160.181669938355,-17.3640329737331));
#8547=CARTESIAN_POINT('Ctrl Pts',(-24.5805533975844,160.181669938355,-17.2499999999993));
#8548=CARTESIAN_POINT('Origin',(-25.5000000000002,88.9,-7.54999999999926));
#8549=CARTESIAN_POINT('',(-25.5000000000002,88.9,-6.54999999999926));
#8550=CARTESIAN_POINT('',(-25.5000000000002,87.9,-7.54999999999925));
#8551=CARTESIAN_POINT('Origin',(-25.5000000000002,88.9,-7.54999999999925));
#8552=CARTESIAN_POINT('',(-24.5000000000002,88.9,-7.54999999999925));
#8553=CARTESIAN_POINT('Origin',(-25.5000000000002,88.9,-7.54999999999926));
#8554=CARTESIAN_POINT('Origin',(-25.5000000000002,88.9,-7.54999999999925));
#8555=CARTESIAN_POINT('Origin',(-25.5000000000002,141.587500000001,-7.54999999999926));
#8556=CARTESIAN_POINT('',(-25.5000000000002,155.943710599305,-6.54999999999926));
#8557=CARTESIAN_POINT('',(-24.5000000000002,155.943710599305,-7.54999999999925));
#8558=CARTESIAN_POINT('Origin',(-25.5000000000002,155.943710599305,-7.54999999999926));
#8559=CARTESIAN_POINT('',(-24.5000000000002,141.587500000001,-7.54999999999925));
#8560=CARTESIAN_POINT('',(-25.5000000000002,141.587500000001,-6.54999999999926));
#8561=CARTESIAN_POINT('Ctrl Pts',(-24.6421493883328,159.939480448627,-5.85913755191079));
#8562=CARTESIAN_POINT('Ctrl Pts',(-24.6922038744152,159.706332388124,-6.02984656274592));
#8563=CARTESIAN_POINT('Ctrl Pts',(-24.9080174986197,158.701097256341,-6.39281658164647));
#8564=CARTESIAN_POINT('Ctrl Pts',(-25.2841112657979,156.949295584851,-6.54999999999924));
#8565=CARTESIAN_POINT('Ctrl Pts',(-25.5000000000003,155.943710599305,-6.54999999999926));
#8566=CARTESIAN_POINT('Ctrl Pts',(-24.5893182189935,160.009930278568,-5.91218907622336));
#8567=CARTESIAN_POINT('Ctrl Pts',(-24.6212184516463,159.769809911283,-6.11003180229609));
#8568=CARTESIAN_POINT('Ctrl Pts',(-24.7594015416336,158.734881591488,-6.51810119792865));
#8569=CARTESIAN_POINT('Ctrl Pts',(-25.0262349529597,156.948965414867,-6.61656815634661));
#8570=CARTESIAN_POINT('Ctrl Pts',(-25.2008006996584,155.943710599305,-6.54999999999924));
#8571=CARTESIAN_POINT('Ctrl Pts',(-24.5208834708875,160.144685893536,-6.01366541463));
#8572=CARTESIAN_POINT('Ctrl Pts',(-24.5284569274342,159.895893676806,-6.26694383242375));
#8573=CARTESIAN_POINT('Ctrl Pts',(-24.5611566918929,158.823846883951,-6.7882526577479));
#8574=CARTESIAN_POINT('Ctrl Pts',(-24.6304256214089,156.975336238544,-6.90394822698124));
#8575=CARTESIAN_POINT('Ctrl Pts',(-24.6830075657859,155.943710599305,-6.80130211312231));
#8576=CARTESIAN_POINT('Ctrl Pts',(-24.5000000000002,160.288407256769,-6.12189331812055));
#8577=CARTESIAN_POINT('Ctrl Pts',(-24.4999954772003,160.033800488443,-6.43687212725424));
#8578=CARTESIAN_POINT('Ctrl Pts',(-24.5002031027686,158.936236946177,-7.10135428712583));
#8579=CARTESIAN_POINT('Ctrl Pts',(-24.5005566821724,157.029472105868,-7.35617455182801));
#8580=CARTESIAN_POINT('Ctrl Pts',(-24.5000000000002,155.943710599305,-7.32560052474283));
#8581=CARTESIAN_POINT('Ctrl Pts',(-24.5000000000002,160.350000000001,-6.16827510382225));
#8582=CARTESIAN_POINT('Ctrl Pts',(-24.5000000000002,160.09289864869,-6.5096931254925));
#8583=CARTESIAN_POINT('Ctrl Pts',(-24.5000000000002,158.984387129406,-7.23563316329368));
#8584=CARTESIAN_POINT('Ctrl Pts',(-24.5000000000002,157.052607915816,-7.54999999999925));
#8585=CARTESIAN_POINT('Ctrl Pts',(-24.5000000000002,155.943710599305,-7.54999999999925));
#8586=CARTESIAN_POINT('',(-24.6421493883328,159.939480448627,-5.85913755191075));
#8587=CARTESIAN_POINT('',(-24.5000000000002,160.350000000001,-6.16827510382225));
#8588=CARTESIAN_POINT('Origin',(-25.5000000000002,160.350000000001,-6.16827510382225));
#8589=CARTESIAN_POINT('Origin',(-24.5000000000002,155.943710599305,-5.54999999999926));
#8590=CARTESIAN_POINT('Origin',(-25.5000000000002,155.943710599305,-5.54999999999926));
#8591=CARTESIAN_POINT('Origin',(-25.5000000000002,88.9,-14.2499999999993));
#8592=CARTESIAN_POINT('',(-25.5000000000002,88.9,-15.2499999999993));
#8593=CARTESIAN_POINT('',(-24.5000000000002,88.9,-14.2499999999992));
#8594=CARTESIAN_POINT('Origin',(-25.5000000000002,88.9,-14.2499999999993));
#8595=CARTESIAN_POINT('',(-25.5000000000002,87.9,-14.2499999999993));
#8596=CARTESIAN_POINT('Origin',(-25.5000000000002,88.9,-14.2499999999993));
#8597=CARTESIAN_POINT('Origin',(-25.5000000000002,88.9,-14.2499999999993));
#8598=CARTESIAN_POINT('Origin',(-42.074540740718,88.9,-14.2499999999993));
#8599=CARTESIAN_POINT('',(-57.583387973761,88.9,-15.2499999999992));
#8600=CARTESIAN_POINT('',(-57.583387973761,87.9,-14.2499999999993));
#8601=CARTESIAN_POINT('Origin',(-57.583387973761,88.9,-14.2499999999993));
#8602=CARTESIAN_POINT('',(-42.074540740718,87.9,-14.2499999999993));
#8603=CARTESIAN_POINT('',(-42.074540740718,88.9,-15.2499999999993));
#8604=CARTESIAN_POINT('Ctrl Pts',(-58.2155219012015,88.6925225185472,-15.373085417456));
#8605=CARTESIAN_POINT('Ctrl Pts',(-58.0227709340939,88.7557867786463,-15.2927547667405));
#8606=CARTESIAN_POINT('Ctrl Pts',(-57.8031938373476,88.8278558466714,-15.2499999999992));
#8607=CARTESIAN_POINT('Ctrl Pts',(-57.583387973761,88.9,-15.2499999999993));
#8608=CARTESIAN_POINT('Ctrl Pts',(-58.2393741142843,88.4387763010816,-15.3248420976637));
#8609=CARTESIAN_POINT('Ctrl Pts',(-58.0329555254987,88.4863993711926,-15.2536175854018));
#8610=CARTESIAN_POINT('Ctrl Pts',(-57.8027120400182,88.5424655667838,-15.2277547295544));
#8611=CARTESIAN_POINT('Ctrl Pts',(-57.583387973761,88.6008006996582,-15.2499999999993));
#8612=CARTESIAN_POINT('Ctrl Pts',(-58.3614854911591,88.0360903645177,-15.0778604786254));
#8613=CARTESIAN_POINT('Ctrl Pts',(-58.1144708185737,88.0494468366811,-14.9900765897995));
#8614=CARTESIAN_POINT('Ctrl Pts',(-57.8411934073567,88.0654257740232,-14.9644049549498));
#8615=CARTESIAN_POINT('Ctrl Pts',(-57.583387973761,88.0829972321702,-14.9987064992346));
#8616=CARTESIAN_POINT('Ctrl Pts',(-58.5628593059649,87.9,-14.6705632055489));
#8617=CARTESIAN_POINT('Ctrl Pts',(-58.2612741499162,87.8999066492661,-14.5317031099091));
#8618=CARTESIAN_POINT('Ctrl Pts',(-57.9201906439316,87.9001860280674,-14.4641824655258));
#8619=CARTESIAN_POINT('Ctrl Pts',(-57.583387973761,87.9,-14.4743994752557));
#8620=CARTESIAN_POINT('Ctrl Pts',(-58.6490814814359,87.9,-14.4961708349127));
#8621=CARTESIAN_POINT('Ctrl Pts',(-58.3241290539079,87.9,-14.3355095334818));
#8622=CARTESIAN_POINT('Ctrl Pts',(-57.9539513490279,87.9,-14.2499999999993));
#8623=CARTESIAN_POINT('Ctrl Pts',(-57.583387973761,87.9,-14.2499999999993));
#8624=CARTESIAN_POINT('',(-58.2155219012015,88.6925225185472,-15.373085417456));
#8625=CARTESIAN_POINT('',(-58.6490814814359,87.9,-14.4961708349127));
#8626=CARTESIAN_POINT('Origin',(-58.6490814814359,88.9,-14.4961708349127));
#8627=CARTESIAN_POINT('Origin',(-57.583387973761,87.9,-16.2499999999993));
#8628=CARTESIAN_POINT('Origin',(-57.583387973761,88.9,-16.2499999999993));
#8629=CARTESIAN_POINT('Ctrl Pts',(-58.6490814814359,87.9,-14.4961708349127));
#8630=CARTESIAN_POINT('Ctrl Pts',(-58.8070584568922,87.9,-14.6523831559963));
#8631=CARTESIAN_POINT('Ctrl Pts',(-59.0428852417543,87.838715541697,-15.0045988633056));
#8632=CARTESIAN_POINT('Ctrl Pts',(-59.2496011615599,87.7054539847224,-15.5142368986964));
#8633=CARTESIAN_POINT('Ctrl Pts',(-59.3486698712516,87.6161609678609,-15.9040365593465));
#8634=CARTESIAN_POINT('Ctrl Pts',(-59.3734886696497,87.5893723418184,-16.1325127973085));
#8635=CARTESIAN_POINT('Ctrl Pts',(-59.3734886696496,87.5893723418184,-16.2499999999994));
#8636=CARTESIAN_POINT('Ctrl Pts',(-58.5484889433864,87.9,-14.6996286006549));
#8637=CARTESIAN_POINT('Ctrl Pts',(-58.6910689803101,87.9163734967259,-14.823481809208));
#8638=CARTESIAN_POINT('Ctrl Pts',(-58.9435211564246,87.8849405319145,-15.1212034978296));
#8639=CARTESIAN_POINT('Ctrl Pts',(-59.1879978672518,87.7530291814798,-15.578769359611));
#8640=CARTESIAN_POINT('Ctrl Pts',(-59.3072714624828,87.6571577392456,-15.9333696020412));
#8641=CARTESIAN_POINT('Ctrl Pts',(-59.3373786536045,87.6273175183259,-16.1424664777911));
#8642=CARTESIAN_POINT('Ctrl Pts',(-59.3373786536044,87.6273175183259,-16.2499999999994));
#8643=CARTESIAN_POINT('Ctrl Pts',(-58.3478090628095,88.0609465506966,-15.1055223272007));
#8644=CARTESIAN_POINT('Ctrl Pts',(-58.4854081485026,88.0756775209438,-15.16576804921));
#8645=CARTESIAN_POINT('Ctrl Pts',(-58.779383067496,88.0393125211046,-15.3546045311468));
#8646=CARTESIAN_POINT('Ctrl Pts',(-59.082696539163,87.8699566524931,-15.7080215508667));
#8647=CARTESIAN_POINT('Ctrl Pts',(-59.2329379440055,87.747161987437,-15.9921107229166));
#8648=CARTESIAN_POINT('Ctrl Pts',(-59.2711348008878,87.708894098243,-16.162373583708));
#8649=CARTESIAN_POINT('Ctrl Pts',(-59.2711348008878,87.708894098243,-16.2499999999993));
#8650=CARTESIAN_POINT('Ctrl Pts',(-58.236392587649,88.4704945782648,-15.3308725126378));
#8651=CARTESIAN_POINT('Ctrl Pts',(-58.4049927490611,88.4337519165683,-15.3887145702031));
#8652=CARTESIAN_POINT('Ctrl Pts',(-58.712365640193,88.2896873513034,-15.5484760139274));
#8653=CARTESIAN_POINT('Ctrl Pts',(-59.0218994329024,88.0234017956684,-15.8269682375865));
#8654=CARTESIAN_POINT('Ctrl Pts',(-59.1781197525329,87.8509525673135,-16.0491521480211));
#8655=CARTESIAN_POINT('Ctrl Pts',(-59.2184721575073,87.799831617485,-16.1817904659629));
#8656=CARTESIAN_POINT('Ctrl Pts',(-59.2184721575073,87.799831617485,-16.2499999999993));
#8657=CARTESIAN_POINT('Ctrl Pts',(-58.2155219012015,88.6925225185472,-15.373085417456));
#8658=CARTESIAN_POINT('Ctrl Pts',(-58.4029352714083,88.6310101517003,-15.4511915779978));
#8659=CARTESIAN_POINT('Ctrl Pts',(-58.7065671423097,88.4280354027925,-15.6272994316523));
#8660=CARTESIAN_POINT('Ctrl Pts',(-59.0036899404249,88.1058532558062,-15.8821184493476));
#8661=CARTESIAN_POINT('Ctrl Pts',(-59.1559869793187,87.9053305676385,-16.0770182796727));
#8662=CARTESIAN_POINT('Ctrl Pts',(-59.1958611852056,87.8470811001333,-16.1912563986538));
#8663=CARTESIAN_POINT('Ctrl Pts',(-59.1958611852056,87.8470811001334,-16.2499999999993));
#8664=CARTESIAN_POINT('',(-59.1958611852056,87.8470811001333,-16.2499999999993));
#8665=CARTESIAN_POINT('',(-59.2764145818168,87.6787510392715,-15.6317248895399));
#8666=CARTESIAN_POINT('Ctrl Pts',(-59.1958611852056,87.8470811001334,-16.2499999999992));
#8667=CARTESIAN_POINT('Ctrl Pts',(-59.1960705124472,87.8466436751639,-16.2495150685628));
#8668=CARTESIAN_POINT('Ctrl Pts',(-59.1962793690649,87.8462072336431,-16.2490290570754));
#8669=CARTESIAN_POINT('Ctrl Pts',(-59.2073522170062,87.8230686295314,-16.2231468166809));
#8670=CARTESIAN_POINT('Ctrl Pts',(-59.2167391675934,87.8034529954504,-16.1952430558408));
#8671=CARTESIAN_POINT('Ctrl Pts',(-59.2341853377009,87.7669962477804,-16.1310230885586));
#8672=CARTESIAN_POINT('Ctrl Pts',(-59.2417911942564,87.7511025134223,-16.0945054779482));
#8673=CARTESIAN_POINT('Ctrl Pts',(-59.2698452343497,87.6924788123751,-15.9255425705276));
#8674=CARTESIAN_POINT('Ctrl Pts',(-59.2764145827898,87.6787510384877,-15.772529341073));
#8675=CARTESIAN_POINT('Ctrl Pts',(-59.2764145827898,87.6787510384877,-15.6317248961763));
#8676=CARTESIAN_POINT('Ctrl Pts',(-59.2759350210952,87.6792504899942,-15.6319847531365));
#8677=CARTESIAN_POINT('Ctrl Pts',(-59.2743476708188,87.6805309029195,-15.6265944868111));
#8678=CARTESIAN_POINT('Ctrl Pts',(-59.2171289139292,87.7263875552079,-15.4341797240832));
#8679=CARTESIAN_POINT('Ctrl Pts',(-59.0428852417543,87.838715541697,-15.0045988633056));
#8680=CARTESIAN_POINT('Ctrl Pts',(-58.8070584568922,87.9,-14.6523831559963));
#8681=CARTESIAN_POINT('Ctrl Pts',(-58.6490814814359,87.9,-14.4961708349127));
#8682=CARTESIAN_POINT('Ctrl Pts',(-58.2155219012015,88.6925225185472,-15.373085417456));
#8683=CARTESIAN_POINT('Ctrl Pts',(-58.4029352714083,88.6310101517003,-15.4511915779978));
#8684=CARTESIAN_POINT('Ctrl Pts',(-58.7065671423097,88.4280354027925,-15.6272994316523));
#8685=CARTESIAN_POINT('Ctrl Pts',(-59.0036899404249,88.1058532558062,-15.8821184493476));
#8686=CARTESIAN_POINT('Ctrl Pts',(-59.1559869793187,87.9053305676385,-16.0770182796727));
#8687=CARTESIAN_POINT('Ctrl Pts',(-59.1958611852056,87.8470811001333,-16.1912563986538));
#8688=CARTESIAN_POINT('Ctrl Pts',(-59.1958611852056,87.8470811001334,-16.2499999999993));
#8689=CARTESIAN_POINT('Origin',(-25.5000000000002,88.9,-16.5749999999991));
#8690=CARTESIAN_POINT('',(-24.5000000000002,88.9,-16.5749999999991));
#8691=CARTESIAN_POINT('',(-25.5000000000002,87.9,-16.5749999999991));
#8692=CARTESIAN_POINT('Ctrl Pts',(-24.5000000000002,160.350000000001,-15.6317248961762));
#8693=CARTESIAN_POINT('Ctrl Pts',(-24.5000000000002,160.09289864869,-15.290306874506));
#8694=CARTESIAN_POINT('Ctrl Pts',(-24.5000000000002,158.984380277837,-14.5643703539346));
#8695=CARTESIAN_POINT('Ctrl Pts',(-24.5000000000002,157.052607915816,-14.2499999999992));
#8696=CARTESIAN_POINT('Ctrl Pts',(-24.5000000000002,155.943710599305,-14.2499999999992));
#8697=CARTESIAN_POINT('Ctrl Pts',(-24.5000000000002,160.267876342358,-15.6935672771118));
#8698=CARTESIAN_POINT('Ctrl Pts',(-24.4999660520895,160.014095611402,-15.3874094056121));
#8699=CARTESIAN_POINT('Ctrl Pts',(-24.5007557151142,158.920171905147,-14.7428886294313));
#8700=CARTESIAN_POINT('Ctrl Pts',(-24.5016945273778,157.021563008115,-14.5071863663503));
#8701=CARTESIAN_POINT('Ctrl Pts',(-24.5000000000002,155.943710599305,-14.5491993003411));
#8702=CARTESIAN_POINT('Ctrl Pts',(-24.5279832239036,160.124182366609,-15.8017745567385));
#8703=CARTESIAN_POINT('Ctrl Pts',(-24.5381776105393,159.876238163205,-15.5572856168792));
#8704=CARTESIAN_POINT('Ctrl Pts',(-24.5821216168001,158.807862638396,-15.0562206315723));
#8705=CARTESIAN_POINT('Ctrl Pts',(-24.6776431334864,156.968236995661,-14.9580992324111));
#8706=CARTESIAN_POINT('Ctrl Pts',(-24.7513044457167,155.943710599305,-15.0669896354305));
#8707=CARTESIAN_POINT('Ctrl Pts',(-24.6025260113283,159.992317821083,-15.9010738048533));
#8708=CARTESIAN_POINT('Ctrl Pts',(-24.6389854419031,159.753945190891,-15.7100078247124));
#8709=CARTESIAN_POINT('Ctrl Pts',(-24.7962365639588,158.7264361314,-15.3136513785289));
#8710=CARTESIAN_POINT('Ctrl Pts',(-25.0901103552384,156.949211618318,-15.2010970974115));
#8711=CARTESIAN_POINT('Ctrl Pts',(-25.2756005247439,155.943710599305,-15.2499999999993));
#8712=CARTESIAN_POINT('Ctrl Pts',(-24.6421493883328,159.939480448627,-15.9408624480877));
#8713=CARTESIAN_POINT('Ctrl Pts',(-24.6922038744152,159.706332388124,-15.7701534372526));
#8714=CARTESIAN_POINT('Ctrl Pts',(-24.9080188325364,158.701091043111,-15.4071851769669));
#8715=CARTESIAN_POINT('Ctrl Pts',(-25.2841112657979,156.949295584851,-15.2499999999993));
#8716=CARTESIAN_POINT('Ctrl Pts',(-25.5000000000003,155.943710599305,-15.2499999999993));
#8717=CARTESIAN_POINT('',(-24.5000000000002,160.350000000001,-15.6317248961762));
#8718=CARTESIAN_POINT('',(-24.6421493883328,159.939480448627,-15.9408624480877));
#8719=CARTESIAN_POINT('Origin',(-25.5000000000002,160.350000000001,-15.6317248961762));
#8720=CARTESIAN_POINT('',(-25.5000000000002,155.943710599305,-15.2499999999992));
#8721=CARTESIAN_POINT('Origin',(-25.5000000000002,155.943710599305,-16.2499999999993));
#8722=CARTESIAN_POINT('',(-24.5000000000002,155.943710599305,-14.2499999999992));
#8723=CARTESIAN_POINT('Origin',(-25.5000000000002,155.943710599305,-14.2499999999993));
#8724=CARTESIAN_POINT('Origin',(-24.5000000000002,155.943710599305,-16.2499999999992));
#8725=CARTESIAN_POINT('Origin',(-25.5000000000002,141.587500000001,-14.2499999999992));
#8726=CARTESIAN_POINT('',(-24.5000000000002,141.587500000001,-14.2499999999992));
#8727=CARTESIAN_POINT('',(-25.5000000000002,141.587500000001,-15.2499999999992));
#8728=CARTESIAN_POINT('Origin',(-42.074540740718,88.9,-7.54999999999925));
#8729=CARTESIAN_POINT('',(-57.583387973761,87.9,-7.54999999999925));
#8730=CARTESIAN_POINT('',(-57.583387973761,88.9,-6.54999999999926));
#8731=CARTESIAN_POINT('Origin',(-57.583387973761,88.9,-7.54999999999925));
#8732=CARTESIAN_POINT('',(-42.074540740718,88.9,-6.54999999999926));
#8733=CARTESIAN_POINT('',(-42.074540740718,87.9,-7.54999999999925));
#8734=CARTESIAN_POINT('Ctrl Pts',(-58.6490814814359,87.9,-7.30382916508577));
#8735=CARTESIAN_POINT('Ctrl Pts',(-58.3241290539079,87.9,-7.46449046651671));
#8736=CARTESIAN_POINT('Ctrl Pts',(-57.9539513490279,87.9,-7.54999999999926));
#8737=CARTESIAN_POINT('Ctrl Pts',(-57.583387973761,87.9,-7.54999999999926));
#8738=CARTESIAN_POINT('Ctrl Pts',(-58.534118580808,87.9,-7.07130600423761));
#8739=CARTESIAN_POINT('Ctrl Pts',(-58.2403608594117,87.8996599964892,-7.2026342036101));
#8740=CARTESIAN_POINT('Ctrl Pts',(-57.9086493701484,87.9005662650411,-7.26484028149483));
#8741=CARTESIAN_POINT('Ctrl Pts',(-57.583387973761,87.9,-7.25080069965737));
#8742=CARTESIAN_POINT('Ctrl Pts',(-58.3341940207617,88.0859740435919,-6.66693998372808));
#8743=CARTESIAN_POINT('Ctrl Pts',(-58.0948545055503,88.1045652317433,-6.74827912217246));
#8744=CARTESIAN_POINT('Ctrl Pts',(-57.8308339063962,88.1266747954669,-6.76938173509442));
#8745=CARTESIAN_POINT('Ctrl Pts',(-57.583387973761,88.15129040602,-6.73299351891225));
#8746=CARTESIAN_POINT('Ctrl Pts',(-58.2334110610136,88.502212855448,-6.4630970723867));
#8747=CARTESIAN_POINT('Ctrl Pts',(-58.0303766202198,88.5538893969383,-6.53681805929641));
#8748=CARTESIAN_POINT('Ctrl Pts',(-57.8030713100043,88.6136147463787,-6.5663420222708));
#8749=CARTESIAN_POINT('Ctrl Pts',(-57.583387973761,88.6756005247436,-6.54999999999926));
#8750=CARTESIAN_POINT('Ctrl Pts',(-58.2155219012015,88.6925225185472,-6.42691458254252));
#8751=CARTESIAN_POINT('Ctrl Pts',(-58.0227709340939,88.7557867786463,-6.50724523325799));
#8752=CARTESIAN_POINT('Ctrl Pts',(-57.8031938373476,88.8278558466714,-6.54999999999926));
#8753=CARTESIAN_POINT('Ctrl Pts',(-57.583387973761,88.9,-6.54999999999926));
#8754=CARTESIAN_POINT('',(-58.6490814814359,87.9,-7.30382916508577));
#8755=CARTESIAN_POINT('',(-58.2155219012015,88.6925225185472,-6.42691458254252));
#8756=CARTESIAN_POINT('Origin',(-58.6490814814359,88.9,-7.30382916508577));
#8757=CARTESIAN_POINT('Origin',(-57.583387973761,88.9,-5.54999999999926));
#8758=CARTESIAN_POINT('Origin',(-57.583387973761,87.9,-5.54999999999926));
#8759=CARTESIAN_POINT('Ctrl Pts',(-58.2155219012016,88.6925225185471,-6.42691458254252));
#8760=CARTESIAN_POINT('Ctrl Pts',(-58.4029452037323,88.6310068917367,-6.34880428261789));
#8761=CARTESIAN_POINT('Ctrl Pts',(-58.7065339494308,88.4280872672925,-6.17274450399176));
#8762=CARTESIAN_POINT('Ctrl Pts',(-59.0037865255098,88.1057339241916,-5.91776987572236));
#8763=CARTESIAN_POINT('Ctrl Pts',(-59.1559569274564,87.9053636971002,-5.72299358623595));
#8764=CARTESIAN_POINT('Ctrl Pts',(-59.1958611852056,87.8470811001333,-5.60876056505403));
#8765=CARTESIAN_POINT('Ctrl Pts',(-59.1958611852056,87.8470811001334,-5.54999999999916));
#8766=CARTESIAN_POINT('Ctrl Pts',(-58.236392587649,88.4704945782647,-6.46912748736073));
#8767=CARTESIAN_POINT('Ctrl Pts',(-58.4050016843436,88.4337499693219,-6.41128236434686));
#8768=CARTESIAN_POINT('Ctrl Pts',(-58.7123317065223,88.2897335012185,-6.25157567546344));
#8769=CARTESIAN_POINT('Ctrl Pts',(-59.0219989788337,88.0233003405393,-5.97290568908054));
#8770=CARTESIAN_POINT('Ctrl Pts',(-59.1780884881978,87.8509800488877,-5.75085984947981));
#8771=CARTESIAN_POINT('Ctrl Pts',(-59.2184721575073,87.799831617485,-5.61822923127386));
#8772=CARTESIAN_POINT('Ctrl Pts',(-59.2184721575073,87.799831617485,-5.54999999999915));
#8773=CARTESIAN_POINT('Ctrl Pts',(-58.3478077488204,88.0609428911942,-6.69447501513253));
#8774=CARTESIAN_POINT('Ctrl Pts',(-58.4854141268356,88.0756746421369,-6.6342261002879));
#8775=CARTESIAN_POINT('Ctrl Pts',(-58.7793504097696,88.0393479722169,-6.44546197642111));
#8776=CARTESIAN_POINT('Ctrl Pts',(-59.0827924988567,87.8698857829029,-6.09181694496365));
#8777=CARTESIAN_POINT('Ctrl Pts',(-59.232907296705,87.7471794853495,-5.80790418372189));
#8778=CARTESIAN_POINT('Ctrl Pts',(-59.2711347890475,87.708894090082,-5.63765172064747));
#8779=CARTESIAN_POINT('Ctrl Pts',(-59.2711347890475,87.708894090082,-5.54999999999912));
#8780=CARTESIAN_POINT('Ctrl Pts',(-58.5484889433864,87.9,-7.10037139934363));
#8781=CARTESIAN_POINT('Ctrl Pts',(-58.6910765366071,87.9163743644701,-6.97651162695689));
#8782=CARTESIAN_POINT('Ctrl Pts',(-58.9434960838354,87.8849682787099,-6.67887742161089));
#8783=CARTESIAN_POINT('Ctrl Pts',(-59.1880747911904,87.7529745624938,-6.22102808431226));
#8784=CARTESIAN_POINT('Ctrl Pts',(-59.3072468566595,87.6571714699189,-5.86665122925376));
#8785=CARTESIAN_POINT('Ctrl Pts',(-59.3373786536045,87.6273175183259,-5.65756457524772));
#8786=CARTESIAN_POINT('Ctrl Pts',(-59.3373786536044,87.6273175183259,-5.54999999999909));
#8787=CARTESIAN_POINT('Ctrl Pts',(-58.6490814814359,87.9,-7.30382916508577));
#8788=CARTESIAN_POINT('Ctrl Pts',(-58.8070668291789,87.9,-7.14760856523663));
#8789=CARTESIAN_POINT('Ctrl Pts',(-59.0428652387303,87.8387398437454,-6.79548900798444));
#8790=CARTESIAN_POINT('Ctrl Pts',(-59.2496655157239,87.7054020051131,-6.28553975144549));
#8791=CARTESIAN_POINT('Ctrl Pts',(-59.3486490691234,87.6161747684255,-5.89598717247267));
#8792=CARTESIAN_POINT('Ctrl Pts',(-59.3734886696497,87.5893723418184,-5.6675211301088));
#8793=CARTESIAN_POINT('Ctrl Pts',(-59.3734886696496,87.5893723418184,-5.54999999999907));
#8794=CARTESIAN_POINT('',(-59.276414582787,87.6787510384899,-6.16827510384093));
#8795=CARTESIAN_POINT('',(-59.1958611852056,87.8470811001334,-5.54999999999926));
#8796=CARTESIAN_POINT('Ctrl Pts',(-59.2764145827898,87.6787510384877,-6.16827510382226));
#8797=CARTESIAN_POINT('Ctrl Pts',(-59.2764145827898,87.6787510384877,-6.13654530436492));
#8798=CARTESIAN_POINT('Ctrl Pts',(-59.2760809841874,87.6794481496586,-6.10470886742811));
#8799=CARTESIAN_POINT('Ctrl Pts',(-59.2731964402802,87.6854758960762,-5.97999543314526));
#8800=CARTESIAN_POINT('Ctrl Pts',(-59.2675053274259,87.6973684469344,-5.88402863258806));
#8801=CARTESIAN_POINT('Ctrl Pts',(-59.2492268445346,87.7355644541067,-5.74570793238539));
#8802=CARTESIAN_POINT('Ctrl Pts',(-59.2407099617047,87.7533619332299,-5.69743455283324));
#8803=CARTESIAN_POINT('Ctrl Pts',(-59.2204023312348,87.7957981903141,-5.61595059790133));
#8804=CARTESIAN_POINT('Ctrl Pts',(-59.2095138631878,87.8185515011929,-5.5819059258906));
#8805=CARTESIAN_POINT('Ctrl Pts',(-59.196279368717,87.8462072343702,-5.55097094209202));
#8806=CARTESIAN_POINT('Ctrl Pts',(-59.1960705131132,87.8466436737722,-5.55048493297843));
#8807=CARTESIAN_POINT('Ctrl Pts',(-59.1958611852056,87.8470811001333,-5.54999999999925));
#8808=CARTESIAN_POINT('Ctrl Pts',(-59.1958611852056,87.8470811001334,-5.54999999999916));
#8809=CARTESIAN_POINT('Ctrl Pts',(-59.1958611852056,87.8470811001333,-5.60876056505403));
#8810=CARTESIAN_POINT('Ctrl Pts',(-59.1559569274564,87.9053636971002,-5.72299358623595));
#8811=CARTESIAN_POINT('Ctrl Pts',(-59.0037865255098,88.1057339241916,-5.91776987572236));
#8812=CARTESIAN_POINT('Ctrl Pts',(-58.7065339494308,88.4280872672925,-6.17274450399176));
#8813=CARTESIAN_POINT('Ctrl Pts',(-58.4029452037323,88.6310068917367,-6.34880428261789));
#8814=CARTESIAN_POINT('Ctrl Pts',(-58.2155219012016,88.6925225185471,-6.42691458254252));
#8815=CARTESIAN_POINT('Ctrl Pts',(-58.6490814814359,87.9,-7.30382916508577));
#8816=CARTESIAN_POINT('Ctrl Pts',(-58.8070668291789,87.9,-7.14760856523663));
#8817=CARTESIAN_POINT('Ctrl Pts',(-59.0428652387303,87.8387398437454,-6.79548900798444));
#8818=CARTESIAN_POINT('Ctrl Pts',(-59.2171656790627,87.7263568028499,-6.3656811699386));
#8819=CARTESIAN_POINT('Ctrl Pts',(-59.274354691937,87.6805244299292,-6.17336246885588));
#8820=CARTESIAN_POINT('Ctrl Pts',(-59.2759301020746,87.6792537157804,-6.16801301806324));
#8821=CARTESIAN_POINT('Ctrl Pts',(-24.4912940351212,160.48166676093,-16.2499999999991));
#8822=CARTESIAN_POINT('Ctrl Pts',(-24.4912940351212,160.481666760929,-16.0219381112607));
#8823=CARTESIAN_POINT('Ctrl Pts',(-24.5000000000002,160.41859565255,-15.8139082403658));
#8824=CARTESIAN_POINT('Ctrl Pts',(-24.5000000000002,160.350000000001,-15.6317248961762));
#8825=CARTESIAN_POINT('Ctrl Pts',(-24.5050877096316,160.37781680542,-16.2499999999991));
#8826=CARTESIAN_POINT('Ctrl Pts',(-24.5050877096316,160.37781680542,-16.0605828755064));
#8827=CARTESIAN_POINT('Ctrl Pts',(-24.5100526171406,160.293845784901,-15.8880847051273));
#8828=CARTESIAN_POINT('Ctrl Pts',(-24.5000000000002,160.206283599127,-15.7399490628135));
#8829=CARTESIAN_POINT('Ctrl Pts',(-24.5353314529809,160.276168903652,-16.2499999999992));
#8830=CARTESIAN_POINT('Ctrl Pts',(-24.5353314529809,160.276168903652,-16.0992204968739));
#8831=CARTESIAN_POINT('Ctrl Pts',(-24.5494852117044,160.172511880669,-15.9623002818905));
#8832=CARTESIAN_POINT('Ctrl Pts',(-24.549694841989,160.062767651023,-15.8480222805407));
#8833=CARTESIAN_POINT('Ctrl Pts',(-24.5805533975844,160.181669938355,-16.2499999999993));
#8834=CARTESIAN_POINT('Ctrl Pts',(-24.5805533975844,160.181669938355,-16.1359690556301));
#8835=CARTESIAN_POINT('Ctrl Pts',(-24.6154399205034,160.063890089178,-16.0319541201826));
#8836=CARTESIAN_POINT('Ctrl Pts',(-24.6421493883328,159.939480448627,-15.9408624480877));
#8837=CARTESIAN_POINT('Ctrl Pts',(-24.5000000000002,160.350000000001,-15.6317248961762));
#8838=CARTESIAN_POINT('Ctrl Pts',(-24.5000000000002,160.41859565255,-15.8139082403658));
#8839=CARTESIAN_POINT('Ctrl Pts',(-24.4912940351212,160.481666760929,-16.0219381112607));
#8840=CARTESIAN_POINT('Ctrl Pts',(-24.4912940351212,160.48166676093,-16.2499999999991));
#8841=CARTESIAN_POINT('Ctrl Pts',(-24.5805533975844,160.181669938355,-16.2499999999993));
#8842=CARTESIAN_POINT('Ctrl Pts',(-24.5805533975844,160.181669938355,-16.1359690556301));
#8843=CARTESIAN_POINT('Ctrl Pts',(-24.6154399205034,160.063890089178,-16.0319541201826));
#8844=CARTESIAN_POINT('Ctrl Pts',(-24.6421493883328,159.939480448627,-15.9408624480877));
#8845=CARTESIAN_POINT('Origin',(-25.4825880702422,160.613333521858,-22.249999999999));
#8846=CARTESIAN_POINT('',(-24.4912940351212,160.48166676093,-5.54999999999925));
#8847=CARTESIAN_POINT('',(-24.5805533975844,160.181669938355,-5.54999999999926));
#8848=CARTESIAN_POINT('Origin',(-25.4825880702423,160.613333521858,-5.54999999999926));
#8849=CARTESIAN_POINT('',(-24.5805533975844,160.181669938355,-4.54999999999925));
#8850=CARTESIAN_POINT('',(-24.5805533975844,160.181669938355,-22.249999999999));
#8851=CARTESIAN_POINT('',(-24.4912940351212,160.48166676093,-4.54999999999925));
#8852=CARTESIAN_POINT('Origin',(-25.4825880702423,160.613333521858,-4.54999999999925));
#8853=CARTESIAN_POINT('',(-24.4912940351212,160.48166676093,-22.249999999999));
#8854=CARTESIAN_POINT('Ctrl Pts',(-24.5000000000002,160.350000000001,-6.16827510382226));
#8855=CARTESIAN_POINT('Ctrl Pts',(-24.5000000000002,160.418596873321,-5.98608851738626));
#8856=CARTESIAN_POINT('Ctrl Pts',(-24.4912940351212,160.481666760929,-5.77806594746705));
#8857=CARTESIAN_POINT('Ctrl Pts',(-24.4912940351212,160.48166676093,-5.54999999999941));
#8858=CARTESIAN_POINT('Ctrl Pts',(-24.5000000000002,160.206283599127,-6.06005093718495));
#8859=CARTESIAN_POINT('Ctrl Pts',(-24.5100527960432,160.293847343211,-5.9119126585588));
#8860=CARTESIAN_POINT('Ctrl Pts',(-24.5050877096317,160.37781680542,-5.73942049547543));
#8861=CARTESIAN_POINT('Ctrl Pts',(-24.5050877096317,160.37781680542,-5.54999999999936));
#8862=CARTESIAN_POINT('Ctrl Pts',(-24.549694841989,160.062767651023,-5.95197771945776));
#8863=CARTESIAN_POINT('Ctrl Pts',(-24.5494852079737,160.172513833744,-5.83769768434714));
#8864=CARTESIAN_POINT('Ctrl Pts',(-24.5353314529809,160.276168903652,-5.70078218648919));
#8865=CARTESIAN_POINT('Ctrl Pts',(-24.5353314529809,160.276168903652,-5.5499999999993));
#8866=CARTESIAN_POINT('Ctrl Pts',(-24.6421493883328,159.939480448627,-5.85913755191075));
#8867=CARTESIAN_POINT('Ctrl Pts',(-24.6154394451653,160.063892303248,-5.76804425869338));
#8868=CARTESIAN_POINT('Ctrl Pts',(-24.5805533975844,160.181669938355,-5.6640329737331));
#8869=CARTESIAN_POINT('Ctrl Pts',(-24.5805533975844,160.181669938355,-5.54999999999925));
#8870=CARTESIAN_POINT('Ctrl Pts',(-24.4912940351212,160.48166676093,-5.54999999999941));
#8871=CARTESIAN_POINT('Ctrl Pts',(-24.4912940351212,160.481666760929,-5.77806594746705));
#8872=CARTESIAN_POINT('Ctrl Pts',(-24.5000000000002,160.418596873321,-5.98608851738626));
#8873=CARTESIAN_POINT('Ctrl Pts',(-24.5000000000002,160.350000000001,-6.16827510382226));
#8874=CARTESIAN_POINT('Ctrl Pts',(-24.6421493883328,159.939480448627,-5.85913755191075));
#8875=CARTESIAN_POINT('Ctrl Pts',(-24.6154394451653,160.063892303248,-5.76804425869338));
#8876=CARTESIAN_POINT('Ctrl Pts',(-24.5805533975844,160.181669938355,-5.6640329737331));
#8877=CARTESIAN_POINT('Ctrl Pts',(-24.5805533975844,160.181669938355,-5.54999999999925));
#8878=CARTESIAN_POINT('Ctrl Pts',(-24.5000000000002,160.350000000001,-3.93172489617628));
#8879=CARTESIAN_POINT('Ctrl Pts',(-24.5000000000002,160.007198198253,-3.47650086728259));
#8880=CARTESIAN_POINT('Ctrl Pts',(-24.5000000000002,158.717418448181,-2.78064937167186));
#8881=CARTESIAN_POINT('Ctrl Pts',(-24.5000000000002,156.775383586688,-2.54999999999925));
#8882=CARTESIAN_POINT('Ctrl Pts',(-24.5000000000002,155.943710599305,-2.54999999999925));
#8883=CARTESIAN_POINT('Ctrl Pts',(-24.5000000000002,160.267876342358,-3.99356727711188));
#8884=CARTESIAN_POINT('Ctrl Pts',(-24.4999547361192,159.929502034417,-3.5853567817789));
#8885=CARTESIAN_POINT('Ctrl Pts',(-24.5016095144741,158.656100884592,-2.97063177552992));
#8886=CARTESIAN_POINT('Ctrl Pts',(-24.5012708955334,156.752099905912,-2.81768959984805));
#8887=CARTESIAN_POINT('Ctrl Pts',(-24.5000000000002,155.943710599305,-2.84919930034115));
#8888=CARTESIAN_POINT('Ctrl Pts',(-24.5279831579301,160.12418235034,-4.10177456898968));
#8889=CARTESIAN_POINT('Ctrl Pts',(-24.5415756734444,159.793590079135,-3.77578931584391));
#8890=CARTESIAN_POINT('Ctrl Pts',(-24.5920962215477,158.549066879371,-3.30537586379779));
#8891=CARTESIAN_POINT('Ctrl Pts',(-24.6960555575032,156.712105396572,-3.28532531760542));
#8892=CARTESIAN_POINT('Ctrl Pts',(-24.7513015416759,155.943710599305,-3.36699311986996));
#8893=CARTESIAN_POINT('Ctrl Pts',(-24.6025260113283,159.992317821083,-4.20107380485331));
#8894=CARTESIAN_POINT('Ctrl Pts',(-24.651138585428,159.674487647493,-3.94631916466547));
#8895=CARTESIAN_POINT('Ctrl Pts',(-24.8338192578382,158.478504789211,-3.57187643894876));
#8896=CARTESIAN_POINT('Ctrl Pts',(-25.1364828976148,156.697836363565,-3.51332282305843));
#8897=CARTESIAN_POINT('Ctrl Pts',(-25.2756005247439,155.943710599305,-3.54999999999927));
#8898=CARTESIAN_POINT('Ctrl Pts',(-24.6421493883328,159.939480448627,-4.24086244808773));
#8899=CARTESIAN_POINT('Ctrl Pts',(-24.7088887031094,159.628616367956,-4.01325043364087));
#8900=CARTESIAN_POINT('Ctrl Pts',(-24.9599930330568,158.459001172733,-3.66532468583557));
#8901=CARTESIAN_POINT('Ctrl Pts',(-25.3380834493485,156.697899338464,-3.54999999999926));
#8902=CARTESIAN_POINT('Ctrl Pts',(-25.5000000000003,155.943710599305,-3.54999999999925));
#8903=CARTESIAN_POINT('',(-24.5000000000002,160.350000000001,-3.93172489617626));
#8904=CARTESIAN_POINT('',(-24.6421493883328,159.939480448627,-4.24086244808776));
#8905=CARTESIAN_POINT('Origin',(-25.5000000000002,160.350000000001,-3.93172489617627));
#8906=CARTESIAN_POINT('',(-25.5000000000002,155.943710599305,-3.54999999999925));
#8907=CARTESIAN_POINT('Origin',(-25.5000000000002,155.943710599305,-4.54999999999925));
#8908=CARTESIAN_POINT('',(-24.5000000000002,155.943710599305,-2.54999999999925));
#8909=CARTESIAN_POINT('Origin',(-25.5000000000002,155.943710599305,-2.54999999999925));
#8910=CARTESIAN_POINT('Origin',(-24.5000000000002,155.943710599305,-4.54999999999925));
#8911=CARTESIAN_POINT('Origin',(-25.5000000000002,141.587500000001,-2.54999999999925));
#8912=CARTESIAN_POINT('',(-24.5000000000002,82.9,-2.54999999999926));
#8913=CARTESIAN_POINT('',(-25.5000000000002,82.9,-3.54999999999926));
#8914=CARTESIAN_POINT('Origin',(-25.5000000000002,82.9,-2.54999999999926));
#8915=CARTESIAN_POINT('',(-24.5000000000002,141.587500000001,-2.54999999999925));
#8916=CARTESIAN_POINT('',(-25.5000000000002,141.587500000001,-3.54999999999925));
#8917=CARTESIAN_POINT('Ctrl Pts',(-24.4912940351212,160.48166676093,-4.54999999999909));
#8918=CARTESIAN_POINT('Ctrl Pts',(-24.4912940351212,160.481666760929,-4.32193811126074));
#8919=CARTESIAN_POINT('Ctrl Pts',(-24.5000000000002,160.41859565255,-4.11390824036567));
#8920=CARTESIAN_POINT('Ctrl Pts',(-24.5000000000002,160.350000000001,-3.93172489617626));
#8921=CARTESIAN_POINT('Ctrl Pts',(-24.5050877096317,160.37781680542,-4.54999999999915));
#8922=CARTESIAN_POINT('Ctrl Pts',(-24.5050877096317,160.37781680542,-4.36058287550644));
#8923=CARTESIAN_POINT('Ctrl Pts',(-24.5100526171406,160.293845784901,-4.18808470512715));
#8924=CARTESIAN_POINT('Ctrl Pts',(-24.5000000000002,160.206283599127,-4.03994906281357));
#8925=CARTESIAN_POINT('Ctrl Pts',(-24.5353314529809,160.276168903652,-4.5499999999992));
#8926=CARTESIAN_POINT('Ctrl Pts',(-24.5353314529809,160.276168903652,-4.39922049687386));
#8927=CARTESIAN_POINT('Ctrl Pts',(-24.5494852117045,160.172511880669,-4.26230028189038));
#8928=CARTESIAN_POINT('Ctrl Pts',(-24.5496948419891,160.062767651023,-4.14802228054075));
#8929=CARTESIAN_POINT('Ctrl Pts',(-24.5805533975844,160.181669938355,-4.54999999999925));
#8930=CARTESIAN_POINT('Ctrl Pts',(-24.5805533975844,160.181669938355,-4.43596905563007));
#8931=CARTESIAN_POINT('Ctrl Pts',(-24.6154399205034,160.063890089178,-4.33195412018248));
#8932=CARTESIAN_POINT('Ctrl Pts',(-24.6421493883328,159.939480448627,-4.24086244808777));
#8933=CARTESIAN_POINT('Ctrl Pts',(-24.5000000000002,160.350000000001,-3.93172489617626));
#8934=CARTESIAN_POINT('Ctrl Pts',(-24.5000000000002,160.41859565255,-4.11390824036567));
#8935=CARTESIAN_POINT('Ctrl Pts',(-24.4912940351212,160.481666760929,-4.32193811126074));
#8936=CARTESIAN_POINT('Ctrl Pts',(-24.4912940351212,160.48166676093,-4.54999999999909));
#8937=CARTESIAN_POINT('Ctrl Pts',(-24.5805533975844,160.181669938355,-4.54999999999925));
#8938=CARTESIAN_POINT('Ctrl Pts',(-24.5805533975844,160.181669938355,-4.43596905563007));
#8939=CARTESIAN_POINT('Ctrl Pts',(-24.6154399205034,160.063890089178,-4.33195412018248));
#8940=CARTESIAN_POINT('Ctrl Pts',(-24.6421493883328,159.939480448627,-4.24086244808777));
#8941=CARTESIAN_POINT('Origin',(-42.074540740718,121.625,-15.2499999999992));
#8942=CARTESIAN_POINT('',(-50.349151957663,104.01716986582,-15.2499999999992));
#8943=CARTESIAN_POINT('Origin',(-59.6490814814359,86.9,-15.2499999999993));
#8944=CARTESIAN_POINT('',(-59.6490814814359,86.9,-17.2499999999993));
#8945=CARTESIAN_POINT('',(-51.2511866303208,104.448833449323,-17.2499999999993));
#8946=CARTESIAN_POINT('',(-59.6490814814359,86.9,-15.2499999999993));
#8947=CARTESIAN_POINT('',(-59.6490814814359,86.9,-15.2499999999993));
#8948=CARTESIAN_POINT('',(-59.2764145827898,87.6787510384877,-15.2499999999993));
#8949=CARTESIAN_POINT('',(-24.5000000000002,160.350000000001,-15.2499999999992));
#8950=CARTESIAN_POINT('',(-59.2764145827898,87.6787510384877,-7.22499999999925));
#8951=CARTESIAN_POINT('',(-51.2511866303208,104.448833449323,-16.2499999999993));
#8952=CARTESIAN_POINT('Origin',(-50.349151957663,104.01716986582,-17.2499999999993));
#8953=CARTESIAN_POINT('',(-59.6490814814359,84.5833811370332,-18.2499999999993));
#8954=CARTESIAN_POINT('',(-50.349151957663,104.01716986582,-18.2499999999993));
#8955=CARTESIAN_POINT('Origin',(-59.6490814814359,84.5833811370332,-17.2499999999993));
#8956=CARTESIAN_POINT('Origin',(-42.074540740718,121.625,-18.2499999999993));
#8957=CARTESIAN_POINT('',(-59.6490814814359,82.9,-18.2499999999993));
#8958=CARTESIAN_POINT('',(-21.537270370359,82.9,-18.2499999999993));
#8959=CARTESIAN_POINT('',(-59.6490814814359,86.9,-18.2499999999993));
#8960=CARTESIAN_POINT('Origin',(-24.5000000000002,161.550000000001,-22.249999999999));
#8961=CARTESIAN_POINT('',(-24.5000000000002,160.350000000001,-20.249999999999));
#8962=CARTESIAN_POINT('',(-24.5000000000002,160.350000000001,-22.249999999999));
#8963=CARTESIAN_POINT('',(-24.5000000000002,82.9,-20.2499999999992));
#8964=CARTESIAN_POINT('',(-24.5000000000002,154.137500000001,-20.249999999999));
#8965=CARTESIAN_POINT('',(-24.5000000000002,82.9,-6.97499999999966));
#8966=CARTESIAN_POINT('Origin',(-24.5000000000002,161.550000000001,-22.249999999999));
#8967=CARTESIAN_POINT('',(-24.5000000000002,160.350000000001,-22.249999999999));
#8968=CARTESIAN_POINT('Origin',(-23.5000000000002,160.350000000001,-22.249999999999));
#8969=CARTESIAN_POINT('',(-24.5000000000002,160.350000000001,-2.54999999999926));
#8970=CARTESIAN_POINT('',(-24.5000000000002,160.350000000001,-22.249999999999));
#8971=CARTESIAN_POINT('',(-23.5000000000002,161.350000000001,-2.54999999999926));
#8972=CARTESIAN_POINT('Origin',(-23.5000000000002,160.350000000001,-2.54999999999932));
#8973=CARTESIAN_POINT('',(-23.5000000000002,161.350000000001,-20.249999999999));
#8974=CARTESIAN_POINT('',(-23.5000000000002,161.350000000001,-22.249999999999));
#8975=CARTESIAN_POINT('Origin',(-23.5000000000002,160.350000000001,-20.249999999999));
#8976=CARTESIAN_POINT('Origin',(-24.5000000000002,161.550000000001,-22.249999999999));
#8977=CARTESIAN_POINT('',(-24.5000000000002,82.9,-1.54999999999935));
#8978=CARTESIAN_POINT('',(-24.5000000000002,82.9,-6.97499999999966));
#8979=CARTESIAN_POINT('',(-24.5000000000002,205.250000000001,-1.54999999999926));
#8980=CARTESIAN_POINT('',(-24.5000000000002,167.343675117163,-1.54999999999926));
#8981=CARTESIAN_POINT('',(-24.5000000000002,205.250000000001,-2.54999999999926));
#8982=CARTESIAN_POINT('',(-24.5000000000002,205.250000000001,-12.3999999999992));
#8983=CARTESIAN_POINT('',(-24.5000000000002,215.550000000001,-2.54999999999926));
#8984=CARTESIAN_POINT('Origin',(-0.999999999999996,82.9,-12.4));
#8985=CARTESIAN_POINT('',(-22.5000000000002,82.9,-22.2499999999992));
#8986=CARTESIAN_POINT('Origin',(-22.5000000000002,82.9,-20.2499999999992));
#8987=CARTESIAN_POINT('',(-20.5,82.9,-22.2499999999992));
#8988=CARTESIAN_POINT('',(-12.7500000000001,82.9,-22.2499999999991));
#8989=CARTESIAN_POINT('',(-20.5,82.9,-57.4447799746057));
#8990=CARTESIAN_POINT('',(-20.5,82.9,-26.3624999999997));
#8991=CARTESIAN_POINT('',(-22.8043022276093,82.9,-58.3999999999999));
#8992=CARTESIAN_POINT('Ctrl Pts',(-22.8043022275966,82.9,-58.3999999999999));
#8993=CARTESIAN_POINT('Ctrl Pts',(-22.5136853962985,82.9,-58.3999999999999));
#8994=CARTESIAN_POINT('Ctrl Pts',(-22.2250583212113,82.9000000000979,-58.3551622694619));
#8995=CARTESIAN_POINT('Ctrl Pts',(-21.6176711118708,82.9000000000979,-58.1743832153059));
#8996=CARTESIAN_POINT('Ctrl Pts',(-21.3096264768024,82.9,-58.0262860302552));
#8997=CARTESIAN_POINT('Ctrl Pts',(-20.9703713538623,82.9,-57.8063880480912));
#8998=CARTESIAN_POINT('Ctrl Pts',(-20.9208310171322,82.9,-57.7727156421453));
#8999=CARTESIAN_POINT('Ctrl Pts',(-20.7452549066155,82.9,-57.6480495503738));
#9000=CARTESIAN_POINT('Ctrl Pts',(-20.623986200467,82.9,-57.5518464192944));
#9001=CARTESIAN_POINT('Ctrl Pts',(-20.504164604127,82.9,-57.4483839729673));
#9002=CARTESIAN_POINT('Ctrl Pts',(-20.5020816466215,82.9,-57.4465827334617));
#9003=CARTESIAN_POINT('Ctrl Pts',(-20.5,82.9,-57.4447799746057));
#9004=CARTESIAN_POINT('',(-60.4,82.9,-58.3999999999999));
#9005=CARTESIAN_POINT('',(-68.4,82.9,-58.3999999999999));
#9006=CARTESIAN_POINT('',(-68.4,82.9,-50.3999999999999));
#9007=CARTESIAN_POINT('Origin',(-60.4,82.9,-50.3999999999999));
#9008=CARTESIAN_POINT('',(-68.4,82.9,25.6000000000001));
#9009=CARTESIAN_POINT('',(-68.4,82.9,33.6000000000001));
#9010=CARTESIAN_POINT('',(-60.4,82.9,33.6000000000001));
#9011=CARTESIAN_POINT('Origin',(-60.4,82.9,25.6000000000001));
#9012=CARTESIAN_POINT('',(-22.8538663257747,82.9,33.6000000000001));
#9013=CARTESIAN_POINT('',(66.4,82.9,33.6000000000001));
#9014=CARTESIAN_POINT('',(-20.5,82.9,32.6104025203566));
#9015=CARTESIAN_POINT('Ctrl Pts',(-20.5,82.9,32.6104025203566));
#9016=CARTESIAN_POINT('Ctrl Pts',(-20.5020803217504,82.9,32.6122041318405));
#9017=CARTESIAN_POINT('Ctrl Pts',(-20.5041618443083,82.9,32.6140043520417));
#9018=CARTESIAN_POINT('Ctrl Pts',(-20.8298507099774,82.9,32.8952964225586));
#9019=CARTESIAN_POINT('Ctrl Pts',(-21.2658188431238,82.9,33.2129496555824));
#9020=CARTESIAN_POINT('Ctrl Pts',(-22.1481297580958,82.9,33.532664164009));
#9021=CARTESIAN_POINT('Ctrl Pts',(-22.4990222824628,82.9,33.6000000000001));
#9022=CARTESIAN_POINT('Ctrl Pts',(-22.8538663257645,82.9,33.6000000000001));
#9023=CARTESIAN_POINT('',(-20.5,82.9,0.450000000000652));
#9024=CARTESIAN_POINT('',(-20.5,82.9,2.31250000000017));
#9025=CARTESIAN_POINT('',(-22.5000000000002,82.9,0.450000000000652));
#9026=CARTESIAN_POINT('',(9.74999999999986,82.9,0.450000000000652));
#9027=CARTESIAN_POINT('Origin',(-22.5000000000002,82.9,-1.54999999999935));
#9028=CARTESIAN_POINT('',(-59.6490814814359,82.9,-3.54999999999926));
#9029=CARTESIAN_POINT('',(-21.537270370359,82.9,-3.54999999999926));
#9030=CARTESIAN_POINT('',(-59.6490814814359,82.9,-13.8249999999996));
#9031=CARTESIAN_POINT('',(-58.3,82.9,25.6000000000001));
#9032=CARTESIAN_POINT('Origin',(-60.4,82.9,25.6000000000001));
#9033=CARTESIAN_POINT('',(-58.3,82.9,-50.3999999999999));
#9034=CARTESIAN_POINT('Origin',(-60.4,82.9,-50.3999999999999));
#9035=CARTESIAN_POINT('',(-37.7,82.9,4.60000000000001));
#9036=CARTESIAN_POINT('Origin',(-39.4,82.9,4.60000000000001));
#9037=CARTESIAN_POINT('',(-37.7,82.9,-29.4));
#9038=CARTESIAN_POINT('Origin',(-39.4,82.9,-29.4));
#9039=CARTESIAN_POINT('Origin',(56.6490814814359,86.9,-13.0749999999993));
#9040=CARTESIAN_POINT('',(57.2764145827898,87.6787510384877,-6.54999999999926));
#9041=CARTESIAN_POINT('',(57.2764145827898,87.6787510384877,-13.0749999999993));
#9042=CARTESIAN_POINT('',(57.6490814814359,86.9,-6.54999999999926));
#9043=CARTESIAN_POINT('Origin',(56.6490814814359,86.9,-6.54999999999926));
#9044=CARTESIAN_POINT('',(57.6490814814359,86.9,-13.0749999999993));
#9045=CARTESIAN_POINT('Origin',(56.6490814814359,86.9,-15.2499999999993));
#9046=CARTESIAN_POINT('',(56.6490814814359,87.9,-13.0749999999993));
#9047=CARTESIAN_POINT('Origin',(57.6490814814359,82.9,-15.2499999999993));
#9048=CARTESIAN_POINT('Origin',(57.6490814814359,82.9,-15.2499999999993));
#9049=CARTESIAN_POINT('',(57.6490814814359,86.9,-4.54999999999926));
#9050=CARTESIAN_POINT('',(57.6490814814359,86.9,-3.54999999999926));
#9051=CARTESIAN_POINT('',(57.6490814814359,84.5833811370332,-3.54999999999926));
#9052=CARTESIAN_POINT('Origin',(57.6490814814359,84.5833811370332,-4.54999999999926));
#9053=CARTESIAN_POINT('',(57.6490814814359,82.9,-3.54999999999926));
#9054=CARTESIAN_POINT('',(57.6490814814359,86.9,-3.54999999999926));
#9055=CARTESIAN_POINT('',(57.6490814814359,82.9,-7.97499999999964));
#9056=CARTESIAN_POINT('Origin',(-58.6490814814359,86.9,-7.22499999999926));
#9057=CARTESIAN_POINT('Origin',(-58.6490814814359,86.9,-15.2499999999992));
#9058=CARTESIAN_POINT('',(-59.6490814814359,86.9,-6.54999999999926));
#9059=CARTESIAN_POINT('',(-59.6490814814359,86.9,-7.22499999999926));
#9060=CARTESIAN_POINT('',(-59.2764145827898,87.6787510384877,-6.54999999999926));
#9061=CARTESIAN_POINT('Origin',(-58.6490814814359,86.9,-6.54999999999926));
#9062=CARTESIAN_POINT('',(-59.2764145827898,87.6787510384877,-7.22499999999926));
#9063=CARTESIAN_POINT('',(-58.6490814814359,87.9,-7.22499999999926));
#9064=CARTESIAN_POINT('Origin',(-59.6490814814359,86.9,-3.54999999999926));
#9065=CARTESIAN_POINT('',(-51.2511866303208,104.448833449323,-5.54999999999926));
#9066=CARTESIAN_POINT('',(-24.5000000000002,160.350000000001,-6.54999999999925));
#9067=CARTESIAN_POINT('',(-59.6490814814359,86.9,-4.54999999999926));
#9068=CARTESIAN_POINT('',(-59.6490814814359,86.9,-3.54999999999926));
#9069=CARTESIAN_POINT('',(-51.2511866303208,104.448833449323,-4.54999999999926));
#9070=CARTESIAN_POINT('Origin',(-59.6490814814359,82.9,-6.54999999999926));
#9071=CARTESIAN_POINT('Origin',(-59.6490814814359,82.9,-3.54999999999926));
#9072=CARTESIAN_POINT('',(-59.6490814814359,84.5833811370332,-3.54999999999926));
#9073=CARTESIAN_POINT('',(-59.6490814814359,86.9,-3.54999999999926));
#9074=CARTESIAN_POINT('Origin',(-59.6490814814359,84.5833811370332,-4.54999999999926));
#9075=CARTESIAN_POINT('Origin',(48.349151957663,104.01716986582,-5.54999999999926));
#9076=CARTESIAN_POINT('',(49.2511866303208,104.448833449323,-5.54999999999926));
#9077=CARTESIAN_POINT('',(48.349151957663,104.01716986582,-6.54999999999926));
#9078=CARTESIAN_POINT('Origin',(40.074540740718,121.625,-6.54999999999926));
#9079=CARTESIAN_POINT('Origin',(48.349151957663,104.01716986582,-4.54999999999926));
#9080=CARTESIAN_POINT('',(48.349151957663,104.01716986582,-3.54999999999925));
#9081=CARTESIAN_POINT('',(49.2511866303208,104.448833449323,-4.54999999999926));
#9082=CARTESIAN_POINT('Origin',(57.6490814814359,86.9,-3.54999999999926));
#9083=CARTESIAN_POINT('',(22.5000000000002,160.350000000001,-6.54999999999925));
#9084=CARTESIAN_POINT('Origin',(-50.349151957663,104.01716986582,-4.54999999999926));
#9085=CARTESIAN_POINT('',(-50.349151957663,104.01716986582,-3.54999999999925));
#9086=CARTESIAN_POINT('Origin',(-50.349151957663,104.01716986582,-5.54999999999926));
#9087=CARTESIAN_POINT('',(-50.349151957663,104.01716986582,-6.54999999999926));
#9088=CARTESIAN_POINT('Origin',(-50.349151957663,104.01716986582,-16.2499999999993));
#9089=CARTESIAN_POINT('Origin',(-17.,101.628075728192,-48.0032701285871));
#9090=CARTESIAN_POINT('',(-18.5,154.661015464267,-23.249999999999));
#9091=CARTESIAN_POINT('',(-17.,155.295439736075,-24.6092298714116));
#9092=CARTESIAN_POINT('Origin',(-17.,154.661015464267,-23.249999999999));
#9093=CARTESIAN_POINT('',(-17.,85.5344242718085,-57.1703752430486));
#9094=CARTESIAN_POINT('',(-17.,102.2625,-49.3624999999997));
#9095=CARTESIAN_POINT('',(-18.5,84.9,-55.811145371636));
#9096=CARTESIAN_POINT('Origin',(-17.,84.9,-55.811145371636));
#9097=CARTESIAN_POINT('',(-18.5,101.628075728192,-48.0032701285871));
#9098=CARTESIAN_POINT('Ctrl Pts',(-21.8167441300552,83.3946147018238,-57.0407701285873));
#9099=CARTESIAN_POINT('Ctrl Pts',(-21.4885055868168,83.1075080218325,-57.275283832176));
#9100=CARTESIAN_POINT('Ctrl Pts',(-20.8518023918153,82.8469106228437,-57.4881442963921));
#9101=CARTESIAN_POINT('Ctrl Pts',(-19.7510277667997,82.955130757581,-57.3997482179696));
#9102=CARTESIAN_POINT('Ctrl Pts',(-18.7961413418778,83.5923694422099,-56.8792406351893));
#9103=CARTESIAN_POINT('Ctrl Pts',(-18.5,84.463914243568,-56.1673477624208));
#9104=CARTESIAN_POINT('Ctrl Pts',(-18.5,84.9,-55.811145371636));
#9105=CARTESIAN_POINT('Ctrl Pts',(-21.8955054182401,83.4635063430658,-57.3812856095236));
#9106=CARTESIAN_POINT('Ctrl Pts',(-21.5608511946318,83.1398909228502,-57.6054891566805));
#9107=CARTESIAN_POINT('Ctrl Pts',(-20.8789299032503,82.8387133752737,-57.8101544120494));
#9108=CARTESIAN_POINT('Ctrl Pts',(-19.6923795149006,82.9634373345158,-57.7250319654539));
#9109=CARTESIAN_POINT('Ctrl Pts',(-18.6913654414534,83.6957508438583,-57.2247667725559));
#9110=CARTESIAN_POINT('Ctrl Pts',(-18.457324017632,84.6434045711152,-56.5496202633722));
#9111=CARTESIAN_POINT('Ctrl Pts',(-18.5,85.089819298245,-56.2178259981665));
#9112=CARTESIAN_POINT('Ctrl Pts',(-22.1854021413918,83.409031864701,-57.9746486324169));
#9113=CARTESIAN_POINT('Ctrl Pts',(-21.7836681857919,83.0075996670731,-58.1818472728751));
#9114=CARTESIAN_POINT('Ctrl Pts',(-20.9600105021419,82.6336146722593,-58.3732072702416));
#9115=CARTESIAN_POINT('Ctrl Pts',(-19.5226180457714,82.7882207995024,-58.2940488842673));
#9116=CARTESIAN_POINT('Ctrl Pts',(-18.3157687520888,83.6970315382347,-57.8281516682243));
#9117=CARTESIAN_POINT('Ctrl Pts',(-18.057571150449,84.8704484917434,-57.2148527846349));
#9118=CARTESIAN_POINT('Ctrl Pts',(-18.1234008137139,85.4184477154661,-56.921899882365));
#9119=CARTESIAN_POINT('Ctrl Pts',(-22.6187492753646,83.0741876862671,-58.318697419515));
#9120=CARTESIAN_POINT('Ctrl Pts',(-22.0960310646959,82.5997364923043,-58.5400477453641));
#9121=CARTESIAN_POINT('Ctrl Pts',(-21.069034880611,82.1663178348864,-58.7421929747975));
#9122=CARTESIAN_POINT('Ctrl Pts',(-19.2893026718113,82.3460190384314,-58.6582218730232));
#9123=CARTESIAN_POINT('Ctrl Pts',(-17.757442609244,83.4040196292837,-58.1644023702551));
#9124=CARTESIAN_POINT('Ctrl Pts',(-17.3170488459331,84.8312400999428,-57.4982016679381));
#9125=CARTESIAN_POINT('Ctrl Pts',(-17.3365992128846,85.5344242718085,-57.1703752430486));
#9126=CARTESIAN_POINT('Ctrl Pts',(-22.8043022275966,82.9000000000001,-58.3999999999999));
#9127=CARTESIAN_POINT('Ctrl Pts',(-22.2298847769294,82.3975633100153,-58.6345137035886));
#9128=CARTESIAN_POINT('Ctrl Pts',(-21.1156541856769,81.9415178617849,-58.8473741678046));
#9129=CARTESIAN_POINT('Ctrl Pts',(-19.1892985918996,82.1309030975752,-58.7589780893822));
#9130=CARTESIAN_POINT('Ctrl Pts',(-17.5182473482861,83.2460707956757,-58.2384705066019));
#9131=CARTESIAN_POINT('Ctrl Pts',(-17.,84.7712741980524,-57.5265776338334));
#9132=CARTESIAN_POINT('Ctrl Pts',(-17.,85.5344242718085,-57.1703752430486));
#9133=CARTESIAN_POINT('Origin',(-20.5,84.9,-55.811145371636));
#9134=CARTESIAN_POINT('',(-18.1956977724034,82.9,-58.3999999999999));
#9135=CARTESIAN_POINT('Origin',(-20.5,85.5344242718085,-57.1703752430486));
#9136=CARTESIAN_POINT('Ctrl Pts',(-18.1956977724034,82.9000000000001,-58.3999999999999));
#9137=CARTESIAN_POINT('Ctrl Pts',(-18.3841143724806,82.9000000000001,-58.3999999999999));
#9138=CARTESIAN_POINT('Ctrl Pts',(-18.5978959909699,82.8595802953502,-58.3999999999999));
#9139=CARTESIAN_POINT('Ctrl Pts',(-19.1441959761797,82.7381919915612,-58.3999999999999));
#9140=CARTESIAN_POINT('Ctrl Pts',(-19.4962822765035,82.6466246540377,-58.3999999999999));
#9141=CARTESIAN_POINT('Ctrl Pts',(-19.9995388338741,82.582750186311,-58.3999999999999));
#9142=CARTESIAN_POINT('Ctrl Pts',(-20.099468426921,82.5729665480401,-58.3999999999999));
#9143=CARTESIAN_POINT('Ctrl Pts',(-20.2655126136997,82.5621068280211,-58.3999999999999));
#9144=CARTESIAN_POINT('Ctrl Pts',(-20.3308250445554,82.5592047668451,-58.3999999999998));
#9145=CARTESIAN_POINT('Ctrl Pts',(-20.4485270778652,82.5565191660681,-58.3999999999998));
#9146=CARTESIAN_POINT('Ctrl Pts',(-20.5007000523549,82.5562266988875,-58.3999999999999));
#9147=CARTESIAN_POINT('Ctrl Pts',(-20.6115394213221,82.557518765995,-58.3999999999999));
#9148=CARTESIAN_POINT('Ctrl Pts',(-20.6700378222579,82.5593347107687,-58.3999999999994));
#9149=CARTESIAN_POINT('Ctrl Pts',(-20.8256047812198,82.5671235034039,-58.3999999999994));
#9150=CARTESIAN_POINT('Ctrl Pts',(-20.9220108954253,82.5750063677776,-58.3999999999999));
#9151=CARTESIAN_POINT('Ctrl Pts',(-21.2130013964042,82.6072498572825,-58.3999999999999));
#9152=CARTESIAN_POINT('Ctrl Pts',(-21.3999104339123,82.6391428553471,-58.3999999999999));
#9153=CARTESIAN_POINT('Ctrl Pts',(-22.0684559996341,82.7767173318582,-58.3999999999999));
#9154=CARTESIAN_POINT('Ctrl Pts',(-22.4755103867122,82.9000000000001,-58.3999999999999));
#9155=CARTESIAN_POINT('Ctrl Pts',(-22.8043022275966,82.9000000000001,-58.3999999999999));
#9156=CARTESIAN_POINT('Ctrl Pts',(-19.5000000000001,160.651594646172,-22.1092298714116));
#9157=CARTESIAN_POINT('Ctrl Pts',(-18.939001311859,160.651594646172,-22.1092298714116));
#9158=CARTESIAN_POINT('Ctrl Pts',(-17.6281030909501,159.67176900644,-22.5665661771098));
#9159=CARTESIAN_POINT('Ctrl Pts',(-17.,156.897997537699,-23.8612316205569));
#9160=CARTESIAN_POINT('Ctrl Pts',(-17.,155.295439736075,-24.6092298714116));
#9161=CARTESIAN_POINT('Ctrl Pts',(-19.5000000000001,160.538533169883,-22.1620016256768));
#9162=CARTESIAN_POINT('Ctrl Pts',(-19.0052012985391,160.538533169883,-22.1620016256768));
#9163=CARTESIAN_POINT('Ctrl Pts',(-17.8479322857944,159.571995317895,-22.6117282253632));
#9164=CARTESIAN_POINT('Ctrl Pts',(-17.369610003942,156.844933065887,-23.8824227269131));
#9165=CARTESIAN_POINT('Ctrl Pts',(-17.4487989505128,155.295439736075,-24.6092298714116));
#9166=CARTESIAN_POINT('Ctrl Pts',(-19.5,160.329101321052,-22.2295214670301));
#9167=CARTESIAN_POINT('Ctrl Pts',(-19.1210382760823,160.329101321052,-22.2295214670301));
#9168=CARTESIAN_POINT('Ctrl Pts',(-18.2340658520156,159.36721024016,-22.6270266812021));
#9169=CARTESIAN_POINT('Ctrl Pts',(-18.0205665905881,156.656850657609,-23.7111268064799));
#9170=CARTESIAN_POINT('Ctrl Pts',(-18.2257712201047,155.136147241447,-24.2679517605127));
#9171=CARTESIAN_POINT('Ctrl Pts',(-19.5,160.110748483188,-22.249999999999));
#9172=CARTESIAN_POINT('Ctrl Pts',(-19.2306127305338,160.110748483188,-22.249999999999));
#9173=CARTESIAN_POINT('Ctrl Pts',(-18.6001630345822,159.136356069502,-22.5098809085388));
#9174=CARTESIAN_POINT('Ctrl Pts',(-18.4079379184646,156.381628284034,-23.2040737988101));
#9175=CARTESIAN_POINT('Ctrl Pts',(-18.5,154.803379937951,-23.5550104698968));
#9176=CARTESIAN_POINT('Ctrl Pts',(-19.5,160.017170374364,-22.249999999999));
#9177=CARTESIAN_POINT('Ctrl Pts',(-19.2756005247436,160.017170374364,-22.249999999999));
#9178=CARTESIAN_POINT('Ctrl Pts',(-18.75124123638,159.037344734631,-22.4329345222783));
#9179=CARTESIAN_POINT('Ctrl Pts',(-18.5,156.263573265891,-22.9508006996571));
#9180=CARTESIAN_POINT('Ctrl Pts',(-18.5,154.661015464267,-23.249999999999));
#9181=CARTESIAN_POINT('',(-19.5,160.017170374364,-22.249999999999));
#9182=CARTESIAN_POINT('',(-18.6729362697866,160.350000000001,-22.249999999999));
#9183=CARTESIAN_POINT('Ctrl Pts',(-18.6729362697866,160.350000000001,-22.249999999999));
#9184=CARTESIAN_POINT('Ctrl Pts',(-18.7334183010624,160.350000000001,-22.249999999999));
#9185=CARTESIAN_POINT('Ctrl Pts',(-18.7939581384891,160.346477848636,-22.2500000000009));
#9186=CARTESIAN_POINT('Ctrl Pts',(-18.9984984243302,160.320939621154,-22.2500000000009));
#9187=CARTESIAN_POINT('Ctrl Pts',(-19.1278383856048,160.281386824912,-22.249999999999));
#9188=CARTESIAN_POINT('Ctrl Pts',(-19.2876488653485,160.19938584881,-22.249999999999));
#9189=CARTESIAN_POINT('Ctrl Pts',(-19.3351171899877,160.169558206134,-22.249999999999));
#9190=CARTESIAN_POINT('Ctrl Pts',(-19.422604123153,160.101101417756,-22.249999999999));
#9191=CARTESIAN_POINT('Ctrl Pts',(-19.4622527820959,160.062923422222,-22.249999999999));
#9192=CARTESIAN_POINT('Ctrl Pts',(-19.498359360363,160.019174350212,-22.249999999999));
#9193=CARTESIAN_POINT('Ctrl Pts',(-19.4991809943866,160.018173447288,-22.249999999999));
#9194=CARTESIAN_POINT('Ctrl Pts',(-19.5,160.017170374364,-22.249999999999));
#9195=CARTESIAN_POINT('Origin',(-19.5,155.295439736075,-24.6092298714116));
#9196=CARTESIAN_POINT('Origin',(-19.5,154.661015464267,-23.249999999999));
#9197=CARTESIAN_POINT('Origin',(-19.5,134.175,-23.2499999999991));
#9198=CARTESIAN_POINT('',(-18.5,84.9,-23.2499999999992));
#9199=CARTESIAN_POINT('',(-18.5,134.175,-23.2499999999991));
#9200=CARTESIAN_POINT('',(-19.5,83.1679491924311,-22.2499999999992));
#9201=CARTESIAN_POINT('Ctrl Pts',(-18.5,84.9,-23.2499999999992));
#9202=CARTESIAN_POINT('Ctrl Pts',(-18.5,84.5638979137079,-23.0123399356111));
#9203=CARTESIAN_POINT('Ctrl Pts',(-18.6026934501078,84.1695899628735,-22.7330929875183));
#9204=CARTESIAN_POINT('Ctrl Pts',(-18.8701518593734,83.7314178452762,-22.4656345782527));
#9205=CARTESIAN_POINT('Ctrl Pts',(-18.9717206076308,83.598675098835,-22.3906239747992));
#9206=CARTESIAN_POINT('Ctrl Pts',(-19.2141133415538,83.3587082477206,-22.2825937060105));
#9207=CARTESIAN_POINT('Ctrl Pts',(-19.3551946702015,83.2515525885703,-22.2499999999992));
#9208=CARTESIAN_POINT('Ctrl Pts',(-19.5,83.1679491924311,-22.2499999999992));
#9209=CARTESIAN_POINT('',(-19.5,134.175,-22.2499999999991));
#9210=CARTESIAN_POINT('Origin',(-18.5,121.625,-40.3249999999995));
#9211=CARTESIAN_POINT('',(-18.5,84.9,-26.3624999999997));
#9212=CARTESIAN_POINT('Origin',(-20.5,84.9,-26.3624999999997));
#9213=CARTESIAN_POINT('Origin',(-20.5,84.9,-22.249999999999));
#9214=CARTESIAN_POINT('Origin',(-15.,101.628075728192,-48.0032701285871));
#9215=CARTESIAN_POINT('',(-15.,155.295439736075,-24.6092298714116));
#9216=CARTESIAN_POINT('',(-15.,102.2625,-49.3624999999997));
#9217=CARTESIAN_POINT('',(-13.5,154.661015464267,-23.249999999999));
#9218=CARTESIAN_POINT('Origin',(-15.,154.661015464267,-23.249999999999));
#9219=CARTESIAN_POINT('',(-13.5,101.628075728192,-48.0032701285871));
#9220=CARTESIAN_POINT('Ctrl Pts',(-12.5,160.017170374364,-22.249999999999));
#9221=CARTESIAN_POINT('Ctrl Pts',(-12.7243994752564,160.017170374364,-22.249999999999));
#9222=CARTESIAN_POINT('Ctrl Pts',(-13.2487618243252,159.037364404653,-22.4329308498636));
#9223=CARTESIAN_POINT('Ctrl Pts',(-13.5,156.263573265891,-22.9508006996571));
#9224=CARTESIAN_POINT('Ctrl Pts',(-13.5,154.661015464267,-23.249999999999));
#9225=CARTESIAN_POINT('Ctrl Pts',(-12.5,160.14194118613,-22.249999999999));
#9226=CARTESIAN_POINT('Ctrl Pts',(-12.7843798344007,160.14194118613,-22.249999999999));
#9227=CARTESIAN_POINT('Ctrl Pts',(-13.451044170921,159.169088203004,-22.5346736998115));
#9228=CARTESIAN_POINT('Ctrl Pts',(-13.6254628980234,156.419899637627,-23.2871834659545));
#9229=CARTESIAN_POINT('Ctrl Pts',(-13.5,154.850834762512,-23.6566806265294));
#9230=CARTESIAN_POINT('Ctrl Pts',(-12.5,160.360276025485,-22.2226042514387));
#9231=CARTESIAN_POINT('Ctrl Pts',(-12.8955024194711,160.360276025485,-22.2226042514387));
#9232=CARTESIAN_POINT('Ctrl Pts',(-13.8208996968841,159.400008295765,-22.6320023469821));
#9233=CARTESIAN_POINT('Ctrl Pts',(-14.0701520421632,156.69522253502,-23.7625347678829));
#9234=CARTESIAN_POINT('Ctrl Pts',(-13.8766197584094,155.179455931831,-24.3607389823741));
#9235=CARTESIAN_POINT('Ctrl Pts',(-12.5,160.566798538955,-22.1488086871105));
#9236=CARTESIAN_POINT('Ctrl Pts',(-13.0113510152521,160.566798538955,-22.1488086871105));
#9237=CARTESIAN_POINT('Ctrl Pts',(-14.2064426391573,159.597198542672,-22.6010988862789));
#9238=CARTESIAN_POINT('Ctrl Pts',(-14.7208768089677,156.859059925006,-23.8782689518247));
#9239=CARTESIAN_POINT('Ctrl Pts',(-14.6634007871154,155.295439736075,-24.6092298714116));
#9240=CARTESIAN_POINT('Ctrl Pts',(-12.5,160.651594646172,-22.1092298714116));
#9241=CARTESIAN_POINT('Ctrl Pts',(-13.060998688141,160.651594646172,-22.1092298714116));
#9242=CARTESIAN_POINT('Ctrl Pts',(-14.371904560813,159.671788676461,-22.5665569960732));
#9243=CARTESIAN_POINT('Ctrl Pts',(-15.,156.897997537699,-23.8612316205569));
#9244=CARTESIAN_POINT('Ctrl Pts',(-15.,155.295439736075,-24.6092298714116));
#9245=CARTESIAN_POINT('',(-12.5,160.017170374364,-22.249999999999));
#9246=CARTESIAN_POINT('',(-13.3270637302134,160.350000000001,-22.249999999999));
#9247=CARTESIAN_POINT('Ctrl Pts',(-12.5,160.017170374364,-22.249999999999));
#9248=CARTESIAN_POINT('Ctrl Pts',(-12.5008190060139,160.018173447779,-22.249999999999));
#9249=CARTESIAN_POINT('Ctrl Pts',(-12.5016406392289,160.019174349724,-22.249999999999));
#9250=CARTESIAN_POINT('Ctrl Pts',(-12.5521330892166,160.080354276837,-22.249999999999));
#9251=CARTESIAN_POINT('Ctrl Pts',(-12.6154220681205,160.137865029213,-22.249999999999));
#9252=CARTESIAN_POINT('Ctrl Pts',(-12.7805647298767,160.239693693472,-22.249999999999));
#9253=CARTESIAN_POINT('Ctrl Pts',(-12.8705186904697,160.276969929953,-22.249999999999));
#9254=CARTESIAN_POINT('Ctrl Pts',(-13.0812396051625,160.335508637794,-22.249999999999));
#9255=CARTESIAN_POINT('Ctrl Pts',(-13.2043828265611,160.350000000001,-22.249999999999));
#9256=CARTESIAN_POINT('Ctrl Pts',(-13.3270637302134,160.350000000001,-22.249999999999));
#9257=CARTESIAN_POINT('Origin',(-12.5,154.661015464267,-23.249999999999));
#9258=CARTESIAN_POINT('Origin',(-12.5,155.295439736075,-24.6092298714116));
#9259=CARTESIAN_POINT('Origin',(-16.,82.9,-58.3999999999999));
#9260=CARTESIAN_POINT('',(-7.79999999999991,160.350000000001,-22.249999999999));
#9261=CARTESIAN_POINT('',(-68.4,82.9,-58.3999999999999));
#9262=CARTESIAN_POINT('Origin',(13.,101.628075728192,-48.0032701285871));
#9263=CARTESIAN_POINT('',(11.5,154.661015464267,-23.249999999999));
#9264=CARTESIAN_POINT('',(11.5,101.628075728192,-48.0032701285871));
#9265=CARTESIAN_POINT('',(13.,155.295439736075,-24.6092298714116));
#9266=CARTESIAN_POINT('Origin',(13.,154.661015464267,-23.249999999999));
#9267=CARTESIAN_POINT('',(13.,102.2625,-49.3624999999997));
#9268=CARTESIAN_POINT('Ctrl Pts',(10.4999999999999,160.651594646172,-22.1092298714116));
#9269=CARTESIAN_POINT('Ctrl Pts',(10.8739991254273,160.651594646172,-22.1092298714116));
#9270=CARTESIAN_POINT('Ctrl Pts',(11.6205961112739,160.284988879965,-22.2803441186469));
#9271=CARTESIAN_POINT('Ctrl Pts',(12.6720296881452,158.493111650595,-23.1167077318391));
#9272=CARTESIAN_POINT('Ctrl Pts',(13.,156.497358087293,-24.0482311832705));
#9273=CARTESIAN_POINT('Ctrl Pts',(13.,155.295439736075,-24.6092298714116));
#9274=CARTESIAN_POINT('Ctrl Pts',(10.4999999999999,160.538533169883,-22.1620016256767));
#9275=CARTESIAN_POINT('Ctrl Pts',(10.8298658009739,160.538533169883,-22.1620016256767));
#9276=CARTESIAN_POINT('Ctrl Pts',(11.4887435104282,160.176248314534,-22.3293742167393));
#9277=CARTESIAN_POINT('Ctrl Pts',(12.3874957264105,158.41301909821,-23.1528610294729));
#9278=CARTESIAN_POINT('Ctrl Pts',(12.6105927594153,156.457559733434,-24.0641245130377));
#9279=CARTESIAN_POINT('Ctrl Pts',(12.5512010494872,155.295439736075,-24.6092298714116));
#9280=CARTESIAN_POINT('Ctrl Pts',(10.5,160.32910132982,-22.2295215025186));
#9281=CARTESIAN_POINT('Ctrl Pts',(10.7526411492784,160.32910132982,-22.2295215025186));
#9282=CARTESIAN_POINT('Ctrl Pts',(11.2559539083906,159.96880147974,-22.3781579442859));
#9283=CARTESIAN_POINT('Ctrl Pts',(11.8882151657595,158.214495304552,-23.0903502546707));
#9284=CARTESIAN_POINT('Ctrl Pts',(11.9281286802545,156.276676617114,-23.8503369304395));
#9285=CARTESIAN_POINT('Ctrl Pts',(11.774225208117,155.136149054992,-24.2679556459642));
#9286=CARTESIAN_POINT('Ctrl Pts',(10.5,160.110748483188,-22.249999999999));
#9287=CARTESIAN_POINT('Ctrl Pts',(10.6795915129775,160.110748483188,-22.249999999999));
#9288=CARTESIAN_POINT('Ctrl Pts',(11.0379784857717,159.746095956709,-22.3466145220139));
#9289=CARTESIAN_POINT('Ctrl Pts',(11.5015715873893,157.965454652674,-22.8075687480174));
#9290=CARTESIAN_POINT('Ctrl Pts',(11.5690465611516,155.987066197513,-23.2918079665818));
#9291=CARTESIAN_POINT('Ctrl Pts',(11.5,154.803379937951,-23.5550104698968));
#9292=CARTESIAN_POINT('Ctrl Pts',(10.5,160.017170374364,-22.249999999999));
#9293=CARTESIAN_POINT('Ctrl Pts',(10.6495996501709,160.017170374364,-22.249999999999));
#9294=CARTESIAN_POINT('Ctrl Pts',(10.9482384445096,159.650564608157,-22.3184456988931));
#9295=CARTESIAN_POINT('Ctrl Pts',(11.3688118752581,157.858687378787,-22.65299114417));
#9296=CARTESIAN_POINT('Ctrl Pts',(11.5,155.862933815485,-23.0256005247425));
#9297=CARTESIAN_POINT('Ctrl Pts',(11.5,154.661015464267,-23.249999999999));
#9298=CARTESIAN_POINT('',(10.5,160.017170374364,-22.249999999999));
#9299=CARTESIAN_POINT('',(11.3270637302134,160.350000000001,-22.249999999999));
#9300=CARTESIAN_POINT('Ctrl Pts',(11.3270637302134,160.350000000001,-22.249999999999));
#9301=CARTESIAN_POINT('Ctrl Pts',(11.2665816989382,160.350000000001,-22.249999999999));
#9302=CARTESIAN_POINT('Ctrl Pts',(11.2060418615111,160.346477848636,-22.2500000000008));
#9303=CARTESIAN_POINT('Ctrl Pts',(11.0015015756633,160.320939621153,-22.2500000000008));
#9304=CARTESIAN_POINT('Ctrl Pts',(10.8721616143901,160.281386824909,-22.249999999999));
#9305=CARTESIAN_POINT('Ctrl Pts',(10.7123511346519,160.19938584881,-22.249999999999));
#9306=CARTESIAN_POINT('Ctrl Pts',(10.6648828100124,160.169558206134,-22.249999999999));
#9307=CARTESIAN_POINT('Ctrl Pts',(10.5773958813963,160.101101421316,-22.249999999999));
#9308=CARTESIAN_POINT('Ctrl Pts',(10.5377472215351,160.06292342656,-22.249999999999));
#9309=CARTESIAN_POINT('Ctrl Pts',(10.5016406392715,160.019174349775,-22.249999999999));
#9310=CARTESIAN_POINT('Ctrl Pts',(10.500819005972,160.018173447728,-22.249999999999));
#9311=CARTESIAN_POINT('Ctrl Pts',(10.5,160.017170374364,-22.249999999999));
#9312=CARTESIAN_POINT('Origin',(10.5,155.295439736075,-24.6092298714116));
#9313=CARTESIAN_POINT('Origin',(10.5,154.661015464267,-23.249999999999));
#9314=CARTESIAN_POINT('Origin',(10.5,134.175,-23.249999999999));
#9315=CARTESIAN_POINT('',(11.5,134.175,-23.249999999999));
#9316=CARTESIAN_POINT('',(10.5,134.175,-22.249999999999));
#9317=CARTESIAN_POINT('Origin',(11.5,121.625,-40.3249999999995));
#9318=CARTESIAN_POINT('Ctrl Pts',(20.8043022275966,82.9000000000001,-58.3999999999999));
#9319=CARTESIAN_POINT('Ctrl Pts',(20.2298847769294,82.3975633100153,-58.6345137035886));
#9320=CARTESIAN_POINT('Ctrl Pts',(19.1156533352899,81.9415122088499,-58.8473768063275));
#9321=CARTESIAN_POINT('Ctrl Pts',(17.1892971733488,82.1308989624803,-58.7589800194491));
#9322=CARTESIAN_POINT('Ctrl Pts',(15.518243193079,83.2460669447785,-58.2384723040187));
#9323=CARTESIAN_POINT('Ctrl Pts',(15.,84.7712741980524,-57.5265776338334));
#9324=CARTESIAN_POINT('Ctrl Pts',(15.,85.5344242718085,-57.1703752430486));
#9325=CARTESIAN_POINT('Ctrl Pts',(20.5568982912872,83.1322502483561,-58.2915965593534));
#9326=CARTESIAN_POINT('Ctrl Pts',(20.0517541139018,82.6669857247823,-58.5083190517066));
#9327=CARTESIAN_POINT('Ctrl Pts',(19.0531189119525,82.2410124055659,-58.7065455838073));
#9328=CARTESIAN_POINT('Ctrl Pts',(17.3222169432218,82.4175091645115,-58.6238400141631));
#9329=CARTESIAN_POINT('Ctrl Pts',(15.836508251671,83.456773601716,-58.1389721547808));
#9330=CARTESIAN_POINT('Ctrl Pts',(15.4218629707065,84.8515186328975,-57.4879066538157));
#9331=CARTESIAN_POINT('Ctrl Pts',(15.4487989505128,85.5344242718085,-57.1703752430486));
#9332=CARTESIAN_POINT('Ctrl Pts',(20.1257858810649,83.4388908685277,-57.8925964498285));
#9333=CARTESIAN_POINT('Ctrl Pts',(19.7403149693134,83.0498040022486,-58.1016759856121));
#9334=CARTESIAN_POINT('Ctrl Pts',(18.9447374239963,82.6860577931786,-58.2946473874736));
#9335=CARTESIAN_POINT('Ctrl Pts',(17.5550194240157,82.8364072413888,-58.2148683290273));
#9336=CARTESIAN_POINT('Ctrl Pts',(16.3926831695484,83.7196744969797,-57.7450863638788));
#9337=CARTESIAN_POINT('Ctrl Pts',(16.1559923035257,84.851269840315,-57.1256706849375));
#9338=CARTESIAN_POINT('Ctrl Pts',(16.2257922945115,85.3751424775608,-56.8291200573092));
#9339=CARTESIAN_POINT('Ctrl Pts',(19.8758150961939,83.4462834327553,-57.2961567392895));
#9340=CARTESIAN_POINT('Ctrl Pts',(19.5424896578458,83.1318968118447,-57.5231056195761));
#9341=CARTESIAN_POINT('Ctrl Pts',(18.8724500493453,82.8409174878203,-57.7300700778847));
#9342=CARTESIAN_POINT('Ctrl Pts',(17.7073756621403,82.9614884155886,-57.644275047679));
#9343=CARTESIAN_POINT('Ctrl Pts',(16.7180854694802,83.6697801211846,-57.1389129187737));
#9344=CARTESIAN_POINT('Ctrl Pts',(16.4686852461543,84.5982611103233,-56.4546426038136));
#9345=CARTESIAN_POINT('Ctrl Pts',(16.5,85.0423644736837,-56.1161558415339));
#9346=CARTESIAN_POINT('Ctrl Pts',(19.8167441300552,83.3946147018238,-57.0407701285873));
#9347=CARTESIAN_POINT('Ctrl Pts',(19.4885055868168,83.1075080218325,-57.275283832176));
#9348=CARTESIAN_POINT('Ctrl Pts',(18.85180190588,82.8469073925951,-57.4881469349149));
#9349=CARTESIAN_POINT('Ctrl Pts',(17.7510269561993,82.9551283946696,-57.3997501480365));
#9350=CARTESIAN_POINT('Ctrl Pts',(16.7961389674737,83.5923672416972,-56.8792424326061));
#9351=CARTESIAN_POINT('Ctrl Pts',(16.5,84.463914243568,-56.1673477624208));
#9352=CARTESIAN_POINT('Ctrl Pts',(16.5,84.9,-55.811145371636));
#9353=CARTESIAN_POINT('',(20.8043022276168,82.9,-58.3999999999999));
#9354=CARTESIAN_POINT('',(16.1956977724034,82.9,-58.3999999999999));
#9355=CARTESIAN_POINT('Ctrl Pts',(20.8043022275966,82.9000000000001,-58.3999999999999));
#9356=CARTESIAN_POINT('Ctrl Pts',(20.6158856275192,82.9000000000001,-58.3999999999999));
#9357=CARTESIAN_POINT('Ctrl Pts',(20.4021040090296,82.8595802953501,-58.3999999999999));
#9358=CARTESIAN_POINT('Ctrl Pts',(19.8560532291925,82.7382473651988,-58.3999999999999));
#9359=CARTESIAN_POINT('Ctrl Pts',(19.5042619324198,82.6467662311862,-58.3999999999999));
#9360=CARTESIAN_POINT('Ctrl Pts',(18.9900693862932,82.5814112787587,-58.3999999999999));
#9361=CARTESIAN_POINT('Ctrl Pts',(18.8789413111845,82.5708775993731,-58.3999999999999));
#9362=CARTESIAN_POINT('Ctrl Pts',(18.704882077892,82.5607258627429,-58.3999999999999));
#9363=CARTESIAN_POINT('Ctrl Pts',(18.6429746930374,82.5583535770982,-58.3999999999999));
#9364=CARTESIAN_POINT('Ctrl Pts',(18.5289155652102,82.5563215039066,-58.3999999999999));
#9365=CARTESIAN_POINT('Ctrl Pts',(18.4769535801611,82.5562878308891,-58.3999999999999));
#9366=CARTESIAN_POINT('Ctrl Pts',(18.363683318385,82.5581597144796,-58.3999999999999));
#9367=CARTESIAN_POINT('Ctrl Pts',(18.3025592948062,82.5604074431296,-58.3999999999988));
#9368=CARTESIAN_POINT('Ctrl Pts',(18.1327854722483,82.5700086312553,-58.3999999999988));
#9369=CARTESIAN_POINT('Ctrl Pts',(18.0250653885105,82.5799096257205,-58.3999999999999));
#9370=CARTESIAN_POINT('Ctrl Pts',(17.6940762247301,82.6207881169713,-58.3999999999999));
#9371=CARTESIAN_POINT('Ctrl Pts',(17.4863813735455,82.6603947159736,-58.3999999999999));
#9372=CARTESIAN_POINT('Ctrl Pts',(16.8496297023501,82.8006412509039,-58.3999999999999));
#9373=CARTESIAN_POINT('Ctrl Pts',(16.4908675454932,82.9000000000001,-58.3999999999999));
#9374=CARTESIAN_POINT('Ctrl Pts',(16.1956977724034,82.9000000000001,-58.3999999999999));
#9375=CARTESIAN_POINT('',(15.,85.5344242718085,-57.1703752430486));
#9376=CARTESIAN_POINT('Origin',(18.5,85.5344242718085,-57.1703752430486));
#9377=CARTESIAN_POINT('',(16.5,84.9,-55.811145371636));
#9378=CARTESIAN_POINT('Origin',(15.,84.9,-55.811145371636));
#9379=CARTESIAN_POINT('',(18.5,82.9,-57.4447799746057));
#9380=CARTESIAN_POINT('Origin',(18.5,84.9,-55.811145371636));
#9381=CARTESIAN_POINT('Ctrl Pts',(18.5,82.9,-57.4447799746057));
#9382=CARTESIAN_POINT('Ctrl Pts',(18.5020816466215,82.9,-57.4465827334617));
#9383=CARTESIAN_POINT('Ctrl Pts',(18.504164604127,82.9,-57.4483839729673));
#9384=CARTESIAN_POINT('Ctrl Pts',(18.8127552365541,82.9,-57.7148429646664));
#9385=CARTESIAN_POINT('Ctrl Pts',(19.2306780947619,82.9,-58.0182393462814));
#9386=CARTESIAN_POINT('Ctrl Pts',(20.0964864400694,82.9,-58.3329223373247));
#9387=CARTESIAN_POINT('Ctrl Pts',(20.4484425019804,82.9,-58.3999999999999));
#9388=CARTESIAN_POINT('Ctrl Pts',(20.8043022275966,82.9,-58.3999999999999));
#9389=CARTESIAN_POINT('Origin',(15.,101.628075728192,-48.0032701285871));
#9390=CARTESIAN_POINT('',(15.,155.295439736075,-24.6092298714116));
#9391=CARTESIAN_POINT('',(16.5,154.661015464267,-23.249999999999));
#9392=CARTESIAN_POINT('Origin',(15.,154.661015464267,-23.249999999999));
#9393=CARTESIAN_POINT('',(16.5,101.628075728192,-48.0032701285871));
#9394=CARTESIAN_POINT('',(15.,102.2625,-49.3624999999997));
#9395=CARTESIAN_POINT('Ctrl Pts',(15.,155.295439736075,-24.6092298714116));
#9396=CARTESIAN_POINT('Ctrl Pts',(15.,156.497358087293,-24.0482311832705));
#9397=CARTESIAN_POINT('Ctrl Pts',(15.3279750854707,158.49310733458,-23.1167097463511));
#9398=CARTESIAN_POINT('Ctrl Pts',(16.3794062236568,160.284985793584,-22.2803455592239));
#9399=CARTESIAN_POINT('Ctrl Pts',(17.1260008745727,160.651594646172,-22.1092298714116));
#9400=CARTESIAN_POINT('Ctrl Pts',(17.5000000000001,160.651594646172,-22.1092298714116));
#9401=CARTESIAN_POINT('Ctrl Pts',(15.4487989505128,155.295439736075,-24.6092298714116));
#9402=CARTESIAN_POINT('Ctrl Pts',(15.3894072405847,156.457559733434,-24.0641245130377));
#9403=CARTESIAN_POINT('Ctrl Pts',(15.6125051685832,158.413010176534,-23.152855454827));
#9404=CARTESIAN_POINT('Ctrl Pts',(16.5112567207923,160.176242687573,-22.3293711831859));
#9405=CARTESIAN_POINT('Ctrl Pts',(17.1701341990261,160.538533169883,-22.1620016256767));
#9406=CARTESIAN_POINT('Ctrl Pts',(17.5000000000001,160.538533169883,-22.1620016256767));
#9407=CARTESIAN_POINT('Ctrl Pts',(16.2257720805445,155.136147678329,-24.2679526965162));
#9408=CARTESIAN_POINT('Ctrl Pts',(16.071868608407,156.276675240451,-23.8503339809915));
#9409=CARTESIAN_POINT('Ctrl Pts',(16.1117914567726,158.214490154924,-23.090353653533));
#9410=CARTESIAN_POINT('Ctrl Pts',(16.7440489700129,159.968797816658,-22.3781598228691));
#9411=CARTESIAN_POINT('Ctrl Pts',(17.2473588507216,160.329101323164,-22.2295214755792));
#9412=CARTESIAN_POINT('Ctrl Pts',(17.5,160.329101323164,-22.2295214755792));
#9413=CARTESIAN_POINT('Ctrl Pts',(16.5,154.803379937951,-23.5550104698968));
#9414=CARTESIAN_POINT('Ctrl Pts',(16.4309534388484,155.987066197513,-23.2918079665817));
#9415=CARTESIAN_POINT('Ctrl Pts',(16.4984301192044,157.965450592746,-22.8075717717812));
#9416=CARTESIAN_POINT('Ctrl Pts',(16.9620221811317,159.746093041679,-22.3466163398468));
#9417=CARTESIAN_POINT('Ctrl Pts',(17.3204084870225,160.110748483188,-22.249999999999));
#9418=CARTESIAN_POINT('Ctrl Pts',(17.5,160.110748483188,-22.249999999999));
#9419=CARTESIAN_POINT('Ctrl Pts',(16.5,154.661015464267,-23.249999999999));
#9420=CARTESIAN_POINT('Ctrl Pts',(16.5,155.862933815485,-23.0256005247425));
#9421=CARTESIAN_POINT('Ctrl Pts',(16.6311900341883,157.858683062771,-22.6529919499748));
#9422=CARTESIAN_POINT('Ctrl Pts',(17.0517624894627,159.650561521775,-22.3184462751239));
#9423=CARTESIAN_POINT('Ctrl Pts',(17.3504003498291,160.017170374364,-22.249999999999));
#9424=CARTESIAN_POINT('Ctrl Pts',(17.5,160.017170374364,-22.249999999999));
#9425=CARTESIAN_POINT('',(16.6729362697866,160.350000000001,-22.249999999999));
#9426=CARTESIAN_POINT('',(17.5,160.017170374364,-22.249999999999));
#9427=CARTESIAN_POINT('Ctrl Pts',(17.5,160.017170374364,-22.249999999999));
#9428=CARTESIAN_POINT('Ctrl Pts',(17.4991809943024,160.018173447391,-22.249999999999));
#9429=CARTESIAN_POINT('Ctrl Pts',(17.4983593604488,160.019174350109,-22.249999999999));
#9430=CARTESIAN_POINT('Ctrl Pts',(17.4539120657613,160.073029575073,-22.249999999999));
#9431=CARTESIAN_POINT('Ctrl Pts',(17.4036329449385,160.118837273881,-22.249999999999));
#9432=CARTESIAN_POINT('Ctrl Pts',(17.2898205706577,160.199601817337,-22.249999999999));
#9433=CARTESIAN_POINT('Ctrl Pts',(17.2264156455827,160.233493600238,-22.249999999999));
#9434=CARTESIAN_POINT('Ctrl Pts',(17.0210856524836,160.317611684892,-22.249999999999));
#9435=CARTESIAN_POINT('Ctrl Pts',(16.85634544969,160.350000000001,-22.249999999999));
#9436=CARTESIAN_POINT('Ctrl Pts',(16.6729362697866,160.350000000001,-22.249999999999));
#9437=CARTESIAN_POINT('Origin',(17.5,154.661015464267,-23.249999999999));
#9438=CARTESIAN_POINT('Origin',(17.5,155.295439736075,-24.6092298714116));
#9439=CARTESIAN_POINT('Origin',(14.,82.9,-58.3999999999999));
#9440=CARTESIAN_POINT('',(6.49999999999982,160.350000000001,-22.249999999999));
#9441=CARTESIAN_POINT('',(-68.4,82.9,-58.3999999999999));
#9442=CARTESIAN_POINT('Ctrl Pts',(19.8450664718655,83.4198661593412,32.2210063219217));
#9443=CARTESIAN_POINT('Ctrl Pts',(19.5196593577078,83.1241535778593,32.44250439982));
#9444=CARTESIAN_POINT('Ctrl Pts',(18.6667210968226,82.7560782063209,32.7182044965452));
#9445=CARTESIAN_POINT('Ctrl Pts',(17.5450690697462,83.0458987135805,32.5011197686253));
#9446=CARTESIAN_POINT('Ctrl Pts',(16.7268511774763,83.8041594977312,31.9331584549966));
#9447=CARTESIAN_POINT('Ctrl Pts',(16.5,84.460300419842,31.4416881484252));
#9448=CARTESIAN_POINT('Ctrl Pts',(16.5,84.9,31.112339253733));
#9449=CARTESIAN_POINT('Ctrl Pts',(19.919660995428,83.4876536727894,32.5711611264386));
#9450=CARTESIAN_POINT('Ctrl Pts',(19.5895221041476,83.1570933524284,32.7822941143221));
#9451=CARTESIAN_POINT('Ctrl Pts',(18.679888922741,82.7341697998227,33.0469146019919));
#9452=CARTESIAN_POINT('Ctrl Pts',(17.4743578580477,83.0687709516687,32.8379527987281));
#9453=CARTESIAN_POINT('Ctrl Pts',(16.6438835398358,83.9194802912383,32.2960027826846));
#9454=CARTESIAN_POINT('Ctrl Pts',(16.4599675405809,84.6280280103984,31.8310529837719));
#9455=CARTESIAN_POINT('Ctrl Pts',(16.5,85.0765976660068,31.5249331973899));
#9456=CARTESIAN_POINT('Ctrl Pts',(20.2130377428854,83.4258740517956,33.1810818669884));
#9457=CARTESIAN_POINT('Ctrl Pts',(19.8172168736849,83.0168841373068,33.3751671782094));
#9458=CARTESIAN_POINT('Ctrl Pts',(18.7186497144003,82.4927916874263,33.6214902795126));
#9459=CARTESIAN_POINT('Ctrl Pts',(17.2600525402002,82.9070030425512,33.4271630161495));
#9460=CARTESIAN_POINT('Ctrl Pts',(16.2647538561781,83.9597415623428,32.9282477643923));
#9461=CARTESIAN_POINT('Ctrl Pts',(16.0616728349979,84.8338055291471,32.5084175817707));
#9462=CARTESIAN_POINT('Ctrl Pts',(16.123424742675,85.3823437140672,32.2392629537183));
#9463=CARTESIAN_POINT('Ctrl Pts',(20.6617500811867,83.078674823475,33.5235239457948));
#9464=CARTESIAN_POINT('Ctrl Pts',(20.1442677053096,82.5916243445452,33.7318863553218));
#9465=CARTESIAN_POINT('Ctrl Pts',(18.7698674031776,81.9810807049707,33.9930840688723));
#9466=CARTESIAN_POINT('Ctrl Pts',(16.9582680380384,82.4621032172668,33.7870117480356));
#9467=CARTESIAN_POINT('Ctrl Pts',(15.6571370508763,83.7121094924385,33.252196660148));
#9468=CARTESIAN_POINT('Ctrl Pts',(15.3182598747327,84.7830183595312,32.7936765416013));
#9469=CARTESIAN_POINT('Ctrl Pts',(15.3365992128846,85.4902342211529,32.4913329318113));
#9470=CARTESIAN_POINT('Ctrl Pts',(20.8538663257645,82.9,33.6000000000001));
#9471=CARTESIAN_POINT('Ctrl Pts',(20.2844038759887,82.3825029824067,33.8214980778983));
#9472=CARTESIAN_POINT('Ctrl Pts',(18.7917619194395,81.7383710822145,34.0971981746235));
#9473=CARTESIAN_POINT('Ctrl Pts',(16.8288708720559,82.2455569699189,33.8801134467036));
#9474=CARTESIAN_POINT('Ctrl Pts',(15.3969895605835,83.5725133421826,33.3121521330749));
#9475=CARTESIAN_POINT('Ctrl Pts',(15.,84.7207599558765,32.8206818265036));
#9476=CARTESIAN_POINT('Ctrl Pts',(15.,85.4902342211529,32.4913329318113));
#9477=CARTESIAN_POINT('',(20.8538663257784,82.9,33.6000000000001));
#9478=CARTESIAN_POINT('',(18.5,82.9,32.6104025203566));
#9479=CARTESIAN_POINT('Ctrl Pts',(20.8538663257645,82.9,33.6000000000001));
#9480=CARTESIAN_POINT('Ctrl Pts',(20.5586026037491,82.9,33.6000000000001));
#9481=CARTESIAN_POINT('Ctrl Pts',(20.2654831296531,82.9000000001302,33.5532742967397));
#9482=CARTESIAN_POINT('Ctrl Pts',(19.6408432591547,82.9000000001302,33.3641232980253));
#9483=CARTESIAN_POINT('Ctrl Pts',(19.3215862454004,82.9,33.2068652793141));
#9484=CARTESIAN_POINT('Ctrl Pts',(18.9700885249954,82.9,32.9748883504682));
#9485=CARTESIAN_POINT('Ctrl Pts',(18.9188938684979,82.9,32.9394931472369));
#9486=CARTESIAN_POINT('Ctrl Pts',(18.7432312884139,82.9,32.8127863646487));
#9487=CARTESIAN_POINT('Ctrl Pts',(18.6231426729567,82.9,32.7167661200056));
#9488=CARTESIAN_POINT('Ctrl Pts',(18.5041618443193,82.9,32.6140043520512));
#9489=CARTESIAN_POINT('Ctrl Pts',(18.502080321745,82.9,32.6122041318358));
#9490=CARTESIAN_POINT('Ctrl Pts',(18.5,82.9,32.6104025203566));
#9491=CARTESIAN_POINT('',(16.5,84.9,31.112339253733));
#9492=CARTESIAN_POINT('Origin',(18.5,84.9,31.112339253733));
#9493=CARTESIAN_POINT('',(15.,85.4902342211529,32.4913329318113));
#9494=CARTESIAN_POINT('Origin',(15.,84.9,31.112339253733));
#9495=CARTESIAN_POINT('',(16.1461336742355,82.9,33.6000000000001));
#9496=CARTESIAN_POINT('Origin',(18.5,85.4902342211529,32.4913329318113));
#9497=CARTESIAN_POINT('Ctrl Pts',(16.1461336742355,82.9,33.6000000000001));
#9498=CARTESIAN_POINT('Ctrl Pts',(16.3157779116682,82.9,33.6000000000001));
#9499=CARTESIAN_POINT('Ctrl Pts',(16.5083345938809,82.8638923654972,33.6000000000001));
#9500=CARTESIAN_POINT('Ctrl Pts',(17.0407608866255,82.7410157270836,33.6000000000001));
#9501=CARTESIAN_POINT('Ctrl Pts',(17.409322299532,82.6359402877704,33.6000000000001));
#9502=CARTESIAN_POINT('Ctrl Pts',(17.9464640370373,82.5597569835504,33.6000000000001));
#9503=CARTESIAN_POINT('Ctrl Pts',(18.0565419573052,82.5476768009673,33.6000000000001));
#9504=CARTESIAN_POINT('Ctrl Pts',(18.2397047322081,82.53422575182,33.6000000000001));
#9505=CARTESIAN_POINT('Ctrl Pts',(18.3117823145932,82.5306195872932,33.6));
#9506=CARTESIAN_POINT('Ctrl Pts',(18.4415798759255,82.5272645918376,33.6));
#9507=CARTESIAN_POINT('Ctrl Pts',(18.4990372469757,82.5268827998723,33.6000000000001));
#9508=CARTESIAN_POINT('Ctrl Pts',(18.6208593580212,82.5284205725639,33.6000000000001));
#9509=CARTESIAN_POINT('Ctrl Pts',(18.6850249843629,82.5306136328392,33.5999999999996));
#9510=CARTESIAN_POINT('Ctrl Pts',(18.854761629423,82.5400026356249,33.5999999999996));
#9511=CARTESIAN_POINT('Ctrl Pts',(18.9595428290028,82.5494608888779,33.6000000000001));
#9512=CARTESIAN_POINT('Ctrl Pts',(19.2736350267301,82.5878290184971,33.6000000000001));
#9513=CARTESIAN_POINT('Ctrl Pts',(19.4731077020083,82.6252092543348,33.6000000000001));
#9514=CARTESIAN_POINT('Ctrl Pts',(20.1451149339115,82.775719135688,33.6000000000001));
#9515=CARTESIAN_POINT('Ctrl Pts',(20.5392989533087,82.9,33.6000000000001));
#9516=CARTESIAN_POINT('Ctrl Pts',(20.8538663257645,82.9,33.6000000000001));
#9517=CARTESIAN_POINT('Origin',(15.,140.397265778848,7.35850632192222));
#9518=CARTESIAN_POINT('',(16.5,154.20160407848,1.45000000000074));
#9519=CARTESIAN_POINT('',(15.,154.791838299633,2.82899367807906));
#9520=CARTESIAN_POINT('Origin',(15.,154.20160407848,1.45000000000074));
#9521=CARTESIAN_POINT('',(15.,140.987500000001,8.73750000000054));
#9522=CARTESIAN_POINT('',(16.5,140.397265778848,7.35850632192222));
#9523=CARTESIAN_POINT('Ctrl Pts',(17.5,160.632713111097,0.328993678079059));
#9524=CARTESIAN_POINT('Ctrl Pts',(16.939001311859,160.632713111097,0.328993678079059));
#9525=CARTESIAN_POINT('Ctrl Pts',(15.6280704749542,159.564306899877,0.786290849182061));
#9526=CARTESIAN_POINT('Ctrl Pts',(15.,156.539423956608,2.08099542722435));
#9527=CARTESIAN_POINT('Ctrl Pts',(15.,154.791838299633,2.82899367807906));
#9528=CARTESIAN_POINT('Ctrl Pts',(17.5,160.526484840176,0.374461298234105));
#9529=CARTESIAN_POINT('Ctrl Pts',(17.0048984168725,160.526484840176,0.374461298234105));
#9530=CARTESIAN_POINT('Ctrl Pts',(15.8469602216716,159.470567119529,0.825068507875641));
#9531=CARTESIAN_POINT('Ctrl Pts',(15.3684585614501,156.489337788532,2.0988563310721));
#9532=CARTESIAN_POINT('Ctrl Pts',(15.4487989505128,154.791838299633,2.82899367807906));
#9533=CARTESIAN_POINT('Ctrl Pts',(17.5,160.33135602395,0.432442311993762));
#9534=CARTESIAN_POINT('Ctrl Pts',(17.1202088317664,160.33135602395,0.432442311993762));
#9535=CARTESIAN_POINT('Ctrl Pts',(16.2313579455259,159.279751589739,0.831387504963605));
#9536=CARTESIAN_POINT('Ctrl Pts',(16.0175942381785,156.313971963502,1.92080388439564));
#9537=CARTESIAN_POINT('Ctrl Pts',(16.2257826342456,154.643646521658,2.48276582878163));
#9538=CARTESIAN_POINT('Ctrl Pts',(17.5,160.129141219645,0.450000000000742));
#9539=CARTESIAN_POINT('Ctrl Pts',(17.2301666775185,160.129141219645,0.450000000000742));
#9540=CARTESIAN_POINT('Ctrl Pts',(16.598690342125,159.065823290545,0.710558665102425));
#9541=CARTESIAN_POINT('Ctrl Pts',(16.4065992948668,156.058692925216,1.4069831819149));
#9542=CARTESIAN_POINT('Ctrl Pts',(16.5,154.334052327986,1.75944545774343));
#9543=CARTESIAN_POINT('Ctrl Pts',(17.5,160.042478889944,0.450000000000742));
#9544=CARTESIAN_POINT('Ctrl Pts',(17.2756005247436,160.042478889944,0.450000000000742));
#9545=CARTESIAN_POINT('Ctrl Pts',(16.7512281899817,158.974072678724,0.632918868441939));
#9546=CARTESIAN_POINT('Ctrl Pts',(16.5,155.949189735455,1.15080069965885));
#9547=CARTESIAN_POINT('Ctrl Pts',(16.5,154.20160407848,1.45000000000074));
#9548=CARTESIAN_POINT('',(17.5,160.042478889944,0.450000000000739));
#9549=CARTESIAN_POINT('',(16.7316321976661,160.350000000001,0.450000000000739));
#9550=CARTESIAN_POINT('Ctrl Pts',(16.7316321976661,160.350000000001,0.450000000000738));
#9551=CARTESIAN_POINT('Ctrl Pts',(16.7838772309818,160.350000000001,0.450000000000738));
#9552=CARTESIAN_POINT('Ctrl Pts',(16.8361700250811,160.347207731733,0.450000000001501));
#9553=CARTESIAN_POINT('Ctrl Pts',(17.0258769319357,160.325542918171,0.450000000001501));
#9554=CARTESIAN_POINT('Ctrl Pts',(17.1487408160087,160.289120278559,0.45000000000074));
#9555=CARTESIAN_POINT('Ctrl Pts',(17.2999211661163,160.212897597568,0.45000000000074));
#9556=CARTESIAN_POINT('Ctrl Pts',(17.3447692006487,160.18510381498,0.450000000000729));
#9557=CARTESIAN_POINT('Ctrl Pts',(17.4272667411156,160.121133055067,0.450000000000729));
#9558=CARTESIAN_POINT('Ctrl Pts',(17.4645898538422,160.085394160785,0.450000000000744));
#9559=CARTESIAN_POINT('Ctrl Pts',(17.4984789983328,160.044336678116,0.450000000000744));
#9560=CARTESIAN_POINT('Ctrl Pts',(17.4992407310761,160.043408800664,0.450000000000742));
#9561=CARTESIAN_POINT('Ctrl Pts',(17.5,160.042478889944,0.450000000000742));
#9562=CARTESIAN_POINT('Origin',(17.5,154.791838299633,2.82899367807906));
#9563=CARTESIAN_POINT('Origin',(17.5,154.20160407848,1.45000000000074));
#9564=CARTESIAN_POINT('Origin',(17.5,147.381175117163,1.45000000000074));
#9565=CARTESIAN_POINT('',(16.5,84.9,1.45000000000074));
#9566=CARTESIAN_POINT('',(16.5,147.381175117163,1.45000000000074));
#9567=CARTESIAN_POINT('',(17.5,83.1679491924311,0.450000000000739));
#9568=CARTESIAN_POINT('Ctrl Pts',(16.5,84.9,1.45000000000074));
#9569=CARTESIAN_POINT('Ctrl Pts',(16.5,84.7189315005805,1.32196523620194));
#9570=CARTESIAN_POINT('Ctrl Pts',(16.5258512978809,84.5218181388617,1.1823930745425));
#9571=CARTESIAN_POINT('Ctrl Pts',(16.6403672020431,84.1370773919173,0.919330400700296));
#9572=CARTESIAN_POINT('Ctrl Pts',(16.7291491001705,83.9493425508505,0.796048171939723));
#9573=CARTESIAN_POINT('Ctrl Pts',(16.916001355998,83.6714356837721,0.632014197512998));
#9574=CARTESIAN_POINT('Ctrl Pts',(17.0130745628194,83.5534046736433,0.568068788963578));
#9575=CARTESIAN_POINT('Ctrl Pts',(17.2395099578662,83.3394131538701,0.476838194156733));
#9576=CARTESIAN_POINT('Ctrl Pts',(17.3691127507918,83.243516980995,0.450000000000739));
#9577=CARTESIAN_POINT('Ctrl Pts',(17.5,83.1679491924311,0.450000000000739));
#9578=CARTESIAN_POINT('',(17.5,147.381175117163,0.450000000000739));
#9579=CARTESIAN_POINT('Origin',(16.5,121.625,17.0250000000004));
#9580=CARTESIAN_POINT('',(16.5,84.9,2.31250000000017));
#9581=CARTESIAN_POINT('Origin',(18.5,84.9,2.31250000000017));
#9582=CARTESIAN_POINT('',(18.5,82.9,0.450000000000652));
#9583=CARTESIAN_POINT('',(18.5,82.9,2.31250000000017));
#9584=CARTESIAN_POINT('Origin',(18.5,84.9,0.450000000000739));
#9585=CARTESIAN_POINT('Ctrl Pts',(7.14613367423547,82.9,33.6000000000001));
#9586=CARTESIAN_POINT('Ctrl Pts',(7.71559612401133,82.3825029824067,33.8214980778983));
#9587=CARTESIAN_POINT('Ctrl Pts',(8.8323668583478,81.9040435837989,34.0262873492198));
#9588=CARTESIAN_POINT('Ctrl Pts',(10.7773940901207,82.071315998711,33.9546917319914));
#9589=CARTESIAN_POINT('Ctrl Pts',(12.4728678393402,83.1828891023197,33.4789183506534));
#9590=CARTESIAN_POINT('Ctrl Pts',(13.,84.7207599558765,32.8206818265036));
#9591=CARTESIAN_POINT('Ctrl Pts',(13.,85.4902342211529,32.4913329318113));
#9592=CARTESIAN_POINT('Ctrl Pts',(7.40228866700593,83.1382330979667,33.4980319277264));
#9593=CARTESIAN_POINT('Ctrl Pts',(7.90207757985236,82.6612132280759,33.7017647844093));
#9594=CARTESIAN_POINT('Ctrl Pts',(8.90105349131033,82.2162475864968,33.8917659595367));
#9595=CARTESIAN_POINT('Ctrl Pts',(10.6461160411916,82.3714763637042,33.8249935127957));
#9596=CARTESIAN_POINT('Ctrl Pts',(12.1523128386826,83.4033551694213,33.3835996666317));
#9597=CARTESIAN_POINT('Ctrl Pts',(12.5764685057629,84.8041163850157,32.7838788208657));
#9598=CARTESIAN_POINT('Ctrl Pts',(12.5512010494872,85.4902342211529,32.4913329318113));
#9599=CARTESIAN_POINT('Ctrl Pts',(7.84847641966162,83.4575762351236,33.0969988783087));
#9600=CARTESIAN_POINT('Ctrl Pts',(8.22801557930502,83.061443480179,33.2929452209427));
#9601=CARTESIAN_POINT('Ctrl Pts',(9.02022384332794,82.6838316215718,33.4772766381381));
#9602=CARTESIAN_POINT('Ctrl Pts',(10.4164166052387,82.8152029559913,33.4131427052083));
#9603=CARTESIAN_POINT('Ctrl Pts',(11.5925587415444,83.6872102226643,32.9865132577176));
#9604=CARTESIAN_POINT('Ctrl Pts',(11.8396594951831,84.8176192648644,32.4177213592144));
#9605=CARTESIAN_POINT('Ctrl Pts',(11.7741831979419,85.3420585832564,32.1451427913863));
#9606=CARTESIAN_POINT('Ctrl Pts',(8.09898763546262,83.4707067944273,32.4836224253094));
#9607=CARTESIAN_POINT('Ctrl Pts',(8.42823937299495,83.1489414517646,32.697522275291));
#9608=CARTESIAN_POINT('Ctrl Pts',(9.09729953267671,82.845513947562,32.8962339578379));
#9609=CARTESIAN_POINT('Ctrl Pts',(10.2702192916674,82.9513636300556,32.8268948319062));
#9610=CARTESIAN_POINT('Ctrl Pts',(11.2725363426827,83.6536020585426,32.3657865646134));
#9611=CARTESIAN_POINT('Ctrl Pts',(11.5293749913414,84.5857856257598,31.7342737185868));
#9612=CARTESIAN_POINT('Ctrl Pts',(11.5,85.0324482495051,31.4217847114757));
#9613=CARTESIAN_POINT('Ctrl Pts',(8.15493352813455,83.4198661593412,32.2210063219217));
#9614=CARTESIAN_POINT('Ctrl Pts',(8.48034064229218,83.1241535778593,32.44250439982));
#9615=CARTESIAN_POINT('Ctrl Pts',(9.11849534762731,82.8507482072262,32.6472936711415));
#9616=CARTESIAN_POINT('Ctrl Pts',(10.229939480069,82.9463324443189,32.5756980539131));
#9617=CARTESIAN_POINT('Ctrl Pts',(11.1987816224801,83.5815170749524,32.0999246725751));
#9618=CARTESIAN_POINT('Ctrl Pts',(11.5,84.460300419842,31.4416881484252));
#9619=CARTESIAN_POINT('Ctrl Pts',(11.5,84.9,31.112339253733));
#9620=CARTESIAN_POINT('',(7.14613367422531,82.9,33.6000000000001));
#9621=CARTESIAN_POINT('',(11.8538663257645,82.9,33.6000000000001));
#9622=CARTESIAN_POINT('Ctrl Pts',(7.14613367423548,82.9,33.6000000000001));
#9623=CARTESIAN_POINT('Ctrl Pts',(7.31577791166816,82.9,33.6000000000001));
#9624=CARTESIAN_POINT('Ctrl Pts',(7.50833459388078,82.8638923654972,33.6000000000001));
#9625=CARTESIAN_POINT('Ctrl Pts',(8.04120014148487,82.7409143531258,33.6000000000001));
#9626=CARTESIAN_POINT('Ctrl Pts',(8.4103081542389,82.6356587651985,33.6000000000001));
#9627=CARTESIAN_POINT('Ctrl Pts',(8.95869823865017,82.5580621991294,33.6000000000001));
#9628=CARTESIAN_POINT('Ctrl Pts',(9.0791748837764,82.5452566796847,33.6000000000008));
#9629=CARTESIAN_POINT('Ctrl Pts',(9.26950723836068,82.5326524041801,33.6000000000008));
#9630=CARTESIAN_POINT('Ctrl Pts',(9.33812708498836,82.5296468597681,33.6000000000001));
#9631=CARTESIAN_POINT('Ctrl Pts',(9.46418693587055,82.5270295773368,33.6000000000001));
#9632=CARTESIAN_POINT('Ctrl Pts',(9.5213955652544,82.5269372787814,33.6000000000001));
#9633=CARTESIAN_POINT('Ctrl Pts',(9.64553053235114,82.5291159803739,33.6000000000001));
#9634=CARTESIAN_POINT('Ctrl Pts',(9.71224056316803,82.5317813229794,33.599999999999));
#9635=CARTESIAN_POINT('Ctrl Pts',(9.89561212761561,82.5431187842071,33.599999999999));
#9636=CARTESIAN_POINT('Ctrl Pts',(10.0112007217916,82.5547162233683,33.6000000000001));
#9637=CARTESIAN_POINT('Ctrl Pts',(10.3628369289526,82.6020638885043,33.6000000000001));
#9638=CARTESIAN_POINT('Ctrl Pts',(10.5792491765658,82.6468123521579,33.5999999999814));
#9639=CARTESIAN_POINT('Ctrl Pts',(11.2219500645802,82.7991089571793,33.5999999999814));
#9640=CARTESIAN_POINT('Ctrl Pts',(11.5704423519775,82.9,33.6000000000001));
#9641=CARTESIAN_POINT('Ctrl Pts',(11.8538663257645,82.9,33.6000000000001));
#9642=CARTESIAN_POINT('',(13.,85.4902342211529,32.4913329318113));
#9643=CARTESIAN_POINT('Origin',(9.5,85.4902342211529,32.4913329318113));
#9644=CARTESIAN_POINT('',(11.5,84.9,31.112339253733));
#9645=CARTESIAN_POINT('Origin',(13.,84.9,31.112339253733));
#9646=CARTESIAN_POINT('',(9.5,82.9,32.6104025203566));
#9647=CARTESIAN_POINT('Origin',(9.5,84.9,31.112339253733));
#9648=CARTESIAN_POINT('Ctrl Pts',(9.5,82.9,32.6104025203566));
#9649=CARTESIAN_POINT('Ctrl Pts',(9.49791968035736,82.9,32.6122041300151));
#9650=CARTESIAN_POINT('Ctrl Pts',(9.49583815356962,82.9,32.6140043538679));
#9651=CARTESIAN_POINT('Ctrl Pts',(9.17014854639947,82.9,32.8952970650636));
#9652=CARTESIAN_POINT('Ctrl Pts',(8.73418050999258,82.9,33.2129498899874));
#9653=CARTESIAN_POINT('Ctrl Pts',(7.85187024190421,82.9,33.532664164009));
#9654=CARTESIAN_POINT('Ctrl Pts',(7.50097771753719,82.9,33.6000000000001));
#9655=CARTESIAN_POINT('Ctrl Pts',(7.14613367423547,82.9,33.6000000000001));
#9656=CARTESIAN_POINT('Origin',(13.,140.397265778848,7.35850632192222));
#9657=CARTESIAN_POINT('',(13.,154.791838299633,2.82899367807906));
#9658=CARTESIAN_POINT('',(11.5,154.20160407848,1.45000000000074));
#9659=CARTESIAN_POINT('Origin',(13.,154.20160407848,1.45000000000074));
#9660=CARTESIAN_POINT('',(11.5,140.397265778848,7.35850632192222));
#9661=CARTESIAN_POINT('',(13.,140.987500000001,8.73750000000054));
#9662=CARTESIAN_POINT('Ctrl Pts',(13.,154.791838299633,2.82899367807906));
#9663=CARTESIAN_POINT('Ctrl Pts',(13.,156.102527542364,2.26799498993802));
#9664=CARTESIAN_POINT('Ctrl Pts',(12.6720493556785,158.278911638257,1.33646325618943));
#9665=CARTESIAN_POINT('Ctrl Pts',(11.6206056806597,160.232944203135,0.500101996980482));
#9666=CARTESIAN_POINT('Ctrl Pts',(10.8739991254274,160.632713111097,0.328993678079059));
#9667=CARTESIAN_POINT('Ctrl Pts',(10.5,160.632713111097,0.328993678079059));
#9668=CARTESIAN_POINT('Ctrl Pts',(12.5512010494872,154.791838299633,2.82899367807906));
#9669=CARTESIAN_POINT('Ctrl Pts',(12.6114563412842,156.064962916307,2.28139066782384));
#9670=CARTESIAN_POINT('Ctrl Pts',(12.388555176526,158.20357736252,1.36750729652392));
#9671=CARTESIAN_POINT('Ctrl Pts',(11.4893637832393,160.130762263681,0.542152832377658));
#9672=CARTESIAN_POINT('Ctrl Pts',(10.830067722085,160.526484840176,0.374461298234105));
#9673=CARTESIAN_POINT('Ctrl Pts',(10.5,160.526484840176,0.374461298234105));
#9674=CARTESIAN_POINT('Ctrl Pts',(11.7742139238564,154.64364814753,2.48276962738863));
#9675=CARTESIAN_POINT('Ctrl Pts',(11.9303552209067,155.896392228913,2.06129816909913));
#9676=CARTESIAN_POINT('Ctrl Pts',(11.8910953486866,158.018557217509,1.2969014293795));
#9677=CARTESIAN_POINT('Ctrl Pts',(11.2576562345286,159.937454492837,0.581633932033052));
#9678=CARTESIAN_POINT('Ctrl Pts',(10.7531941121557,160.33135602972,0.432442337283303));
#9679=CARTESIAN_POINT('Ctrl Pts',(10.5,160.33135602972,0.432442337283303));
#9680=CARTESIAN_POINT('Ctrl Pts',(11.5,154.334052327986,1.75944545774343));
#9681=CARTESIAN_POINT('Ctrl Pts',(11.5700505288499,155.627532775908,1.49509875087203));
#9682=CARTESIAN_POINT('Ctrl Pts',(11.503032246837,157.787664717558,1.0091889181935));
#9683=CARTESIAN_POINT('Ctrl Pts',(11.0388803899013,159.731188838533,0.546879603398444));
#9684=CARTESIAN_POINT('Ctrl Pts',(10.6798888816543,160.129141219645,0.450000000000742));
#9685=CARTESIAN_POINT('Ctrl Pts',(10.5,160.129141219645,0.450000000000742));
#9686=CARTESIAN_POINT('Ctrl Pts',(11.5,154.20160407848,1.45000000000074));
#9687=CARTESIAN_POINT('Ctrl Pts',(11.5,155.512293321211,1.22560052474432));
#9688=CARTESIAN_POINT('Ctrl Pts',(11.3688197422714,157.688677417104,0.852987831244886));
#9689=CARTESIAN_POINT('Ctrl Pts',(10.9482422722639,159.642709981983,0.518443327561305));
#9690=CARTESIAN_POINT('Ctrl Pts',(10.6495996501709,160.042478889944,0.450000000000742));
#9691=CARTESIAN_POINT('Ctrl Pts',(10.5,160.042478889944,0.450000000000742));
#9692=CARTESIAN_POINT('',(11.2683678023339,160.350000000001,0.450000000000739));
#9693=CARTESIAN_POINT('',(10.5,160.042478889944,0.450000000000739));
#9694=CARTESIAN_POINT('Ctrl Pts',(10.5,160.042478889944,0.450000000000742));
#9695=CARTESIAN_POINT('Ctrl Pts',(10.5007592689238,160.043408800664,0.450000000000742));
#9696=CARTESIAN_POINT('Ctrl Pts',(10.5015210016673,160.044336678117,0.450000000000744));
#9697=CARTESIAN_POINT('Ctrl Pts',(10.5423657342996,160.093821016756,0.450000000000744));
#9698=CARTESIAN_POINT('Ctrl Pts',(10.5885787556899,160.135901402648,0.450000000000737));
#9699=CARTESIAN_POINT('Ctrl Pts',(10.6930956353028,160.210088642528,0.450000000000737));
#9700=CARTESIAN_POINT('Ctrl Pts',(10.751289148752,160.241241663278,0.450000000000742));
#9701=CARTESIAN_POINT('Ctrl Pts',(10.9416143187442,160.319535885495,0.450000000000742));
#9702=CARTESIAN_POINT('Ctrl Pts',(11.0957971863151,160.350000000001,0.450000000000738));
#9703=CARTESIAN_POINT('Ctrl Pts',(11.2683678023339,160.350000000001,0.450000000000738));
#9704=CARTESIAN_POINT('Origin',(10.5,154.20160407848,1.45000000000074));
#9705=CARTESIAN_POINT('Origin',(10.5,154.791838299633,2.82899367807906));
#9706=CARTESIAN_POINT('Origin',(14.,160.350000000001,0.450000000000707));
#9707=CARTESIAN_POINT('',(6.49999999999987,160.350000000001,0.450000000000739));
#9708=CARTESIAN_POINT('',(66.4,82.9,33.6000000000001));
#9709=CARTESIAN_POINT('Origin',(3.33066907387547E-15,140.397265778848,7.35850632192222));
#9710=CARTESIAN_POINT('',(1.5,154.20160407848,1.45000000000074));
#9711=CARTESIAN_POINT('',(3.33066907387547E-15,154.791838299633,2.82899367807906));
#9712=CARTESIAN_POINT('Origin',(3.33066907387547E-15,154.20160407848,1.45000000000074));
#9713=CARTESIAN_POINT('',(3.33066907387547E-15,85.4902342211529,32.4913329318113));
#9714=CARTESIAN_POINT('',(3.33066907387547E-15,140.987500000001,8.73750000000054));
#9715=CARTESIAN_POINT('',(1.5,84.9,31.112339253733));
#9716=CARTESIAN_POINT('Origin',(3.33066907387547E-15,84.9,31.112339253733));
#9717=CARTESIAN_POINT('',(1.5,140.397265778848,7.35850632192222));
#9718=CARTESIAN_POINT('Ctrl Pts',(4.84506647186546,83.4198661593412,32.2210063219217));
#9719=CARTESIAN_POINT('Ctrl Pts',(4.51965935770782,83.1241535778593,32.44250439982));
#9720=CARTESIAN_POINT('Ctrl Pts',(3.88150253043043,82.8507280085047,32.6473088006229));
#9721=CARTESIAN_POINT('Ctrl Pts',(2.77005584703464,82.9463178723166,32.5757089688038));
#9722=CARTESIAN_POINT('Ctrl Pts',(1.80120280431027,83.5815040838001,32.0999344033591));
#9723=CARTESIAN_POINT('Ctrl Pts',(1.5,84.460300419842,31.4416881484252));
#9724=CARTESIAN_POINT('Ctrl Pts',(1.5,84.9,31.112339253733));
#9725=CARTESIAN_POINT('Ctrl Pts',(4.91966099542803,83.4876536727894,32.5711611264386));
#9726=CARTESIAN_POINT('Ctrl Pts',(4.58952210414761,83.1570933524284,32.7822941143221));
#9727=CARTESIAN_POINT('Ctrl Pts',(3.90942555372927,82.8435900121627,32.9787504698597));
#9728=CARTESIAN_POINT('Ctrl Pts',(2.71600869548984,82.9529144510578,32.9099535569596));
#9729=CARTESIAN_POINT('Ctrl Pts',(1.70231173634712,83.6778192486727,32.4538298264624));
#9730=CARTESIAN_POINT('Ctrl Pts',(1.45996754058094,84.6280280103984,31.8310529837719));
#9731=CARTESIAN_POINT('Ctrl Pts',(1.5,85.0765976660068,31.5249331973899));
#9732=CARTESIAN_POINT('Ctrl Pts',(5.21303302145955,83.4258815184021,33.1810871730021));
#9733=CARTESIAN_POINT('Ctrl Pts',(4.81721215225903,83.0168916039133,33.3751724842231));
#9734=CARTESIAN_POINT('Ctrl Pts',(3.99649437277687,82.6283562047507,33.557903321299));
#9735=CARTESIAN_POINT('Ctrl Pts',(2.55165346730034,82.7635449885585,33.4942864534328));
#9736=CARTESIAN_POINT('Ctrl Pts',(1.33013941050876,83.661276276026,33.0713693038944));
#9737=CARTESIAN_POINT('Ctrl Pts',(1.06169043971252,84.8338112995583,32.5084310634705));
#9738=CARTESIAN_POINT('Ctrl Pts',(1.12344234738968,85.3823494844785,32.2392764354181));
#9739=CARTESIAN_POINT('Ctrl Pts',(5.66175008118669,83.078674823475,33.5235239457948));
#9740=CARTESIAN_POINT('Ctrl Pts',(5.14426770530963,82.5916243445453,33.7318863553218));
#9741=CARTESIAN_POINT('Ctrl Pts',(4.11635900682349,82.1382959994456,33.9258116132532));
#9742=CARTESIAN_POINT('Ctrl Pts',(2.32130299218342,82.2965213714651,33.8579909152035));
#9743=CARTESIAN_POINT('Ctrl Pts',(0.767918742801768,83.3481039835251,33.4079264080993));
#9744=CARTESIAN_POINT('Ctrl Pts',(0.318259874732701,84.7830183595312,32.7936765416013));
#9745=CARTESIAN_POINT('Ctrl Pts',(0.336599212884624,85.4902342211529,32.4913329318113));
#9746=CARTESIAN_POINT('Ctrl Pts',(5.85386632576454,82.9,33.6000000000001));
#9747=CARTESIAN_POINT('Ctrl Pts',(5.28440387598868,82.3825029824067,33.8214980778983));
#9748=CARTESIAN_POINT('Ctrl Pts',(4.16762942825325,81.9040082360361,34.0263024787012));
#9749=CARTESIAN_POINT('Ctrl Pts',(2.22259773231062,82.071290497707,33.9547026468821));
#9750=CARTESIAN_POINT('Ctrl Pts',(0.527104907542974,83.1828663678032,33.4789280814375));
#9751=CARTESIAN_POINT('Ctrl Pts',(5.71757168634111E-15,84.7207599558765,
32.8206818265036));
#9752=CARTESIAN_POINT('Ctrl Pts',(3.20047297888649E-15,85.4902342211529,
32.4913329318113));
#9753=CARTESIAN_POINT('',(5.85386632577975,82.9,33.6000000000001));
#9754=CARTESIAN_POINT('',(3.5,82.9,32.6104025203566));
#9755=CARTESIAN_POINT('Ctrl Pts',(5.85386632576454,82.9,33.6000000000001));
#9756=CARTESIAN_POINT('Ctrl Pts',(5.55860260374918,82.9,33.6000000000001));
#9757=CARTESIAN_POINT('Ctrl Pts',(5.26548312965319,82.9000000001302,33.5532742967398));
#9758=CARTESIAN_POINT('Ctrl Pts',(4.64084325915458,82.9000000001302,33.3641232980253));
#9759=CARTESIAN_POINT('Ctrl Pts',(4.32158624540025,82.9,33.206865279314));
#9760=CARTESIAN_POINT('Ctrl Pts',(3.97008852499542,82.9,32.9748883504682));
#9761=CARTESIAN_POINT('Ctrl Pts',(3.91889386849793,82.9,32.9394931472369));
#9762=CARTESIAN_POINT('Ctrl Pts',(3.74323128841393,82.9,32.8127863646487));
#9763=CARTESIAN_POINT('Ctrl Pts',(3.62314267295631,82.9,32.7167661200053));
#9764=CARTESIAN_POINT('Ctrl Pts',(3.50416184431948,82.9,32.6140043520514));
#9765=CARTESIAN_POINT('Ctrl Pts',(3.50208032174476,82.9,32.6122041318356));
#9766=CARTESIAN_POINT('Ctrl Pts',(3.5,82.9,32.6104025203566));
#9767=CARTESIAN_POINT('Origin',(3.5,84.9,31.112339253733));
#9768=CARTESIAN_POINT('',(1.14613367423546,82.9,33.6000000000001));
#9769=CARTESIAN_POINT('Origin',(3.5,85.4902342211529,32.4913329318113));
#9770=CARTESIAN_POINT('Ctrl Pts',(1.14613367423548,82.9,33.6000000000001));
#9771=CARTESIAN_POINT('Ctrl Pts',(1.31577791166817,82.9,33.6000000000001));
#9772=CARTESIAN_POINT('Ctrl Pts',(1.50833459388079,82.8638923654972,33.6000000000001));
#9773=CARTESIAN_POINT('Ctrl Pts',(2.04076088662541,82.7410157270836,33.6000000000001));
#9774=CARTESIAN_POINT('Ctrl Pts',(2.40932229953197,82.6359402877704,33.6000000000001));
#9775=CARTESIAN_POINT('Ctrl Pts',(2.94646403703678,82.5597569835505,33.6000000000001));
#9776=CARTESIAN_POINT('Ctrl Pts',(3.05654195730495,82.5476768009673,33.6000000000001));
#9777=CARTESIAN_POINT('Ctrl Pts',(3.23970473220828,82.5342257518199,33.6000000000001));
#9778=CARTESIAN_POINT('Ctrl Pts',(3.31178231459326,82.5306195872932,33.6));
#9779=CARTESIAN_POINT('Ctrl Pts',(3.44157987592551,82.5272645918376,33.6));
#9780=CARTESIAN_POINT('Ctrl Pts',(3.4990372469757,82.5268827998723,33.6000000000001));
#9781=CARTESIAN_POINT('Ctrl Pts',(3.62085935802117,82.5284205725639,33.6000000000001));
#9782=CARTESIAN_POINT('Ctrl Pts',(3.68502498436294,82.5306136328393,33.5999999999996));
#9783=CARTESIAN_POINT('Ctrl Pts',(3.85476162942305,82.5400026356249,33.5999999999996));
#9784=CARTESIAN_POINT('Ctrl Pts',(3.95954282900301,82.5494608888779,33.6000000000001));
#9785=CARTESIAN_POINT('Ctrl Pts',(4.27363502672977,82.5878290184971,33.6000000000001));
#9786=CARTESIAN_POINT('Ctrl Pts',(4.47310770200753,82.6252092543346,33.6000000000001));
#9787=CARTESIAN_POINT('Ctrl Pts',(5.1451149339114,82.7757191356879,33.6000000000001));
#9788=CARTESIAN_POINT('Ctrl Pts',(5.53929895330865,82.9,33.6000000000001));
#9789=CARTESIAN_POINT('Ctrl Pts',(5.85386632576453,82.9,33.6000000000001));
#9790=CARTESIAN_POINT('Ctrl Pts',(2.50000000000001,160.632713111097,0.32899367807906));
#9791=CARTESIAN_POINT('Ctrl Pts',(1.93900131185897,160.632713111097,0.328993678079059));
#9792=CARTESIAN_POINT('Ctrl Pts',(0.62804573809277,159.564376244484,0.786261168436905));
#9793=CARTESIAN_POINT('Ctrl Pts',(2.54380348859045E-15,156.539423956608,
2.08099542722435));
#9794=CARTESIAN_POINT('Ctrl Pts',(2.4980018054066E-15,154.791838299633,
2.82899367807906));
#9795=CARTESIAN_POINT('Ctrl Pts',(2.50000000000001,160.526484840176,0.374461298234106));
#9796=CARTESIAN_POINT('Ctrl Pts',(2.00489841687248,160.526484840176,0.374461298234105));
#9797=CARTESIAN_POINT('Ctrl Pts',(0.846952772748855,159.470655303614,0.825073803786211));
#9798=CARTESIAN_POINT('Ctrl Pts',(0.36845856145014,156.489337788532,2.0988563310721));
#9799=CARTESIAN_POINT('Ctrl Pts',(0.448798950512829,154.791838299633,2.82899367807906));
#9800=CARTESIAN_POINT('Ctrl Pts',(2.50000000000001,160.331356038684,0.432442376577825));
#9801=CARTESIAN_POINT('Ctrl Pts',(2.12020883176644,160.331356038684,0.432442376577825));
#9802=CARTESIAN_POINT('Ctrl Pts',(1.23132442086689,159.279823327399,0.831348387705711));
#9803=CARTESIAN_POINT('Ctrl Pts',(1.01760302804752,156.313976115631,1.92081358522292));
#9804=CARTESIAN_POINT('Ctrl Pts',(1.22579142411458,154.643650673787,2.48277552960891));
#9805=CARTESIAN_POINT('Ctrl Pts',(2.5,160.129141219645,0.450000000000743));
#9806=CARTESIAN_POINT('Ctrl Pts',(2.23016667751853,160.129141219645,0.450000000000742));
#9807=CARTESIAN_POINT('Ctrl Pts',(1.59867994458038,159.065891554287,0.710530195824974));
#9808=CARTESIAN_POINT('Ctrl Pts',(1.40659929486676,156.058692925216,1.4069831819149));
#9809=CARTESIAN_POINT('Ctrl Pts',(1.5,154.334052327986,1.75944545774343));
#9810=CARTESIAN_POINT('Ctrl Pts',(2.5,160.042478889944,0.450000000000743));
#9811=CARTESIAN_POINT('Ctrl Pts',(2.2756005247436,160.042478889944,0.450000000000742));
#9812=CARTESIAN_POINT('Ctrl Pts',(1.75121829523711,158.974142023331,0.632906996143877));
#9813=CARTESIAN_POINT('Ctrl Pts',(1.5,155.949189735455,1.15080069965885));
#9814=CARTESIAN_POINT('Ctrl Pts',(1.5,154.20160407848,1.45000000000074));
#9815=CARTESIAN_POINT('',(2.5,160.042478889944,0.450000000000739));
#9816=CARTESIAN_POINT('',(1.73163219766613,160.350000000001,0.450000000000739));
#9817=CARTESIAN_POINT('Ctrl Pts',(1.7316321976661,160.350000000001,0.450000000000739));
#9818=CARTESIAN_POINT('Ctrl Pts',(1.78387723098242,160.350000000001,0.450000000000739));
#9819=CARTESIAN_POINT('Ctrl Pts',(1.83617002508133,160.347207731733,0.450000000001513));
#9820=CARTESIAN_POINT('Ctrl Pts',(2.02587693193064,160.325542918172,0.450000000001513));
#9821=CARTESIAN_POINT('Ctrl Pts',(2.14874081600481,160.289120278561,0.450000000000739));
#9822=CARTESIAN_POINT('Ctrl Pts',(2.29992116611655,160.212897597568,0.450000000000739));
#9823=CARTESIAN_POINT('Ctrl Pts',(2.34476920064877,160.18510381498,0.450000000000742));
#9824=CARTESIAN_POINT('Ctrl Pts',(2.42726674111559,160.121133055067,0.450000000000742));
#9825=CARTESIAN_POINT('Ctrl Pts',(2.46458985384245,160.085394160785,0.450000000000744));
#9826=CARTESIAN_POINT('Ctrl Pts',(2.49847899833261,160.044336678117,0.450000000000744));
#9827=CARTESIAN_POINT('Ctrl Pts',(2.49924073107634,160.043408800664,0.450000000000743));
#9828=CARTESIAN_POINT('Ctrl Pts',(2.5,160.042478889944,0.450000000000743));
#9829=CARTESIAN_POINT('Origin',(2.5,154.791838299633,2.82899367807906));
#9830=CARTESIAN_POINT('Origin',(2.5,154.20160407848,1.45000000000074));
#9831=CARTESIAN_POINT('Origin',(2.5,147.381175117163,1.45000000000074));
#9832=CARTESIAN_POINT('',(1.5,84.9,1.45000000000074));
#9833=CARTESIAN_POINT('',(1.5,147.381175117163,1.45000000000074));
#9834=CARTESIAN_POINT('',(2.5,84.9,0.450000000000738));
#9835=CARTESIAN_POINT('Origin',(2.5,84.9,1.45000000000074));
#9836=CARTESIAN_POINT('',(2.5,147.381175117163,0.450000000000739));
#9837=CARTESIAN_POINT('Origin',(1.5,121.625,17.0250000000004));
#9838=CARTESIAN_POINT('',(1.5,84.9,2.31250000000017));
#9839=CARTESIAN_POINT('Ctrl Pts',(-7.85386632576453,82.9,33.6000000000001));
#9840=CARTESIAN_POINT('Ctrl Pts',(-7.28440387598867,82.3825029824067,33.8214980778983));
#9841=CARTESIAN_POINT('Ctrl Pts',(-5.79176372380614,81.7383198385109,34.097220107855));
#9842=CARTESIAN_POINT('Ctrl Pts',(-3.8288515329671,82.2455233196148,33.880127849642));
#9843=CARTESIAN_POINT('Ctrl Pts',(-2.39695549061343,83.5724748445666,33.3121686107505));
#9844=CARTESIAN_POINT('Ctrl Pts',(-2.,84.7207599558765,32.8206818265036));
#9845=CARTESIAN_POINT('Ctrl Pts',(-2.,85.4902342211529,32.4913329318113));
#9846=CARTESIAN_POINT('Ctrl Pts',(-7.59771133299407,83.1382330979667,33.4980319277264));
#9847=CARTESIAN_POINT('Ctrl Pts',(-7.09792242014763,82.6612132280759,33.7017647844093));
#9848=CARTESIAN_POINT('Ctrl Pts',(-5.76235826005827,82.0617167374485,33.9578918362275));
#9849=CARTESIAN_POINT('Ctrl Pts',(-4.00059729629625,82.5341706551211,33.7550635350486));
#9850=CARTESIAN_POINT('Ctrl Pts',(-2.74358829368841,83.758816773313,33.2318218039628));
#9851=CARTESIAN_POINT('Ctrl Pts',(-2.42353149423707,84.8041163850157,32.7838788208657));
#9852=CARTESIAN_POINT('Ctrl Pts',(-2.44879895051282,85.4902342211529,32.4913329318113));
#9853=CARTESIAN_POINT('Ctrl Pts',(-7.15152181492082,83.4575794342217,33.0970018137052));
#9854=CARTESIAN_POINT('Ctrl Pts',(-6.77198265527742,83.061446679277,33.2929481563392));
#9855=CARTESIAN_POINT('Ctrl Pts',(-5.7114367533092,82.5518561246515,33.541426796893));
#9856=CARTESIAN_POINT('Ctrl Pts',(-4.30181015982755,82.9548937935791,33.3455264872607));
#9857=CARTESIAN_POINT('Ctrl Pts',(-3.34743803442181,83.9750659093203,32.8419038789875));
#9858=CARTESIAN_POINT('Ctrl Pts',(-3.16034717457326,84.817622415502,32.4177287202064));
#9859=CARTESIAN_POINT('Ctrl Pts',(-3.22582347181449,85.342061733894,32.1451501523782));
#9860=CARTESIAN_POINT('Ctrl Pts',(-6.90101236453738,83.4707067944273,32.4836224253094));
#9861=CARTESIAN_POINT('Ctrl Pts',(-6.57176062700505,83.1489414517646,32.697522275291));
#9862=CARTESIAN_POINT('Ctrl Pts',(-5.67678414047487,82.7397684706742,32.9651395169795));
#9863=CARTESIAN_POINT('Ctrl Pts',(-4.49266261495452,83.0630562607912,32.7544302398689));
#9864=CARTESIAN_POINT('Ctrl Pts',(-3.66479700574624,83.8904384670561,32.2056178166791));
#9865=CARTESIAN_POINT('Ctrl Pts',(-3.47062500865862,84.5857856257598,31.7342737185868));
#9866=CARTESIAN_POINT('Ctrl Pts',(-3.5,85.0324482495051,31.4217847114757));
#9867=CARTESIAN_POINT('Ctrl Pts',(-6.84506647186545,83.4198661593412,32.2210063219217));
#9868=CARTESIAN_POINT('Ctrl Pts',(-6.51965935770781,83.1241535778593,32.44250439982));
#9869=CARTESIAN_POINT('Ctrl Pts',(-5.66672212788922,82.7560489242045,32.7182264297767));
#9870=CARTESIAN_POINT('Ctrl Pts',(-4.54505801883834,83.0458794848353,32.5011341715637));
#9871=CARTESIAN_POINT('Ctrl Pts',(-3.72683170892196,83.8041374990935,31.9331749326721));
#9872=CARTESIAN_POINT('Ctrl Pts',(-3.5,84.460300419842,31.4416881484252));
#9873=CARTESIAN_POINT('Ctrl Pts',(-3.5,84.9,31.112339253733));
#9874=CARTESIAN_POINT('',(-7.85386632577469,82.9,33.6000000000001));
#9875=CARTESIAN_POINT('',(-3.14613367423545,82.9,33.6000000000001));
#9876=CARTESIAN_POINT('Ctrl Pts',(-7.85386632576452,82.9,33.6000000000001));
#9877=CARTESIAN_POINT('Ctrl Pts',(-7.68422208833183,82.9,33.6000000000001));
#9878=CARTESIAN_POINT('Ctrl Pts',(-7.49166540611922,82.8638923654972,33.6000000000001));
#9879=CARTESIAN_POINT('Ctrl Pts',(-6.95879985851506,82.7409143531258,33.6000000000001));
#9880=CARTESIAN_POINT('Ctrl Pts',(-6.58969184576112,82.6356587651985,33.6000000000001));
#9881=CARTESIAN_POINT('Ctrl Pts',(-6.04130176134975,82.5580621991294,33.6000000000001));
#9882=CARTESIAN_POINT('Ctrl Pts',(-5.92082511622359,82.5452566796847,33.6000000000007));
#9883=CARTESIAN_POINT('Ctrl Pts',(-5.73049276163925,82.5326524041801,33.6000000000007));
#9884=CARTESIAN_POINT('Ctrl Pts',(-5.66187291501162,82.5296468597681,33.6000000000001));
#9885=CARTESIAN_POINT('Ctrl Pts',(-5.53581306413034,82.5270295773368,33.6000000000001));
#9886=CARTESIAN_POINT('Ctrl Pts',(-5.47860443474606,82.5269372787813,33.6000000000001));
#9887=CARTESIAN_POINT('Ctrl Pts',(-5.35446946764806,82.5291159803739,33.6000000000001));
#9888=CARTESIAN_POINT('Ctrl Pts',(-5.28775943683029,82.5317813229796,33.599999999999));
#9889=CARTESIAN_POINT('Ctrl Pts',(-5.10438787238456,82.5431187842071,33.599999999999));
#9890=CARTESIAN_POINT('Ctrl Pts',(-4.98879927820874,82.5547162233682,33.6000000000001));
#9891=CARTESIAN_POINT('Ctrl Pts',(-4.63716307104761,82.6020638885043,33.6000000000001));
#9892=CARTESIAN_POINT('Ctrl Pts',(-4.42075082343468,82.6468123521578,33.5999999999814));
#9893=CARTESIAN_POINT('Ctrl Pts',(-3.77804993541993,82.7991089571793,33.5999999999814));
#9894=CARTESIAN_POINT('Ctrl Pts',(-3.42955764802255,82.9,33.6000000000001));
#9895=CARTESIAN_POINT('Ctrl Pts',(-3.14613367423547,82.9,33.6000000000001));
#9896=CARTESIAN_POINT('',(-2.,85.4902342211529,32.4913329318113));
#9897=CARTESIAN_POINT('Origin',(-5.5,85.4902342211529,32.4913329318113));
#9898=CARTESIAN_POINT('',(-3.5,84.9,31.112339253733));
#9899=CARTESIAN_POINT('Origin',(-2.,84.9,31.112339253733));
#9900=CARTESIAN_POINT('',(-5.5,82.9,32.6104025203566));
#9901=CARTESIAN_POINT('Origin',(-5.5,84.9,31.112339253733));
#9902=CARTESIAN_POINT('Ctrl Pts',(-5.5,82.9,32.6104025203566));
#9903=CARTESIAN_POINT('Ctrl Pts',(-5.50208032175017,82.9,32.6122041318403));
#9904=CARTESIAN_POINT('Ctrl Pts',(-5.50416184430849,82.9,32.6140043520419));
#9905=CARTESIAN_POINT('Ctrl Pts',(-5.82985070997661,82.9,32.8952964225579));
#9906=CARTESIAN_POINT('Ctrl Pts',(-6.26581884312319,82.9,33.2129496555822));
#9907=CARTESIAN_POINT('Ctrl Pts',(-7.14812975809579,82.9,33.532664164009));
#9908=CARTESIAN_POINT('Ctrl Pts',(-7.49902228246281,82.9,33.6000000000001));
#9909=CARTESIAN_POINT('Ctrl Pts',(-7.85386632576453,82.9,33.6000000000001));
#9910=CARTESIAN_POINT('Origin',(-2.,140.397265778848,7.35850632192222));
#9911=CARTESIAN_POINT('',(-2.,154.791838299633,2.82899367807906));
#9912=CARTESIAN_POINT('',(-3.5,154.20160407848,1.45000000000074));
#9913=CARTESIAN_POINT('Origin',(-2.,154.20160407848,1.45000000000074));
#9914=CARTESIAN_POINT('',(-3.5,140.397265778848,7.35850632192222));
#9915=CARTESIAN_POINT('',(-2.,140.987500000001,8.73750000000054));
#9916=CARTESIAN_POINT('Ctrl Pts',(-2.,154.791838299633,2.82899367807906));
#9917=CARTESIAN_POINT('Ctrl Pts',(-2.,156.539423956608,2.08099542722435));
#9918=CARTESIAN_POINT('Ctrl Pts',(-2.62804925870834,159.564366375176,0.786265392679096));
#9919=CARTESIAN_POINT('Ctrl Pts',(-3.93900131185896,160.632713111097,0.328993678079059));
#9920=CARTESIAN_POINT('Ctrl Pts',(-4.5,160.632713111097,0.32899367807906));
#9921=CARTESIAN_POINT('Ctrl Pts',(-2.44879895051282,154.791838299633,2.82899367807906));
#9922=CARTESIAN_POINT('Ctrl Pts',(-2.36845856145013,156.489337788532,2.0988563310721));
#9923=CARTESIAN_POINT('Ctrl Pts',(-2.84695383289925,159.470642753022,0.825073050058205));
#9924=CARTESIAN_POINT('Ctrl Pts',(-4.00489841687247,160.526484840176,0.374461298234105));
#9925=CARTESIAN_POINT('Ctrl Pts',(-4.5,160.526484840176,0.374461298234106));
#9926=CARTESIAN_POINT('Ctrl Pts',(-3.22579016601005,154.643650079488,2.48277414111783));
#9927=CARTESIAN_POINT('Ctrl Pts',(-3.01760176994299,156.313975521332,1.92081219673184));
#9928=CARTESIAN_POINT('Ctrl Pts',(-3.2313292002057,159.279813121029,0.831353961731176));
#9929=CARTESIAN_POINT('Ctrl Pts',(-4.12020883176643,160.331356036575,0.43244236733383));
#9930=CARTESIAN_POINT('Ctrl Pts',(-4.5,160.331356036575,0.43244236733383));
#9931=CARTESIAN_POINT('Ctrl Pts',(-3.49999999999999,154.334052327986,1.75944545774343));
#9932=CARTESIAN_POINT('Ctrl Pts',(-3.40659929486675,156.058692925216,1.4069831819149));
#9933=CARTESIAN_POINT('Ctrl Pts',(-3.59868142438643,159.06588183881,0.710534247647877));
#9934=CARTESIAN_POINT('Ctrl Pts',(-4.23016667751853,160.129141219645,0.450000000000742));
#9935=CARTESIAN_POINT('Ctrl Pts',(-4.5,160.129141219645,0.450000000000743));
#9936=CARTESIAN_POINT('Ctrl Pts',(-3.49999999999999,154.20160407848,1.45000000000074));
#9937=CARTESIAN_POINT('Ctrl Pts',(-3.49999999999999,155.949189735455,1.15080069965885));
#9938=CARTESIAN_POINT('Ctrl Pts',(-3.75121970348333,158.974132154023,0.632908685840754));
#9939=CARTESIAN_POINT('Ctrl Pts',(-4.27560052474359,160.042478889944,0.450000000000742));
#9940=CARTESIAN_POINT('Ctrl Pts',(-4.5,160.042478889944,0.450000000000743));
#9941=CARTESIAN_POINT('',(-3.73163219766613,160.350000000001,0.450000000000739));
#9942=CARTESIAN_POINT('',(-4.5,160.042478889944,0.450000000000739));
#9943=CARTESIAN_POINT('Ctrl Pts',(-4.5,160.042478889944,0.450000000000743));
#9944=CARTESIAN_POINT('Ctrl Pts',(-4.49924073107627,160.043408800664,0.450000000000743));
#9945=CARTESIAN_POINT('Ctrl Pts',(-4.49847899833266,160.044336678117,0.450000000000744));
#9946=CARTESIAN_POINT('Ctrl Pts',(-4.45763426570069,160.093821016755,0.450000000000744));
#9947=CARTESIAN_POINT('Ctrl Pts',(-4.41142124431106,160.135901402647,0.450000000000728));
#9948=CARTESIAN_POINT('Ctrl Pts',(-4.30690436469714,160.210088642528,0.450000000000728));
#9949=CARTESIAN_POINT('Ctrl Pts',(-4.24871085124768,160.241241663278,0.450000000000732));
#9950=CARTESIAN_POINT('Ctrl Pts',(-4.05838568125524,160.319535885495,0.450000000000732));
#9951=CARTESIAN_POINT('Ctrl Pts',(-3.90420281368427,160.350000000001,0.45000000000074));
#9952=CARTESIAN_POINT('Ctrl Pts',(-3.73163219766613,160.350000000001,0.45000000000074));
#9953=CARTESIAN_POINT('Origin',(-4.5,154.20160407848,1.45000000000074));
#9954=CARTESIAN_POINT('Origin',(-4.5,154.791838299633,2.82899367807906));
#9955=CARTESIAN_POINT('Origin',(-0.999999999999996,160.350000000001,0.450000000000707));
#9956=CARTESIAN_POINT('',(-1.00000000000013,160.350000000001,0.450000000000739));
#9957=CARTESIAN_POINT('',(66.4,82.9,33.6000000000001));
#9958=CARTESIAN_POINT('Origin',(-15.,140.397265778848,7.35850632192222));
#9959=CARTESIAN_POINT('',(-13.5,154.20160407848,1.45000000000074));
#9960=CARTESIAN_POINT('',(-15.,154.791838299633,2.82899367807906));
#9961=CARTESIAN_POINT('Origin',(-15.,154.20160407848,1.45000000000074));
#9962=CARTESIAN_POINT('',(-15.,85.4902342211529,32.4913329318113));
#9963=CARTESIAN_POINT('',(-15.,140.987500000001,8.73750000000054));
#9964=CARTESIAN_POINT('',(-13.5,84.9,31.112339253733));
#9965=CARTESIAN_POINT('Origin',(-15.,84.9,31.112339253733));
#9966=CARTESIAN_POINT('',(-13.5,140.397265778848,7.35850632192222));
#9967=CARTESIAN_POINT('Ctrl Pts',(-10.1549335281345,83.4198661593412,32.2210063219217));
#9968=CARTESIAN_POINT('Ctrl Pts',(-10.4803406422922,83.1241535778593,32.44250439982));
#9969=CARTESIAN_POINT('Ctrl Pts',(-11.1184948573571,82.8507526456744,32.6472903466034));
#9970=CARTESIAN_POINT('Ctrl Pts',(-12.2299384447052,82.9463356549072,32.5756956490809));
#9971=CARTESIAN_POINT('Ctrl Pts',(-13.1987782308471,83.5815199593386,32.0999225120786));
#9972=CARTESIAN_POINT('Ctrl Pts',(-13.5,84.460300419842,31.4416881484252));
#9973=CARTESIAN_POINT('Ctrl Pts',(-13.5,84.9,31.112339253733));
#9974=CARTESIAN_POINT('Ctrl Pts',(-10.080339004572,83.4876536727894,32.5711611264386));
#9975=CARTESIAN_POINT('Ctrl Pts',(-10.4104778958524,83.1570933524284,32.7822941143221));
#9976=CARTESIAN_POINT('Ctrl Pts',(-11.0905899419815,82.8436235469813,32.9787173096856));
#9977=CARTESIAN_POINT('Ctrl Pts',(-12.2840000759612,82.9529399807996,32.9099279926223));
#9978=CARTESIAN_POINT('Ctrl Pts',(-13.2976918023639,83.6778481158199,32.4538001100501));
#9979=CARTESIAN_POINT('Ctrl Pts',(-13.5400324594191,84.6280280103984,31.8310529837719));
#9980=CARTESIAN_POINT('Ctrl Pts',(-13.5,85.0765976660068,31.5249331973899));
#9981=CARTESIAN_POINT('Ctrl Pts',(-9.78696353207801,83.4258760680615,33.1810832998126));
#9982=CARTESIAN_POINT('Ctrl Pts',(-10.1827844012785,83.0168861535727,33.3751686110336));
#9983=CARTESIAN_POINT('Ctrl Pts',(-11.0034956500216,82.6283878521115,33.5578872953062));
#9984=CARTESIAN_POINT('Ctrl Pts',(-12.4483326373427,82.7635655270295,33.4942735929057));
#9985=CARTESIAN_POINT('Ctrl Pts',(-13.6698190449151,83.6612839912941,33.0713610899505));
#9986=CARTESIAN_POINT('Ctrl Pts',(-13.9383224110638,84.8338070873762,32.5084212223392));
#9987=CARTESIAN_POINT('Ctrl Pts',(-13.8765705033867,85.3823452722964,32.2392665942867));
#9988=CARTESIAN_POINT('Ctrl Pts',(-9.33824991881331,83.078674823475,33.5235239457948));
#9989=CARTESIAN_POINT('Ctrl Pts',(-9.85573229469038,82.5916243445452,33.7318863553218));
#9990=CARTESIAN_POINT('Ctrl Pts',(-10.8836330665511,82.1383319867544,33.9257856306326));
#9991=CARTESIAN_POINT('Ctrl Pts',(-12.6786836922446,82.2965463697857,33.8579713751177));
#9992=CARTESIAN_POINT('Ctrl Pts',(-14.2320411947384,83.3481200260775,33.4079061755236));
#9993=CARTESIAN_POINT('Ctrl Pts',(-14.6817401252673,84.7830183595312,32.7936765416013));
#9994=CARTESIAN_POINT('Ctrl Pts',(-14.6634007871154,85.4902342211529,32.4913329318113));
#9995=CARTESIAN_POINT('Ctrl Pts',(-9.14613367423547,82.9,33.6000000000001));
#9996=CARTESIAN_POINT('Ctrl Pts',(-9.71559612401133,82.3825029824067,33.8214980778983));
#9997=CARTESIAN_POINT('Ctrl Pts',(-10.8323660003749,81.9040513510831,34.0262840246817));
#9998=CARTESIAN_POINT('Ctrl Pts',(-12.7773922782342,82.0713216172405,33.9546893271592));
#9999=CARTESIAN_POINT('Ctrl Pts',(-14.4728619039825,83.1828941499955,33.478916190157));
#10000=CARTESIAN_POINT('Ctrl Pts',(-15.,84.7207599558765,32.8206818265036));
#10001=CARTESIAN_POINT('Ctrl Pts',(-15.,85.4902342211529,32.4913329318113));
#10002=CARTESIAN_POINT('',(-9.14613367422026,82.9,33.6000000000001));
#10003=CARTESIAN_POINT('',(-11.5,82.9,32.6104025203566));
#10004=CARTESIAN_POINT('Ctrl Pts',(-9.14613367423546,82.9,33.6000000000001));
#10005=CARTESIAN_POINT('Ctrl Pts',(-9.44139739625087,82.9,33.6000000000001));
#10006=CARTESIAN_POINT('Ctrl Pts',(-9.73451687034688,82.9000000001302,33.5532742967397));
#10007=CARTESIAN_POINT('Ctrl Pts',(-10.3591567408453,82.9000000001302,33.3641232980254));
#10008=CARTESIAN_POINT('Ctrl Pts',(-10.6784137545995,82.9,33.2068652793141));
#10009=CARTESIAN_POINT('Ctrl Pts',(-11.0299114750057,82.9,32.9748883504676));
#10010=CARTESIAN_POINT('Ctrl Pts',(-11.0811061315041,82.9,32.9394931472354));
#10011=CARTESIAN_POINT('Ctrl Pts',(-11.2567687115922,82.9,32.8127863646443));
#10012=CARTESIAN_POINT('Ctrl Pts',(-11.3768573270891,82.9,32.7167661199661));
#10013=CARTESIAN_POINT('Ctrl Pts',(-11.4958381556784,82.9,32.6140043520532));
#10014=CARTESIAN_POINT('Ctrl Pts',(-11.4979196782574,82.9,32.6122041318338));
#10015=CARTESIAN_POINT('Ctrl Pts',(-11.5,82.9,32.6104025203566));
#10016=CARTESIAN_POINT('Origin',(-11.5,84.9,31.112339253733));
#10017=CARTESIAN_POINT('',(-13.8538663257645,82.9,33.6000000000001));
#10018=CARTESIAN_POINT('Origin',(-11.5,85.4902342211529,32.4913329318113));
#10019=CARTESIAN_POINT('Ctrl Pts',(-13.8538663257645,82.9,33.6000000000001));
#10020=CARTESIAN_POINT('Ctrl Pts',(-13.684222088332,82.9,33.6000000000001));
#10021=CARTESIAN_POINT('Ctrl Pts',(-13.4916654061195,82.8638923654973,33.6000000000001));
#10022=CARTESIAN_POINT('Ctrl Pts',(-12.9592391133745,82.7410157270835,33.6000000000001));
#10023=CARTESIAN_POINT('Ctrl Pts',(-12.590677700468,82.6359402877704,33.6000000000001));
#10024=CARTESIAN_POINT('Ctrl Pts',(-12.0535359629627,82.5597569835504,33.6000000000001));
#10025=CARTESIAN_POINT('Ctrl Pts',(-11.9434580426948,82.5476768009673,33.6000000000001));
#10026=CARTESIAN_POINT('Ctrl Pts',(-11.7602952677917,82.5342257518199,33.6000000000001));
#10027=CARTESIAN_POINT('Ctrl Pts',(-11.6882176854067,82.5306195872932,33.6));
#10028=CARTESIAN_POINT('Ctrl Pts',(-11.5584201240745,82.5272645918376,33.6));
#10029=CARTESIAN_POINT('Ctrl Pts',(-11.5009627530243,82.5268827998723,33.6000000000001));
#10030=CARTESIAN_POINT('Ctrl Pts',(-11.3791406419788,82.5284205725639,33.6000000000001));
#10031=CARTESIAN_POINT('Ctrl Pts',(-11.3149750156371,82.5306136328393,33.5999999999996));
#10032=CARTESIAN_POINT('Ctrl Pts',(-11.145238370577,82.5400026356249,33.5999999999996));
#10033=CARTESIAN_POINT('Ctrl Pts',(-11.040457170997,82.5494608888779,33.6000000000001));
#10034=CARTESIAN_POINT('Ctrl Pts',(-10.7263649732703,82.5878290184971,33.6000000000001));
#10035=CARTESIAN_POINT('Ctrl Pts',(-10.5268922979926,82.6252092543345,33.6000000000001));
#10036=CARTESIAN_POINT('Ctrl Pts',(-9.85488506608868,82.7757191356879,33.6000000000001));
#10037=CARTESIAN_POINT('Ctrl Pts',(-9.46070104669137,82.9,33.6000000000001));
#10038=CARTESIAN_POINT('Ctrl Pts',(-9.14613367423548,82.9,33.6000000000001));
#10039=CARTESIAN_POINT('Ctrl Pts',(-12.5,160.632713111097,0.328993678079059));
#10040=CARTESIAN_POINT('Ctrl Pts',(-13.060998688141,160.632713111097,0.328993678079059));
#10041=CARTESIAN_POINT('Ctrl Pts',(-14.3719360327995,159.564325143001,0.786283040795385));
#10042=CARTESIAN_POINT('Ctrl Pts',(-15.,156.539423956608,2.08099542722435));
#10043=CARTESIAN_POINT('Ctrl Pts',(-15.,154.791838299633,2.82899367807906));
#10044=CARTESIAN_POINT('Ctrl Pts',(-12.5,160.526484840176,0.374461298234105));
#10045=CARTESIAN_POINT('Ctrl Pts',(-12.9951015831275,160.526484840176,0.374461298234105));
#10046=CARTESIAN_POINT('Ctrl Pts',(-14.153041737985,159.470590318928,0.825069901119555));
#10047=CARTESIAN_POINT('Ctrl Pts',(-14.6315414385499,156.489337788532,2.0988563310721));
#10048=CARTESIAN_POINT('Ctrl Pts',(-14.5512010494872,154.791838299633,2.82899367807906));
#10049=CARTESIAN_POINT('Ctrl Pts',(-12.5,160.331356027807,0.432442328901874));
#10050=CARTESIAN_POINT('Ctrl Pts',(-12.8797911682336,160.331356027807,0.432442328901874));
#10051=CARTESIAN_POINT('Ctrl Pts',(-13.768650861426,159.279770467999,0.831377224711136));
#10052=CARTESIAN_POINT('Ctrl Pts',(-13.9824034606331,156.313973050529,1.92080642407294));
#10053=CARTESIAN_POINT('Ctrl Pts',(-13.774215064566,154.643647608686,2.48276836845893));
#10054=CARTESIAN_POINT('Ctrl Pts',(-12.5,160.129141219645,0.450000000000742));
#10055=CARTESIAN_POINT('Ctrl Pts',(-12.7698333224815,160.129141219645,0.450000000000742));
#10056=CARTESIAN_POINT('Ctrl Pts',(-13.4013123932527,159.065841249315,0.710551175427703));
#10057=CARTESIAN_POINT('Ctrl Pts',(-13.5934007051332,156.058692925216,1.4069831819149));
#10058=CARTESIAN_POINT('Ctrl Pts',(-13.5,154.334052327986,1.75944545774343));
#10059=CARTESIAN_POINT('Ctrl Pts',(-12.5,160.042478889944,0.450000000000742));
#10060=CARTESIAN_POINT('Ctrl Pts',(-12.7243994752564,160.042478889944,0.450000000000742));
#10061=CARTESIAN_POINT('Ctrl Pts',(-13.2487744131198,158.974090921848,0.632915745087268));
#10062=CARTESIAN_POINT('Ctrl Pts',(-13.5,155.949189735455,1.15080069965885));
#10063=CARTESIAN_POINT('Ctrl Pts',(-13.5,154.20160407848,1.45000000000074));
#10064=CARTESIAN_POINT('',(-12.5,160.042478889944,0.450000000000739));
#10065=CARTESIAN_POINT('',(-13.2683678023339,160.350000000001,0.450000000000739));
#10066=CARTESIAN_POINT('Ctrl Pts',(-13.2683678023339,160.350000000001,0.450000000000738));
#10067=CARTESIAN_POINT('Ctrl Pts',(-13.2161227690182,160.350000000001,0.450000000000738));
#10068=CARTESIAN_POINT('Ctrl Pts',(-13.1638299749189,160.347207731733,0.450000000001503));
#10069=CARTESIAN_POINT('Ctrl Pts',(-12.974123068064,160.325542918171,0.450000000001503));
#10070=CARTESIAN_POINT('Ctrl Pts',(-12.851259183991,160.289120278559,0.45000000000074));
#10071=CARTESIAN_POINT('Ctrl Pts',(-12.7000788338834,160.212897597568,0.45000000000074));
#10072=CARTESIAN_POINT('Ctrl Pts',(-12.6552307993512,160.18510381498,0.450000000000742));
#10073=CARTESIAN_POINT('Ctrl Pts',(-12.572733258885,160.121133055067,0.450000000000742));
#10074=CARTESIAN_POINT('Ctrl Pts',(-12.5354101461579,160.085394160785,0.450000000000744));
#10075=CARTESIAN_POINT('Ctrl Pts',(-12.5015210016673,160.044336678117,0.450000000000744));
#10076=CARTESIAN_POINT('Ctrl Pts',(-12.5007592689238,160.043408800664,0.450000000000742));
#10077=CARTESIAN_POINT('Ctrl Pts',(-12.5,160.042478889944,0.450000000000742));
#10078=CARTESIAN_POINT('Origin',(-12.5,154.791838299633,2.82899367807906));
#10079=CARTESIAN_POINT('Origin',(-12.5,154.20160407848,1.45000000000074));
#10080=CARTESIAN_POINT('Origin',(-12.5,147.381175117163,1.45000000000074));
#10081=CARTESIAN_POINT('',(-13.5,84.9,1.45000000000074));
#10082=CARTESIAN_POINT('',(-13.5,147.381175117163,1.45000000000074));
#10083=CARTESIAN_POINT('',(-12.5,84.9,0.450000000000738));
#10084=CARTESIAN_POINT('Origin',(-12.5,84.9,1.45000000000074));
#10085=CARTESIAN_POINT('',(-12.5,147.381175117163,0.450000000000739));
#10086=CARTESIAN_POINT('Origin',(-13.5,121.625,17.0250000000004));
#10087=CARTESIAN_POINT('',(-13.5,84.9,2.31250000000017));
#10088=CARTESIAN_POINT('Ctrl Pts',(-22.8538663257645,82.9,33.6000000000001));
#10089=CARTESIAN_POINT('Ctrl Pts',(-22.2844038759887,82.3825029824067,33.8214980778983));
#10090=CARTESIAN_POINT('Ctrl Pts',(-21.1676367164548,81.904075115789,34.026273852958));
#10091=CARTESIAN_POINT('Ctrl Pts',(-19.2226132979822,82.071338840267,33.9546819553926));
#10092=CARTESIAN_POINT('Ctrl Pts',(-17.527156139577,83.182909707437,33.4789095312907));
#10093=CARTESIAN_POINT('Ctrl Pts',(-17.,84.7207599558765,32.8206818265036));
#10094=CARTESIAN_POINT('Ctrl Pts',(-17.,85.4902342211529,32.4913329318113));
#10095=CARTESIAN_POINT('Ctrl Pts',(-22.5977113329941,83.1382330979667,33.4980319277264));
#10096=CARTESIAN_POINT('Ctrl Pts',(-22.0979224201476,82.6612132280759,33.7017647844093));
#10097=CARTESIAN_POINT('Ctrl Pts',(-21.0989442970108,82.2162692172236,33.8917268645327));
#10098=CARTESIAN_POINT('Ctrl Pts',(-19.3538862181752,82.3714914022296,33.8249624890321));
#10099=CARTESIAN_POINT('Ctrl Pts',(-17.847702259051,83.403366058094,33.3835603783141));
#10100=CARTESIAN_POINT('Ctrl Pts',(-17.4235314942371,84.8041163850157,32.7838788208657));
#10101=CARTESIAN_POINT('Ctrl Pts',(-17.4487989505128,85.4902342211529,32.4913329318113));
#10102=CARTESIAN_POINT('Ctrl Pts',(-22.1515255886363,83.4575725959041,33.0969955390699));
#10103=CARTESIAN_POINT('Ctrl Pts',(-21.7719864289929,83.0614398409594,33.2929418817039));
#10104=CARTESIAN_POINT('Ctrl Pts',(-20.9797821115961,82.6838564934855,33.4772672084467));
#10105=CARTESIAN_POINT('Ctrl Pts',(-19.5835925224006,82.8152195542032,33.4131349711191));
#10106=CARTESIAN_POINT('Ctrl Pts',(-18.4074693714551,83.6872188052901,32.9865096382587));
#10107=CARTESIAN_POINT('Ctrl Pts',(-18.1603329174572,84.8176156807723,32.4177129855212));
#10108=CARTESIAN_POINT('Ctrl Pts',(-18.2258092146984,85.3420549991643,32.1451344176931));
#10109=CARTESIAN_POINT('Ctrl Pts',(-21.9010123645374,83.4707067944273,32.4836224253094));
#10110=CARTESIAN_POINT('Ctrl Pts',(-21.5717606270051,83.1489414517646,32.697522275291));
#10111=CARTESIAN_POINT('Ctrl Pts',(-20.9026997811666,82.8455383711006,32.896225136461));
#10112=CARTESIAN_POINT('Ctrl Pts',(-19.7297836224223,82.9513816982404,32.8268889368632));
#10113=CARTESIAN_POINT('Ctrl Pts',(-18.7274773957013,83.6536185891708,32.3657836610743));
#10114=CARTESIAN_POINT('Ctrl Pts',(-18.4706250086586,84.5857856257598,31.7342737185868));
#10115=CARTESIAN_POINT('Ctrl Pts',(-18.5,85.0324482495051,31.4217847114757));
#10116=CARTESIAN_POINT('Ctrl Pts',(-21.8450664718655,83.4198661593412,32.2210063219217));
#10117=CARTESIAN_POINT('Ctrl Pts',(-21.5196593577078,83.1241535778593,32.44250439982));
#10118=CARTESIAN_POINT('Ctrl Pts',(-20.8815066951171,82.8507662255063,32.6472801748797));
#10119=CARTESIAN_POINT('Ctrl Pts',(-19.7700647417041,82.9463454966366,32.5756882773142));
#10120=CARTESIAN_POINT('Ctrl Pts',(-18.8012320797583,83.5815288493052,32.0999158532124));
#10121=CARTESIAN_POINT('Ctrl Pts',(-18.5,84.460300419842,31.4416881484252));
#10122=CARTESIAN_POINT('Ctrl Pts',(-18.5,84.9,31.112339253733));
#10123=CARTESIAN_POINT('',(-18.1461336742355,82.9,33.6000000000001));
#10124=CARTESIAN_POINT('Ctrl Pts',(-22.8538663257645,82.9,33.6000000000001));
#10125=CARTESIAN_POINT('Ctrl Pts',(-22.6842220883318,82.9,33.6000000000001));
#10126=CARTESIAN_POINT('Ctrl Pts',(-22.4916654061192,82.8638923654972,33.6000000000001));
#10127=CARTESIAN_POINT('Ctrl Pts',(-21.9587998585151,82.7409143531258,33.6000000000001));
#10128=CARTESIAN_POINT('Ctrl Pts',(-21.5896918457611,82.6356587651985,33.6000000000001));
#10129=CARTESIAN_POINT('Ctrl Pts',(-21.0413017613497,82.5580621991294,33.6000000000001));
#10130=CARTESIAN_POINT('Ctrl Pts',(-20.9208251162236,82.5452566796847,33.6000000000007));
#10131=CARTESIAN_POINT('Ctrl Pts',(-20.7304927616384,82.53265240418,33.6000000000007));
#10132=CARTESIAN_POINT('Ctrl Pts',(-20.6618729150112,82.5296468597682,33.6000000000001));
#10133=CARTESIAN_POINT('Ctrl Pts',(-20.5358130641303,82.5270295773368,33.6000000000001));
#10134=CARTESIAN_POINT('Ctrl Pts',(-20.4786044347461,82.5269372787813,33.6000000000001));
#10135=CARTESIAN_POINT('Ctrl Pts',(-20.3544694676485,82.5291159803739,33.6000000000001));
#10136=CARTESIAN_POINT('Ctrl Pts',(-20.2877594368311,82.5317813229795,33.599999999999));
#10137=CARTESIAN_POINT('Ctrl Pts',(-20.1043878723845,82.5431187842071,33.599999999999));
#10138=CARTESIAN_POINT('Ctrl Pts',(-19.9887992782087,82.5547162233683,33.6000000000001));
#10139=CARTESIAN_POINT('Ctrl Pts',(-19.6371630710477,82.6020638885043,33.6000000000001));
#10140=CARTESIAN_POINT('Ctrl Pts',(-19.4207508234347,82.6468123521577,33.5999999999814));
#10141=CARTESIAN_POINT('Ctrl Pts',(-18.7780499354199,82.7991089571793,33.5999999999814));
#10142=CARTESIAN_POINT('Ctrl Pts',(-18.4295576480226,82.9,33.6000000000001));
#10143=CARTESIAN_POINT('Ctrl Pts',(-18.1461336742355,82.9,33.6000000000001));
#10144=CARTESIAN_POINT('',(-17.,85.4902342211529,32.4913329318113));
#10145=CARTESIAN_POINT('Origin',(-20.5,85.4902342211529,32.4913329318113));
#10146=CARTESIAN_POINT('',(-18.5,84.9,31.112339253733));
#10147=CARTESIAN_POINT('Origin',(-17.,84.9,31.112339253733));
#10148=CARTESIAN_POINT('Origin',(-20.5,84.9,31.112339253733));
#10149=CARTESIAN_POINT('Origin',(-17.,140.397265778848,7.35850632192222));
#10150=CARTESIAN_POINT('',(-17.,154.791838299633,2.82899367807906));
#10151=CARTESIAN_POINT('',(-18.5,154.20160407848,1.45000000000074));
#10152=CARTESIAN_POINT('Origin',(-17.,154.20160407848,1.45000000000074));
#10153=CARTESIAN_POINT('',(-18.5,140.397265778848,7.35850632192222));
#10154=CARTESIAN_POINT('',(-17.,140.987500000001,8.73750000000054));
#10155=CARTESIAN_POINT('Ctrl Pts',(-17.,154.791838299633,2.82899367807906));
#10156=CARTESIAN_POINT('Ctrl Pts',(-17.,156.102527542364,2.26799498993802));
#10157=CARTESIAN_POINT('Ctrl Pts',(-17.3279584666852,158.278903950009,1.33646654689834));
#10158=CARTESIAN_POINT('Ctrl Pts',(-18.379398115527,160.232938697454,0.500104353511536));
#10159=CARTESIAN_POINT('Ctrl Pts',(-19.1260008745726,160.632713111097,0.328993678079059));
#10160=CARTESIAN_POINT('Ctrl Pts',(-19.5,160.632713111097,0.328993678079059));
#10161=CARTESIAN_POINT('Ctrl Pts',(-17.4487989505128,154.791838299633,2.82899367807906));
#10162=CARTESIAN_POINT('Ctrl Pts',(-17.3885436587158,156.064962916307,2.28139066782384));
#10163=CARTESIAN_POINT('Ctrl Pts',(-17.6114461425148,158.203562520964,1.36749771313911));
#10164=CARTESIAN_POINT('Ctrl Pts',(-18.5106365237059,160.13075284735,0.542147671722232));
#10165=CARTESIAN_POINT('Ctrl Pts',(-19.169932277915,160.526484840176,0.374461298234105));
#10166=CARTESIAN_POINT('Ctrl Pts',(-19.5,160.526484840176,0.374461298234105));
#10167=CARTESIAN_POINT('Ctrl Pts',(-18.2257815660814,154.643646017082,2.48276464991583));
#10168=CARTESIAN_POINT('Ctrl Pts',(-18.0696402690311,155.896390098465,2.06129319162634));
#10169=CARTESIAN_POINT('Ctrl Pts',(-18.108915377447,158.01854816682,1.29690707287545));
#10170=CARTESIAN_POINT('Ctrl Pts',(-18.7423483654187,159.93744806281,0.581637025689554));
#10171=CARTESIAN_POINT('Ctrl Pts',(-19.2468058878443,160.33135602216,0.432442304145365));
#10172=CARTESIAN_POINT('Ctrl Pts',(-19.5,160.33135602216,0.432442304145365));
#10173=CARTESIAN_POINT('Ctrl Pts',(-18.5,154.334052327986,1.75944545774343));
#10174=CARTESIAN_POINT('Ctrl Pts',(-18.4299494711501,155.627532775908,1.49509875087203));
#10175=CARTESIAN_POINT('Ctrl Pts',(-18.4969704626469,157.78765739177,1.00919390948458));
#10176=CARTESIAN_POINT('Ctrl Pts',(-18.9611206510544,159.731183578997,0.546882589566593));
#10177=CARTESIAN_POINT('Ctrl Pts',(-19.3201111183457,160.129141219645,0.450000000000742));
#10178=CARTESIAN_POINT('Ctrl Pts',(-19.5,160.129141219645,0.450000000000742));
#10179=CARTESIAN_POINT('Ctrl Pts',(-18.5,154.20160407848,1.45000000000074));
#10180=CARTESIAN_POINT('Ctrl Pts',(-18.5,155.512293321211,1.22560052474432));
#10181=CARTESIAN_POINT('Ctrl Pts',(-18.6311833866741,157.688669728856,0.852989147528453));
#10182=CARTESIAN_POINT('Ctrl Pts',(-19.0517592462108,159.642704476301,0.518444270173727));
#10183=CARTESIAN_POINT('Ctrl Pts',(-19.3504003498291,160.042478889944,0.450000000000742));
#10184=CARTESIAN_POINT('Ctrl Pts',(-19.5,160.042478889944,0.450000000000742));
#10185=CARTESIAN_POINT('',(-18.7316321976661,160.350000000001,0.450000000000739));
#10186=CARTESIAN_POINT('',(-19.5,160.042478889944,0.450000000000739));
#10187=CARTESIAN_POINT('Ctrl Pts',(-19.5,160.042478889944,0.450000000000742));
#10188=CARTESIAN_POINT('Ctrl Pts',(-19.4992407310762,160.043408800664,0.450000000000742));
#10189=CARTESIAN_POINT('Ctrl Pts',(-19.4984789983327,160.044336678117,0.450000000000744));
#10190=CARTESIAN_POINT('Ctrl Pts',(-19.4576342657004,160.093821016756,0.450000000000744));
#10191=CARTESIAN_POINT('Ctrl Pts',(-19.4114212443101,160.135901402648,0.450000000000737));
#10192=CARTESIAN_POINT('Ctrl Pts',(-19.3069043646972,160.210088642528,0.450000000000737));
#10193=CARTESIAN_POINT('Ctrl Pts',(-19.248710851248,160.241241663278,0.450000000000742));
#10194=CARTESIAN_POINT('Ctrl Pts',(-19.0583856812558,160.319535885495,0.450000000000742));
#10195=CARTESIAN_POINT('Ctrl Pts',(-18.9042028136849,160.350000000001,0.450000000000739));
#10196=CARTESIAN_POINT('Ctrl Pts',(-18.7316321976661,160.350000000001,0.450000000000739));
#10197=CARTESIAN_POINT('Origin',(-19.5,154.20160407848,1.45000000000074));
#10198=CARTESIAN_POINT('Origin',(-19.5,154.791838299633,2.82899367807906));
#10199=CARTESIAN_POINT('Origin',(-16.,160.350000000001,0.450000000000707));
#10200=CARTESIAN_POINT('',(-8.50000000000012,160.350000000001,0.450000000000739));
#10201=CARTESIAN_POINT('',(66.4,82.9,33.6000000000001));
#10202=CARTESIAN_POINT('Ctrl Pts',(2.5,84.9,0.450000000000738));
#10203=CARTESIAN_POINT('Ctrl Pts',(2.5,84.6008006996581,0.450000000000738));
#10204=CARTESIAN_POINT('Ctrl Pts',(2.55189525176587,84.1542550834551,0.553790503532475));
#10205=CARTESIAN_POINT('Ctrl Pts',(2.83113661342908,83.2575613553364,1.11227322685889));
#10206=CARTESIAN_POINT('Ctrl Pts',(3.20080069965812,82.9,1.85160139931697));
#10207=CARTESIAN_POINT('Ctrl Pts',(3.5,82.9,2.45000000000074));
#10208=CARTESIAN_POINT('Ctrl Pts',(2.20080069965812,84.9,0.450000000000738));
#10209=CARTESIAN_POINT('Ctrl Pts',(2.20080069965812,84.5553685561581,0.450000000000738));
#10210=CARTESIAN_POINT('Ctrl Pts',(2.2902765517023,84.0487701890836,0.587709486270131));
#10211=CARTESIAN_POINT('Ctrl Pts',(2.69845436496601,83.1702423156982,1.22631136297247));
#10212=CARTESIAN_POINT('Ctrl Pts',(3.14381035673586,82.9,1.90859174223923));
#10213=CARTESIAN_POINT('Ctrl Pts',(3.5,82.9,2.45000000000074));
#10214=CARTESIAN_POINT('Ctrl Pts',(1.68294383770542,84.9,0.701249000148284));
#10215=CARTESIAN_POINT('Ctrl Pts',(1.68294383770542,84.5163365570379,0.701249000148284));
#10216=CARTESIAN_POINT('Ctrl Pts',(1.83538927311468,83.9588968683401,0.847102484049123));
#10217=CARTESIAN_POINT('Ctrl Pts',(2.46269996254374,83.1031292154717,1.44659025367822));
#10218=CARTESIAN_POINT('Ctrl Pts',(3.0440772566219,82.9,2.00832484235319));
#10219=CARTESIAN_POINT('Ctrl Pts',(3.5,82.9,2.45000000000074));
#10220=CARTESIAN_POINT('Ctrl Pts',(1.5,84.9,1.22560052474432));
#10221=CARTESIAN_POINT('Ctrl Pts',(1.5,84.5671777002923,1.22560052474432));
#10222=CARTESIAN_POINT('Ctrl Pts',(1.62916118846885,84.0758945360878,1.30561398754724));
#10223=CARTESIAN_POINT('Ctrl Pts',(2.24666481767173,83.1920418591757,1.68059710276087));
#10224=CARTESIAN_POINT('Ctrl Pts',(2.94434415650794,82.9,2.10805794246715));
#10225=CARTESIAN_POINT('Ctrl Pts',(3.5,82.9,2.45000000000074));
#10226=CARTESIAN_POINT('Ctrl Pts',(1.5,84.9,1.45000000000074));
#10227=CARTESIAN_POINT('Ctrl Pts',(1.5,84.6008006996581,1.45000000000074));
#10228=CARTESIAN_POINT('Ctrl Pts',(1.60379050353174,84.1542550834551,1.50189525176661));
#10229=CARTESIAN_POINT('Ctrl Pts',(2.16227322685815,83.2575613553364,1.78113661342982));
#10230=CARTESIAN_POINT('Ctrl Pts',(2.90160139931624,82.9,2.15080069965885));
#10231=CARTESIAN_POINT('Ctrl Pts',(3.5,82.9,2.45000000000074));
#10232=CARTESIAN_POINT('',(3.5,82.9,2.45000000000074));
#10233=CARTESIAN_POINT('Origin',(3.5,84.9,2.45000000000074));
#10234=CARTESIAN_POINT('Origin',(3.5,84.9,2.45000000000074));
#10235=CARTESIAN_POINT('Ctrl Pts',(11.5,84.9,1.45000000000074));
#10236=CARTESIAN_POINT('Ctrl Pts',(11.5,84.6008006996581,1.45000000000074));
#10237=CARTESIAN_POINT('Ctrl Pts',(11.3961941827581,84.1542759485558,1.50190290862169));
#10238=CARTESIAN_POINT('Ctrl Pts',(10.8377019325664,83.2576014256833,1.78114903371753));
#10239=CARTESIAN_POINT('Ctrl Pts',(10.0983986006838,82.9,2.15080069965885));
#10240=CARTESIAN_POINT('Ctrl Pts',(9.5,82.9,2.45000000000074));
#10241=CARTESIAN_POINT('Ctrl Pts',(11.5,84.9,1.15080069965885));
#10242=CARTESIAN_POINT('Ctrl Pts',(11.5,84.5553685561581,1.15080069965885));
#10243=CARTESIAN_POINT('Ctrl Pts',(11.362265785036,84.0487762042478,1.24029256486815));
#10244=CARTESIAN_POINT('Ctrl Pts',(10.7236625017152,83.1702508462779,1.64847238325301));
#10245=CARTESIAN_POINT('Ctrl Pts',(10.0414082577615,82.9,2.09381035673659));
#10246=CARTESIAN_POINT('Ctrl Pts',(9.5,82.9,2.45000000000074));
#10247=CARTESIAN_POINT('Ctrl Pts',(11.2487423198486,84.9,0.632954252486642));
#10248=CARTESIAN_POINT('Ctrl Pts',(11.2487423198486,84.5163365570379,0.632954252486642));
#10249=CARTESIAN_POINT('Ctrl Pts',(11.102890056515,83.9589345716545,0.785398860981475));
#10250=CARTESIAN_POINT('Ctrl Pts',(10.5034203807508,83.1031417037088,1.41269052293251));
#10251=CARTESIAN_POINT('Ctrl Pts',(9.94167515764755,82.9,1.99407725662263));
#10252=CARTESIAN_POINT('Ctrl Pts',(9.5,82.9,2.45000000000074));
#10253=CARTESIAN_POINT('Ctrl Pts',(10.7243994752564,84.9,0.450000000000737));
#10254=CARTESIAN_POINT('Ctrl Pts',(10.7243994752564,84.5671777002923,0.450000000000737));
#10255=CARTESIAN_POINT('Ctrl Pts',(10.6443812945459,84.0759168544321,0.579173466842418));
#10256=CARTESIAN_POINT('Ctrl Pts',(10.2694011044778,83.1920674734831,1.1966742996318));
#10257=CARTESIAN_POINT('Ctrl Pts',(9.84194205753359,82.9,1.89434415650867));
#10258=CARTESIAN_POINT('Ctrl Pts',(9.5,82.9,2.45000000000074));
#10259=CARTESIAN_POINT('Ctrl Pts',(10.5,84.9,0.450000000000737));
#10260=CARTESIAN_POINT('Ctrl Pts',(10.5,84.6008006996581,0.450000000000737));
#10261=CARTESIAN_POINT('Ctrl Pts',(10.4480970913791,84.1542759485558,0.553805817242645));
#10262=CARTESIAN_POINT('Ctrl Pts',(10.1688509662832,83.2576014256833,1.1122980674343));
#10263=CARTESIAN_POINT('Ctrl Pts',(9.79919930034189,82.9,1.85160139931697));
#10264=CARTESIAN_POINT('Ctrl Pts',(9.5,82.9,2.45000000000074));
#10265=CARTESIAN_POINT('',(10.5,84.9,0.450000000000738));
#10266=CARTESIAN_POINT('',(9.5,82.9,2.45000000000074));
#10267=CARTESIAN_POINT('Origin',(9.5,84.9,2.45000000000074));
#10268=CARTESIAN_POINT('',(11.5,84.9,1.45000000000074));
#10269=CARTESIAN_POINT('Origin',(9.5,84.9,2.45000000000074));
#10270=CARTESIAN_POINT('Origin',(10.5,84.9,1.45000000000074));
#10271=CARTESIAN_POINT('Origin',(9.5,84.9,2.31250000000017));
#10272=CARTESIAN_POINT('',(11.5,84.9,2.31250000000017));
#10273=CARTESIAN_POINT('',(9.5,82.9,2.31250000000017));
#10274=CARTESIAN_POINT('Origin',(-1.00000000000013,84.9,2.45000000000074));
#10275=CARTESIAN_POINT('',(-1.00000000000013,82.9,2.45000000000074));
#10276=CARTESIAN_POINT('',(-1.00000000000013,84.9,0.450000000000739));
#10277=CARTESIAN_POINT('Origin',(3.5,84.9,2.31250000000017));
#10278=CARTESIAN_POINT('',(3.5,82.9,2.31250000000017));
#10279=CARTESIAN_POINT('Origin',(-0.999999999999996,82.9,-12.4));
#10280=CARTESIAN_POINT('',(66.4,82.9,33.6000000000001));
#10281=CARTESIAN_POINT('Ctrl Pts',(-12.5,84.9,0.450000000000738));
#10282=CARTESIAN_POINT('Ctrl Pts',(-12.5,84.6008006996581,0.450000000000738));
#10283=CARTESIAN_POINT('Ctrl Pts',(-12.4480955263523,84.1542802251116,0.553808947296101));
#10284=CARTESIAN_POINT('Ctrl Pts',(-12.1688484477218,83.2576095398841,1.11230310455719));
#10285=CARTESIAN_POINT('Ctrl Pts',(-11.7991993003419,82.9,1.85160139931697));
#10286=CARTESIAN_POINT('Ctrl Pts',(-11.5,82.9,2.45000000000074));
#10287=CARTESIAN_POINT('Ctrl Pts',(-12.7991993003419,84.9,0.450000000000738));
#10288=CARTESIAN_POINT('Ctrl Pts',(-12.7991993003419,84.5553685561581,0.450000000000738));
#10289=CARTESIAN_POINT('Ctrl Pts',(-12.7097041772267,84.0487774313903,0.587739242850466));
#10290=CARTESIAN_POINT('Ctrl Pts',(-12.3015239487377,83.1702525782962,1.22634282306845));
#10291=CARTESIAN_POINT('Ctrl Pts',(-11.8561896432641,82.9,1.90859174223923));
#10292=CARTESIAN_POINT('Ctrl Pts',(-11.5,82.9,2.45000000000074));
#10293=CARTESIAN_POINT('Ctrl Pts',(-13.3170436626,84.9,0.70125941778472));
#10294=CARTESIAN_POINT('Ctrl Pts',(-13.3170436626,84.5163365570379,0.70125941778472));
#10295=CARTESIAN_POINT('Ctrl Pts',(-13.1645992308615,83.9589421626242,0.847111421763727));
#10296=CARTESIAN_POINT('Ctrl Pts',(-12.5373113453731,83.1031443050985,1.44657750461709));
#10297=CARTESIAN_POINT('Ctrl Pts',(-11.9559227433781,82.9,2.00832484235319));
#10298=CARTESIAN_POINT('Ctrl Pts',(-11.5,82.9,2.45000000000074));
#10299=CARTESIAN_POINT('Ctrl Pts',(-13.5,84.9,1.22560052474432));
#10300=CARTESIAN_POINT('Ctrl Pts',(-13.5,84.5671777002923,1.22560052474432));
#10301=CARTESIAN_POINT('Ctrl Pts',(-13.3708240433339,84.0759213960896,1.30561965864322));
#10302=CARTESIAN_POINT('Ctrl Pts',(-12.7533237588857,83.1920726865281,1.68059926958573));
#10303=CARTESIAN_POINT('Ctrl Pts',(-12.0556558434921,82.9,2.10805794246715));
#10304=CARTESIAN_POINT('Ctrl Pts',(-11.5,82.9,2.45000000000074));
#10305=CARTESIAN_POINT('Ctrl Pts',(-13.5,84.9,1.45000000000074));
#10306=CARTESIAN_POINT('Ctrl Pts',(-13.5,84.6008006996581,1.45000000000074));
#10307=CARTESIAN_POINT('Ctrl Pts',(-13.3961910527046,84.1542802251116,1.50190447364842));
#10308=CARTESIAN_POINT('Ctrl Pts',(-12.8376968954436,83.2576095398841,1.78115155227897));
#10309=CARTESIAN_POINT('Ctrl Pts',(-12.0983986006838,82.9,2.15080069965885));
#10310=CARTESIAN_POINT('Ctrl Pts',(-11.5,82.9,2.45000000000074));
#10311=CARTESIAN_POINT('',(-11.5,82.9,2.45000000000074));
#10312=CARTESIAN_POINT('Origin',(-11.5,84.9,2.45000000000074));
#10313=CARTESIAN_POINT('Origin',(-11.5,84.9,2.45000000000074));
#10314=CARTESIAN_POINT('Ctrl Pts',(-3.5,84.9,1.45000000000074));
#10315=CARTESIAN_POINT('Ctrl Pts',(-3.5,84.6008006996581,1.45000000000074));
#10316=CARTESIAN_POINT('Ctrl Pts',(-3.6037940922797,84.1542599643206,1.50189704614059));
#10317=CARTESIAN_POINT('Ctrl Pts',(-4.16227907826814,83.2575708026157,1.78113953913481));
#10318=CARTESIAN_POINT('Ctrl Pts',(-4.90160139931623,82.9,2.15080069965885));
#10319=CARTESIAN_POINT('Ctrl Pts',(-5.5,82.9,2.45000000000074));
#10320=CARTESIAN_POINT('Ctrl Pts',(-3.5,84.9,1.15080069965885));
#10321=CARTESIAN_POINT('Ctrl Pts',(-3.5,84.5553685561581,1.15080069965885));
#10322=CARTESIAN_POINT('Ctrl Pts',(-3.63771530126457,84.0487716004722,1.2402803156718));
#10323=CARTESIAN_POINT('Ctrl Pts',(-4.27631750058194,83.1702443235004,1.64845859863376));
#10324=CARTESIAN_POINT('Ctrl Pts',(-4.95859174223849,82.9,2.09381035673659));
#10325=CARTESIAN_POINT('Ctrl Pts',(-5.5,82.9,2.45000000000074));
#10326=CARTESIAN_POINT('Ctrl Pts',(-3.75125106149189,84.9,0.632946311028669));
#10327=CARTESIAN_POINT('Ctrl Pts',(-3.75125106149189,84.5163365570379,0.632946311028669));
#10328=CARTESIAN_POINT('Ctrl Pts',(-3.89710426687546,83.9589057903444,0.785391558600051));
#10329=CARTESIAN_POINT('Ctrl Pts',(-4.49658771735282,83.1031321053956,1.41269770463546));
#10330=CARTESIAN_POINT('Ctrl Pts',(-5.05832484235245,82.9,1.99407725662263));
#10331=CARTESIAN_POINT('Ctrl Pts',(-5.5,82.9,2.45000000000074));
#10332=CARTESIAN_POINT('Ctrl Pts',(-4.27560052474358,84.9,0.450000000000737));
#10333=CARTESIAN_POINT('Ctrl Pts',(-4.27560052474358,84.5671777002923,0.450000000000737));
#10334=CARTESIAN_POINT('Ctrl Pts',(-4.35561510150766,84.0758997814059,0.579164080715273));
#10335=CARTESIAN_POINT('Ctrl Pts',(-4.73059751718416,83.1920478786134,1.19666703720402));
#10336=CARTESIAN_POINT('Ctrl Pts',(-5.15805794246641,82.9,1.89434415650867));
#10337=CARTESIAN_POINT('Ctrl Pts',(-5.5,82.9,2.45000000000074));
#10338=CARTESIAN_POINT('Ctrl Pts',(-4.5,84.9,0.450000000000737));
#10339=CARTESIAN_POINT('Ctrl Pts',(-4.5,84.6008006996581,0.450000000000737));
#10340=CARTESIAN_POINT('Ctrl Pts',(-4.55189704613985,84.1542599643206,0.553794092280443));
#10341=CARTESIAN_POINT('Ctrl Pts',(-4.83113953913408,83.2575708026157,1.11227907826888));
#10342=CARTESIAN_POINT('Ctrl Pts',(-5.20080069965811,82.9,1.85160139931697));
#10343=CARTESIAN_POINT('Ctrl Pts',(-5.5,82.9,2.45000000000074));
#10344=CARTESIAN_POINT('',(-4.5,84.9,0.450000000000738));
#10345=CARTESIAN_POINT('',(-5.5,82.9,2.45000000000074));
#10346=CARTESIAN_POINT('Origin',(-5.5,84.9,2.45000000000074));
#10347=CARTESIAN_POINT('',(-3.5,84.9,1.45000000000074));
#10348=CARTESIAN_POINT('Origin',(-5.5,84.9,2.45000000000074));
#10349=CARTESIAN_POINT('Origin',(-4.5,84.9,1.45000000000074));
#10350=CARTESIAN_POINT('Origin',(-5.5,84.9,2.31250000000017));
#10351=CARTESIAN_POINT('',(-3.5,84.9,2.31250000000017));
#10352=CARTESIAN_POINT('',(-5.5,82.9,2.31250000000017));
#10353=CARTESIAN_POINT('Origin',(-1.00000000000013,84.9,2.45000000000074));
#10354=CARTESIAN_POINT('',(-1.00000000000013,82.9,2.45000000000074));
#10355=CARTESIAN_POINT('',(-1.00000000000013,84.9,0.450000000000739));
#10356=CARTESIAN_POINT('Origin',(-11.5,84.9,2.31250000000017));
#10357=CARTESIAN_POINT('',(-11.5,82.9,2.31250000000017));
#10358=CARTESIAN_POINT('Origin',(-0.999999999999996,82.9,-12.4));
#10359=CARTESIAN_POINT('',(66.4,82.9,33.6000000000001));
#10360=CARTESIAN_POINT('Origin',(-20.5,84.9,2.31250000000017));
#10361=CARTESIAN_POINT('',(-18.5,84.9,1.45000000000074));
#10362=CARTESIAN_POINT('',(-18.5,84.9,2.31250000000017));
#10363=CARTESIAN_POINT('',(-19.5,83.1679491924311,0.450000000000739));
#10364=CARTESIAN_POINT('Ctrl Pts',(-19.5,83.1679491924311,0.45000000000074));
#10365=CARTESIAN_POINT('Ctrl Pts',(-19.3691127507918,83.243516980995,0.450000000000739));
#10366=CARTESIAN_POINT('Ctrl Pts',(-19.2395099578662,83.3394131538701,0.476838194156732));
#10367=CARTESIAN_POINT('Ctrl Pts',(-19.0130745628194,83.5534046736433,0.568068788963578));
#10368=CARTESIAN_POINT('Ctrl Pts',(-18.916001355998,83.6714356837721,0.632014197512998));
#10369=CARTESIAN_POINT('Ctrl Pts',(-18.7291491001705,83.9493425508505,0.796048171939723));
#10370=CARTESIAN_POINT('Ctrl Pts',(-18.6403672020431,84.1370773919173,0.919330400700293));
#10371=CARTESIAN_POINT('Ctrl Pts',(-18.5258512978809,84.5218181388617,1.18239307454249));
#10372=CARTESIAN_POINT('Ctrl Pts',(-18.5,84.7189315005805,1.32196523620194));
#10373=CARTESIAN_POINT('Ctrl Pts',(-18.5,84.9,1.45000000000074));
#10374=CARTESIAN_POINT('Origin',(-20.5,84.9,0.450000000000739));
#10375=CARTESIAN_POINT('Origin',(18.5,84.9,-26.3624999999997));
#10376=CARTESIAN_POINT('',(16.5,84.9,-23.2499999999991));
#10377=CARTESIAN_POINT('',(16.5,84.9,-26.3624999999997));
#10378=CARTESIAN_POINT('',(17.5,83.1679491924311,-22.2499999999991));
#10379=CARTESIAN_POINT('Ctrl Pts',(17.5,83.1679491924311,-22.2499999999991));
#10380=CARTESIAN_POINT('Ctrl Pts',(17.3551946702015,83.2515525885703,-22.2499999999991));
#10381=CARTESIAN_POINT('Ctrl Pts',(17.2141133415538,83.3587082477206,-22.2825937060104));
#10382=CARTESIAN_POINT('Ctrl Pts',(16.9717206076308,83.598675098835,-22.3906239747992));
#10383=CARTESIAN_POINT('Ctrl Pts',(16.8701518593734,83.7314178452762,-22.4656345782526));
#10384=CARTESIAN_POINT('Ctrl Pts',(16.6026934501078,84.1695899628735,-22.7330929875182));
#10385=CARTESIAN_POINT('Ctrl Pts',(16.5,84.5638979137079,-23.012339935611));
#10386=CARTESIAN_POINT('Ctrl Pts',(16.5,84.9,-23.2499999999991));
#10387=CARTESIAN_POINT('',(18.5,82.9,-22.2499999999991));
#10388=CARTESIAN_POINT('Origin',(18.5,84.9,-22.249999999999));
#10389=CARTESIAN_POINT('',(18.5,82.9,-26.3624999999997));
#10390=CARTESIAN_POINT('Origin',(-0.999999999999996,82.9,-12.4));
#10391=CARTESIAN_POINT('',(20.4999999999997,82.9,0.450000000000652));
#10392=CARTESIAN_POINT('Origin',(20.4999999999997,82.9,-1.54999999999935));
#10393=CARTESIAN_POINT('',(9.74999999999986,82.9,0.450000000000652));
#10394=CARTESIAN_POINT('',(58.4,82.9,33.6000000000001));
#10395=CARTESIAN_POINT('',(66.4,82.9,33.6000000000001));
#10396=CARTESIAN_POINT('',(66.4,82.9,25.6000000000001));
#10397=CARTESIAN_POINT('Origin',(58.4,82.9,25.6000000000001));
#10398=CARTESIAN_POINT('',(66.4,82.9,-50.3999999999999));
#10399=CARTESIAN_POINT('',(66.4,82.9,-58.3999999999999));
#10400=CARTESIAN_POINT('',(58.4,82.9,-58.3999999999999));
#10401=CARTESIAN_POINT('Origin',(58.4,82.9,-50.3999999999999));
#10402=CARTESIAN_POINT('',(-68.4,82.9,-58.3999999999999));
#10403=CARTESIAN_POINT('',(20.4999999999997,82.9,-22.2499999999991));
#10404=CARTESIAN_POINT('',(4.87499999999989,82.9,-22.2499999999991));
#10405=CARTESIAN_POINT('Origin',(20.4999999999997,82.9,-20.2499999999991));
#10406=CARTESIAN_POINT('',(19.537270370359,82.9,-3.54999999999926));
#10407=CARTESIAN_POINT('',(60.5,82.9,25.6000000000001));
#10408=CARTESIAN_POINT('Origin',(58.4,82.9,25.6000000000001));
#10409=CARTESIAN_POINT('',(60.5,82.9,-50.3999999999999));
#10410=CARTESIAN_POINT('Origin',(58.4,82.9,-50.3999999999999));
#10411=CARTESIAN_POINT('',(39.1,82.9,-29.3999999999998));
#10412=CARTESIAN_POINT('Origin',(37.4,82.9,-29.3999999999998));
#10413=CARTESIAN_POINT('',(39.1,82.9,4.59999999999999));
#10414=CARTESIAN_POINT('Origin',(37.4,82.9,4.59999999999999));
#10415=CARTESIAN_POINT('Origin',(-1.00000000000001,146.725000000001,-22.249999999999));
#10416=CARTESIAN_POINT('',(17.5,134.175,-22.249999999999));
#10417=CARTESIAN_POINT('',(9.6,88.9,-22.2499999999991));
#10418=CARTESIAN_POINT('',(9.6,114.8125,-22.2499999999991));
#10419=CARTESIAN_POINT('',(3.9,88.9,-22.2499999999991));
#10420=CARTESIAN_POINT('',(2.87499999999999,88.9,-22.2499999999991));
#10421=CARTESIAN_POINT('',(3.9,114.8125,-22.2499999999991));
#10422=CARTESIAN_POINT('',(-5.90000000000001,88.9,-22.2499999999991));
#10423=CARTESIAN_POINT('',(-5.90000000000001,114.8125,-22.2499999999991));
#10424=CARTESIAN_POINT('',(-11.6,88.9,-22.2499999999991));
#10425=CARTESIAN_POINT('',(-4.87500000000001,88.9,-22.2499999999991));
#10426=CARTESIAN_POINT('',(-11.6,114.8125,-22.2499999999991));
#10427=CARTESIAN_POINT('',(-12.5,134.175,-22.2499999999991));
#10428=CARTESIAN_POINT('',(-11.3999999999998,160.350000000001,-22.249999999999));
#10429=CARTESIAN_POINT('',(-7.79999999999991,160.350000000001,-22.249999999999));
#10430=CARTESIAN_POINT('',(-11.3999999999998,167.000000000001,-22.249999999999));
#10431=CARTESIAN_POINT('',(-11.3999999999998,157.662500000001,-22.249999999999));
#10432=CARTESIAN_POINT('',(18.3000000000002,167.000000000001,-22.2499999999989));
#10433=CARTESIAN_POINT('',(-1.00000000000018,167.000000000001,-22.249999999999));
#10434=CARTESIAN_POINT('',(18.3000000000002,215.550000000001,-22.2499999999988));
#10435=CARTESIAN_POINT('',(18.3000000000002,157.662500000001,-22.249999999999));
#10436=CARTESIAN_POINT('',(20.4999999999997,215.550000000001,-22.2499999999988));
#10437=CARTESIAN_POINT('',(10.7499999999999,215.550000000001,-22.2499999999989));
#10438=CARTESIAN_POINT('',(20.4999999999997,138.724850234326,-22.249999999999));
#10439=CARTESIAN_POINT('Origin',(-1.00000000000001,146.725000000001,-22.249999999999));
#10440=CARTESIAN_POINT('',(-22.5000000000002,160.350000000001,-22.249999999999));
#10441=CARTESIAN_POINT('',(-22.5000000000002,154.137500000001,-22.249999999999));
#10442=CARTESIAN_POINT('',(-7.79999999999991,160.350000000001,-22.249999999999));
#10443=CARTESIAN_POINT('Origin',(17.5,134.175,-23.249999999999));
#10444=CARTESIAN_POINT('',(16.5,134.175,-23.249999999999));
#10445=CARTESIAN_POINT('Origin',(-12.5,134.175,-23.2499999999991));
#10446=CARTESIAN_POINT('',(-13.5,134.175,-23.2499999999991));
#10447=CARTESIAN_POINT('Origin',(10.5,147.381175117163,1.45000000000074));
#10448=CARTESIAN_POINT('',(10.5,147.381175117163,0.450000000000739));
#10449=CARTESIAN_POINT('',(11.5,147.381175117163,1.45000000000074));
#10450=CARTESIAN_POINT('Origin',(-1.00000000000025,173.137350234326,0.450000000000739));
#10451=CARTESIAN_POINT('',(20.4999999999997,215.550000000001,0.450000000000739));
#10452=CARTESIAN_POINT('',(20.4999999999997,130.724700468651,0.450000000000739));
#10453=CARTESIAN_POINT('',(-11.3715728752541,215.550000000001,0.450000000000739));
#10454=CARTESIAN_POINT('',(10.7499999999997,215.550000000001,0.450000000000739));
#10455=CARTESIAN_POINT('',(-22.5000000000002,204.421572875254,0.450000000000739));
#10456=CARTESIAN_POINT('',(-22.1639488790458,204.757623996209,0.450000000000739));
#10457=CARTESIAN_POINT('',(-22.5000000000002,130.724700468651,0.450000000000739));
#10458=CARTESIAN_POINT('',(-19.5,147.381175117163,0.450000000000739));
#10459=CARTESIAN_POINT('',(-4.5,147.381175117163,0.450000000000739));
#10460=CARTESIAN_POINT('Origin',(-4.5,147.381175117163,1.45000000000074));
#10461=CARTESIAN_POINT('',(-3.5,147.381175117163,1.45000000000074));
#10462=CARTESIAN_POINT('Origin',(-19.5,147.381175117163,1.45000000000074));
#10463=CARTESIAN_POINT('',(-18.5,147.381175117163,1.45000000000074));
#10464=CARTESIAN_POINT('Origin',(11.5,121.625,17.0250000000004));
#10465=CARTESIAN_POINT('Origin',(-18.5,121.625,17.0250000000004));
#10466=CARTESIAN_POINT('Origin',(-3.5,121.625,17.0250000000004));
#10467=CARTESIAN_POINT('Origin',(-13.5,121.625,-40.3249999999995));
#10468=CARTESIAN_POINT('Origin',(16.5,121.625,-40.3249999999995));
#10469=CARTESIAN_POINT('Origin',(-24.5000000000002,82.9,-15.2499999999992));
#10470=CARTESIAN_POINT('Origin',(-42.074540740718,87.9,-10.8999999999993));
#10471=CARTESIAN_POINT('Origin',(-42.074540740718,121.625,-3.54999999999925));
#10472=CARTESIAN_POINT('Origin',(-42.074540740718,121.625,-6.54999999999926));
#10473=CARTESIAN_POINT('Origin',(22.5000000000002,82.9,-6.54999999999926));
#10474=CARTESIAN_POINT('Origin',(40.074540740718,87.9,-10.8999999999993));
#10475=CARTESIAN_POINT('Origin',(40.074540740718,121.625,-3.54999999999925));
#10476=CARTESIAN_POINT('Origin',(-1.00000000000018,167.000000000001,-21.249999999999));
#10477=CARTESIAN_POINT('',(-11.3999999999998,168.000000000001,-21.249999999999));
#10478=CARTESIAN_POINT('Origin',(-11.3999999999998,167.000000000001,-21.249999999999));
#10479=CARTESIAN_POINT('',(17.3000000000002,168.000000000001,-21.2499999999989));
#10480=CARTESIAN_POINT('',(-1.00000000000019,168.000000000001,-21.249999999999));
#10481=CARTESIAN_POINT('Origin',(18.3000000000002,167.000000000001,-21.2499999999989));
#10482=CARTESIAN_POINT('Origin',(-11.3999999999998,157.662500000001,-21.249999999999));
#10483=CARTESIAN_POINT('',(-12.3999999999998,161.350000000001,-21.249999999999));
#10484=CARTESIAN_POINT('',(-12.3999999999998,167.000000000001,-21.249999999999));
#10485=CARTESIAN_POINT('',(-12.3999999999998,157.662500000001,-21.249999999999));
#10486=CARTESIAN_POINT('Origin',(-11.3999999999998,167.000000000001,-21.249999999999));
#10487=CARTESIAN_POINT('Origin',(-11.3999999999998,160.350000000001,-21.249999999999));
#10488=CARTESIAN_POINT('Origin',(-7.79999999999991,160.350000000001,-21.249999999999));
#10489=CARTESIAN_POINT('',(-22.5000000000002,161.350000000001,-21.249999999999));
#10490=CARTESIAN_POINT('Origin',(-22.5000000000002,160.350000000001,-21.249999999999));
#10491=CARTESIAN_POINT('',(-7.79999999999991,161.350000000001,-21.249999999999));
#10492=CARTESIAN_POINT('Ctrl Pts',(-23.5000000000002,161.350000000001,-20.249999999999));
#10493=CARTESIAN_POINT('Ctrl Pts',(-23.5000000000002,161.350000000001,-21.249999999999));
#10494=CARTESIAN_POINT('Ctrl Pts',(-22.5000000000002,161.350000000001,-21.249999999999));
#10495=CARTESIAN_POINT('Ctrl Pts',(-24.5000000000002,161.350000000001,-20.249999999999));
#10496=CARTESIAN_POINT('Ctrl Pts',(-24.5000000000002,161.350000000001,-22.249999999999));
#10497=CARTESIAN_POINT('Ctrl Pts',(-22.5000000000002,161.350000000001,-22.249999999999));
#10498=CARTESIAN_POINT('Ctrl Pts',(-24.5000000000002,160.350000000001,-20.249999999999));
#10499=CARTESIAN_POINT('Ctrl Pts',(-24.5000000000002,160.350000000001,-22.249999999999));
#10500=CARTESIAN_POINT('Ctrl Pts',(-22.5000000000002,160.350000000001,-22.249999999999));
#10501=CARTESIAN_POINT('Origin',(-22.5000000000002,161.350000000001,-20.249999999999));
#10502=CARTESIAN_POINT('Origin',(-22.5000000000002,160.350000000001,-20.249999999999));
#10503=CARTESIAN_POINT('Origin',(-11.3999999999998,167.000000000001,-21.249999999999));
#10504=CARTESIAN_POINT('Origin',(-11.3999999999998,167.000000000001,-21.249999999999));
#10505=CARTESIAN_POINT('Origin',(-1.00000000000022,168.000000000001,-22.249999999999));
#10506=CARTESIAN_POINT('',(-11.3999999999998,168.000000000001,-2.54999999999926));
#10507=CARTESIAN_POINT('',(-11.3999999999998,168.000000000001,-22.249999999999));
#10508=CARTESIAN_POINT('',(17.3000000000002,168.000000000001,-2.54999999999926));
#10509=CARTESIAN_POINT('',(-1.00000000000022,168.000000000001,-2.54999999999926));
#10510=CARTESIAN_POINT('',(17.3000000000002,168.000000000001,-12.399999999999));
#10511=CARTESIAN_POINT('Origin',(-11.3999999999998,167.000000000001,-22.249999999999));
#10512=CARTESIAN_POINT('',(-12.3999999999998,167.000000000001,-2.54999999999926));
#10513=CARTESIAN_POINT('',(-12.3999999999998,167.000000000001,-22.249999999999));
#10514=CARTESIAN_POINT('Origin',(-11.3999999999998,167.000000000001,-2.54999999999929));
#10515=CARTESIAN_POINT('Origin',(-12.3999999999998,168.600000000001,-22.249999999999));
#10516=CARTESIAN_POINT('',(-12.3999999999998,161.350000000001,-2.54999999999926));
#10517=CARTESIAN_POINT('',(-12.3999999999998,161.350000000001,-22.249999999999));
#10518=CARTESIAN_POINT('',(-12.3999999999998,170.868675117163,-2.54999999999926));
#10519=CARTESIAN_POINT('',(-12.3999999999998,163.838854382,-8.47499999999988));
#10520=CARTESIAN_POINT('Origin',(-12.3999999999998,163.838854382,-7.47499999999987));
#10521=CARTESIAN_POINT('',(-12.3999999999998,163.838854382,-18.3249999999998));
#10522=CARTESIAN_POINT('Origin',(-12.3999999999998,163.838854382,-17.3249999999998));
#10523=CARTESIAN_POINT('Origin',(5.40000000000022,215.2875,-21.2499999999993));
#10524=CARTESIAN_POINT('',(6.40000000000022,209.3,-21.2499999999993));
#10525=CARTESIAN_POINT('',(5.40000000000022,210.3,-22.2499999999993));
#10526=CARTESIAN_POINT('Origin',(5.40000000000022,210.3,-21.2499999999993));
#10527=CARTESIAN_POINT('',(5.40000000000022,216.550000000001,-22.2499999999993));
#10528=CARTESIAN_POINT('',(5.40000000000022,215.2875,-22.2499999999993));
#10529=CARTESIAN_POINT('',(6.40000000000022,216.550000000001,-21.2499999999993));
#10530=CARTESIAN_POINT('Origin',(5.40000000000022,216.550000000001,-21.2499999999993));
#10531=CARTESIAN_POINT('',(6.40000000000022,215.2875,-21.2499999999993));
#10532=CARTESIAN_POINT('Origin',(10.45,216.550000000001,-21.2499999999993));
#10533=CARTESIAN_POINT('',(-12.0585786437633,217.208578643764,-22.0025119068676));
#10534=CARTESIAN_POINT('',(-12.2000000000002,217.550000000001,-21.2499999999993));
#10535=CARTESIAN_POINT('Origin',(-11.7857864376271,216.550000000001,-21.2499999999993));
#10536=CARTESIAN_POINT('',(5.40000000000022,217.550000000001,-21.2499999999993));
#10537=CARTESIAN_POINT('',(10.45,217.550000000001,-21.2499999999993));
#10538=CARTESIAN_POINT('Origin',(5.40000000000022,216.550000000001,-21.2499999999993));
#10539=CARTESIAN_POINT('',(-11.3999999999998,216.550000000001,-22.2499999999993));
#10540=CARTESIAN_POINT('',(10.45,216.550000000001,-22.2499999999993));
#10541=CARTESIAN_POINT('Origin',(-11.3999999999998,216.550000000001,-21.2499999999993));
#10542=CARTESIAN_POINT('Origin',(5.40000000000022,216.550000000001,-21.2499999999993));
#10543=CARTESIAN_POINT('Origin',(5.40000000000022,216.550000000001,-21.2499999999993));
#10544=CARTESIAN_POINT('Origin',(6.40000000000022,217.550000000001,-2.54999999999926));
#10545=CARTESIAN_POINT('',(6.40000000000022,216.550000000001,-9.54999999999926));
#10546=CARTESIAN_POINT('',(6.40000000000022,216.550000000001,-2.54999999999926));
#10547=CARTESIAN_POINT('',(6.40000000000022,209.3,-9.54999999999926));
#10548=CARTESIAN_POINT('',(6.40000000000022,215.4875,-9.54999999999926));
#10549=CARTESIAN_POINT('',(6.40000000000022,209.3,-2.54999999999926));
#10550=CARTESIAN_POINT('Origin',(5.40000000000022,216.550000000001,-2.54999999999926));
#10551=CARTESIAN_POINT('',(5.40000000000022,217.550000000001,-9.54999999999926));
#10552=CARTESIAN_POINT('',(5.40000000000022,217.550000000001,-2.54999999999926));
#10553=CARTESIAN_POINT('Origin',(5.40000000000022,216.550000000001,-9.54999999999926));
#10554=CARTESIAN_POINT('Origin',(22.4999999999997,217.550000000001,-2.54999999999926));
#10555=CARTESIAN_POINT('',(-12.2000000000002,217.550000000001,-1.54999999999927));
#10556=CARTESIAN_POINT('',(-12.2000000000002,217.550000000001,-12.3999999999992));
#10557=CARTESIAN_POINT('',(20.4999999999997,217.550000000001,-1.54999999999926));
#10558=CARTESIAN_POINT('',(10.7499999999997,217.550000000001,-1.54999999999926));
#10559=CARTESIAN_POINT('',(20.4999999999997,217.550000000001,-20.2499999999989));
#10560=CARTESIAN_POINT('',(20.4999999999997,217.550000000001,-2.54999999999912));
#10561=CARTESIAN_POINT('',(18.3000000000002,217.550000000001,-20.2499999999989));
#10562=CARTESIAN_POINT('',(10.7499999999999,217.550000000001,-20.2499999999989));
#10563=CARTESIAN_POINT('',(18.3000000000002,217.550000000001,-9.54999999999926));
#10564=CARTESIAN_POINT('',(18.3000000000002,217.550000000001,-2.54999999999919));
#10565=CARTESIAN_POINT('',(15.3000000000002,217.550000000001,-6.54999999999926));
#10566=CARTESIAN_POINT('Origin',(15.3000000000002,217.550000000001,-9.54999999999926));
#10567=CARTESIAN_POINT('',(8.40000000000022,217.550000000001,-6.54999999999926));
#10568=CARTESIAN_POINT('',(17.175,217.550000000001,-6.54999999999926));
#10569=CARTESIAN_POINT('Origin',(8.40000000000022,217.550000000001,-9.54999999999926));
#10570=CARTESIAN_POINT('Origin',(-13.0491432188137,215.286643218814,-21.2499999999993));
#10571=CARTESIAN_POINT('',(-12.3999999999998,217.350000000001,-21.2499999999993));
#10572=CARTESIAN_POINT('Origin',(-11.3999999999998,216.935786437628,-21.2499999999993));
#10573=CARTESIAN_POINT('',(-13.7562500000002,215.993750000001,-21.2499999999993));
#10574=CARTESIAN_POINT('Origin',(-11.3999999999998,210.7625,-21.2499999999993));
#10575=CARTESIAN_POINT('',(-11.3999999999998,210.3,-22.2499999999993));
#10576=CARTESIAN_POINT('',(-11.3999999999998,210.7625,-22.2499999999993));
#10577=CARTESIAN_POINT('',(-12.3999999999998,210.3,-21.2499999999993));
#10578=CARTESIAN_POINT('Origin',(-11.3999999999998,210.3,-21.2499999999993));
#10579=CARTESIAN_POINT('',(-12.3999999999998,210.7625,-21.2499999999993));
#10580=CARTESIAN_POINT('Origin',(3.90000000000022,210.3,-21.2499999999993));
#10581=CARTESIAN_POINT('',(-11.3999999999998,209.3,-21.2499999999993));
#10582=CARTESIAN_POINT('',(3.90000000000022,209.3,-21.2499999999993));
#10583=CARTESIAN_POINT('Origin',(-11.3999999999998,210.3,-21.2499999999993));
#10584=CARTESIAN_POINT('',(3.90000000000022,210.3,-22.2499999999993));
#10585=CARTESIAN_POINT('Origin',(-11.3999999999998,210.3,-21.2499999999993));
#10586=CARTESIAN_POINT('Origin',(-11.3999999999998,210.3,-21.2499999999993));
#10587=CARTESIAN_POINT('Origin',(9.40000000000022,209.3,-2.54999999999926));
#10588=CARTESIAN_POINT('',(8.40000000000022,209.3,-7.54999999999926));
#10589=CARTESIAN_POINT('Origin',(8.40000000000022,209.3,-9.54999999999926));
#10590=CARTESIAN_POINT('',(15.3000000000002,209.3,-7.54999999999926));
#10591=CARTESIAN_POINT('',(6.40000000000022,209.3,-7.54999999999926));
#10592=CARTESIAN_POINT('',(17.3000000000002,209.3,-9.54999999999926));
#10593=CARTESIAN_POINT('Origin',(15.3000000000002,209.3,-9.54999999999926));
#10594=CARTESIAN_POINT('',(17.3000000000002,209.3,-2.54999999999926));
#10595=CARTESIAN_POINT('',(17.3000000000002,209.3,-2.54999999999919));
#10596=CARTESIAN_POINT('',(-11.3999999999998,209.3,-2.54999999999926));
#10597=CARTESIAN_POINT('',(8.14999999999998,209.3,-2.54999999999926));
#10598=CARTESIAN_POINT('',(-11.3999999999998,209.3,-2.54999999999926));
#10599=CARTESIAN_POINT('Origin',(-1.59999999999979,213.025,-22.2499999999993));
#10600=CARTESIAN_POINT('Origin',(18.3000000000002,157.662500000001,-21.249999999999));
#10601=CARTESIAN_POINT('',(17.3000000000002,215.550000000001,-21.2499999999989));
#10602=CARTESIAN_POINT('Origin',(18.3000000000002,215.550000000001,-21.2499999999989));
#10603=CARTESIAN_POINT('',(17.3000000000002,157.662500000001,-21.249999999999));
#10604=CARTESIAN_POINT('Ctrl Pts',(17.3000000000002,215.550000000001,-21.2499999999989));
#10605=CARTESIAN_POINT('Ctrl Pts',(17.3000000000002,216.550000000001,-21.2499999999989));
#10606=CARTESIAN_POINT('Ctrl Pts',(17.3000000000002,216.550000000001,-20.2499999999989));
#10607=CARTESIAN_POINT('Ctrl Pts',(17.3000000000002,215.550000000001,-22.2499999999989));
#10608=CARTESIAN_POINT('Ctrl Pts',(17.3000000000002,217.550000000001,-22.2499999999989));
#10609=CARTESIAN_POINT('Ctrl Pts',(17.3000000000002,217.550000000001,-20.2499999999989));
#10610=CARTESIAN_POINT('Ctrl Pts',(18.3000000000002,215.550000000001,-22.2499999999989));
#10611=CARTESIAN_POINT('Ctrl Pts',(18.3000000000002,217.550000000001,-22.2499999999989));
#10612=CARTESIAN_POINT('Ctrl Pts',(18.3000000000002,217.550000000001,-20.2499999999989));
#10613=CARTESIAN_POINT('',(17.3000000000002,216.550000000001,-20.2499999999989));
#10614=CARTESIAN_POINT('Origin',(18.3000000000002,216.550000000001,-20.2499999999989));
#10615=CARTESIAN_POINT('Origin',(18.3000000000002,215.550000000001,-20.2499999999989));
#10616=CARTESIAN_POINT('Origin',(17.3000000000002,215.550000000001,-20.2499999999989));
#10617=CARTESIAN_POINT('Origin',(18.3000000000002,216.550000000001,-2.54999999999919));
#10618=CARTESIAN_POINT('',(17.3000000000002,216.550000000001,-9.54999999999926));
#10619=CARTESIAN_POINT('Origin',(18.3000000000002,216.550000000001,-9.54999999999926));
#10620=CARTESIAN_POINT('',(17.3000000000002,216.550000000001,-2.54999999999919));
#10621=CARTESIAN_POINT('Origin',(15.3000000000002,216.550000000001,-9.54999999999926));
#10622=CARTESIAN_POINT('',(15.3000000000002,216.550000000001,-7.54999999999926));
#10623=CARTESIAN_POINT('Origin',(15.3000000000002,216.550000000001,-6.54999999999926));
#10624=CARTESIAN_POINT('Origin',(15.3000000000002,216.550000000001,-9.54999999999926));
#10625=CARTESIAN_POINT('Origin',(17.175,216.550000000001,-6.54999999999926));
#10626=CARTESIAN_POINT('',(8.40000000000022,216.550000000001,-7.54999999999926));
#10627=CARTESIAN_POINT('Origin',(8.40000000000022,216.550000000001,-6.54999999999926));
#10628=CARTESIAN_POINT('',(17.175,216.550000000001,-7.54999999999926));
#10629=CARTESIAN_POINT('Origin',(8.40000000000022,216.550000000001,-9.54999999999926));
#10630=CARTESIAN_POINT('Origin',(8.40000000000022,216.550000000001,-9.54999999999926));
#10631=CARTESIAN_POINT('Origin',(8.40000000000022,215.4875,-9.54999999999926));
#10632=CARTESIAN_POINT('',(8.40000000000022,215.4875,-7.54999999999926));
#10633=CARTESIAN_POINT('Origin',(11.8500000000002,213.425,-7.54999999999926));
#10634=CARTESIAN_POINT('',(15.3000000000002,191.0125,-7.54999999999926));
#10635=CARTESIAN_POINT('Origin',(15.3000000000002,191.0125,-9.54999999999926));
#10636=CARTESIAN_POINT('',(17.3000000000002,191.0125,-9.54999999999926));
#10637=CARTESIAN_POINT('Origin',(17.3000000000002,168.600000000001,-2.54999999999912));
#10638=CARTESIAN_POINT('',(17.3000000000002,170.868675117163,-2.54999999999926));
#10639=CARTESIAN_POINT('',(17.3000000000002,200.237713240272,-15.1499999999999));
#10640=CARTESIAN_POINT('',(17.3000000000002,201.825426480543,-12.3999999999999));
#10641=CARTESIAN_POINT('',(17.3000000000002,199.804835727295,-15.8997658459301));
#10642=CARTESIAN_POINT('',(17.3000000000002,200.237713240272,-9.64999999999989));
#10643=CARTESIAN_POINT('',(17.3000000000002,194.74580399352,-0.137734154069096));
#10644=CARTESIAN_POINT('',(17.3000000000002,197.062286759729,-9.64999999999988));
#10645=CARTESIAN_POINT('',(17.3000000000002,182.831143379865,-9.64999999999987));
#10646=CARTESIAN_POINT('',(17.3000000000002,195.474573519457,-12.3999999999999));
#10647=CARTESIAN_POINT('',(17.3000000000002,194.247839386344,-14.5247658459301));
#10648=CARTESIAN_POINT('',(17.3000000000002,197.062286759729,-15.1499999999999));
#10649=CARTESIAN_POINT('',(17.3000000000002,190.776520892842,-4.26273415406907));
#10650=CARTESIAN_POINT('',(17.3000000000002,184.418856620136,-15.1499999999998));
#10651=CARTESIAN_POINT('Origin',(-1.00000000000025,173.137350234326,-2.54999999999926));
#10652=CARTESIAN_POINT('',(-7.80000000000002,161.350000000001,-2.54999999999926));
#10653=CARTESIAN_POINT('',(-12.3999999999998,217.350000000001,-2.54999999999926));
#10654=CARTESIAN_POINT('',(-23.5781624414189,206.171837558582,-2.54999999999926));
#10655=CARTESIAN_POINT('',(-12.3999999999998,210.3,-2.54999999999926));
#10656=CARTESIAN_POINT('',(-12.3999999999998,190.818675117163,-2.54999999999926));
#10657=CARTESIAN_POINT('Origin',(-11.3999999999998,210.3,-2.54999999999926));
#10658=CARTESIAN_POINT('Origin',(10.7499999999999,215.550000000001,-20.2499999999989));
#10659=CARTESIAN_POINT('Origin',(20.4999999999997,215.550000000001,-20.2499999999989));
#10660=CARTESIAN_POINT('Origin',(20.4999999999997,138.724850234326,-20.249999999999));
#10661=CARTESIAN_POINT('Origin',(20.4999999999997,215.550000000001,-20.2499999999988));
#10662=CARTESIAN_POINT('Origin',(20.4999999999997,215.550000000001,-20.2499999999989));
#10663=CARTESIAN_POINT('Origin',(20.4999999999997,215.550000000001,-20.2499999999989));
#10664=CARTESIAN_POINT('Origin',(-22.5000000000002,154.137500000001,-20.249999999999));
#10665=CARTESIAN_POINT('Origin',(22.4999999999997,198.65,-12.3999999999999));
#10666=CARTESIAN_POINT('',(20.4999999999997,198.65,-10.6999999999999));
#10667=CARTESIAN_POINT('Origin',(20.4999999999997,198.65,-12.3999999999999));
#10668=CARTESIAN_POINT('',(22.4999999999997,198.65,-10.6999999999999));
#10669=CARTESIAN_POINT('Origin',(20.4999999999997,198.65,-12.3999999999999));
#10670=CARTESIAN_POINT('',(20.4999999999997,197.062286759729,-15.1499999999999));
#10671=CARTESIAN_POINT('',(20.4999999999997,200.237713240272,-15.1499999999999));
#10672=CARTESIAN_POINT('',(20.4999999999997,199.443856620136,-15.1499999999999));
#10673=CARTESIAN_POINT('',(20.4999999999997,195.474573519457,-12.3999999999999));
#10674=CARTESIAN_POINT('',(20.4999999999997,196.665358449661,-14.4624999999999));
#10675=CARTESIAN_POINT('',(20.4999999999997,197.062286759729,-9.64999999999988));
#10676=CARTESIAN_POINT('',(20.4999999999997,195.871501829525,-11.7124999999999));
#10677=CARTESIAN_POINT('',(20.4999999999997,200.237713240272,-9.64999999999989));
#10678=CARTESIAN_POINT('',(20.4999999999997,197.856143379864,-9.64999999999988));
#10679=CARTESIAN_POINT('',(20.4999999999997,201.825426480543,-12.3999999999999));
#10680=CARTESIAN_POINT('',(20.4999999999997,200.634641550339,-10.3374999999999));
#10681=CARTESIAN_POINT('',(20.4999999999997,201.428498170475,-13.0874999999999));
#10682=CARTESIAN_POINT('Origin',(22.4999999999997,197.062286759729,-9.64999999999988));
#10683=CARTESIAN_POINT('',(22.4999999999997,197.062286759729,-9.64999999999988));
#10684=CARTESIAN_POINT('',(22.4999999999997,200.237713240272,-9.64999999999989));
#10685=CARTESIAN_POINT('Origin',(22.4999999999997,195.474573519457,-12.3999999999999));
#10686=CARTESIAN_POINT('',(22.4999999999997,195.474573519457,-12.3999999999999));
#10687=CARTESIAN_POINT('Origin',(22.4999999999997,197.062286759729,-15.1499999999999));
#10688=CARTESIAN_POINT('',(22.4999999999997,197.062286759729,-15.1499999999999));
#10689=CARTESIAN_POINT('Origin',(22.4999999999997,200.237713240272,-15.1499999999999));
#10690=CARTESIAN_POINT('',(22.4999999999997,200.237713240272,-15.1499999999999));
#10691=CARTESIAN_POINT('Origin',(22.4999999999997,201.825426480543,-12.3999999999999));
#10692=CARTESIAN_POINT('',(22.4999999999997,201.825426480543,-12.3999999999999));
#10693=CARTESIAN_POINT('Origin',(22.4999999999997,200.237713240272,-9.64999999999988));
#10694=CARTESIAN_POINT('Origin',(-11.3999999999998,210.3,-2.54999999999926));
#10695=CARTESIAN_POINT('',(-12.3999999999998,210.3,-2.54999999999926));
#10696=CARTESIAN_POINT('Origin',(-12.3999999999998,208.5,-2.54999999999926));
#10697=CARTESIAN_POINT('',(-12.3999999999998,217.350000000001,-7.47499999999922));
#10698=CARTESIAN_POINT('',(-12.3999999999998,213.261145618,-8.47499999999993));
#10699=CARTESIAN_POINT('Origin',(-12.3999999999998,213.261145618,-7.47499999999993));
#10700=CARTESIAN_POINT('',(-12.3999999999998,213.261145618,-18.3249999999999));
#10701=CARTESIAN_POINT('Origin',(-12.3999999999998,213.261145618,-17.3249999999999));
#10702=CARTESIAN_POINT('Origin',(6.74999999999999,82.9,-17.875));
#10703=CARTESIAN_POINT('',(4.99999999999999,88.9,-17.875));
#10704=CARTESIAN_POINT('Origin',(6.74999999999999,88.9,-17.875));
#10705=CARTESIAN_POINT('',(4.99999999999999,92.9,-17.875));
#10706=CARTESIAN_POINT('',(4.99999999999999,82.9,-17.875));
#10707=CARTESIAN_POINT('Origin',(6.74999999999999,92.9,-17.875));
#10708=CARTESIAN_POINT('Origin',(22.4999999999997,92.9,-2.54999999999912));
#10709=CARTESIAN_POINT('Origin',(6.75,88.9,-26.9317510952056));
#10710=CARTESIAN_POINT('',(9.59999999999999,88.9,-16.2295517328096));
#10711=CARTESIAN_POINT('',(9.6,88.9,-21.6095189274671));
#10712=CARTESIAN_POINT('',(6.74999999999999,88.9,-14.5841034656191));
#10713=CARTESIAN_POINT('',(9.44834413105014,88.9,-16.1419931760472));
#10714=CARTESIAN_POINT('',(3.89999999999999,88.9,-16.2295517328096));
#10715=CARTESIAN_POINT('',(2.67665586894984,88.9,-16.9358497961829));
#10716=CARTESIAN_POINT('',(3.90000000000001,88.9,-33.0478398830799));
#10717=CARTESIAN_POINT('Origin',(3.90000000000001,82.9,-39.1639286709542));
#10718=CARTESIAN_POINT('',(3.89999999999999,82.9,-16.2295517328096));
#10719=CARTESIAN_POINT('Origin',(9.59999999999999,82.9,-16.2872867597285));
#10720=CARTESIAN_POINT('',(9.59999999999999,82.9,-16.2295517328096));
#10721=CARTESIAN_POINT('Origin',(6.79999999999999,82.9,-14.6129709790786));
#10722=CARTESIAN_POINT('',(6.74999999999999,82.9,-14.5841034656191));
#10723=CARTESIAN_POINT('Origin',(3.94999999999999,82.9,-16.2006842193501));
#10724=CARTESIAN_POINT('Origin',(-0.599999999999781,163.838854382,-7.47499999999987));
#10725=CARTESIAN_POINT('',(-0.599999999999781,163.838854382,-8.47499999999987));
#10726=CARTESIAN_POINT('Origin',(-0.599999999999781,163.838854382,-7.47499999999987));
#10727=CARTESIAN_POINT('Origin',(-12.5999999999998,213.261145618,-17.3249999999999));
#10728=CARTESIAN_POINT('',(-0.599999999999781,213.261145618,-18.3249999999999));
#10729=CARTESIAN_POINT('',(-12.5999999999998,213.261145618,-18.3249999999999));
#10730=CARTESIAN_POINT('Origin',(-0.599999999999781,213.261145618,-17.3249999999999));
#10731=CARTESIAN_POINT('Origin',(-0.599999999999781,213.261145618,-17.3249999999999));
#10732=CARTESIAN_POINT('Origin',(-0.599999999999781,163.838854382,-17.3249999999998));
#10733=CARTESIAN_POINT('',(-0.599999999999781,163.838854382,-18.3249999999998));
#10734=CARTESIAN_POINT('Origin',(-0.599999999999781,163.838854382,-17.3249999999998));
#10735=CARTESIAN_POINT('Origin',(-12.5999999999998,213.261145618,-7.47499999999993));
#10736=CARTESIAN_POINT('',(-0.599999999999781,213.261145618,-8.47499999999993));
#10737=CARTESIAN_POINT('',(-12.5999999999998,213.261145618,-8.47499999999993));
#10738=CARTESIAN_POINT('Origin',(-0.599999999999781,213.261145618,-7.47499999999993));
#10739=CARTESIAN_POINT('Origin',(-0.599999999999781,213.261145618,-7.47499999999993));
#10740=CARTESIAN_POINT('Origin',(-14.5999999999998,161.350000000001,-22.249999999999));
#10741=CARTESIAN_POINT('Origin',(-18.3500000000002,211.400000000001,-12.3999999999992));
#10742=CARTESIAN_POINT('',(-23.5781624414189,206.171837558582,-1.54999999999926));
#10743=CARTESIAN_POINT('Origin',(-22.5000000000002,167.343675117163,-1.54999999999926));
#10744=CARTESIAN_POINT('Origin',(-22.5000000000002,204.421572875254,-1.54999999999926));
#10745=CARTESIAN_POINT('Origin',(-22.1639488790458,204.757623996209,-1.54999999999926));
#10746=CARTESIAN_POINT('Origin',(-11.3715728752541,215.550000000001,-1.54999999999926));
#10747=CARTESIAN_POINT('Origin',(10.7499999999997,215.550000000001,-1.54999999999926));
#10748=CARTESIAN_POINT('Origin',(20.4999999999997,215.550000000001,-1.54999999999926));
#10749=CARTESIAN_POINT('Origin',(20.4999999999997,215.550000000001,-2.54999999999926));
#10750=CARTESIAN_POINT('Origin',(20.4999999999997,215.550000000001,-1.54999999999926));
#10751=CARTESIAN_POINT('Origin',(20.4999999999997,151.931025351489,-1.54999999999926));
#10752=CARTESIAN_POINT('Origin',(20.4999999999997,215.550000000001,-1.54999999999926));
#10753=CARTESIAN_POINT('Origin',(20.4999999999997,215.550000000001,-1.54999999999926));
#10754=CARTESIAN_POINT('Origin',(40.15,80.4,-27.8122867597284));
#10755=CARTESIAN_POINT('',(40.15,80.4,-30.9877132402713));
#10756=CARTESIAN_POINT('',(40.15,80.4,-27.8122867597284));
#10757=CARTESIAN_POINT('',(40.15,80.4,-20.1061433798642));
#10758=CARTESIAN_POINT('',(40.15,77.9,-30.9877132402713));
#10759=CARTESIAN_POINT('',(40.15,80.4,-30.9877132402713));
#10760=CARTESIAN_POINT('',(40.15,77.9,-27.8122867597284));
#10761=CARTESIAN_POINT('',(40.15,77.9,-30.9877132402713));
#10762=CARTESIAN_POINT('',(40.15,80.4,-27.8122867597284));
#10763=CARTESIAN_POINT('Origin',(40.15,80.4,-30.9877132402713));
#10764=CARTESIAN_POINT('',(37.4,80.4,-32.5754264805428));
#10765=CARTESIAN_POINT('',(28.7431079660839,80.4,-37.5734854266698));
#10766=CARTESIAN_POINT('',(37.4,77.9,-32.5754264805428));
#10767=CARTESIAN_POINT('',(37.4,80.4,-32.5754264805428));
#10768=CARTESIAN_POINT('',(37.4,77.9,-32.5754264805428));
#10769=CARTESIAN_POINT('Origin',(37.4,80.4,-32.5754264805428));
#10770=CARTESIAN_POINT('',(34.65,80.4,-30.9877132402713));
#10771=CARTESIAN_POINT('',(18.6318920339162,80.4,-21.7396542941443));
#10772=CARTESIAN_POINT('',(34.65,77.9,-30.9877132402713));
#10773=CARTESIAN_POINT('',(34.65,80.4,-30.9877132402713));
#10774=CARTESIAN_POINT('',(34.65,77.9,-30.9877132402713));
#10775=CARTESIAN_POINT('Origin',(34.65,80.4,-30.9877132402713));
#10776=CARTESIAN_POINT('',(34.65,80.4,-27.8122867597284));
#10777=CARTESIAN_POINT('',(34.65,80.4,-21.6938566201357));
#10778=CARTESIAN_POINT('',(34.65,77.9,-27.8122867597284));
#10779=CARTESIAN_POINT('',(34.65,80.4,-27.8122867597284));
#10780=CARTESIAN_POINT('',(34.65,77.9,-27.8122867597284));
#10781=CARTESIAN_POINT('Origin',(34.65,80.4,-27.8122867597284));
#10782=CARTESIAN_POINT('',(37.4,80.4,-26.2245735194569));
#10783=CARTESIAN_POINT('',(24.618107966084,80.4,-33.6042023259912));
#10784=CARTESIAN_POINT('',(37.4,77.9,-26.2245735194569));
#10785=CARTESIAN_POINT('',(37.4,80.4,-26.2245735194569));
#10786=CARTESIAN_POINT('',(37.4,77.9,-26.2245735194569));
#10787=CARTESIAN_POINT('Origin',(37.4,80.4,-26.2245735194569));
#10788=CARTESIAN_POINT('',(20.0068920339161,80.4,-16.1826579531943));
#10789=CARTESIAN_POINT('',(40.15,77.9,-27.8122867597284));
#10790=CARTESIAN_POINT('Origin',(45.4,77.9,-39.9));
#10791=CARTESIAN_POINT('',(30.4,77.9,-39.9));
#10792=CARTESIAN_POINT('',(30.4,77.9,-39.9));
#10793=CARTESIAN_POINT('',(-32.4,77.9,-39.9));
#10794=CARTESIAN_POINT('',(-32.4,77.9,-39.9));
#10795=CARTESIAN_POINT('',(22.2,77.9,-39.9));
#10796=CARTESIAN_POINT('Origin',(-32.4,75.9,-40.));
#10797=CARTESIAN_POINT('',(-32.4,77.9,-27.3));
#10798=CARTESIAN_POINT('',(-32.4,77.9,-23.8));
#10799=CARTESIAN_POINT('',(-32.4,78.15,-27.3));
#10800=CARTESIAN_POINT('Origin',(-49.9,77.9,-37.4));
#10801=CARTESIAN_POINT('',(-49.9,77.9,-23.8));
#10802=CARTESIAN_POINT('',(-49.9,79.15,-23.8));
#10803=CARTESIAN_POINT('',(-49.9,77.9,-0.999999999999956));
#10804=CARTESIAN_POINT('',(-49.9,79.15,-0.999999999999957));
#10805=CARTESIAN_POINT('',(-49.9,77.9,-24.9));
#10806=CARTESIAN_POINT('Origin',(-47.4,77.9,15.1));
#10807=CARTESIAN_POINT('',(30.4,77.9,15.1));
#10808=CARTESIAN_POINT('',(30.4,77.9,15.1));
#10809=CARTESIAN_POINT('',(-32.4,77.9,15.1));
#10810=CARTESIAN_POINT('',(-0.999999999999999,77.9,15.1));
#10811=CARTESIAN_POINT('',(-32.4,77.9,15.1));
#10812=CARTESIAN_POINT('Origin',(47.9,77.9,12.6));
#10813=CARTESIAN_POINT('',(47.9,77.9,-23.7999999999997));
#10814=CARTESIAN_POINT('',(47.9,79.15,-23.7999999999997));
#10815=CARTESIAN_POINT('',(47.9,77.9,-0.99999999999996));
#10816=CARTESIAN_POINT('',(47.9,77.9,0.0999999999999868));
#10817=CARTESIAN_POINT('',(47.9,79.15,-0.99999999999996));
#10818=CARTESIAN_POINT('Origin',(-0.999999999999996,80.4,-12.4));
#10819=CARTESIAN_POINT('',(39.1,80.4,-29.3999999999998));
#10820=CARTESIAN_POINT('Origin',(37.4,80.4,-29.3999999999998));
#10821=CARTESIAN_POINT('Origin',(-46.4,80.4,-0.999999999999955));
#10822=CARTESIAN_POINT('',(-35.9,77.9,-0.999999999999955));
#10823=CARTESIAN_POINT('',(-35.9,78.15,-0.999999999999955));
#10824=CARTESIAN_POINT('',(-46.4,77.9,-0.999999999999955));
#10825=CARTESIAN_POINT('Origin',(30.4,80.4,-0.999999999999961));
#10826=CARTESIAN_POINT('',(33.9,77.9,-0.999999999999961));
#10827=CARTESIAN_POINT('',(33.9,78.15,-0.999999999999961));
#10828=CARTESIAN_POINT('',(44.4,77.9,-0.99999999999996));
#10829=CARTESIAN_POINT('Origin',(8.49999999999999,80.4,-15.875));
#10830=CARTESIAN_POINT('',(8.49999999999999,80.4,-15.875));
#10831=CARTESIAN_POINT('Origin',(10.2141016151377,80.4,-15.875));
#10832=CARTESIAN_POINT('',(10.2141016151377,80.4,-15.875));
#10833=CARTESIAN_POINT('Origin',(6.74999999999999,80.4,-17.875));
#10834=CARTESIAN_POINT('Origin',(-8.75000000000001,80.4,-17.875));
#10835=CARTESIAN_POINT('',(-10.5,88.9,-17.875));
#10836=CARTESIAN_POINT('Origin',(-8.75000000000001,88.9,-17.875));
#10837=CARTESIAN_POINT('',(-10.5,92.8997004686513,-17.875));
#10838=CARTESIAN_POINT('',(-10.5,80.4,-17.875));
#10839=CARTESIAN_POINT('Origin',(-8.75000000000001,92.8997004686513,-17.875));
#10840=CARTESIAN_POINT('Origin',(-5.28589838486225,80.4,-15.875));
#10841=CARTESIAN_POINT('',(-5.28589838486225,80.4,-15.875));
#10842=CARTESIAN_POINT('Origin',(-8.75000000000001,80.4,-17.875));
#10843=CARTESIAN_POINT('',(-12.2141016151378,80.4,-15.875));
#10844=CARTESIAN_POINT('Origin',(-10.5,80.4,-15.875));
#10845=CARTESIAN_POINT('Origin',(37.4,80.4,-29.3999999999998));
#10846=CARTESIAN_POINT('',(39.1,80.4,-29.3999999999998));
#10847=CARTESIAN_POINT('Origin',(-36.65,80.4,-27.8122867597285));
#10848=CARTESIAN_POINT('',(-36.65,80.4,-30.9877132402715));
#10849=CARTESIAN_POINT('',(-36.65,80.4,-27.8122867597285));
#10850=CARTESIAN_POINT('',(-36.65,80.4,-20.1061433798643));
#10851=CARTESIAN_POINT('',(-36.65,77.9,-30.9877132402715));
#10852=CARTESIAN_POINT('',(-36.65,80.4,-30.9877132402715));
#10853=CARTESIAN_POINT('',(-36.65,77.9,-27.8122867597285));
#10854=CARTESIAN_POINT('',(-36.65,77.9,-27.8122867597285));
#10855=CARTESIAN_POINT('',(-36.65,80.4,-27.8122867597285));
#10856=CARTESIAN_POINT('Origin',(-36.65,80.4,-30.9877132402715));
#10857=CARTESIAN_POINT('',(-39.4,80.4,-32.5754264805429));
#10858=CARTESIAN_POINT('',(-19.2568920339162,80.4,-20.9457976740087));
#10859=CARTESIAN_POINT('',(-39.4,77.9,-32.5754264805429));
#10860=CARTESIAN_POINT('',(-39.4,80.4,-32.5754264805429));
#10861=CARTESIAN_POINT('',(-36.65,77.9,-30.9877132402715));
#10862=CARTESIAN_POINT('Origin',(-39.4,80.4,-32.5754264805429));
#10863=CARTESIAN_POINT('',(-42.15,80.4,-30.9877132402715));
#10864=CARTESIAN_POINT('',(-29.3681079660838,80.4,-38.3673420468057));
#10865=CARTESIAN_POINT('',(-42.15,77.9,-30.9877132402715));
#10866=CARTESIAN_POINT('',(-42.15,80.4,-30.9877132402715));
#10867=CARTESIAN_POINT('',(-39.4,77.9,-32.5754264805429));
#10868=CARTESIAN_POINT('Origin',(-42.15,80.4,-30.9877132402715));
#10869=CARTESIAN_POINT('',(-42.15,80.4,-27.8122867597286));
#10870=CARTESIAN_POINT('',(-42.15,80.4,-21.6938566201358));
#10871=CARTESIAN_POINT('',(-42.15,77.9,-27.8122867597286));
#10872=CARTESIAN_POINT('',(-42.15,80.4,-27.8122867597286));
#10873=CARTESIAN_POINT('',(-42.15,77.9,-30.9877132402715));
#10874=CARTESIAN_POINT('Origin',(-42.15,80.4,-27.8122867597286));
#10875=CARTESIAN_POINT('',(-39.4,80.4,-26.2245735194571));
#10876=CARTESIAN_POINT('',(-23.3818920339162,80.4,-16.97651457333));
#10877=CARTESIAN_POINT('',(-39.4,77.9,-26.2245735194571));
#10878=CARTESIAN_POINT('',(-39.4,80.4,-26.2245735194571));
#10879=CARTESIAN_POINT('',(-42.15,77.9,-27.8122867597286));
#10880=CARTESIAN_POINT('Origin',(-39.4,80.4,-26.2245735194571));
#10881=CARTESIAN_POINT('',(-27.9931079660839,80.4,-32.8103457058555));
#10882=CARTESIAN_POINT('',(-39.4,77.9,-26.2245735194571));
#10883=CARTESIAN_POINT('Origin',(-42.15,80.4,3.01228675972854));
#10884=CARTESIAN_POINT('',(-42.15,80.4,6.18771324027148));
#10885=CARTESIAN_POINT('',(-42.15,80.4,3.01228675972854));
#10886=CARTESIAN_POINT('',(-42.15,80.4,-4.69385662013574));
#10887=CARTESIAN_POINT('',(-42.15,77.9,6.18771324027148));
#10888=CARTESIAN_POINT('',(-42.15,80.4,6.18771324027148));
#10889=CARTESIAN_POINT('',(-42.15,77.9,3.01228675972854));
#10890=CARTESIAN_POINT('',(-42.15,77.9,6.18771324027148));
#10891=CARTESIAN_POINT('',(-42.15,80.4,3.01228675972854));
#10892=CARTESIAN_POINT('Origin',(-42.15,80.4,6.18771324027148));
#10893=CARTESIAN_POINT('',(-39.4,80.4,7.77542648054295));
#10894=CARTESIAN_POINT('',(-30.7431079660839,80.4,12.77348542667));
#10895=CARTESIAN_POINT('',(-39.4,77.9,7.77542648054295));
#10896=CARTESIAN_POINT('',(-39.4,80.4,7.77542648054295));
#10897=CARTESIAN_POINT('',(-39.4,77.9,7.77542648054295));
#10898=CARTESIAN_POINT('Origin',(-39.4,80.4,7.77542648054295));
#10899=CARTESIAN_POINT('',(-36.65,80.4,6.18771324027148));
#10900=CARTESIAN_POINT('',(-20.6318920339162,80.4,-3.06034570585556));
#10901=CARTESIAN_POINT('',(-36.65,77.9,6.18771324027148));
#10902=CARTESIAN_POINT('',(-36.65,80.4,6.18771324027148));
#10903=CARTESIAN_POINT('',(-36.65,77.9,6.18771324027148));
#10904=CARTESIAN_POINT('Origin',(-36.65,80.4,6.18771324027148));
#10905=CARTESIAN_POINT('',(-36.65,80.4,3.01228675972854));
#10906=CARTESIAN_POINT('',(-36.65,80.4,-3.10614337986424));
#10907=CARTESIAN_POINT('',(-36.65,77.9,3.01228675972854));
#10908=CARTESIAN_POINT('',(-36.65,80.4,3.01228675972854));
#10909=CARTESIAN_POINT('',(-36.65,77.9,3.01228675972854));
#10910=CARTESIAN_POINT('Origin',(-36.65,80.4,3.01228675972854));
#10911=CARTESIAN_POINT('',(-39.4,80.4,1.42457351945707));
#10912=CARTESIAN_POINT('',(-26.6181079660839,80.4,8.80420232599129));
#10913=CARTESIAN_POINT('',(-39.4,77.9,1.42457351945707));
#10914=CARTESIAN_POINT('',(-39.4,80.4,1.42457351945707));
#10915=CARTESIAN_POINT('',(-39.4,77.9,1.42457351945707));
#10916=CARTESIAN_POINT('Origin',(-39.4,80.4,1.42457351945707));
#10917=CARTESIAN_POINT('',(-22.0068920339162,80.4,-8.61734204680574));
#10918=CARTESIAN_POINT('',(-42.15,77.9,3.01228675972854));
#10919=CARTESIAN_POINT('Origin',(34.65,80.4,3.01228675972852));
#10920=CARTESIAN_POINT('',(34.65,80.4,6.18771324027146));
#10921=CARTESIAN_POINT('',(34.65,80.4,3.01228675972852));
#10922=CARTESIAN_POINT('',(34.65,80.4,-4.69385662013572));
#10923=CARTESIAN_POINT('',(34.65,77.9,6.18771324027146));
#10924=CARTESIAN_POINT('',(34.65,80.4,6.18771324027146));
#10925=CARTESIAN_POINT('',(34.65,77.9,3.01228675972852));
#10926=CARTESIAN_POINT('',(34.65,77.9,3.01228675972852));
#10927=CARTESIAN_POINT('',(34.65,80.4,3.01228675972852));
#10928=CARTESIAN_POINT('Origin',(34.65,80.4,6.18771324027146));
#10929=CARTESIAN_POINT('',(37.4,80.4,7.77542648054293));
#10930=CARTESIAN_POINT('',(17.2568920339161,80.4,-3.85420232599128));
#10931=CARTESIAN_POINT('',(37.4,77.9,7.77542648054293));
#10932=CARTESIAN_POINT('',(37.4,80.4,7.77542648054293));
#10933=CARTESIAN_POINT('',(34.65,77.9,6.18771324027146));
#10934=CARTESIAN_POINT('Origin',(37.4,80.4,7.77542648054293));
#10935=CARTESIAN_POINT('',(40.15,80.4,6.18771324027146));
#10936=CARTESIAN_POINT('',(27.3681079660839,80.4,13.5673420468057));
#10937=CARTESIAN_POINT('',(40.15,77.9,6.18771324027146));
#10938=CARTESIAN_POINT('',(40.15,80.4,6.18771324027146));
#10939=CARTESIAN_POINT('',(37.4,77.9,7.77542648054293));
#10940=CARTESIAN_POINT('Origin',(40.15,80.4,6.18771324027146));
#10941=CARTESIAN_POINT('',(40.15,80.4,3.01228675972853));
#10942=CARTESIAN_POINT('',(40.15,80.4,-3.10614337986428));
#10943=CARTESIAN_POINT('',(40.15,77.9,3.01228675972853));
#10944=CARTESIAN_POINT('',(40.15,80.4,3.01228675972853));
#10945=CARTESIAN_POINT('',(40.15,77.9,6.18771324027146));
#10946=CARTESIAN_POINT('Origin',(40.15,80.4,3.01228675972853));
#10947=CARTESIAN_POINT('',(37.4,80.4,1.42457351945706));
#10948=CARTESIAN_POINT('',(21.3818920339161,80.4,-7.82348542666996));
#10949=CARTESIAN_POINT('',(37.4,77.9,1.42457351945706));
#10950=CARTESIAN_POINT('',(37.4,80.4,1.42457351945706));
#10951=CARTESIAN_POINT('',(40.15,77.9,3.01228675972853));
#10952=CARTESIAN_POINT('Origin',(37.4,80.4,1.42457351945706));
#10953=CARTESIAN_POINT('',(25.9931079660839,80.4,8.01034570585553));
#10954=CARTESIAN_POINT('',(37.4,77.9,1.42457351945706));
#10955=CARTESIAN_POINT('Origin',(-39.4,80.4,-29.4));
#10956=CARTESIAN_POINT('',(-37.7,80.4,-29.4));
#10957=CARTESIAN_POINT('Origin',(-39.4,80.4,-29.4));
#10958=CARTESIAN_POINT('',(-37.7,80.4,-29.4));
#10959=CARTESIAN_POINT('Origin',(37.4,80.4,4.59999999999999));
#10960=CARTESIAN_POINT('',(39.1,80.4,4.59999999999999));
#10961=CARTESIAN_POINT('Origin',(37.4,80.4,4.59999999999999));
#10962=CARTESIAN_POINT('',(39.1,80.4,4.59999999999999));
#10963=CARTESIAN_POINT('Origin',(-39.4,80.4,4.60000000000001));
#10964=CARTESIAN_POINT('',(-37.7,80.4,4.60000000000001));
#10965=CARTESIAN_POINT('Origin',(-39.4,80.4,4.60000000000001));
#10966=CARTESIAN_POINT('',(-37.7,80.4,4.60000000000001));
#10967=CARTESIAN_POINT('Origin',(-0.999999999999996,80.4,-12.4));
#10968=CARTESIAN_POINT('Origin',(-0.999999999999996,80.4,-12.4));
#10969=CARTESIAN_POINT('Origin',(-0.999999999999996,80.4,-12.4));
#10970=CARTESIAN_POINT('Origin',(-35.9,78.15,2.50000000000004));
#10971=CARTESIAN_POINT('',(-32.4,77.9,2.50000000000004));
#10972=CARTESIAN_POINT('Origin',(-35.9,77.9,2.50000000000004));
#10973=CARTESIAN_POINT('',(-32.4,78.15,2.50000000000004));
#10974=CARTESIAN_POINT('Origin',(-32.4,80.4,-23.8));
#10975=CARTESIAN_POINT('',(-35.9,77.9,-23.8));
#10976=CARTESIAN_POINT('',(-35.9,78.15,-23.8));
#10977=CARTESIAN_POINT('',(-46.4,77.9,-23.8));
#10978=CARTESIAN_POINT('Origin',(-35.9,78.15,-27.3));
#10979=CARTESIAN_POINT('Origin',(-35.9,77.9,-27.3));
#10980=CARTESIAN_POINT('Origin',(33.9,78.15,2.50000000000004));
#10981=CARTESIAN_POINT('',(30.4,77.9,2.50000000000004));
#10982=CARTESIAN_POINT('Origin',(33.9,77.9,2.50000000000004));
#10983=CARTESIAN_POINT('',(30.4,78.15,2.50000000000004));
#10984=CARTESIAN_POINT('Origin',(44.4000000000001,80.4,-23.7999999999997));
#10985=CARTESIAN_POINT('',(33.9,77.9,-23.7999999999997));
#10986=CARTESIAN_POINT('',(33.9,78.15,-23.7999999999997));
#10987=CARTESIAN_POINT('',(44.4000000000001,77.9,-23.7999999999997));
#10988=CARTESIAN_POINT('Origin',(33.9,78.15,-27.2999999999997));
#10989=CARTESIAN_POINT('',(30.4,77.9,-27.2999999999997));
#10990=CARTESIAN_POINT('Origin',(33.9,77.9,-27.2999999999997));
#10991=CARTESIAN_POINT('',(30.4,78.15,-27.2999999999997));
#10992=CARTESIAN_POINT('Origin',(-68.4,82.9,-58.3999999999999));
#10993=CARTESIAN_POINT('',(58.4,77.9,-58.3999999999999));
#10994=CARTESIAN_POINT('',(58.4,77.9,-58.3999999999999));
#10995=CARTESIAN_POINT('',(-60.4,77.9,-58.3999999999999));
#10996=CARTESIAN_POINT('',(-68.4,77.9,-58.3999999999999));
#10997=CARTESIAN_POINT('',(-60.4,77.9,-58.3999999999999));
#10998=CARTESIAN_POINT('Origin',(66.4,82.9,-58.3999999999999));
#10999=CARTESIAN_POINT('',(66.4,77.9,-50.3999999999999));
#11000=CARTESIAN_POINT('',(66.4,77.9,-50.3999999999999));
#11001=CARTESIAN_POINT('',(66.4,77.9,25.6000000000001));
#11002=CARTESIAN_POINT('',(66.4,77.9,25.6000000000001));
#11003=CARTESIAN_POINT('',(66.4,77.9,-58.3999999999999));
#11004=CARTESIAN_POINT('Origin',(30.4,75.9,15.2));
#11005=CARTESIAN_POINT('',(30.4,77.9,-0.999999999999961));
#11006=CARTESIAN_POINT('Origin',(30.4,75.9,-40.));
#11007=CARTESIAN_POINT('',(30.4,77.9,-23.7999999999997));
#11008=CARTESIAN_POINT('Origin',(-32.4,75.9,15.2));
#11009=CARTESIAN_POINT('',(-32.4,77.9,-0.999999999999955));
#11010=CARTESIAN_POINT('Origin',(-0.999999999999996,77.9,-12.4));
#11011=CARTESIAN_POINT('',(-68.4,77.9,-50.3999999999999));
#11012=CARTESIAN_POINT('Origin',(-60.4,77.9,-50.3999999999999));
#11013=CARTESIAN_POINT('Origin',(58.4,77.9,-50.3999999999999));
#11014=CARTESIAN_POINT('',(58.4,77.9,33.6000000000001));
#11015=CARTESIAN_POINT('Origin',(58.4,77.9,25.6000000000001));
#11016=CARTESIAN_POINT('',(-60.4,77.9,33.6000000000001));
#11017=CARTESIAN_POINT('',(66.4,77.9,33.6000000000001));
#11018=CARTESIAN_POINT('',(-68.4,77.9,25.6000000000001));
#11019=CARTESIAN_POINT('Origin',(-60.4,77.9,25.6000000000001));
#11020=CARTESIAN_POINT('',(-68.4,77.9,33.6000000000001));
#11021=CARTESIAN_POINT('',(60.5,77.9,25.6000000000001));
#11022=CARTESIAN_POINT('Origin',(58.4,77.9,25.6000000000001));
#11023=CARTESIAN_POINT('',(-58.3,77.9,25.6000000000001));
#11024=CARTESIAN_POINT('Origin',(-60.4,77.9,25.6000000000001));
#11025=CARTESIAN_POINT('',(60.5,77.9,-50.3999999999999));
#11026=CARTESIAN_POINT('Origin',(58.4,77.9,-50.3999999999999));
#11027=CARTESIAN_POINT('',(-58.3,77.9,-50.3999999999999));
#11028=CARTESIAN_POINT('Origin',(-60.4,77.9,-50.3999999999999));
#11029=CARTESIAN_POINT('Origin',(66.4,82.9,33.6000000000001));
#11030=CARTESIAN_POINT('',(-60.4,77.9,33.6000000000001));
#11031=CARTESIAN_POINT('',(58.4,77.9,33.6000000000001));
#11032=CARTESIAN_POINT('Origin',(-68.4,82.9,33.6000000000001));
#11033=CARTESIAN_POINT('',(-68.4,77.9,-50.3999999999999));
#11034=CARTESIAN_POINT('',(-68.4,77.9,25.6000000000001));
#11035=CARTESIAN_POINT('Origin',(58.4,77.9,25.6000000000001));
#11036=CARTESIAN_POINT('Origin',(58.4,77.9,-50.3999999999999));
#11037=CARTESIAN_POINT('Origin',(-60.4,77.9,25.6000000000001));
#11038=CARTESIAN_POINT('Origin',(-60.4,77.9,-50.3999999999999));
#11039=CARTESIAN_POINT('Origin',(-24.5000000000002,92.8997004686513,-22.2499999999991));
#11040=CARTESIAN_POINT('Origin',(-8.75000000000001,88.9,-18.474786759728));
#11041=CARTESIAN_POINT('',(-8.75000000000001,88.9,-14.5841034656191));
#11042=CARTESIAN_POINT('',(-5.90000000000001,88.9,-16.2295517328096));
#11043=CARTESIAN_POINT('',(-7.8826423573055,88.9,-15.0848726341125));
#11044=CARTESIAN_POINT('',(-11.6,88.9,-16.2295517328096));
#11045=CARTESIAN_POINT('',(-10.9923576426945,88.9,-15.8787292542482));
#11046=CARTESIAN_POINT('',(-11.6,88.9,-20.3623933798635));
#11047=CARTESIAN_POINT('',(-5.90000000000001,88.9,-17.3810367597283));
#11048=CARTESIAN_POINT('Origin',(-8.70000000000001,82.9,-14.6129709790786));
#11049=CARTESIAN_POINT('',(-8.75000000000001,82.9,-14.5841034656191));
#11050=CARTESIAN_POINT('',(-5.90000000000001,82.9,-16.2295517328096));
#11051=CARTESIAN_POINT('Origin',(-5.90000000000001,82.9,-16.2872867597285));
#11052=CARTESIAN_POINT('Origin',(-11.6,82.9,-22.249999999999));
#11053=CARTESIAN_POINT('',(-11.6,82.9,-16.2295517328096));
#11054=CARTESIAN_POINT('Origin',(-11.55,82.9,-16.2006842193501));
#11055=CARTESIAN_POINT('Origin',(-60.4,82.9,-50.3999999999999));
#11056=CARTESIAN_POINT('',(-58.3,82.9,-50.3999999999999));
#11057=CARTESIAN_POINT('Origin',(58.4,82.9,-50.3999999999999));
#11058=CARTESIAN_POINT('',(60.5,82.9,-50.3999999999999));
#11059=CARTESIAN_POINT('Origin',(-60.4,82.9,25.6000000000001));
#11060=CARTESIAN_POINT('',(-58.3,82.9,25.6000000000001));
#11061=CARTESIAN_POINT('Origin',(58.4,82.9,25.6000000000001));
#11062=CARTESIAN_POINT('',(60.5,82.9,25.6000000000001));
#11063=CARTESIAN_POINT('Origin',(-12.1999999999998,163.838854382,-17.3249999999998));
#11064=CARTESIAN_POINT('',(-12.1999999999998,163.838854382,-18.3249999999998));
#11065=CARTESIAN_POINT('Origin',(-12.1999999999998,163.838854382,-7.47499999999987));
#11066=CARTESIAN_POINT('',(-12.1999999999998,163.838854382,-8.47499999999988));
#11067=UNCERTAINTY_MEASURE_WITH_UNIT(LENGTH_MEASURE(0.01),#11071,
'DISTANCE_ACCURACY_VALUE',
'Maximum model space distance between geometric entities at asserted c
onnectivities');
#11068=UNCERTAINTY_MEASURE_WITH_UNIT(LENGTH_MEASURE(0.01),#11071,
'DISTANCE_ACCURACY_VALUE',
'Maximum model space distance between geometric entities at asserted c
onnectivities');
#11069=(
GEOMETRIC_REPRESENTATION_CONTEXT(3)
GLOBAL_UNCERTAINTY_ASSIGNED_CONTEXT((#11067))
GLOBAL_UNIT_ASSIGNED_CONTEXT((#11071,#11073,#11074))
REPRESENTATION_CONTEXT('','3D')
);
#11070=(
GEOMETRIC_REPRESENTATION_CONTEXT(3)
GLOBAL_UNCERTAINTY_ASSIGNED_CONTEXT((#11068))
GLOBAL_UNIT_ASSIGNED_CONTEXT((#11071,#11073,#11074))
REPRESENTATION_CONTEXT('','3D')
);
#11071=(
LENGTH_UNIT()
NAMED_UNIT(*)
SI_UNIT(.MILLI.,.METRE.)
);
#11072=(
LENGTH_UNIT()
NAMED_UNIT(*)
SI_UNIT($,.METRE.)
);
#11073=(
NAMED_UNIT(*)
PLANE_ANGLE_UNIT()
SI_UNIT($,.RADIAN.)
);
#11074=(
NAMED_UNIT(*)
SI_UNIT($,.STERADIAN.)
SOLID_ANGLE_UNIT()
);
#11075=SHAPE_DEFINITION_REPRESENTATION(#11076,#11077);
#11076=PRODUCT_DEFINITION_SHAPE('',$,#11079);
#11077=SHAPE_REPRESENTATION('',(#5637),#11069);
#11078=PRODUCT_DEFINITION_CONTEXT('part definition',#11083,'design');
#11079=PRODUCT_DEFINITION('torso lid v.2','torso lid v.2 v37',#11080,#11078);
#11080=PRODUCT_DEFINITION_FORMATION('',$,#11085);
#11081=PRODUCT_RELATED_PRODUCT_CATEGORY('torso lid v.2 v37',
'torso lid v.2 v37',(#11085));
#11082=APPLICATION_PROTOCOL_DEFINITION('international standard',
'automotive_design',2009,#11083);
#11083=APPLICATION_CONTEXT(
'Core Data for Automotive Mechanical Design Process');
#11084=PRODUCT_CONTEXT('part definition',#11083,'mechanical');
#11085=PRODUCT('torso lid v.2','torso lid v.2 v37',$,(#11084));
#11086=PRESENTATION_STYLE_ASSIGNMENT((#11090));
#11087=PRESENTATION_STYLE_ASSIGNMENT((#11091));
#11088=PRESENTATION_STYLE_ASSIGNMENT((#11092));
#11089=PRESENTATION_STYLE_ASSIGNMENT((#11093));
#11090=SURFACE_STYLE_USAGE(.BOTH.,#11094);
#11091=SURFACE_STYLE_USAGE(.BOTH.,#11095);
#11092=SURFACE_STYLE_USAGE(.BOTH.,#11096);
#11093=SURFACE_STYLE_USAGE(.BOTH.,#11097);
#11094=SURFACE_SIDE_STYLE('',(#11098));
#11095=SURFACE_SIDE_STYLE('',(#11099));
#11096=SURFACE_SIDE_STYLE('',(#11100));
#11097=SURFACE_SIDE_STYLE('',(#11101));
#11098=SURFACE_STYLE_FILL_AREA(#11102);
#11099=SURFACE_STYLE_FILL_AREA(#11103);
#11100=SURFACE_STYLE_FILL_AREA(#11104);
#11101=SURFACE_STYLE_FILL_AREA(#11105);
#11102=FILL_AREA_STYLE('\X2\AC15CCA0\X0\ - \X2\C0C8D2F4\X0\',(#11106));
#11103=FILL_AREA_STYLE(
'EPX 150 - \X2\C5D0C5B4\X0\ \X2\BCA0C774D06CB4DC\X0\(\X2\D0C4C18C\X0\ 
M2 M3 L1 3D \X2\D504B9B0D130\X0\ \X2\D3ECD568\X0\)',(#11107));
#11104=FILL_AREA_STYLE('\X2\D669B3D9\X0\ - \X2\C5F0B9C8\X0\',(#11108));
#11105=FILL_AREA_STYLE('ABS(\X2\D770C0C9\X0\)',(#11109));
#11106=FILL_AREA_STYLE_COLOUR('\X2\AC15CCA0\X0\ - \X2\C0C8D2F4\X0\',#11110);
#11107=FILL_AREA_STYLE_COLOUR(
'EPX 150 - \X2\C5D0C5B4\X0\ \X2\BCA0C774D06CB4DC\X0\(\X2\D0C4C18C\X0\ 
M2 M3 L1 3D \X2\D504B9B0D130\X0\ \X2\D3ECD568\X0\)',#11111);
#11108=FILL_AREA_STYLE_COLOUR('\X2\D669B3D9\X0\ - \X2\C5F0B9C8\X0\',#11112);
#11109=FILL_AREA_STYLE_COLOUR('ABS(\X2\D770C0C9\X0\)',#11113);
#11110=COLOUR_RGB('\X2\AC15CCA0\X0\ - \X2\C0C8D2F4\X0\',0.627450980392157,
0.627450980392157,0.627450980392157);
#11111=COLOUR_RGB(
'EPX 150 - \X2\C5D0C5B4\X0\ \X2\BCA0C774D06CB4DC\X0\(\X2\D0C4C18C\X0\ 
M2 M3 L1 3D \X2\D504B9B0D130\X0\ \X2\D3ECD568\X0\)',0.247058823529412,0.247058823529412,
0.247058823529412);
#11112=COLOUR_RGB('\X2\D669B3D9\X0\ - \X2\C5F0B9C8\X0\',0.952941176470588,
0.796078431372549,0.486274509803922);
#11113=COLOUR_RGB('ABS(\X2\D770C0C9\X0\)',0.215686274509804,0.215686274509804,
0.215686274509804);
ENDSEC;
END-ISO-10303-21;
