ISO-10303-21;
HEADER;
/* Generated by software containing ST-Developer
 * from STEP Tools, Inc. (www.steptools.com) 
 */

FILE_DESCRIPTION(
/* description */ (''),
/* implementation_level */ '2;1');

FILE_NAME(
/* name */ 'arm mount R v2.step',
/* time_stamp */ '2026-10-07T11:30:28+09:00',
/* author */ (''),
/* organization */ (''),
/* preprocessor_version */ 'ST-DEVELOPER v20.2',
/* originating_system */ 'Autodesk Translation Framework v15.15.0.0',
/* authorisation */ '');

FILE_SCHEMA (('AUTOMOTIVE_DESIGN { 1 0 10303 214 3 1 1 }'));
ENDSEC;

DATA;
#10=MECHANICAL_DESIGN_GEOMETRIC_PRESENTATION_REPRESENTATION('',(#13),#2939);
#11=SHAPE_REPRESENTATION_RELATIONSHIP('SRR','None',#2946,#12);
#12=ADVANCED_BREP_SHAPE_REPRESENTATION('',(#14),#2938);
#13=STYLED_ITEM('',(#2956),#14);
#14=MANIFOLD_SOLID_BREP('arm mount R v2',#1644);
#15=B_SPLINE_SURFACE_WITH_KNOTS('',3,3,((#2728,#2729,#2730,#2731,#2732),
(#2733,#2734,#2735,#2736,#2737),(#2738,#2739,#2740,#2741,#2742),(#2743,
#2744,#2745,#2746,#2747),(#2748,#2749,#2750,#2751,#2752),(#2753,#2754,#2755,
#2756,#2757)),.UNSPECIFIED.,.F.,.F.,.F.,(4,1,1,4),(4,1,4),(0.,0.285714285714286,
0.571428571428571,1.),(-1.5707963267949,-0.988533104652795,-0.551835688046219),
 .UNSPECIFIED.);
#16=B_SPLINE_CURVE_WITH_KNOTS('',3,(#2637,#2638,#2639,#2640,#2641,#2642,
#2643,#2644),.UNSPECIFIED.,.F.,.F.,(4,2,2,4),(-0.0645663422674098,-0.052300162954847,
-0.0317516477985806,0.),.UNSPECIFIED.);
#17=B_SPLINE_CURVE_WITH_KNOTS('',3,(#2679,#2680,#2681,#2682,#2683,#2684,
#2685,#2686,#2687,#2688,#2689,#2690,#2691,#2692,#2693,#2694,#2695,#2696,
#2697,#2698,#2699,#2700,#2701,#2702,#2703,#2704,#2705,#2706,#2707,#2708,
#2709,#2710,#2711,#2712,#2713,#2714,#2715,#2716,#2717,#2718,#2719,#2720,
#2721,#2722,#2723,#2724,#2725,#2726,#2727),.UNSPECIFIED.,.F.,.F.,(4,3,3,
3,3,3,3,3,3,3,3,3,3,3,3,3,4),(0.,0.013446177344974,0.026743416764686,0.0386769110386184,
0.0426679374548525,0.055782262804013,0.0691803431461002,0.0775136361229235,
0.0909546874404318,0.100243719467039,0.113720613230717,0.116822572311621,
0.130340398561247,0.137265958453934,0.150755849226785,0.157752138907869,
0.158207064960673),.UNSPECIFIED.);
#18=TOROIDAL_SURFACE('',#1693,4.,1.);
#19=TOROIDAL_SURFACE('',#1707,4.,1.);
#20=TOROIDAL_SURFACE('',#1713,7.05,1.);
#21=TOROIDAL_SURFACE('',#1721,4.,1.);
#22=TOROIDAL_SURFACE('',#1773,8.5,1.);
#23=TOROIDAL_SURFACE('',#1780,4.,1.);
#24=TOROIDAL_SURFACE('',#1785,4.,1.);
#25=TOROIDAL_SURFACE('',#1787,4.,1.);
#26=TOROIDAL_SURFACE('',#1792,8.5,1.);
#27=FACE_BOUND('',#193,.T.);
#28=FACE_BOUND('',#194,.T.);
#29=FACE_BOUND('',#268,.T.);
#30=FACE_BOUND('',#278,.T.);
#31=FACE_BOUND('',#279,.T.);
#32=FACE_BOUND('',#284,.T.);
#33=PLANE('',#1675);
#34=PLANE('',#1678);
#35=PLANE('',#1686);
#36=PLANE('',#1687);
#37=PLANE('',#1688);
#38=PLANE('',#1689);
#39=PLANE('',#1735);
#40=PLANE('',#1738);
#41=PLANE('',#1741);
#42=PLANE('',#1744);
#43=PLANE('',#1747);
#44=PLANE('',#1760);
#45=PLANE('',#1761);
#46=PLANE('',#1802);
#47=PLANE('',#1806);
#48=PLANE('',#1809);
#49=PLANE('',#1810);
#50=PLANE('',#1817);
#51=PLANE('',#1821);
#52=PLANE('',#1822);
#53=PLANE('',#1826);
#54=PLANE('',#1827);
#55=PLANE('',#1828);
#56=PLANE('',#1829);
#57=PLANE('',#1830);
#58=PLANE('',#1832);
#59=PLANE('',#1836);
#60=PLANE('',#1839);
#61=PLANE('',#1840);
#62=PLANE('',#1841);
#63=PLANE('',#1842);
#64=PLANE('',#1843);
#65=PLANE('',#1844);
#66=PLANE('',#1845);
#67=PLANE('',#1846);
#68=PLANE('',#1847);
#69=PLANE('',#1848);
#70=PLANE('',#1849);
#71=SPHERICAL_SURFACE('',#1671,1.);
#72=SPHERICAL_SURFACE('',#1673,1.);
#73=SPHERICAL_SURFACE('',#1727,1.);
#74=SPHERICAL_SURFACE('',#1729,1.);
#75=SPHERICAL_SURFACE('',#1731,1.);
#76=SPHERICAL_SURFACE('',#1733,1.);
#77=SPHERICAL_SURFACE('',#1763,1.);
#78=SPHERICAL_SURFACE('',#1767,1.);
#79=ELLIPSE('',#1663,1.41421356237305,1.);
#80=ELLIPSE('',#1666,1.41421356237316,1.);
#81=ELLIPSE('',#1698,1.4142135623731,1.);
#82=ELLIPSE('',#1720,1.4142135623731,1.);
#83=ELLIPSE('',#1775,9.74997412636837,8.5);
#84=ELLIPSE('',#1777,8.89168125074514,7.5);
#85=FACE_OUTER_BOUND('',#183,.T.);
#86=FACE_OUTER_BOUND('',#184,.T.);
#87=FACE_OUTER_BOUND('',#185,.T.);
#88=FACE_OUTER_BOUND('',#186,.T.);
#89=FACE_OUTER_BOUND('',#187,.T.);
#90=FACE_OUTER_BOUND('',#188,.T.);
#91=FACE_OUTER_BOUND('',#189,.T.);
#92=FACE_OUTER_BOUND('',#190,.T.);
#93=FACE_OUTER_BOUND('',#191,.T.);
#94=FACE_OUTER_BOUND('',#192,.T.);
#95=FACE_OUTER_BOUND('',#195,.T.);
#96=FACE_OUTER_BOUND('',#196,.T.);
#97=FACE_OUTER_BOUND('',#197,.T.);
#98=FACE_OUTER_BOUND('',#198,.T.);
#99=FACE_OUTER_BOUND('',#199,.T.);
#100=FACE_OUTER_BOUND('',#200,.T.);
#101=FACE_OUTER_BOUND('',#201,.T.);
#102=FACE_OUTER_BOUND('',#202,.T.);
#103=FACE_OUTER_BOUND('',#203,.T.);
#104=FACE_OUTER_BOUND('',#204,.T.);
#105=FACE_OUTER_BOUND('',#205,.T.);
#106=FACE_OUTER_BOUND('',#206,.T.);
#107=FACE_OUTER_BOUND('',#207,.T.);
#108=FACE_OUTER_BOUND('',#208,.T.);
#109=FACE_OUTER_BOUND('',#209,.T.);
#110=FACE_OUTER_BOUND('',#210,.T.);
#111=FACE_OUTER_BOUND('',#211,.T.);
#112=FACE_OUTER_BOUND('',#212,.T.);
#113=FACE_OUTER_BOUND('',#213,.T.);
#114=FACE_OUTER_BOUND('',#214,.T.);
#115=FACE_OUTER_BOUND('',#215,.T.);
#116=FACE_OUTER_BOUND('',#216,.T.);
#117=FACE_OUTER_BOUND('',#217,.T.);
#118=FACE_OUTER_BOUND('',#218,.T.);
#119=FACE_OUTER_BOUND('',#219,.T.);
#120=FACE_OUTER_BOUND('',#220,.T.);
#121=FACE_OUTER_BOUND('',#221,.T.);
#122=FACE_OUTER_BOUND('',#222,.T.);
#123=FACE_OUTER_BOUND('',#223,.T.);
#124=FACE_OUTER_BOUND('',#224,.T.);
#125=FACE_OUTER_BOUND('',#225,.T.);
#126=FACE_OUTER_BOUND('',#226,.T.);
#127=FACE_OUTER_BOUND('',#227,.T.);
#128=FACE_OUTER_BOUND('',#228,.T.);
#129=FACE_OUTER_BOUND('',#229,.T.);
#130=FACE_OUTER_BOUND('',#230,.T.);
#131=FACE_OUTER_BOUND('',#231,.T.);
#132=FACE_OUTER_BOUND('',#232,.T.);
#133=FACE_OUTER_BOUND('',#233,.T.);
#134=FACE_OUTER_BOUND('',#234,.T.);
#135=FACE_OUTER_BOUND('',#235,.T.);
#136=FACE_OUTER_BOUND('',#236,.T.);
#137=FACE_OUTER_BOUND('',#237,.T.);
#138=FACE_OUTER_BOUND('',#238,.T.);
#139=FACE_OUTER_BOUND('',#239,.T.);
#140=FACE_OUTER_BOUND('',#240,.T.);
#141=FACE_OUTER_BOUND('',#241,.T.);
#142=FACE_OUTER_BOUND('',#242,.T.);
#143=FACE_OUTER_BOUND('',#243,.T.);
#144=FACE_OUTER_BOUND('',#244,.T.);
#145=FACE_OUTER_BOUND('',#245,.T.);
#146=FACE_OUTER_BOUND('',#246,.T.);
#147=FACE_OUTER_BOUND('',#247,.T.);
#148=FACE_OUTER_BOUND('',#248,.T.);
#149=FACE_OUTER_BOUND('',#249,.T.);
#150=FACE_OUTER_BOUND('',#250,.T.);
#151=FACE_OUTER_BOUND('',#251,.T.);
#152=FACE_OUTER_BOUND('',#252,.T.);
#153=FACE_OUTER_BOUND('',#253,.T.);
#154=FACE_OUTER_BOUND('',#254,.T.);
#155=FACE_OUTER_BOUND('',#255,.T.);
#156=FACE_OUTER_BOUND('',#256,.T.);
#157=FACE_OUTER_BOUND('',#257,.T.);
#158=FACE_OUTER_BOUND('',#258,.T.);
#159=FACE_OUTER_BOUND('',#259,.T.);
#160=FACE_OUTER_BOUND('',#260,.T.);
#161=FACE_OUTER_BOUND('',#261,.T.);
#162=FACE_OUTER_BOUND('',#262,.T.);
#163=FACE_OUTER_BOUND('',#263,.T.);
#164=FACE_OUTER_BOUND('',#264,.T.);
#165=FACE_OUTER_BOUND('',#265,.T.);
#166=FACE_OUTER_BOUND('',#266,.T.);
#167=FACE_OUTER_BOUND('',#267,.T.);
#168=FACE_OUTER_BOUND('',#269,.T.);
#169=FACE_OUTER_BOUND('',#270,.T.);
#170=FACE_OUTER_BOUND('',#271,.T.);
#171=FACE_OUTER_BOUND('',#272,.T.);
#172=FACE_OUTER_BOUND('',#273,.T.);
#173=FACE_OUTER_BOUND('',#274,.T.);
#174=FACE_OUTER_BOUND('',#275,.T.);
#175=FACE_OUTER_BOUND('',#276,.T.);
#176=FACE_OUTER_BOUND('',#277,.T.);
#177=FACE_OUTER_BOUND('',#280,.T.);
#178=FACE_OUTER_BOUND('',#281,.T.);
#179=FACE_OUTER_BOUND('',#282,.T.);
#180=FACE_OUTER_BOUND('',#283,.T.);
#181=FACE_OUTER_BOUND('',#285,.T.);
#182=FACE_OUTER_BOUND('',#286,.T.);
#183=EDGE_LOOP('',(#1032,#1033,#1034,#1035));
#184=EDGE_LOOP('',(#1036,#1037,#1038,#1039));
#185=EDGE_LOOP('',(#1040,#1041,#1042,#1043));
#186=EDGE_LOOP('',(#1044,#1045,#1046,#1047));
#187=EDGE_LOOP('',(#1048,#1049,#1050,#1051));
#188=EDGE_LOOP('',(#1052,#1053,#1054));
#189=EDGE_LOOP('',(#1055,#1056,#1057));
#190=EDGE_LOOP('',(#1058,#1059,#1060,#1061));
#191=EDGE_LOOP('',(#1062,#1063,#1064,#1065));
#192=EDGE_LOOP('',(#1066,#1067,#1068,#1069,#1070,#1071,#1072,#1073,#1074,
#1075,#1076,#1077));
#193=EDGE_LOOP('',(#1078));
#194=EDGE_LOOP('',(#1079));
#195=EDGE_LOOP('',(#1080,#1081,#1082,#1083));
#196=EDGE_LOOP('',(#1084,#1085,#1086,#1087));
#197=EDGE_LOOP('',(#1088,#1089,#1090,#1091));
#198=EDGE_LOOP('',(#1092,#1093,#1094,#1095));
#199=EDGE_LOOP('',(#1096,#1097,#1098,#1099));
#200=EDGE_LOOP('',(#1100,#1101,#1102,#1103));
#201=EDGE_LOOP('',(#1104,#1105,#1106,#1107));
#202=EDGE_LOOP('',(#1108,#1109,#1110,#1111));
#203=EDGE_LOOP('',(#1112,#1113,#1114,#1115));
#204=EDGE_LOOP('',(#1116,#1117,#1118,#1119));
#205=EDGE_LOOP('',(#1120,#1121,#1122,#1123));
#206=EDGE_LOOP('',(#1124,#1125,#1126,#1127));
#207=EDGE_LOOP('',(#1128,#1129,#1130,#1131));
#208=EDGE_LOOP('',(#1132,#1133,#1134,#1135));
#209=EDGE_LOOP('',(#1136,#1137,#1138,#1139));
#210=EDGE_LOOP('',(#1140,#1141,#1142,#1143));
#211=EDGE_LOOP('',(#1144,#1145,#1146,#1147));
#212=EDGE_LOOP('',(#1148,#1149,#1150));
#213=EDGE_LOOP('',(#1151,#1152,#1153));
#214=EDGE_LOOP('',(#1154,#1155,#1156));
#215=EDGE_LOOP('',(#1157,#1158,#1159));
#216=EDGE_LOOP('',(#1160,#1161,#1162,#1163,#1164));
#217=EDGE_LOOP('',(#1165,#1166,#1167,#1168));
#218=EDGE_LOOP('',(#1169,#1170,#1171,#1172));
#219=EDGE_LOOP('',(#1173,#1174,#1175,#1176));
#220=EDGE_LOOP('',(#1177,#1178,#1179,#1180));
#221=EDGE_LOOP('',(#1181,#1182,#1183,#1184));
#222=EDGE_LOOP('',(#1185,#1186,#1187,#1188));
#223=EDGE_LOOP('',(#1189,#1190,#1191,#1192));
#224=EDGE_LOOP('',(#1193,#1194,#1195,#1196));
#225=EDGE_LOOP('',(#1197,#1198,#1199,#1200));
#226=EDGE_LOOP('',(#1201,#1202,#1203,#1204,#1205));
#227=EDGE_LOOP('',(#1206,#1207,#1208,#1209));
#228=EDGE_LOOP('',(#1210,#1211,#1212,#1213));
#229=EDGE_LOOP('',(#1214,#1215,#1216,#1217));
#230=EDGE_LOOP('',(#1218,#1219,#1220,#1221,#1222));
#231=EDGE_LOOP('',(#1223,#1224,#1225,#1226,#1227,#1228,#1229,#1230,#1231,
#1232,#1233,#1234,#1235,#1236,#1237));
#232=EDGE_LOOP('',(#1238,#1239,#1240));
#233=EDGE_LOOP('',(#1241,#1242,#1243));
#234=EDGE_LOOP('',(#1244,#1245,#1246,#1247));
#235=EDGE_LOOP('',(#1248,#1249,#1250,#1251));
#236=EDGE_LOOP('',(#1252,#1253,#1254,#1255,#1256));
#237=EDGE_LOOP('',(#1257,#1258,#1259,#1260));
#238=EDGE_LOOP('',(#1261,#1262,#1263,#1264));
#239=EDGE_LOOP('',(#1265,#1266,#1267,#1268));
#240=EDGE_LOOP('',(#1269,#1270,#1271,#1272));
#241=EDGE_LOOP('',(#1273,#1274,#1275,#1276));
#242=EDGE_LOOP('',(#1277,#1278,#1279,#1280));
#243=EDGE_LOOP('',(#1281,#1282,#1283,#1284));
#244=EDGE_LOOP('',(#1285,#1286,#1287,#1288));
#245=EDGE_LOOP('',(#1289,#1290,#1291,#1292));
#246=EDGE_LOOP('',(#1293,#1294,#1295,#1296));
#247=EDGE_LOOP('',(#1297,#1298,#1299,#1300));
#248=EDGE_LOOP('',(#1301,#1302,#1303,#1304));
#249=EDGE_LOOP('',(#1305,#1306,#1307,#1308,#1309));
#250=EDGE_LOOP('',(#1310,#1311,#1312,#1313));
#251=EDGE_LOOP('',(#1314,#1315,#1316,#1317));
#252=EDGE_LOOP('',(#1318,#1319,#1320,#1321));
#253=EDGE_LOOP('',(#1322,#1323,#1324,#1325,#1326));
#254=EDGE_LOOP('',(#1327,#1328,#1329,#1330,#1331));
#255=EDGE_LOOP('',(#1332,#1333,#1334,#1335));
#256=EDGE_LOOP('',(#1336,#1337,#1338,#1339));
#257=EDGE_LOOP('',(#1340,#1341,#1342,#1343));
#258=EDGE_LOOP('',(#1344,#1345,#1346,#1347,#1348,#1349));
#259=EDGE_LOOP('',(#1350,#1351,#1352,#1353));
#260=EDGE_LOOP('',(#1354,#1355,#1356,#1357,#1358,#1359));
#261=EDGE_LOOP('',(#1360,#1361,#1362,#1363,#1364,#1365,#1366,#1367,#1368,
#1369,#1370,#1371,#1372));
#262=EDGE_LOOP('',(#1373,#1374,#1375,#1376));
#263=EDGE_LOOP('',(#1377,#1378,#1379,#1380));
#264=EDGE_LOOP('',(#1381,#1382,#1383,#1384,#1385));
#265=EDGE_LOOP('',(#1386,#1387,#1388,#1389,#1390,#1391,#1392,#1393,#1394,
#1395,#1396));
#266=EDGE_LOOP('',(#1397,#1398,#1399,#1400,#1401,#1402));
#267=EDGE_LOOP('',(#1403,#1404,#1405,#1406,#1407));
#268=EDGE_LOOP('',(#1408));
#269=EDGE_LOOP('',(#1409,#1410,#1411,#1412,#1413,#1414,#1415,#1416,#1417,
#1418,#1419,#1420,#1421));
#270=EDGE_LOOP('',(#1422,#1423,#1424,#1425));
#271=EDGE_LOOP('',(#1426));
#272=EDGE_LOOP('',(#1427,#1428,#1429,#1430));
#273=EDGE_LOOP('',(#1431));
#274=EDGE_LOOP('',(#1432,#1433,#1434,#1435));
#275=EDGE_LOOP('',(#1436,#1437,#1438,#1439));
#276=EDGE_LOOP('',(#1440,#1441,#1442,#1443,#1444,#1445,#1446,#1447,#1448,
#1449,#1450,#1451,#1452));
#277=EDGE_LOOP('',(#1453,#1454,#1455,#1456,#1457,#1458,#1459,#1460,#1461,
#1462,#1463,#1464,#1465,#1466,#1467));
#278=EDGE_LOOP('',(#1468));
#279=EDGE_LOOP('',(#1469));
#280=EDGE_LOOP('',(#1470,#1471,#1472,#1473,#1474,#1475,#1476,#1477));
#281=EDGE_LOOP('',(#1478,#1479,#1480,#1481));
#282=EDGE_LOOP('',(#1482,#1483,#1484,#1485));
#283=EDGE_LOOP('',(#1486,#1487,#1488,#1489,#1490));
#284=EDGE_LOOP('',(#1491));
#285=EDGE_LOOP('',(#1492,#1493,#1494,#1495,#1496,#1497,#1498,#1499));
#286=EDGE_LOOP('',(#1500,#1501,#1502,#1503));
#287=LINE('',#2381,#426);
#288=LINE('',#2384,#427);
#289=LINE('',#2388,#428);
#290=LINE('',#2391,#429);
#291=LINE('',#2396,#430);
#292=LINE('',#2400,#431);
#293=LINE('',#2403,#432);
#294=LINE('',#2404,#433);
#295=LINE('',#2410,#434);
#296=LINE('',#2412,#435);
#297=LINE('',#2419,#436);
#298=LINE('',#2421,#437);
#299=LINE('',#2422,#438);
#300=LINE('',#2425,#439);
#301=LINE('',#2429,#440);
#302=LINE('',#2433,#441);
#303=LINE('',#2435,#442);
#304=LINE('',#2437,#443);
#305=LINE('',#2441,#444);
#306=LINE('',#2449,#445);
#307=LINE('',#2453,#446);
#308=LINE('',#2454,#447);
#309=LINE('',#2457,#448);
#310=LINE('',#2458,#449);
#311=LINE('',#2461,#450);
#312=LINE('',#2462,#451);
#313=LINE('',#2464,#452);
#314=LINE('',#2470,#453);
#315=LINE('',#2473,#454);
#316=LINE('',#2482,#455);
#317=LINE('',#2484,#456);
#318=LINE('',#2488,#457);
#319=LINE('',#2491,#458);
#320=LINE('',#2497,#459);
#321=LINE('',#2499,#460);
#322=LINE('',#2505,#461);
#323=LINE('',#2508,#462);
#324=LINE('',#2518,#463);
#325=LINE('',#2519,#464);
#326=LINE('',#2531,#465);
#327=LINE('',#2535,#466);
#328=LINE('',#2544,#467);
#329=LINE('',#2547,#468);
#330=LINE('',#2558,#469);
#331=LINE('',#2560,#470);
#332=LINE('',#2561,#471);
#333=LINE('',#2564,#472);
#334=LINE('',#2568,#473);
#335=LINE('',#2569,#474);
#336=LINE('',#2572,#475);
#337=LINE('',#2576,#476);
#338=LINE('',#2577,#477);
#339=LINE('',#2580,#478);
#340=LINE('',#2584,#479);
#341=LINE('',#2585,#480);
#342=LINE('',#2588,#481);
#343=LINE('',#2592,#482);
#344=LINE('',#2593,#483);
#345=LINE('',#2596,#484);
#346=LINE('',#2600,#485);
#347=LINE('',#2606,#486);
#348=LINE('',#2610,#487);
#349=LINE('',#2617,#488);
#350=LINE('',#2620,#489);
#351=LINE('',#2623,#490);
#352=LINE('',#2625,#491);
#353=LINE('',#2627,#492);
#354=LINE('',#2628,#493);
#355=LINE('',#2631,#494);
#356=LINE('',#2633,#495);
#357=LINE('',#2635,#496);
#358=LINE('',#2648,#497);
#359=LINE('',#2650,#498);
#360=LINE('',#2652,#499);
#361=LINE('',#2653,#500);
#362=LINE('',#2655,#501);
#363=LINE('',#2657,#502);
#364=LINE('',#2658,#503);
#365=LINE('',#2675,#504);
#366=LINE('',#2765,#505);
#367=LINE('',#2773,#506);
#368=LINE('',#2783,#507);
#369=LINE('',#2791,#508);
#370=LINE('',#2792,#509);
#371=LINE('',#2794,#510);
#372=LINE('',#2795,#511);
#373=LINE('',#2799,#512);
#374=LINE('',#2804,#513);
#375=LINE('',#2805,#514);
#376=LINE('',#2807,#515);
#377=LINE('',#2811,#516);
#378=LINE('',#2815,#517);
#379=LINE('',#2816,#518);
#380=LINE('',#2819,#519);
#381=LINE('',#2822,#520);
#382=LINE('',#2825,#521);
#383=LINE('',#2827,#522);
#384=LINE('',#2828,#523);
#385=LINE('',#2832,#524);
#386=LINE('',#2835,#525);
#387=LINE('',#2839,#526);
#388=LINE('',#2845,#527);
#389=LINE('',#2846,#528);
#390=LINE('',#2851,#529);
#391=LINE('',#2852,#530);
#392=LINE('',#2855,#531);
#393=LINE('',#2856,#532);
#394=LINE('',#2857,#533);
#395=LINE('',#2860,#534);
#396=LINE('',#2861,#535);
#397=LINE('',#2867,#536);
#398=LINE('',#2870,#537);
#399=LINE('',#2872,#538);
#400=LINE('',#2873,#539);
#401=LINE('',#2877,#540);
#402=LINE('',#2879,#541);
#403=LINE('',#2880,#542);
#404=LINE('',#2881,#543);
#405=LINE('',#2883,#544);
#406=LINE('',#2886,#545);
#407=LINE('',#2888,#546);
#408=LINE('',#2889,#547);
#409=LINE('',#2893,#548);
#410=LINE('',#2898,#549);
#411=LINE('',#2903,#550);
#412=LINE('',#2907,#551);
#413=LINE('',#2909,#552);
#414=LINE('',#2912,#553);
#415=LINE('',#2914,#554);
#416=LINE('',#2916,#555);
#417=LINE('',#2917,#556);
#418=LINE('',#2918,#557);
#419=LINE('',#2922,#558);
#420=LINE('',#2923,#559);
#421=LINE('',#2926,#560);
#422=LINE('',#2927,#561);
#423=LINE('',#2930,#562);
#424=LINE('',#2931,#563);
#425=LINE('',#2933,#564);
#426=VECTOR('',#1856,10.);
#427=VECTOR('',#1859,10.);
#428=VECTOR('',#1862,10.);
#429=VECTOR('',#1865,10.);
#430=VECTOR('',#1870,10.);
#431=VECTOR('',#1873,10.);
#432=VECTOR('',#1878,10.);
#433=VECTOR('',#1879,10.);
#434=VECTOR('',#1884,10.);
#435=VECTOR('',#1887,10.);
#436=VECTOR('',#1898,10.);
#437=VECTOR('',#1899,10.);
#438=VECTOR('',#1900,10.);
#439=VECTOR('',#1903,10.);
#440=VECTOR('',#1908,10.);
#441=VECTOR('',#1911,10.);
#442=VECTOR('',#1912,10.);
#443=VECTOR('',#1913,10.);
#444=VECTOR('',#1916,10.);
#445=VECTOR('',#1925,10.);
#446=VECTOR('',#1930,10.);
#447=VECTOR('',#1931,10.);
#448=VECTOR('',#1934,10.);
#449=VECTOR('',#1935,10.);
#450=VECTOR('',#1938,10.);
#451=VECTOR('',#1939,10.);
#452=VECTOR('',#1942,10.);
#453=VECTOR('',#1947,10.);
#454=VECTOR('',#1950,10.);
#455=VECTOR('',#1961,10.);
#456=VECTOR('',#1962,10.);
#457=VECTOR('',#1967,10.);
#458=VECTOR('',#1970,10.);
#459=VECTOR('',#1975,10.);
#460=VECTOR('',#1978,10.);
#461=VECTOR('',#1983,10.);
#462=VECTOR('',#1986,10.);
#463=VECTOR('',#1999,10.);
#464=VECTOR('',#2000,10.);
#465=VECTOR('',#2013,10.);
#466=VECTOR('',#2016,10.);
#467=VECTOR('',#2029,10.);
#468=VECTOR('',#2032,10.);
#469=VECTOR('',#2051,10.);
#470=VECTOR('',#2052,10.);
#471=VECTOR('',#2053,10.);
#472=VECTOR('',#2056,10.);
#473=VECTOR('',#2061,10.);
#474=VECTOR('',#2062,10.);
#475=VECTOR('',#2065,10.);
#476=VECTOR('',#2070,10.);
#477=VECTOR('',#2071,10.);
#478=VECTOR('',#2074,10.);
#479=VECTOR('',#2079,10.);
#480=VECTOR('',#2080,10.);
#481=VECTOR('',#2083,10.);
#482=VECTOR('',#2088,10.);
#483=VECTOR('',#2089,10.);
#484=VECTOR('',#2092,10.);
#485=VECTOR('',#2097,10.);
#486=VECTOR('',#2104,10.);
#487=VECTOR('',#2109,10.);
#488=VECTOR('',#2116,10.);
#489=VECTOR('',#2119,10.);
#490=VECTOR('',#2122,10.);
#491=VECTOR('',#2123,10.);
#492=VECTOR('',#2124,10.);
#493=VECTOR('',#2125,10.);
#494=VECTOR('',#2128,10.);
#495=VECTOR('',#2129,10.);
#496=VECTOR('',#2130,10.);
#497=VECTOR('',#2133,10.);
#498=VECTOR('',#2134,10.);
#499=VECTOR('',#2135,10.);
#500=VECTOR('',#2136,10.);
#501=VECTOR('',#2137,10.);
#502=VECTOR('',#2138,10.);
#503=VECTOR('',#2139,10.);
#504=VECTOR('',#2160,10.);
#505=VECTOR('',#2175,10.);
#506=VECTOR('',#2186,10.);
#507=VECTOR('',#2201,10.);
#508=VECTOR('',#2212,10.);
#509=VECTOR('',#2213,10.);
#510=VECTOR('',#2216,10.);
#511=VECTOR('',#2217,10.);
#512=VECTOR('',#2222,10.);
#513=VECTOR('',#2227,10.);
#514=VECTOR('',#2228,10.);
#515=VECTOR('',#2231,10.);
#516=VECTOR('',#2236,10.);
#517=VECTOR('',#2241,10.);
#518=VECTOR('',#2242,10.);
#519=VECTOR('',#2245,10.);
#520=VECTOR('',#2250,10.);
#521=VECTOR('',#2253,10.);
#522=VECTOR('',#2254,10.);
#523=VECTOR('',#2255,10.);
#524=VECTOR('',#2260,10.);
#525=VECTOR('',#2263,1.7);
#526=VECTOR('',#2268,1.7);
#527=VECTOR('',#2275,10.);
#528=VECTOR('',#2276,10.);
#529=VECTOR('',#2281,10.);
#530=VECTOR('',#2282,10.);
#531=VECTOR('',#2285,10.);
#532=VECTOR('',#2286,10.);
#533=VECTOR('',#2287,10.);
#534=VECTOR('',#2290,10.);
#535=VECTOR('',#2291,10.);
#536=VECTOR('',#2298,10.);
#537=VECTOR('',#2301,10.);
#538=VECTOR('',#2302,10.);
#539=VECTOR('',#2303,10.);
#540=VECTOR('',#2308,10.);
#541=VECTOR('',#2309,10.);
#542=VECTOR('',#2310,10.);
#543=VECTOR('',#2311,10.);
#544=VECTOR('',#2314,10.);
#545=VECTOR('',#2317,10.);
#546=VECTOR('',#2318,10.);
#547=VECTOR('',#2319,10.);
#548=VECTOR('',#2324,10.);
#549=VECTOR('',#2329,0.600000000000001);
#550=VECTOR('',#2336,0.6);
#551=VECTOR('',#2343,10.);
#552=VECTOR('',#2346,10.);
#553=VECTOR('',#2349,10.);
#554=VECTOR('',#2350,10.);
#555=VECTOR('',#2351,10.);
#556=VECTOR('',#2352,10.);
#557=VECTOR('',#2353,10.);
#558=VECTOR('',#2358,10.);
#559=VECTOR('',#2359,10.);
#560=VECTOR('',#2362,10.);
#561=VECTOR('',#2363,10.);
#562=VECTOR('',#2366,10.);
#563=VECTOR('',#2367,10.);
#564=VECTOR('',#2370,10.);
#565=CIRCLE('',#1659,1.);
#566=CIRCLE('',#1660,1.);
#567=CIRCLE('',#1662,1.);
#568=CIRCLE('',#1665,1.);
#569=CIRCLE('',#1669,1.);
#570=CIRCLE('',#1670,0.999999999999996);
#571=CIRCLE('',#1672,1.);
#572=CIRCLE('',#1674,1.);
#573=CIRCLE('',#1677,0.999999999999996);
#574=CIRCLE('',#1679,4.);
#575=CIRCLE('',#1680,4.);
#576=CIRCLE('',#1681,4.);
#577=CIRCLE('',#1682,1.7);
#578=CIRCLE('',#1683,1.7);
#579=CIRCLE('',#1685,0.999999999999996);
#580=CIRCLE('',#1691,1.);
#581=CIRCLE('',#1692,1.);
#582=CIRCLE('',#1694,1.);
#583=CIRCLE('',#1695,4.);
#584=CIRCLE('',#1696,3.);
#585=CIRCLE('',#1700,1.);
#586=CIRCLE('',#1702,1.);
#587=CIRCLE('',#1703,1.);
#588=CIRCLE('',#1705,1.);
#589=CIRCLE('',#1706,1.);
#590=CIRCLE('',#1708,0.999999999999999);
#591=CIRCLE('',#1709,4.);
#592=CIRCLE('',#1710,3.);
#593=CIRCLE('',#1712,1.);
#594=CIRCLE('',#1714,1.);
#595=CIRCLE('',#1715,6.05);
#596=CIRCLE('',#1716,1.);
#597=CIRCLE('',#1717,7.05);
#598=CIRCLE('',#1719,1.);
#599=CIRCLE('',#1722,1.);
#600=CIRCLE('',#1723,4.);
#601=CIRCLE('',#1724,3.);
#602=CIRCLE('',#1726,1.);
#603=CIRCLE('',#1728,1.);
#604=CIRCLE('',#1730,1.);
#605=CIRCLE('',#1732,1.);
#606=CIRCLE('',#1734,1.);
#607=CIRCLE('',#1737,3.);
#608=CIRCLE('',#1740,1.);
#609=CIRCLE('',#1743,1.);
#610=CIRCLE('',#1746,3.);
#611=CIRCLE('',#1749,1.);
#612=CIRCLE('',#1751,6.05);
#613=CIRCLE('',#1752,6.05);
#614=CIRCLE('',#1754,1.);
#615=CIRCLE('',#1756,3.);
#616=CIRCLE('',#1758,1.);
#617=CIRCLE('',#1759,1.);
#618=CIRCLE('',#1762,8.5);
#619=CIRCLE('',#1764,1.);
#620=CIRCLE('',#1765,1.);
#621=CIRCLE('',#1766,1.);
#622=CIRCLE('',#1768,0.999999999999999);
#623=CIRCLE('',#1769,1.);
#624=CIRCLE('',#1770,1.);
#625=CIRCLE('',#1772,1.);
#626=CIRCLE('',#1774,7.5);
#627=CIRCLE('',#1776,1.);
#628=CIRCLE('',#1779,0.999999999999998);
#629=CIRCLE('',#1781,1.);
#630=CIRCLE('',#1782,5.);
#631=CIRCLE('',#1784,1.);
#632=CIRCLE('',#1786,5.);
#633=CIRCLE('',#1788,1.);
#634=CIRCLE('',#1789,5.);
#635=CIRCLE('',#1791,1.);
#636=CIRCLE('',#1793,1.);
#637=CIRCLE('',#1794,7.5);
#638=CIRCLE('',#1795,8.5);
#639=CIRCLE('',#1799,1.);
#640=CIRCLE('',#1801,1.);
#641=CIRCLE('',#1805,5.);
#642=CIRCLE('',#1808,5.);
#643=CIRCLE('',#1812,5.);
#644=CIRCLE('',#1814,1.7);
#645=CIRCLE('',#1816,1.7);
#646=CIRCLE('',#1818,1.);
#647=CIRCLE('',#1820,1.);
#648=CIRCLE('',#1824,1.);
#649=CIRCLE('',#1825,1.);
#650=CIRCLE('',#1831,0.6);
#651=CIRCLE('',#1834,0.600000000000001);
#652=CIRCLE('',#1835,0.600000000000001);
#653=CIRCLE('',#1838,0.6);
#654=VERTEX_POINT('',#2377);
#655=VERTEX_POINT('',#2378);
#656=VERTEX_POINT('',#2380);
#657=VERTEX_POINT('',#2382);
#658=VERTEX_POINT('',#2386);
#659=VERTEX_POINT('',#2387);
#660=VERTEX_POINT('',#2390);
#661=VERTEX_POINT('',#2394);
#662=VERTEX_POINT('',#2395);
#663=VERTEX_POINT('',#2397);
#664=VERTEX_POINT('',#2399);
#665=VERTEX_POINT('',#2406);
#666=VERTEX_POINT('',#2407);
#667=VERTEX_POINT('',#2409);
#668=VERTEX_POINT('',#2418);
#669=VERTEX_POINT('',#2420);
#670=VERTEX_POINT('',#2424);
#671=VERTEX_POINT('',#2428);
#672=VERTEX_POINT('',#2430);
#673=VERTEX_POINT('',#2432);
#674=VERTEX_POINT('',#2434);
#675=VERTEX_POINT('',#2436);
#676=VERTEX_POINT('',#2438);
#677=VERTEX_POINT('',#2440);
#678=VERTEX_POINT('',#2443);
#679=VERTEX_POINT('',#2445);
#680=VERTEX_POINT('',#2448);
#681=VERTEX_POINT('',#2452);
#682=VERTEX_POINT('',#2456);
#683=VERTEX_POINT('',#2460);
#684=VERTEX_POINT('',#2466);
#685=VERTEX_POINT('',#2467);
#686=VERTEX_POINT('',#2469);
#687=VERTEX_POINT('',#2471);
#688=VERTEX_POINT('',#2475);
#689=VERTEX_POINT('',#2476);
#690=VERTEX_POINT('',#2481);
#691=VERTEX_POINT('',#2483);
#692=VERTEX_POINT('',#2487);
#693=VERTEX_POINT('',#2489);
#694=VERTEX_POINT('',#2493);
#695=VERTEX_POINT('',#2494);
#696=VERTEX_POINT('',#2496);
#697=VERTEX_POINT('',#2501);
#698=VERTEX_POINT('',#2502);
#699=VERTEX_POINT('',#2504);
#700=VERTEX_POINT('',#2506);
#701=VERTEX_POINT('',#2510);
#702=VERTEX_POINT('',#2511);
#703=VERTEX_POINT('',#2516);
#704=VERTEX_POINT('',#2521);
#705=VERTEX_POINT('',#2522);
#706=VERTEX_POINT('',#2524);
#707=VERTEX_POINT('',#2529);
#708=VERTEX_POINT('',#2530);
#709=VERTEX_POINT('',#2532);
#710=VERTEX_POINT('',#2534);
#711=VERTEX_POINT('',#2538);
#712=VERTEX_POINT('',#2543);
#713=VERTEX_POINT('',#2545);
#714=VERTEX_POINT('',#2557);
#715=VERTEX_POINT('',#2559);
#716=VERTEX_POINT('',#2563);
#717=VERTEX_POINT('',#2567);
#718=VERTEX_POINT('',#2571);
#719=VERTEX_POINT('',#2575);
#720=VERTEX_POINT('',#2579);
#721=VERTEX_POINT('',#2583);
#722=VERTEX_POINT('',#2587);
#723=VERTEX_POINT('',#2591);
#724=VERTEX_POINT('',#2595);
#725=VERTEX_POINT('',#2599);
#726=VERTEX_POINT('',#2601);
#727=VERTEX_POINT('',#2605);
#728=VERTEX_POINT('',#2609);
#729=VERTEX_POINT('',#2613);
#730=VERTEX_POINT('',#2614);
#731=VERTEX_POINT('',#2616);
#732=VERTEX_POINT('',#2618);
#733=VERTEX_POINT('',#2622);
#734=VERTEX_POINT('',#2624);
#735=VERTEX_POINT('',#2626);
#736=VERTEX_POINT('',#2630);
#737=VERTEX_POINT('',#2632);
#738=VERTEX_POINT('',#2634);
#739=VERTEX_POINT('',#2636);
#740=VERTEX_POINT('',#2645);
#741=VERTEX_POINT('',#2647);
#742=VERTEX_POINT('',#2649);
#743=VERTEX_POINT('',#2651);
#744=VERTEX_POINT('',#2654);
#745=VERTEX_POINT('',#2656);
#746=VERTEX_POINT('',#2660);
#747=VERTEX_POINT('',#2661);
#748=VERTEX_POINT('',#2663);
#749=VERTEX_POINT('',#2667);
#750=VERTEX_POINT('',#2669);
#751=VERTEX_POINT('',#2673);
#752=VERTEX_POINT('',#2677);
#753=VERTEX_POINT('',#2758);
#754=VERTEX_POINT('',#2763);
#755=VERTEX_POINT('',#2767);
#756=VERTEX_POINT('',#2771);
#757=VERTEX_POINT('',#2777);
#758=VERTEX_POINT('',#2781);
#759=VERTEX_POINT('',#2785);
#760=VERTEX_POINT('',#2786);
#761=VERTEX_POINT('',#2797);
#762=VERTEX_POINT('',#2801);
#763=VERTEX_POINT('',#2802);
#764=VERTEX_POINT('',#2810);
#765=VERTEX_POINT('',#2814);
#766=VERTEX_POINT('',#2818);
#767=VERTEX_POINT('',#2824);
#768=VERTEX_POINT('',#2826);
#769=VERTEX_POINT('',#2830);
#770=VERTEX_POINT('',#2834);
#771=VERTEX_POINT('',#2838);
#772=VERTEX_POINT('',#2842);
#773=VERTEX_POINT('',#2844);
#774=VERTEX_POINT('',#2848);
#775=VERTEX_POINT('',#2849);
#776=VERTEX_POINT('',#2854);
#777=VERTEX_POINT('',#2859);
#778=VERTEX_POINT('',#2863);
#779=VERTEX_POINT('',#2865);
#780=VERTEX_POINT('',#2869);
#781=VERTEX_POINT('',#2871);
#782=VERTEX_POINT('',#2876);
#783=VERTEX_POINT('',#2878);
#784=VERTEX_POINT('',#2885);
#785=VERTEX_POINT('',#2887);
#786=VERTEX_POINT('',#2890);
#787=VERTEX_POINT('',#2895);
#788=VERTEX_POINT('',#2897);
#789=VERTEX_POINT('',#2902);
#790=VERTEX_POINT('',#2911);
#791=VERTEX_POINT('',#2913);
#792=VERTEX_POINT('',#2915);
#793=VERTEX_POINT('',#2921);
#794=VERTEX_POINT('',#2925);
#795=VERTEX_POINT('',#2929);
#796=EDGE_CURVE('',#654,#655,#565,.T.);
#797=EDGE_CURVE('',#655,#656,#287,.T.);
#798=EDGE_CURVE('',#656,#657,#566,.T.);
#799=EDGE_CURVE('',#657,#654,#288,.T.);
#800=EDGE_CURVE('',#658,#659,#289,.T.);
#801=EDGE_CURVE('',#659,#656,#567,.T.);
#802=EDGE_CURVE('',#656,#660,#290,.T.);
#803=EDGE_CURVE('',#660,#658,#79,.T.);
#804=EDGE_CURVE('',#661,#662,#291,.T.);
#805=EDGE_CURVE('',#662,#663,#568,.T.);
#806=EDGE_CURVE('',#663,#664,#292,.T.);
#807=EDGE_CURVE('',#664,#661,#80,.T.);
#808=EDGE_CURVE('',#660,#661,#293,.T.);
#809=EDGE_CURVE('',#664,#658,#294,.T.);
#810=EDGE_CURVE('',#665,#666,#569,.T.);
#811=EDGE_CURVE('',#666,#667,#295,.T.);
#812=EDGE_CURVE('',#667,#662,#570,.T.);
#813=EDGE_CURVE('',#662,#665,#296,.T.);
#814=EDGE_CURVE('',#667,#663,#571,.T.);
#815=EDGE_CURVE('',#659,#657,#572,.T.);
#816=EDGE_CURVE('',#668,#657,#297,.T.);
#817=EDGE_CURVE('',#669,#668,#298,.T.);
#818=EDGE_CURVE('',#669,#654,#299,.T.);
#819=EDGE_CURVE('',#659,#670,#300,.T.);
#820=EDGE_CURVE('',#668,#670,#573,.T.);
#821=EDGE_CURVE('',#671,#663,#301,.T.);
#822=EDGE_CURVE('',#672,#671,#574,.T.);
#823=EDGE_CURVE('',#673,#672,#302,.T.);
#824=EDGE_CURVE('',#674,#673,#303,.T.);
#825=EDGE_CURVE('',#675,#674,#304,.T.);
#826=EDGE_CURVE('',#676,#675,#575,.T.);
#827=EDGE_CURVE('',#677,#676,#305,.T.);
#828=EDGE_CURVE('',#670,#677,#576,.T.);
#829=EDGE_CURVE('',#678,#678,#577,.T.);
#830=EDGE_CURVE('',#679,#679,#578,.T.);
#831=EDGE_CURVE('',#667,#680,#306,.T.);
#832=EDGE_CURVE('',#680,#671,#579,.T.);
#833=EDGE_CURVE('',#666,#681,#307,.T.);
#834=EDGE_CURVE('',#680,#681,#308,.T.);
#835=EDGE_CURVE('',#682,#655,#309,.T.);
#836=EDGE_CURVE('',#660,#682,#310,.F.);
#837=EDGE_CURVE('',#661,#683,#311,.T.);
#838=EDGE_CURVE('',#665,#683,#312,.T.);
#839=EDGE_CURVE('',#683,#682,#313,.T.);
#840=EDGE_CURVE('',#684,#685,#580,.T.);
#841=EDGE_CURVE('',#685,#686,#314,.T.);
#842=EDGE_CURVE('',#686,#687,#581,.T.);
#843=EDGE_CURVE('',#687,#684,#315,.T.);
#844=EDGE_CURVE('',#688,#689,#582,.T.);
#845=EDGE_CURVE('',#689,#687,#583,.T.);
#846=EDGE_CURVE('',#686,#688,#584,.T.);
#847=EDGE_CURVE('',#690,#689,#316,.T.);
#848=EDGE_CURVE('',#688,#691,#317,.T.);
#849=EDGE_CURVE('',#691,#690,#81,.T.);
#850=EDGE_CURVE('',#691,#692,#318,.T.);
#851=EDGE_CURVE('',#692,#693,#585,.T.);
#852=EDGE_CURVE('',#693,#690,#319,.T.);
#853=EDGE_CURVE('',#694,#695,#586,.T.);
#854=EDGE_CURVE('',#695,#696,#320,.T.);
#855=EDGE_CURVE('',#696,#684,#587,.T.);
#856=EDGE_CURVE('',#684,#694,#321,.T.);
#857=EDGE_CURVE('',#697,#698,#588,.T.);
#858=EDGE_CURVE('',#698,#699,#322,.T.);
#859=EDGE_CURVE('',#699,#700,#589,.T.);
#860=EDGE_CURVE('',#700,#697,#323,.T.);
#861=EDGE_CURVE('',#701,#702,#590,.T.);
#862=EDGE_CURVE('',#702,#700,#591,.T.);
#863=EDGE_CURVE('',#699,#701,#592,.T.);
#864=EDGE_CURVE('',#703,#694,#593,.T.);
#865=EDGE_CURVE('',#694,#702,#324,.T.);
#866=EDGE_CURVE('',#701,#703,#325,.T.);
#867=EDGE_CURVE('',#704,#705,#594,.T.);
#868=EDGE_CURVE('',#705,#706,#595,.T.);
#869=EDGE_CURVE('',#706,#697,#596,.T.);
#870=EDGE_CURVE('',#697,#704,#597,.T.);
#871=EDGE_CURVE('',#707,#708,#326,.T.);
#872=EDGE_CURVE('',#708,#709,#598,.T.);
#873=EDGE_CURVE('',#709,#710,#327,.T.);
#874=EDGE_CURVE('',#710,#707,#82,.T.);
#875=EDGE_CURVE('',#711,#704,#599,.T.);
#876=EDGE_CURVE('',#704,#709,#600,.T.);
#877=EDGE_CURVE('',#708,#711,#601,.T.);
#878=EDGE_CURVE('',#710,#712,#328,.T.);
#879=EDGE_CURVE('',#712,#713,#602,.T.);
#880=EDGE_CURVE('',#713,#707,#329,.T.);
#881=EDGE_CURVE('',#711,#705,#603,.T.);
#882=EDGE_CURVE('',#706,#698,#604,.T.);
#883=EDGE_CURVE('',#703,#695,#605,.T.);
#884=EDGE_CURVE('',#696,#685,#606,.T.);
#885=EDGE_CURVE('',#688,#714,#330,.T.);
#886=EDGE_CURVE('',#714,#715,#331,.T.);
#887=EDGE_CURVE('',#692,#715,#332,.T.);
#888=EDGE_CURVE('',#686,#716,#333,.T.);
#889=EDGE_CURVE('',#714,#716,#607,.T.);
#890=EDGE_CURVE('',#717,#685,#334,.T.);
#891=EDGE_CURVE('',#716,#717,#335,.T.);
#892=EDGE_CURVE('',#696,#718,#336,.T.);
#893=EDGE_CURVE('',#718,#717,#608,.T.);
#894=EDGE_CURVE('',#719,#695,#337,.T.);
#895=EDGE_CURVE('',#719,#718,#338,.F.);
#896=EDGE_CURVE('',#703,#720,#339,.T.);
#897=EDGE_CURVE('',#720,#719,#609,.T.);
#898=EDGE_CURVE('',#701,#721,#340,.T.);
#899=EDGE_CURVE('',#720,#721,#341,.T.);
#900=EDGE_CURVE('',#699,#722,#342,.T.);
#901=EDGE_CURVE('',#721,#722,#610,.T.);
#902=EDGE_CURVE('',#723,#698,#343,.T.);
#903=EDGE_CURVE('',#722,#723,#344,.T.);
#904=EDGE_CURVE('',#706,#724,#345,.T.);
#905=EDGE_CURVE('',#724,#723,#611,.T.);
#906=EDGE_CURVE('',#725,#705,#346,.T.);
#907=EDGE_CURVE('',#726,#725,#612,.T.);
#908=EDGE_CURVE('',#724,#726,#613,.T.);
#909=EDGE_CURVE('',#711,#727,#347,.T.);
#910=EDGE_CURVE('',#727,#725,#614,.T.);
#911=EDGE_CURVE('',#708,#728,#348,.T.);
#912=EDGE_CURVE('',#727,#728,#615,.T.);
#913=EDGE_CURVE('',#729,#730,#616,.T.);
#914=EDGE_CURVE('',#730,#731,#349,.T.);
#915=EDGE_CURVE('',#731,#732,#617,.T.);
#916=EDGE_CURVE('',#732,#729,#350,.T.);
#917=EDGE_CURVE('',#733,#731,#351,.T.);
#918=EDGE_CURVE('',#733,#734,#352,.T.);
#919=EDGE_CURVE('',#735,#734,#353,.F.);
#920=EDGE_CURVE('',#732,#735,#354,.T.);
#921=EDGE_CURVE('',#736,#710,#355,.F.);
#922=EDGE_CURVE('',#737,#736,#356,.F.);
#923=EDGE_CURVE('',#737,#738,#357,.T.);
#924=EDGE_CURVE('',#739,#738,#16,.T.);
#925=EDGE_CURVE('',#740,#739,#618,.T.);
#926=EDGE_CURVE('',#741,#740,#358,.T.);
#927=EDGE_CURVE('',#742,#741,#359,.T.);
#928=EDGE_CURVE('',#742,#743,#360,.T.);
#929=EDGE_CURVE('',#743,#733,#361,.T.);
#930=EDGE_CURVE('',#744,#730,#362,.T.);
#931=EDGE_CURVE('',#745,#744,#363,.T.);
#932=EDGE_CURVE('',#745,#712,#364,.F.);
#933=EDGE_CURVE('',#746,#747,#619,.F.);
#934=EDGE_CURVE('',#748,#746,#620,.F.);
#935=EDGE_CURVE('',#747,#748,#621,.F.);
#936=EDGE_CURVE('',#741,#749,#622,.F.);
#937=EDGE_CURVE('',#750,#741,#623,.F.);
#938=EDGE_CURVE('',#749,#750,#624,.F.);
#939=EDGE_CURVE('',#740,#751,#625,.T.);
#940=EDGE_CURVE('',#751,#750,#365,.T.);
#941=EDGE_CURVE('',#752,#751,#626,.T.);
#942=EDGE_CURVE('',#739,#752,#17,.T.);
#943=EDGE_CURVE('',#738,#753,#83,.T.);
#944=EDGE_CURVE('',#753,#674,#627,.T.);
#945=EDGE_CURVE('',#674,#752,#84,.T.);
#946=EDGE_CURVE('',#754,#675,#628,.T.);
#947=EDGE_CURVE('',#753,#754,#366,.T.);
#948=EDGE_CURVE('',#755,#676,#629,.T.);
#949=EDGE_CURVE('',#754,#755,#630,.T.);
#950=EDGE_CURVE('',#756,#677,#631,.T.);
#951=EDGE_CURVE('',#755,#756,#367,.T.);
#952=EDGE_CURVE('',#756,#668,#632,.T.);
#953=EDGE_CURVE('',#757,#672,#633,.T.);
#954=EDGE_CURVE('',#680,#757,#634,.T.);
#955=EDGE_CURVE('',#758,#673,#635,.T.);
#956=EDGE_CURVE('',#757,#758,#368,.T.);
#957=EDGE_CURVE('',#759,#760,#636,.T.);
#958=EDGE_CURVE('',#760,#673,#637,.T.);
#959=EDGE_CURVE('',#758,#759,#638,.T.);
#960=EDGE_CURVE('',#746,#760,#369,.T.);
#961=EDGE_CURVE('',#759,#748,#370,.T.);
#962=EDGE_CURVE('',#747,#749,#371,.T.);
#963=EDGE_CURVE('',#750,#746,#372,.T.);
#964=EDGE_CURVE('',#761,#742,#639,.T.);
#965=EDGE_CURVE('',#749,#761,#373,.T.);
#966=EDGE_CURVE('',#762,#763,#640,.T.);
#967=EDGE_CURVE('',#763,#747,#374,.T.);
#968=EDGE_CURVE('',#748,#762,#375,.T.);
#969=EDGE_CURVE('',#760,#751,#376,.T.);
#970=EDGE_CURVE('',#756,#764,#377,.T.);
#971=EDGE_CURVE('',#764,#669,#641,.T.);
#972=EDGE_CURVE('',#765,#755,#378,.T.);
#973=EDGE_CURVE('',#765,#764,#379,.T.);
#974=EDGE_CURVE('',#754,#766,#380,.T.);
#975=EDGE_CURVE('',#766,#765,#642,.T.);
#976=EDGE_CURVE('',#737,#766,#381,.T.);
#977=EDGE_CURVE('',#767,#761,#382,.T.);
#978=EDGE_CURVE('',#768,#767,#383,.F.);
#979=EDGE_CURVE('',#743,#768,#384,.T.);
#980=EDGE_CURVE('',#681,#769,#643,.T.);
#981=EDGE_CURVE('',#769,#757,#385,.T.);
#982=EDGE_CURVE('',#678,#770,#386,.T.);
#983=EDGE_CURVE('',#770,#770,#644,.T.);
#984=EDGE_CURVE('',#679,#771,#387,.T.);
#985=EDGE_CURVE('',#771,#771,#645,.T.);
#986=EDGE_CURVE('',#772,#728,#646,.F.);
#987=EDGE_CURVE('',#773,#772,#388,.F.);
#988=EDGE_CURVE('',#726,#773,#389,.T.);
#989=EDGE_CURVE('',#774,#775,#647,.T.);
#990=EDGE_CURVE('',#775,#772,#390,.T.);
#991=EDGE_CURVE('',#728,#774,#391,.T.);
#992=EDGE_CURVE('',#776,#745,#392,.F.);
#993=EDGE_CURVE('',#776,#775,#393,.F.);
#994=EDGE_CURVE('',#774,#713,#394,.T.);
#995=EDGE_CURVE('',#690,#777,#395,.F.);
#996=EDGE_CURVE('',#777,#736,#396,.T.);
#997=EDGE_CURVE('',#778,#715,#648,.T.);
#998=EDGE_CURVE('',#714,#779,#649,.F.);
#999=EDGE_CURVE('',#779,#778,#397,.T.);
#1000=EDGE_CURVE('',#780,#779,#398,.F.);
#1001=EDGE_CURVE('',#781,#780,#399,.F.);
#1002=EDGE_CURVE('',#781,#778,#400,.T.);
#1003=EDGE_CURVE('',#782,#693,#401,.T.);
#1004=EDGE_CURVE('',#783,#782,#402,.T.);
#1005=EDGE_CURVE('',#783,#762,#403,.F.);
#1006=EDGE_CURVE('',#769,#777,#404,.T.);
#1007=EDGE_CURVE('',#782,#781,#405,.F.);
#1008=EDGE_CURVE('',#784,#729,#406,.F.);
#1009=EDGE_CURVE('',#785,#784,#407,.T.);
#1010=EDGE_CURVE('',#744,#785,#408,.F.);
#1011=EDGE_CURVE('',#786,#786,#650,.T.);
#1012=EDGE_CURVE('',#780,#726,#409,.T.);
#1013=EDGE_CURVE('',#787,#787,#651,.T.);
#1014=EDGE_CURVE('',#787,#788,#410,.T.);
#1015=EDGE_CURVE('',#788,#788,#652,.T.);
#1016=EDGE_CURVE('',#786,#789,#411,.T.);
#1017=EDGE_CURVE('',#789,#789,#653,.T.);
#1018=EDGE_CURVE('',#734,#768,#412,.F.);
#1019=EDGE_CURVE('',#735,#784,#413,.F.);
#1020=EDGE_CURVE('',#785,#790,#414,.T.);
#1021=EDGE_CURVE('',#790,#791,#415,.T.);
#1022=EDGE_CURVE('',#791,#792,#416,.F.);
#1023=EDGE_CURVE('',#792,#783,#417,.F.);
#1024=EDGE_CURVE('',#773,#776,#418,.T.);
#1025=EDGE_CURVE('',#793,#767,#419,.F.);
#1026=EDGE_CURVE('',#790,#793,#420,.T.);
#1027=EDGE_CURVE('',#794,#793,#421,.F.);
#1028=EDGE_CURVE('',#791,#794,#422,.T.);
#1029=EDGE_CURVE('',#795,#794,#423,.F.);
#1030=EDGE_CURVE('',#792,#795,#424,.F.);
#1031=EDGE_CURVE('',#763,#795,#425,.F.);
#1032=ORIENTED_EDGE('',*,*,#796,.T.);
#1033=ORIENTED_EDGE('',*,*,#797,.T.);
#1034=ORIENTED_EDGE('',*,*,#798,.T.);
#1035=ORIENTED_EDGE('',*,*,#799,.T.);
#1036=ORIENTED_EDGE('',*,*,#800,.T.);
#1037=ORIENTED_EDGE('',*,*,#801,.T.);
#1038=ORIENTED_EDGE('',*,*,#802,.T.);
#1039=ORIENTED_EDGE('',*,*,#803,.T.);
#1040=ORIENTED_EDGE('',*,*,#804,.T.);
#1041=ORIENTED_EDGE('',*,*,#805,.T.);
#1042=ORIENTED_EDGE('',*,*,#806,.T.);
#1043=ORIENTED_EDGE('',*,*,#807,.T.);
#1044=ORIENTED_EDGE('',*,*,#808,.T.);
#1045=ORIENTED_EDGE('',*,*,#807,.F.);
#1046=ORIENTED_EDGE('',*,*,#809,.T.);
#1047=ORIENTED_EDGE('',*,*,#803,.F.);
#1048=ORIENTED_EDGE('',*,*,#810,.T.);
#1049=ORIENTED_EDGE('',*,*,#811,.T.);
#1050=ORIENTED_EDGE('',*,*,#812,.T.);
#1051=ORIENTED_EDGE('',*,*,#813,.T.);
#1052=ORIENTED_EDGE('',*,*,#812,.F.);
#1053=ORIENTED_EDGE('',*,*,#814,.T.);
#1054=ORIENTED_EDGE('',*,*,#805,.F.);
#1055=ORIENTED_EDGE('',*,*,#801,.F.);
#1056=ORIENTED_EDGE('',*,*,#815,.T.);
#1057=ORIENTED_EDGE('',*,*,#798,.F.);
#1058=ORIENTED_EDGE('',*,*,#799,.F.);
#1059=ORIENTED_EDGE('',*,*,#816,.F.);
#1060=ORIENTED_EDGE('',*,*,#817,.F.);
#1061=ORIENTED_EDGE('',*,*,#818,.T.);
#1062=ORIENTED_EDGE('',*,*,#815,.F.);
#1063=ORIENTED_EDGE('',*,*,#819,.T.);
#1064=ORIENTED_EDGE('',*,*,#820,.F.);
#1065=ORIENTED_EDGE('',*,*,#816,.T.);
#1066=ORIENTED_EDGE('',*,*,#800,.F.);
#1067=ORIENTED_EDGE('',*,*,#809,.F.);
#1068=ORIENTED_EDGE('',*,*,#806,.F.);
#1069=ORIENTED_EDGE('',*,*,#821,.F.);
#1070=ORIENTED_EDGE('',*,*,#822,.F.);
#1071=ORIENTED_EDGE('',*,*,#823,.F.);
#1072=ORIENTED_EDGE('',*,*,#824,.F.);
#1073=ORIENTED_EDGE('',*,*,#825,.F.);
#1074=ORIENTED_EDGE('',*,*,#826,.F.);
#1075=ORIENTED_EDGE('',*,*,#827,.F.);
#1076=ORIENTED_EDGE('',*,*,#828,.F.);
#1077=ORIENTED_EDGE('',*,*,#819,.F.);
#1078=ORIENTED_EDGE('',*,*,#829,.T.);
#1079=ORIENTED_EDGE('',*,*,#830,.T.);
#1080=ORIENTED_EDGE('',*,*,#814,.F.);
#1081=ORIENTED_EDGE('',*,*,#831,.T.);
#1082=ORIENTED_EDGE('',*,*,#832,.T.);
#1083=ORIENTED_EDGE('',*,*,#821,.T.);
#1084=ORIENTED_EDGE('',*,*,#811,.F.);
#1085=ORIENTED_EDGE('',*,*,#833,.T.);
#1086=ORIENTED_EDGE('',*,*,#834,.F.);
#1087=ORIENTED_EDGE('',*,*,#831,.F.);
#1088=ORIENTED_EDGE('',*,*,#797,.F.);
#1089=ORIENTED_EDGE('',*,*,#835,.F.);
#1090=ORIENTED_EDGE('',*,*,#836,.F.);
#1091=ORIENTED_EDGE('',*,*,#802,.F.);
#1092=ORIENTED_EDGE('',*,*,#804,.F.);
#1093=ORIENTED_EDGE('',*,*,#837,.T.);
#1094=ORIENTED_EDGE('',*,*,#838,.F.);
#1095=ORIENTED_EDGE('',*,*,#813,.F.);
#1096=ORIENTED_EDGE('',*,*,#808,.F.);
#1097=ORIENTED_EDGE('',*,*,#836,.T.);
#1098=ORIENTED_EDGE('',*,*,#839,.F.);
#1099=ORIENTED_EDGE('',*,*,#837,.F.);
#1100=ORIENTED_EDGE('',*,*,#840,.T.);
#1101=ORIENTED_EDGE('',*,*,#841,.T.);
#1102=ORIENTED_EDGE('',*,*,#842,.T.);
#1103=ORIENTED_EDGE('',*,*,#843,.T.);
#1104=ORIENTED_EDGE('',*,*,#844,.T.);
#1105=ORIENTED_EDGE('',*,*,#845,.T.);
#1106=ORIENTED_EDGE('',*,*,#842,.F.);
#1107=ORIENTED_EDGE('',*,*,#846,.T.);
#1108=ORIENTED_EDGE('',*,*,#847,.T.);
#1109=ORIENTED_EDGE('',*,*,#844,.F.);
#1110=ORIENTED_EDGE('',*,*,#848,.T.);
#1111=ORIENTED_EDGE('',*,*,#849,.T.);
#1112=ORIENTED_EDGE('',*,*,#850,.T.);
#1113=ORIENTED_EDGE('',*,*,#851,.T.);
#1114=ORIENTED_EDGE('',*,*,#852,.T.);
#1115=ORIENTED_EDGE('',*,*,#849,.F.);
#1116=ORIENTED_EDGE('',*,*,#853,.T.);
#1117=ORIENTED_EDGE('',*,*,#854,.T.);
#1118=ORIENTED_EDGE('',*,*,#855,.T.);
#1119=ORIENTED_EDGE('',*,*,#856,.T.);
#1120=ORIENTED_EDGE('',*,*,#857,.T.);
#1121=ORIENTED_EDGE('',*,*,#858,.T.);
#1122=ORIENTED_EDGE('',*,*,#859,.T.);
#1123=ORIENTED_EDGE('',*,*,#860,.T.);
#1124=ORIENTED_EDGE('',*,*,#861,.T.);
#1125=ORIENTED_EDGE('',*,*,#862,.T.);
#1126=ORIENTED_EDGE('',*,*,#859,.F.);
#1127=ORIENTED_EDGE('',*,*,#863,.T.);
#1128=ORIENTED_EDGE('',*,*,#864,.T.);
#1129=ORIENTED_EDGE('',*,*,#865,.T.);
#1130=ORIENTED_EDGE('',*,*,#861,.F.);
#1131=ORIENTED_EDGE('',*,*,#866,.T.);
#1132=ORIENTED_EDGE('',*,*,#867,.T.);
#1133=ORIENTED_EDGE('',*,*,#868,.T.);
#1134=ORIENTED_EDGE('',*,*,#869,.T.);
#1135=ORIENTED_EDGE('',*,*,#870,.T.);
#1136=ORIENTED_EDGE('',*,*,#871,.T.);
#1137=ORIENTED_EDGE('',*,*,#872,.T.);
#1138=ORIENTED_EDGE('',*,*,#873,.T.);
#1139=ORIENTED_EDGE('',*,*,#874,.T.);
#1140=ORIENTED_EDGE('',*,*,#875,.T.);
#1141=ORIENTED_EDGE('',*,*,#876,.T.);
#1142=ORIENTED_EDGE('',*,*,#872,.F.);
#1143=ORIENTED_EDGE('',*,*,#877,.T.);
#1144=ORIENTED_EDGE('',*,*,#878,.T.);
#1145=ORIENTED_EDGE('',*,*,#879,.T.);
#1146=ORIENTED_EDGE('',*,*,#880,.T.);
#1147=ORIENTED_EDGE('',*,*,#874,.F.);
#1148=ORIENTED_EDGE('',*,*,#875,.F.);
#1149=ORIENTED_EDGE('',*,*,#881,.T.);
#1150=ORIENTED_EDGE('',*,*,#867,.F.);
#1151=ORIENTED_EDGE('',*,*,#869,.F.);
#1152=ORIENTED_EDGE('',*,*,#882,.T.);
#1153=ORIENTED_EDGE('',*,*,#857,.F.);
#1154=ORIENTED_EDGE('',*,*,#864,.F.);
#1155=ORIENTED_EDGE('',*,*,#883,.T.);
#1156=ORIENTED_EDGE('',*,*,#853,.F.);
#1157=ORIENTED_EDGE('',*,*,#855,.F.);
#1158=ORIENTED_EDGE('',*,*,#884,.T.);
#1159=ORIENTED_EDGE('',*,*,#840,.F.);
#1160=ORIENTED_EDGE('',*,*,#850,.F.);
#1161=ORIENTED_EDGE('',*,*,#848,.F.);
#1162=ORIENTED_EDGE('',*,*,#885,.T.);
#1163=ORIENTED_EDGE('',*,*,#886,.T.);
#1164=ORIENTED_EDGE('',*,*,#887,.F.);
#1165=ORIENTED_EDGE('',*,*,#846,.F.);
#1166=ORIENTED_EDGE('',*,*,#888,.T.);
#1167=ORIENTED_EDGE('',*,*,#889,.F.);
#1168=ORIENTED_EDGE('',*,*,#885,.F.);
#1169=ORIENTED_EDGE('',*,*,#841,.F.);
#1170=ORIENTED_EDGE('',*,*,#890,.F.);
#1171=ORIENTED_EDGE('',*,*,#891,.F.);
#1172=ORIENTED_EDGE('',*,*,#888,.F.);
#1173=ORIENTED_EDGE('',*,*,#884,.F.);
#1174=ORIENTED_EDGE('',*,*,#892,.T.);
#1175=ORIENTED_EDGE('',*,*,#893,.T.);
#1176=ORIENTED_EDGE('',*,*,#890,.T.);
#1177=ORIENTED_EDGE('',*,*,#854,.F.);
#1178=ORIENTED_EDGE('',*,*,#894,.F.);
#1179=ORIENTED_EDGE('',*,*,#895,.T.);
#1180=ORIENTED_EDGE('',*,*,#892,.F.);
#1181=ORIENTED_EDGE('',*,*,#883,.F.);
#1182=ORIENTED_EDGE('',*,*,#896,.T.);
#1183=ORIENTED_EDGE('',*,*,#897,.T.);
#1184=ORIENTED_EDGE('',*,*,#894,.T.);
#1185=ORIENTED_EDGE('',*,*,#866,.F.);
#1186=ORIENTED_EDGE('',*,*,#898,.T.);
#1187=ORIENTED_EDGE('',*,*,#899,.F.);
#1188=ORIENTED_EDGE('',*,*,#896,.F.);
#1189=ORIENTED_EDGE('',*,*,#863,.F.);
#1190=ORIENTED_EDGE('',*,*,#900,.T.);
#1191=ORIENTED_EDGE('',*,*,#901,.F.);
#1192=ORIENTED_EDGE('',*,*,#898,.F.);
#1193=ORIENTED_EDGE('',*,*,#858,.F.);
#1194=ORIENTED_EDGE('',*,*,#902,.F.);
#1195=ORIENTED_EDGE('',*,*,#903,.F.);
#1196=ORIENTED_EDGE('',*,*,#900,.F.);
#1197=ORIENTED_EDGE('',*,*,#882,.F.);
#1198=ORIENTED_EDGE('',*,*,#904,.T.);
#1199=ORIENTED_EDGE('',*,*,#905,.T.);
#1200=ORIENTED_EDGE('',*,*,#902,.T.);
#1201=ORIENTED_EDGE('',*,*,#868,.F.);
#1202=ORIENTED_EDGE('',*,*,#906,.F.);
#1203=ORIENTED_EDGE('',*,*,#907,.F.);
#1204=ORIENTED_EDGE('',*,*,#908,.F.);
#1205=ORIENTED_EDGE('',*,*,#904,.F.);
#1206=ORIENTED_EDGE('',*,*,#881,.F.);
#1207=ORIENTED_EDGE('',*,*,#909,.T.);
#1208=ORIENTED_EDGE('',*,*,#910,.T.);
#1209=ORIENTED_EDGE('',*,*,#906,.T.);
#1210=ORIENTED_EDGE('',*,*,#877,.F.);
#1211=ORIENTED_EDGE('',*,*,#911,.T.);
#1212=ORIENTED_EDGE('',*,*,#912,.F.);
#1213=ORIENTED_EDGE('',*,*,#909,.F.);
#1214=ORIENTED_EDGE('',*,*,#913,.T.);
#1215=ORIENTED_EDGE('',*,*,#914,.T.);
#1216=ORIENTED_EDGE('',*,*,#915,.T.);
#1217=ORIENTED_EDGE('',*,*,#916,.T.);
#1218=ORIENTED_EDGE('',*,*,#915,.F.);
#1219=ORIENTED_EDGE('',*,*,#917,.F.);
#1220=ORIENTED_EDGE('',*,*,#918,.T.);
#1221=ORIENTED_EDGE('',*,*,#919,.F.);
#1222=ORIENTED_EDGE('',*,*,#920,.F.);
#1223=ORIENTED_EDGE('',*,*,#878,.F.);
#1224=ORIENTED_EDGE('',*,*,#921,.F.);
#1225=ORIENTED_EDGE('',*,*,#922,.F.);
#1226=ORIENTED_EDGE('',*,*,#923,.T.);
#1227=ORIENTED_EDGE('',*,*,#924,.F.);
#1228=ORIENTED_EDGE('',*,*,#925,.F.);
#1229=ORIENTED_EDGE('',*,*,#926,.F.);
#1230=ORIENTED_EDGE('',*,*,#927,.F.);
#1231=ORIENTED_EDGE('',*,*,#928,.T.);
#1232=ORIENTED_EDGE('',*,*,#929,.T.);
#1233=ORIENTED_EDGE('',*,*,#917,.T.);
#1234=ORIENTED_EDGE('',*,*,#914,.F.);
#1235=ORIENTED_EDGE('',*,*,#930,.F.);
#1236=ORIENTED_EDGE('',*,*,#931,.F.);
#1237=ORIENTED_EDGE('',*,*,#932,.T.);
#1238=ORIENTED_EDGE('',*,*,#933,.F.);
#1239=ORIENTED_EDGE('',*,*,#934,.F.);
#1240=ORIENTED_EDGE('',*,*,#935,.F.);
#1241=ORIENTED_EDGE('',*,*,#936,.F.);
#1242=ORIENTED_EDGE('',*,*,#937,.F.);
#1243=ORIENTED_EDGE('',*,*,#938,.F.);
#1244=ORIENTED_EDGE('',*,*,#939,.T.);
#1245=ORIENTED_EDGE('',*,*,#940,.T.);
#1246=ORIENTED_EDGE('',*,*,#937,.T.);
#1247=ORIENTED_EDGE('',*,*,#926,.T.);
#1248=ORIENTED_EDGE('',*,*,#941,.T.);
#1249=ORIENTED_EDGE('',*,*,#939,.F.);
#1250=ORIENTED_EDGE('',*,*,#925,.T.);
#1251=ORIENTED_EDGE('',*,*,#942,.T.);
#1252=ORIENTED_EDGE('',*,*,#943,.T.);
#1253=ORIENTED_EDGE('',*,*,#944,.T.);
#1254=ORIENTED_EDGE('',*,*,#945,.T.);
#1255=ORIENTED_EDGE('',*,*,#942,.F.);
#1256=ORIENTED_EDGE('',*,*,#924,.T.);
#1257=ORIENTED_EDGE('',*,*,#946,.T.);
#1258=ORIENTED_EDGE('',*,*,#825,.T.);
#1259=ORIENTED_EDGE('',*,*,#944,.F.);
#1260=ORIENTED_EDGE('',*,*,#947,.T.);
#1261=ORIENTED_EDGE('',*,*,#948,.T.);
#1262=ORIENTED_EDGE('',*,*,#826,.T.);
#1263=ORIENTED_EDGE('',*,*,#946,.F.);
#1264=ORIENTED_EDGE('',*,*,#949,.T.);
#1265=ORIENTED_EDGE('',*,*,#950,.T.);
#1266=ORIENTED_EDGE('',*,*,#827,.T.);
#1267=ORIENTED_EDGE('',*,*,#948,.F.);
#1268=ORIENTED_EDGE('',*,*,#951,.T.);
#1269=ORIENTED_EDGE('',*,*,#820,.T.);
#1270=ORIENTED_EDGE('',*,*,#828,.T.);
#1271=ORIENTED_EDGE('',*,*,#950,.F.);
#1272=ORIENTED_EDGE('',*,*,#952,.T.);
#1273=ORIENTED_EDGE('',*,*,#953,.T.);
#1274=ORIENTED_EDGE('',*,*,#822,.T.);
#1275=ORIENTED_EDGE('',*,*,#832,.F.);
#1276=ORIENTED_EDGE('',*,*,#954,.T.);
#1277=ORIENTED_EDGE('',*,*,#955,.T.);
#1278=ORIENTED_EDGE('',*,*,#823,.T.);
#1279=ORIENTED_EDGE('',*,*,#953,.F.);
#1280=ORIENTED_EDGE('',*,*,#956,.T.);
#1281=ORIENTED_EDGE('',*,*,#957,.T.);
#1282=ORIENTED_EDGE('',*,*,#958,.T.);
#1283=ORIENTED_EDGE('',*,*,#955,.F.);
#1284=ORIENTED_EDGE('',*,*,#959,.T.);
#1285=ORIENTED_EDGE('',*,*,#934,.T.);
#1286=ORIENTED_EDGE('',*,*,#960,.T.);
#1287=ORIENTED_EDGE('',*,*,#957,.F.);
#1288=ORIENTED_EDGE('',*,*,#961,.T.);
#1289=ORIENTED_EDGE('',*,*,#933,.T.);
#1290=ORIENTED_EDGE('',*,*,#962,.T.);
#1291=ORIENTED_EDGE('',*,*,#938,.T.);
#1292=ORIENTED_EDGE('',*,*,#963,.T.);
#1293=ORIENTED_EDGE('',*,*,#964,.T.);
#1294=ORIENTED_EDGE('',*,*,#927,.T.);
#1295=ORIENTED_EDGE('',*,*,#936,.T.);
#1296=ORIENTED_EDGE('',*,*,#965,.T.);
#1297=ORIENTED_EDGE('',*,*,#966,.T.);
#1298=ORIENTED_EDGE('',*,*,#967,.T.);
#1299=ORIENTED_EDGE('',*,*,#935,.T.);
#1300=ORIENTED_EDGE('',*,*,#968,.T.);
#1301=ORIENTED_EDGE('',*,*,#960,.F.);
#1302=ORIENTED_EDGE('',*,*,#963,.F.);
#1303=ORIENTED_EDGE('',*,*,#940,.F.);
#1304=ORIENTED_EDGE('',*,*,#969,.F.);
#1305=ORIENTED_EDGE('',*,*,#958,.F.);
#1306=ORIENTED_EDGE('',*,*,#969,.T.);
#1307=ORIENTED_EDGE('',*,*,#941,.F.);
#1308=ORIENTED_EDGE('',*,*,#945,.F.);
#1309=ORIENTED_EDGE('',*,*,#824,.T.);
#1310=ORIENTED_EDGE('',*,*,#952,.F.);
#1311=ORIENTED_EDGE('',*,*,#970,.T.);
#1312=ORIENTED_EDGE('',*,*,#971,.T.);
#1313=ORIENTED_EDGE('',*,*,#817,.T.);
#1314=ORIENTED_EDGE('',*,*,#951,.F.);
#1315=ORIENTED_EDGE('',*,*,#972,.F.);
#1316=ORIENTED_EDGE('',*,*,#973,.T.);
#1317=ORIENTED_EDGE('',*,*,#970,.F.);
#1318=ORIENTED_EDGE('',*,*,#949,.F.);
#1319=ORIENTED_EDGE('',*,*,#974,.T.);
#1320=ORIENTED_EDGE('',*,*,#975,.T.);
#1321=ORIENTED_EDGE('',*,*,#972,.T.);
#1322=ORIENTED_EDGE('',*,*,#947,.F.);
#1323=ORIENTED_EDGE('',*,*,#943,.F.);
#1324=ORIENTED_EDGE('',*,*,#923,.F.);
#1325=ORIENTED_EDGE('',*,*,#976,.T.);
#1326=ORIENTED_EDGE('',*,*,#974,.F.);
#1327=ORIENTED_EDGE('',*,*,#964,.F.);
#1328=ORIENTED_EDGE('',*,*,#977,.F.);
#1329=ORIENTED_EDGE('',*,*,#978,.F.);
#1330=ORIENTED_EDGE('',*,*,#979,.F.);
#1331=ORIENTED_EDGE('',*,*,#928,.F.);
#1332=ORIENTED_EDGE('',*,*,#954,.F.);
#1333=ORIENTED_EDGE('',*,*,#834,.T.);
#1334=ORIENTED_EDGE('',*,*,#980,.T.);
#1335=ORIENTED_EDGE('',*,*,#981,.T.);
#1336=ORIENTED_EDGE('',*,*,#829,.F.);
#1337=ORIENTED_EDGE('',*,*,#982,.T.);
#1338=ORIENTED_EDGE('',*,*,#983,.F.);
#1339=ORIENTED_EDGE('',*,*,#982,.F.);
#1340=ORIENTED_EDGE('',*,*,#830,.F.);
#1341=ORIENTED_EDGE('',*,*,#984,.T.);
#1342=ORIENTED_EDGE('',*,*,#985,.F.);
#1343=ORIENTED_EDGE('',*,*,#984,.F.);
#1344=ORIENTED_EDGE('',*,*,#910,.F.);
#1345=ORIENTED_EDGE('',*,*,#912,.T.);
#1346=ORIENTED_EDGE('',*,*,#986,.F.);
#1347=ORIENTED_EDGE('',*,*,#987,.F.);
#1348=ORIENTED_EDGE('',*,*,#988,.F.);
#1349=ORIENTED_EDGE('',*,*,#907,.T.);
#1350=ORIENTED_EDGE('',*,*,#989,.T.);
#1351=ORIENTED_EDGE('',*,*,#990,.T.);
#1352=ORIENTED_EDGE('',*,*,#986,.T.);
#1353=ORIENTED_EDGE('',*,*,#991,.T.);
#1354=ORIENTED_EDGE('',*,*,#879,.F.);
#1355=ORIENTED_EDGE('',*,*,#932,.F.);
#1356=ORIENTED_EDGE('',*,*,#992,.F.);
#1357=ORIENTED_EDGE('',*,*,#993,.T.);
#1358=ORIENTED_EDGE('',*,*,#989,.F.);
#1359=ORIENTED_EDGE('',*,*,#994,.T.);
#1360=ORIENTED_EDGE('',*,*,#847,.F.);
#1361=ORIENTED_EDGE('',*,*,#995,.T.);
#1362=ORIENTED_EDGE('',*,*,#996,.T.);
#1363=ORIENTED_EDGE('',*,*,#921,.T.);
#1364=ORIENTED_EDGE('',*,*,#873,.F.);
#1365=ORIENTED_EDGE('',*,*,#876,.F.);
#1366=ORIENTED_EDGE('',*,*,#870,.F.);
#1367=ORIENTED_EDGE('',*,*,#860,.F.);
#1368=ORIENTED_EDGE('',*,*,#862,.F.);
#1369=ORIENTED_EDGE('',*,*,#865,.F.);
#1370=ORIENTED_EDGE('',*,*,#856,.F.);
#1371=ORIENTED_EDGE('',*,*,#843,.F.);
#1372=ORIENTED_EDGE('',*,*,#845,.F.);
#1373=ORIENTED_EDGE('',*,*,#997,.T.);
#1374=ORIENTED_EDGE('',*,*,#886,.F.);
#1375=ORIENTED_EDGE('',*,*,#998,.T.);
#1376=ORIENTED_EDGE('',*,*,#999,.T.);
#1377=ORIENTED_EDGE('',*,*,#999,.F.);
#1378=ORIENTED_EDGE('',*,*,#1000,.F.);
#1379=ORIENTED_EDGE('',*,*,#1001,.F.);
#1380=ORIENTED_EDGE('',*,*,#1002,.T.);
#1381=ORIENTED_EDGE('',*,*,#880,.F.);
#1382=ORIENTED_EDGE('',*,*,#994,.F.);
#1383=ORIENTED_EDGE('',*,*,#991,.F.);
#1384=ORIENTED_EDGE('',*,*,#911,.F.);
#1385=ORIENTED_EDGE('',*,*,#871,.F.);
#1386=ORIENTED_EDGE('',*,*,#852,.F.);
#1387=ORIENTED_EDGE('',*,*,#1003,.F.);
#1388=ORIENTED_EDGE('',*,*,#1004,.F.);
#1389=ORIENTED_EDGE('',*,*,#1005,.T.);
#1390=ORIENTED_EDGE('',*,*,#968,.F.);
#1391=ORIENTED_EDGE('',*,*,#961,.F.);
#1392=ORIENTED_EDGE('',*,*,#959,.F.);
#1393=ORIENTED_EDGE('',*,*,#956,.F.);
#1394=ORIENTED_EDGE('',*,*,#981,.F.);
#1395=ORIENTED_EDGE('',*,*,#1006,.T.);
#1396=ORIENTED_EDGE('',*,*,#995,.F.);
#1397=ORIENTED_EDGE('',*,*,#851,.F.);
#1398=ORIENTED_EDGE('',*,*,#887,.T.);
#1399=ORIENTED_EDGE('',*,*,#997,.F.);
#1400=ORIENTED_EDGE('',*,*,#1002,.F.);
#1401=ORIENTED_EDGE('',*,*,#1007,.F.);
#1402=ORIENTED_EDGE('',*,*,#1003,.T.);
#1403=ORIENTED_EDGE('',*,*,#913,.F.);
#1404=ORIENTED_EDGE('',*,*,#1008,.F.);
#1405=ORIENTED_EDGE('',*,*,#1009,.F.);
#1406=ORIENTED_EDGE('',*,*,#1010,.F.);
#1407=ORIENTED_EDGE('',*,*,#930,.T.);
#1408=ORIENTED_EDGE('',*,*,#1011,.T.);
#1409=ORIENTED_EDGE('',*,*,#897,.F.);
#1410=ORIENTED_EDGE('',*,*,#899,.T.);
#1411=ORIENTED_EDGE('',*,*,#901,.T.);
#1412=ORIENTED_EDGE('',*,*,#903,.T.);
#1413=ORIENTED_EDGE('',*,*,#905,.F.);
#1414=ORIENTED_EDGE('',*,*,#908,.T.);
#1415=ORIENTED_EDGE('',*,*,#1012,.F.);
#1416=ORIENTED_EDGE('',*,*,#1000,.T.);
#1417=ORIENTED_EDGE('',*,*,#998,.F.);
#1418=ORIENTED_EDGE('',*,*,#889,.T.);
#1419=ORIENTED_EDGE('',*,*,#891,.T.);
#1420=ORIENTED_EDGE('',*,*,#893,.F.);
#1421=ORIENTED_EDGE('',*,*,#895,.F.);
#1422=ORIENTED_EDGE('',*,*,#1013,.F.);
#1423=ORIENTED_EDGE('',*,*,#1014,.T.);
#1424=ORIENTED_EDGE('',*,*,#1015,.T.);
#1425=ORIENTED_EDGE('',*,*,#1014,.F.);
#1426=ORIENTED_EDGE('',*,*,#1015,.F.);
#1427=ORIENTED_EDGE('',*,*,#1011,.F.);
#1428=ORIENTED_EDGE('',*,*,#1016,.T.);
#1429=ORIENTED_EDGE('',*,*,#1017,.T.);
#1430=ORIENTED_EDGE('',*,*,#1016,.F.);
#1431=ORIENTED_EDGE('',*,*,#1017,.F.);
#1432=ORIENTED_EDGE('',*,*,#1018,.F.);
#1433=ORIENTED_EDGE('',*,*,#918,.F.);
#1434=ORIENTED_EDGE('',*,*,#929,.F.);
#1435=ORIENTED_EDGE('',*,*,#979,.T.);
#1436=ORIENTED_EDGE('',*,*,#916,.F.);
#1437=ORIENTED_EDGE('',*,*,#920,.T.);
#1438=ORIENTED_EDGE('',*,*,#1019,.T.);
#1439=ORIENTED_EDGE('',*,*,#1008,.T.);
#1440=ORIENTED_EDGE('',*,*,#992,.T.);
#1441=ORIENTED_EDGE('',*,*,#931,.T.);
#1442=ORIENTED_EDGE('',*,*,#1010,.T.);
#1443=ORIENTED_EDGE('',*,*,#1020,.T.);
#1444=ORIENTED_EDGE('',*,*,#1021,.T.);
#1445=ORIENTED_EDGE('',*,*,#1022,.T.);
#1446=ORIENTED_EDGE('',*,*,#1023,.T.);
#1447=ORIENTED_EDGE('',*,*,#1004,.T.);
#1448=ORIENTED_EDGE('',*,*,#1007,.T.);
#1449=ORIENTED_EDGE('',*,*,#1001,.T.);
#1450=ORIENTED_EDGE('',*,*,#1012,.T.);
#1451=ORIENTED_EDGE('',*,*,#988,.T.);
#1452=ORIENTED_EDGE('',*,*,#1024,.T.);
#1453=ORIENTED_EDGE('',*,*,#796,.F.);
#1454=ORIENTED_EDGE('',*,*,#818,.F.);
#1455=ORIENTED_EDGE('',*,*,#971,.F.);
#1456=ORIENTED_EDGE('',*,*,#973,.F.);
#1457=ORIENTED_EDGE('',*,*,#975,.F.);
#1458=ORIENTED_EDGE('',*,*,#976,.F.);
#1459=ORIENTED_EDGE('',*,*,#922,.T.);
#1460=ORIENTED_EDGE('',*,*,#996,.F.);
#1461=ORIENTED_EDGE('',*,*,#1006,.F.);
#1462=ORIENTED_EDGE('',*,*,#980,.F.);
#1463=ORIENTED_EDGE('',*,*,#833,.F.);
#1464=ORIENTED_EDGE('',*,*,#810,.F.);
#1465=ORIENTED_EDGE('',*,*,#838,.T.);
#1466=ORIENTED_EDGE('',*,*,#839,.T.);
#1467=ORIENTED_EDGE('',*,*,#835,.T.);
#1468=ORIENTED_EDGE('',*,*,#983,.T.);
#1469=ORIENTED_EDGE('',*,*,#985,.T.);
#1470=ORIENTED_EDGE('',*,*,#978,.T.);
#1471=ORIENTED_EDGE('',*,*,#1025,.F.);
#1472=ORIENTED_EDGE('',*,*,#1026,.F.);
#1473=ORIENTED_EDGE('',*,*,#1020,.F.);
#1474=ORIENTED_EDGE('',*,*,#1009,.T.);
#1475=ORIENTED_EDGE('',*,*,#1019,.F.);
#1476=ORIENTED_EDGE('',*,*,#919,.T.);
#1477=ORIENTED_EDGE('',*,*,#1018,.T.);
#1478=ORIENTED_EDGE('',*,*,#1021,.F.);
#1479=ORIENTED_EDGE('',*,*,#1026,.T.);
#1480=ORIENTED_EDGE('',*,*,#1027,.F.);
#1481=ORIENTED_EDGE('',*,*,#1028,.F.);
#1482=ORIENTED_EDGE('',*,*,#1022,.F.);
#1483=ORIENTED_EDGE('',*,*,#1028,.T.);
#1484=ORIENTED_EDGE('',*,*,#1029,.F.);
#1485=ORIENTED_EDGE('',*,*,#1030,.F.);
#1486=ORIENTED_EDGE('',*,*,#966,.F.);
#1487=ORIENTED_EDGE('',*,*,#1005,.F.);
#1488=ORIENTED_EDGE('',*,*,#1023,.F.);
#1489=ORIENTED_EDGE('',*,*,#1030,.T.);
#1490=ORIENTED_EDGE('',*,*,#1031,.F.);
#1491=ORIENTED_EDGE('',*,*,#1013,.T.);
#1492=ORIENTED_EDGE('',*,*,#967,.F.);
#1493=ORIENTED_EDGE('',*,*,#1031,.T.);
#1494=ORIENTED_EDGE('',*,*,#1029,.T.);
#1495=ORIENTED_EDGE('',*,*,#1027,.T.);
#1496=ORIENTED_EDGE('',*,*,#1025,.T.);
#1497=ORIENTED_EDGE('',*,*,#977,.T.);
#1498=ORIENTED_EDGE('',*,*,#965,.F.);
#1499=ORIENTED_EDGE('',*,*,#962,.F.);
#1500=ORIENTED_EDGE('',*,*,#990,.F.);
#1501=ORIENTED_EDGE('',*,*,#993,.F.);
#1502=ORIENTED_EDGE('',*,*,#1024,.F.);
#1503=ORIENTED_EDGE('',*,*,#987,.T.);
#1504=CYLINDRICAL_SURFACE('',#1658,1.);
#1505=CYLINDRICAL_SURFACE('',#1661,1.);
#1506=CYLINDRICAL_SURFACE('',#1664,1.);
#1507=CYLINDRICAL_SURFACE('',#1667,1.);
#1508=CYLINDRICAL_SURFACE('',#1668,1.);
#1509=CYLINDRICAL_SURFACE('',#1676,1.);
#1510=CYLINDRICAL_SURFACE('',#1684,1.);
#1511=CYLINDRICAL_SURFACE('',#1690,1.);
#1512=CYLINDRICAL_SURFACE('',#1697,1.);
#1513=CYLINDRICAL_SURFACE('',#1699,1.);
#1514=CYLINDRICAL_SURFACE('',#1701,1.);
#1515=CYLINDRICAL_SURFACE('',#1704,1.);
#1516=CYLINDRICAL_SURFACE('',#1711,1.);
#1517=CYLINDRICAL_SURFACE('',#1718,1.);
#1518=CYLINDRICAL_SURFACE('',#1725,1.);
#1519=CYLINDRICAL_SURFACE('',#1736,3.);
#1520=CYLINDRICAL_SURFACE('',#1739,1.);
#1521=CYLINDRICAL_SURFACE('',#1742,1.);
#1522=CYLINDRICAL_SURFACE('',#1745,3.);
#1523=CYLINDRICAL_SURFACE('',#1748,1.);
#1524=CYLINDRICAL_SURFACE('',#1750,6.05);
#1525=CYLINDRICAL_SURFACE('',#1753,1.);
#1526=CYLINDRICAL_SURFACE('',#1755,3.);
#1527=CYLINDRICAL_SURFACE('',#1757,1.);
#1528=CYLINDRICAL_SURFACE('',#1771,1.);
#1529=CYLINDRICAL_SURFACE('',#1778,1.);
#1530=CYLINDRICAL_SURFACE('',#1783,1.);
#1531=CYLINDRICAL_SURFACE('',#1790,1.);
#1532=CYLINDRICAL_SURFACE('',#1796,1.);
#1533=CYLINDRICAL_SURFACE('',#1797,1.);
#1534=CYLINDRICAL_SURFACE('',#1798,1.);
#1535=CYLINDRICAL_SURFACE('',#1800,1.);
#1536=CYLINDRICAL_SURFACE('',#1803,7.5);
#1537=CYLINDRICAL_SURFACE('',#1804,5.);
#1538=CYLINDRICAL_SURFACE('',#1807,5.);
#1539=CYLINDRICAL_SURFACE('',#1811,5.);
#1540=CYLINDRICAL_SURFACE('',#1813,1.7);
#1541=CYLINDRICAL_SURFACE('',#1815,1.7);
#1542=CYLINDRICAL_SURFACE('',#1819,1.);
#1543=CYLINDRICAL_SURFACE('',#1823,1.);
#1544=CYLINDRICAL_SURFACE('',#1833,0.600000000000001);
#1545=CYLINDRICAL_SURFACE('',#1837,0.6);
#1546=ADVANCED_FACE('',(#85),#1504,.T.);
#1547=ADVANCED_FACE('',(#86),#1505,.T.);
#1548=ADVANCED_FACE('',(#87),#1506,.T.);
#1549=ADVANCED_FACE('',(#88),#1507,.T.);
#1550=ADVANCED_FACE('',(#89),#1508,.T.);
#1551=ADVANCED_FACE('',(#90),#71,.T.);
#1552=ADVANCED_FACE('',(#91),#72,.T.);
#1553=ADVANCED_FACE('',(#92),#33,.T.);
#1554=ADVANCED_FACE('',(#93),#1509,.T.);
#1555=ADVANCED_FACE('',(#94,#27,#28),#34,.F.);
#1556=ADVANCED_FACE('',(#95),#1510,.T.);
#1557=ADVANCED_FACE('',(#96),#35,.T.);
#1558=ADVANCED_FACE('',(#97),#36,.F.);
#1559=ADVANCED_FACE('',(#98),#37,.F.);
#1560=ADVANCED_FACE('',(#99),#38,.F.);
#1561=ADVANCED_FACE('',(#100),#1511,.T.);
#1562=ADVANCED_FACE('',(#101),#18,.T.);
#1563=ADVANCED_FACE('',(#102),#1512,.T.);
#1564=ADVANCED_FACE('',(#103),#1513,.T.);
#1565=ADVANCED_FACE('',(#104),#1514,.T.);
#1566=ADVANCED_FACE('',(#105),#1515,.T.);
#1567=ADVANCED_FACE('',(#106),#19,.T.);
#1568=ADVANCED_FACE('',(#107),#1516,.T.);
#1569=ADVANCED_FACE('',(#108),#20,.T.);
#1570=ADVANCED_FACE('',(#109),#1517,.T.);
#1571=ADVANCED_FACE('',(#110),#21,.T.);
#1572=ADVANCED_FACE('',(#111),#1518,.T.);
#1573=ADVANCED_FACE('',(#112),#73,.T.);
#1574=ADVANCED_FACE('',(#113),#74,.T.);
#1575=ADVANCED_FACE('',(#114),#75,.T.);
#1576=ADVANCED_FACE('',(#115),#76,.T.);
#1577=ADVANCED_FACE('',(#116),#39,.F.);
#1578=ADVANCED_FACE('',(#117),#1519,.F.);
#1579=ADVANCED_FACE('',(#118),#40,.F.);
#1580=ADVANCED_FACE('',(#119),#1520,.T.);
#1581=ADVANCED_FACE('',(#120),#41,.T.);
#1582=ADVANCED_FACE('',(#121),#1521,.T.);
#1583=ADVANCED_FACE('',(#122),#42,.F.);
#1584=ADVANCED_FACE('',(#123),#1522,.F.);
#1585=ADVANCED_FACE('',(#124),#43,.F.);
#1586=ADVANCED_FACE('',(#125),#1523,.T.);
#1587=ADVANCED_FACE('',(#126),#1524,.F.);
#1588=ADVANCED_FACE('',(#127),#1525,.T.);
#1589=ADVANCED_FACE('',(#128),#1526,.F.);
#1590=ADVANCED_FACE('',(#129),#1527,.T.);
#1591=ADVANCED_FACE('',(#130),#44,.F.);
#1592=ADVANCED_FACE('',(#131),#45,.T.);
#1593=ADVANCED_FACE('',(#132),#77,.T.);
#1594=ADVANCED_FACE('',(#133),#78,.T.);
#1595=ADVANCED_FACE('',(#134),#1528,.T.);
#1596=ADVANCED_FACE('',(#135),#22,.T.);
#1597=ADVANCED_FACE('',(#136),#15,.F.);
#1598=ADVANCED_FACE('',(#137),#1529,.T.);
#1599=ADVANCED_FACE('',(#138),#23,.T.);
#1600=ADVANCED_FACE('',(#139),#1530,.T.);
#1601=ADVANCED_FACE('',(#140),#24,.T.);
#1602=ADVANCED_FACE('',(#141),#25,.T.);
#1603=ADVANCED_FACE('',(#142),#1531,.T.);
#1604=ADVANCED_FACE('',(#143),#26,.T.);
#1605=ADVANCED_FACE('',(#144),#1532,.T.);
#1606=ADVANCED_FACE('',(#145),#1533,.T.);
#1607=ADVANCED_FACE('',(#146),#1534,.T.);
#1608=ADVANCED_FACE('',(#147),#1535,.T.);
#1609=ADVANCED_FACE('',(#148),#46,.T.);
#1610=ADVANCED_FACE('',(#149),#1536,.F.);
#1611=ADVANCED_FACE('',(#150),#1537,.T.);
#1612=ADVANCED_FACE('',(#151),#47,.T.);
#1613=ADVANCED_FACE('',(#152),#1538,.T.);
#1614=ADVANCED_FACE('',(#153),#48,.T.);
#1615=ADVANCED_FACE('',(#154),#49,.F.);
#1616=ADVANCED_FACE('',(#155),#1539,.T.);
#1617=ADVANCED_FACE('',(#156),#1540,.F.);
#1618=ADVANCED_FACE('',(#157),#1541,.F.);
#1619=ADVANCED_FACE('',(#158),#50,.T.);
#1620=ADVANCED_FACE('',(#159),#1542,.T.);
#1621=ADVANCED_FACE('',(#160),#51,.T.);
#1622=ADVANCED_FACE('',(#161),#52,.T.);
#1623=ADVANCED_FACE('',(#162),#1543,.T.);
#1624=ADVANCED_FACE('',(#163),#53,.T.);
#1625=ADVANCED_FACE('',(#164),#54,.F.);
#1626=ADVANCED_FACE('',(#165),#55,.T.);
#1627=ADVANCED_FACE('',(#166),#56,.T.);
#1628=ADVANCED_FACE('',(#167,#29),#57,.T.);
#1629=ADVANCED_FACE('',(#168),#58,.T.);
#1630=ADVANCED_FACE('',(#169),#1544,.F.);
#1631=ADVANCED_FACE('',(#170),#59,.T.);
#1632=ADVANCED_FACE('',(#171),#1545,.F.);
#1633=ADVANCED_FACE('',(#172),#60,.T.);
#1634=ADVANCED_FACE('',(#173),#61,.F.);
#1635=ADVANCED_FACE('',(#174),#62,.T.);
#1636=ADVANCED_FACE('',(#175),#63,.T.);
#1637=ADVANCED_FACE('',(#176,#30,#31),#64,.T.);
#1638=ADVANCED_FACE('',(#177),#65,.T.);
#1639=ADVANCED_FACE('',(#178),#66,.T.);
#1640=ADVANCED_FACE('',(#179),#67,.T.);
#1641=ADVANCED_FACE('',(#180,#32),#68,.T.);
#1642=ADVANCED_FACE('',(#181),#69,.T.);
#1643=ADVANCED_FACE('',(#182),#70,.T.);
#1644=CLOSED_SHELL('',(#1546,#1547,#1548,#1549,#1550,#1551,#1552,#1553,
#1554,#1555,#1556,#1557,#1558,#1559,#1560,#1561,#1562,#1563,#1564,#1565,
#1566,#1567,#1568,#1569,#1570,#1571,#1572,#1573,#1574,#1575,#1576,#1577,
#1578,#1579,#1580,#1581,#1582,#1583,#1584,#1585,#1586,#1587,#1588,#1589,
#1590,#1591,#1592,#1593,#1594,#1595,#1596,#1597,#1598,#1599,#1600,#1601,
#1602,#1603,#1604,#1605,#1606,#1607,#1608,#1609,#1610,#1611,#1612,#1613,
#1614,#1615,#1616,#1617,#1618,#1619,#1620,#1621,#1622,#1623,#1624,#1625,
#1626,#1627,#1628,#1629,#1630,#1631,#1632,#1633,#1634,#1635,#1636,#1637,
#1638,#1639,#1640,#1641,#1642,#1643));
#1645=DERIVED_UNIT_ELEMENT(#1647,1.);
#1646=DERIVED_UNIT_ELEMENT(#2941,-3.);
#1647=(
MASS_UNIT()
NAMED_UNIT(*)
SI_UNIT(.KILO.,.GRAM.)
);
#1648=DERIVED_UNIT((#1645,#1646));
#1649=MEASURE_REPRESENTATION_ITEM('density measure',
POSITIVE_RATIO_MEASURE(7850.),#1648);
#1650=PROPERTY_DEFINITION_REPRESENTATION(#1655,#1652);
#1651=PROPERTY_DEFINITION_REPRESENTATION(#1656,#1653);
#1652=REPRESENTATION('material name',(#1654),#2938);
#1653=REPRESENTATION('density',(#1649),#2938);
#1654=DESCRIPTIVE_REPRESENTATION_ITEM('\X2\AC15CCA0\X0\','\X2\AC15CCA0\X0\');
#1655=PROPERTY_DEFINITION('material property','material name',#2948);
#1656=PROPERTY_DEFINITION('material property','density of part',#2948);
#1657=AXIS2_PLACEMENT_3D('',#2375,#1850,#1851);
#1658=AXIS2_PLACEMENT_3D('',#2376,#1852,#1853);
#1659=AXIS2_PLACEMENT_3D('',#2379,#1854,#1855);
#1660=AXIS2_PLACEMENT_3D('',#2383,#1857,#1858);
#1661=AXIS2_PLACEMENT_3D('',#2385,#1860,#1861);
#1662=AXIS2_PLACEMENT_3D('',#2389,#1863,#1864);
#1663=AXIS2_PLACEMENT_3D('',#2392,#1866,#1867);
#1664=AXIS2_PLACEMENT_3D('',#2393,#1868,#1869);
#1665=AXIS2_PLACEMENT_3D('',#2398,#1871,#1872);
#1666=AXIS2_PLACEMENT_3D('',#2401,#1874,#1875);
#1667=AXIS2_PLACEMENT_3D('',#2402,#1876,#1877);
#1668=AXIS2_PLACEMENT_3D('',#2405,#1880,#1881);
#1669=AXIS2_PLACEMENT_3D('',#2408,#1882,#1883);
#1670=AXIS2_PLACEMENT_3D('',#2411,#1885,#1886);
#1671=AXIS2_PLACEMENT_3D('',#2413,#1888,#1889);
#1672=AXIS2_PLACEMENT_3D('',#2414,#1890,#1891);
#1673=AXIS2_PLACEMENT_3D('',#2415,#1892,#1893);
#1674=AXIS2_PLACEMENT_3D('',#2416,#1894,#1895);
#1675=AXIS2_PLACEMENT_3D('',#2417,#1896,#1897);
#1676=AXIS2_PLACEMENT_3D('',#2423,#1901,#1902);
#1677=AXIS2_PLACEMENT_3D('',#2426,#1904,#1905);
#1678=AXIS2_PLACEMENT_3D('',#2427,#1906,#1907);
#1679=AXIS2_PLACEMENT_3D('',#2431,#1909,#1910);
#1680=AXIS2_PLACEMENT_3D('',#2439,#1914,#1915);
#1681=AXIS2_PLACEMENT_3D('',#2442,#1917,#1918);
#1682=AXIS2_PLACEMENT_3D('',#2444,#1919,#1920);
#1683=AXIS2_PLACEMENT_3D('',#2446,#1921,#1922);
#1684=AXIS2_PLACEMENT_3D('',#2447,#1923,#1924);
#1685=AXIS2_PLACEMENT_3D('',#2450,#1926,#1927);
#1686=AXIS2_PLACEMENT_3D('',#2451,#1928,#1929);
#1687=AXIS2_PLACEMENT_3D('',#2455,#1932,#1933);
#1688=AXIS2_PLACEMENT_3D('',#2459,#1936,#1937);
#1689=AXIS2_PLACEMENT_3D('',#2463,#1940,#1941);
#1690=AXIS2_PLACEMENT_3D('',#2465,#1943,#1944);
#1691=AXIS2_PLACEMENT_3D('',#2468,#1945,#1946);
#1692=AXIS2_PLACEMENT_3D('',#2472,#1948,#1949);
#1693=AXIS2_PLACEMENT_3D('',#2474,#1951,#1952);
#1694=AXIS2_PLACEMENT_3D('',#2477,#1953,#1954);
#1695=AXIS2_PLACEMENT_3D('',#2478,#1955,#1956);
#1696=AXIS2_PLACEMENT_3D('',#2479,#1957,#1958);
#1697=AXIS2_PLACEMENT_3D('',#2480,#1959,#1960);
#1698=AXIS2_PLACEMENT_3D('',#2485,#1963,#1964);
#1699=AXIS2_PLACEMENT_3D('',#2486,#1965,#1966);
#1700=AXIS2_PLACEMENT_3D('',#2490,#1968,#1969);
#1701=AXIS2_PLACEMENT_3D('',#2492,#1971,#1972);
#1702=AXIS2_PLACEMENT_3D('',#2495,#1973,#1974);
#1703=AXIS2_PLACEMENT_3D('',#2498,#1976,#1977);
#1704=AXIS2_PLACEMENT_3D('',#2500,#1979,#1980);
#1705=AXIS2_PLACEMENT_3D('',#2503,#1981,#1982);
#1706=AXIS2_PLACEMENT_3D('',#2507,#1984,#1985);
#1707=AXIS2_PLACEMENT_3D('',#2509,#1987,#1988);
#1708=AXIS2_PLACEMENT_3D('',#2512,#1989,#1990);
#1709=AXIS2_PLACEMENT_3D('',#2513,#1991,#1992);
#1710=AXIS2_PLACEMENT_3D('',#2514,#1993,#1994);
#1711=AXIS2_PLACEMENT_3D('',#2515,#1995,#1996);
#1712=AXIS2_PLACEMENT_3D('',#2517,#1997,#1998);
#1713=AXIS2_PLACEMENT_3D('',#2520,#2001,#2002);
#1714=AXIS2_PLACEMENT_3D('',#2523,#2003,#2004);
#1715=AXIS2_PLACEMENT_3D('',#2525,#2005,#2006);
#1716=AXIS2_PLACEMENT_3D('',#2526,#2007,#2008);
#1717=AXIS2_PLACEMENT_3D('',#2527,#2009,#2010);
#1718=AXIS2_PLACEMENT_3D('',#2528,#2011,#2012);
#1719=AXIS2_PLACEMENT_3D('',#2533,#2014,#2015);
#1720=AXIS2_PLACEMENT_3D('',#2536,#2017,#2018);
#1721=AXIS2_PLACEMENT_3D('',#2537,#2019,#2020);
#1722=AXIS2_PLACEMENT_3D('',#2539,#2021,#2022);
#1723=AXIS2_PLACEMENT_3D('',#2540,#2023,#2024);
#1724=AXIS2_PLACEMENT_3D('',#2541,#2025,#2026);
#1725=AXIS2_PLACEMENT_3D('',#2542,#2027,#2028);
#1726=AXIS2_PLACEMENT_3D('',#2546,#2030,#2031);
#1727=AXIS2_PLACEMENT_3D('',#2548,#2033,#2034);
#1728=AXIS2_PLACEMENT_3D('',#2549,#2035,#2036);
#1729=AXIS2_PLACEMENT_3D('',#2550,#2037,#2038);
#1730=AXIS2_PLACEMENT_3D('',#2551,#2039,#2040);
#1731=AXIS2_PLACEMENT_3D('',#2552,#2041,#2042);
#1732=AXIS2_PLACEMENT_3D('',#2553,#2043,#2044);
#1733=AXIS2_PLACEMENT_3D('',#2554,#2045,#2046);
#1734=AXIS2_PLACEMENT_3D('',#2555,#2047,#2048);
#1735=AXIS2_PLACEMENT_3D('',#2556,#2049,#2050);
#1736=AXIS2_PLACEMENT_3D('',#2562,#2054,#2055);
#1737=AXIS2_PLACEMENT_3D('',#2565,#2057,#2058);
#1738=AXIS2_PLACEMENT_3D('',#2566,#2059,#2060);
#1739=AXIS2_PLACEMENT_3D('',#2570,#2063,#2064);
#1740=AXIS2_PLACEMENT_3D('',#2573,#2066,#2067);
#1741=AXIS2_PLACEMENT_3D('',#2574,#2068,#2069);
#1742=AXIS2_PLACEMENT_3D('',#2578,#2072,#2073);
#1743=AXIS2_PLACEMENT_3D('',#2581,#2075,#2076);
#1744=AXIS2_PLACEMENT_3D('',#2582,#2077,#2078);
#1745=AXIS2_PLACEMENT_3D('',#2586,#2081,#2082);
#1746=AXIS2_PLACEMENT_3D('',#2589,#2084,#2085);
#1747=AXIS2_PLACEMENT_3D('',#2590,#2086,#2087);
#1748=AXIS2_PLACEMENT_3D('',#2594,#2090,#2091);
#1749=AXIS2_PLACEMENT_3D('',#2597,#2093,#2094);
#1750=AXIS2_PLACEMENT_3D('',#2598,#2095,#2096);
#1751=AXIS2_PLACEMENT_3D('',#2602,#2098,#2099);
#1752=AXIS2_PLACEMENT_3D('',#2603,#2100,#2101);
#1753=AXIS2_PLACEMENT_3D('',#2604,#2102,#2103);
#1754=AXIS2_PLACEMENT_3D('',#2607,#2105,#2106);
#1755=AXIS2_PLACEMENT_3D('',#2608,#2107,#2108);
#1756=AXIS2_PLACEMENT_3D('',#2611,#2110,#2111);
#1757=AXIS2_PLACEMENT_3D('',#2612,#2112,#2113);
#1758=AXIS2_PLACEMENT_3D('',#2615,#2114,#2115);
#1759=AXIS2_PLACEMENT_3D('',#2619,#2117,#2118);
#1760=AXIS2_PLACEMENT_3D('',#2621,#2120,#2121);
#1761=AXIS2_PLACEMENT_3D('',#2629,#2126,#2127);
#1762=AXIS2_PLACEMENT_3D('',#2646,#2131,#2132);
#1763=AXIS2_PLACEMENT_3D('',#2659,#2140,#2141);
#1764=AXIS2_PLACEMENT_3D('',#2662,#2142,#2143);
#1765=AXIS2_PLACEMENT_3D('',#2664,#2144,#2145);
#1766=AXIS2_PLACEMENT_3D('',#2665,#2146,#2147);
#1767=AXIS2_PLACEMENT_3D('',#2666,#2148,#2149);
#1768=AXIS2_PLACEMENT_3D('',#2668,#2150,#2151);
#1769=AXIS2_PLACEMENT_3D('',#2670,#2152,#2153);
#1770=AXIS2_PLACEMENT_3D('',#2671,#2154,#2155);
#1771=AXIS2_PLACEMENT_3D('',#2672,#2156,#2157);
#1772=AXIS2_PLACEMENT_3D('',#2674,#2158,#2159);
#1773=AXIS2_PLACEMENT_3D('',#2676,#2161,#2162);
#1774=AXIS2_PLACEMENT_3D('',#2678,#2163,#2164);
#1775=AXIS2_PLACEMENT_3D('',#2759,#2165,#2166);
#1776=AXIS2_PLACEMENT_3D('',#2760,#2167,#2168);
#1777=AXIS2_PLACEMENT_3D('',#2761,#2169,#2170);
#1778=AXIS2_PLACEMENT_3D('',#2762,#2171,#2172);
#1779=AXIS2_PLACEMENT_3D('',#2764,#2173,#2174);
#1780=AXIS2_PLACEMENT_3D('',#2766,#2176,#2177);
#1781=AXIS2_PLACEMENT_3D('',#2768,#2178,#2179);
#1782=AXIS2_PLACEMENT_3D('',#2769,#2180,#2181);
#1783=AXIS2_PLACEMENT_3D('',#2770,#2182,#2183);
#1784=AXIS2_PLACEMENT_3D('',#2772,#2184,#2185);
#1785=AXIS2_PLACEMENT_3D('',#2774,#2187,#2188);
#1786=AXIS2_PLACEMENT_3D('',#2775,#2189,#2190);
#1787=AXIS2_PLACEMENT_3D('',#2776,#2191,#2192);
#1788=AXIS2_PLACEMENT_3D('',#2778,#2193,#2194);
#1789=AXIS2_PLACEMENT_3D('',#2779,#2195,#2196);
#1790=AXIS2_PLACEMENT_3D('',#2780,#2197,#2198);
#1791=AXIS2_PLACEMENT_3D('',#2782,#2199,#2200);
#1792=AXIS2_PLACEMENT_3D('',#2784,#2202,#2203);
#1793=AXIS2_PLACEMENT_3D('',#2787,#2204,#2205);
#1794=AXIS2_PLACEMENT_3D('',#2788,#2206,#2207);
#1795=AXIS2_PLACEMENT_3D('',#2789,#2208,#2209);
#1796=AXIS2_PLACEMENT_3D('',#2790,#2210,#2211);
#1797=AXIS2_PLACEMENT_3D('',#2793,#2214,#2215);
#1798=AXIS2_PLACEMENT_3D('',#2796,#2218,#2219);
#1799=AXIS2_PLACEMENT_3D('',#2798,#2220,#2221);
#1800=AXIS2_PLACEMENT_3D('',#2800,#2223,#2224);
#1801=AXIS2_PLACEMENT_3D('',#2803,#2225,#2226);
#1802=AXIS2_PLACEMENT_3D('',#2806,#2229,#2230);
#1803=AXIS2_PLACEMENT_3D('',#2808,#2232,#2233);
#1804=AXIS2_PLACEMENT_3D('',#2809,#2234,#2235);
#1805=AXIS2_PLACEMENT_3D('',#2812,#2237,#2238);
#1806=AXIS2_PLACEMENT_3D('',#2813,#2239,#2240);
#1807=AXIS2_PLACEMENT_3D('',#2817,#2243,#2244);
#1808=AXIS2_PLACEMENT_3D('',#2820,#2246,#2247);
#1809=AXIS2_PLACEMENT_3D('',#2821,#2248,#2249);
#1810=AXIS2_PLACEMENT_3D('',#2823,#2251,#2252);
#1811=AXIS2_PLACEMENT_3D('',#2829,#2256,#2257);
#1812=AXIS2_PLACEMENT_3D('',#2831,#2258,#2259);
#1813=AXIS2_PLACEMENT_3D('',#2833,#2261,#2262);
#1814=AXIS2_PLACEMENT_3D('',#2836,#2264,#2265);
#1815=AXIS2_PLACEMENT_3D('',#2837,#2266,#2267);
#1816=AXIS2_PLACEMENT_3D('',#2840,#2269,#2270);
#1817=AXIS2_PLACEMENT_3D('',#2841,#2271,#2272);
#1818=AXIS2_PLACEMENT_3D('',#2843,#2273,#2274);
#1819=AXIS2_PLACEMENT_3D('',#2847,#2277,#2278);
#1820=AXIS2_PLACEMENT_3D('',#2850,#2279,#2280);
#1821=AXIS2_PLACEMENT_3D('',#2853,#2283,#2284);
#1822=AXIS2_PLACEMENT_3D('',#2858,#2288,#2289);
#1823=AXIS2_PLACEMENT_3D('',#2862,#2292,#2293);
#1824=AXIS2_PLACEMENT_3D('',#2864,#2294,#2295);
#1825=AXIS2_PLACEMENT_3D('',#2866,#2296,#2297);
#1826=AXIS2_PLACEMENT_3D('',#2868,#2299,#2300);
#1827=AXIS2_PLACEMENT_3D('',#2874,#2304,#2305);
#1828=AXIS2_PLACEMENT_3D('',#2875,#2306,#2307);
#1829=AXIS2_PLACEMENT_3D('',#2882,#2312,#2313);
#1830=AXIS2_PLACEMENT_3D('',#2884,#2315,#2316);
#1831=AXIS2_PLACEMENT_3D('',#2891,#2320,#2321);
#1832=AXIS2_PLACEMENT_3D('',#2892,#2322,#2323);
#1833=AXIS2_PLACEMENT_3D('',#2894,#2325,#2326);
#1834=AXIS2_PLACEMENT_3D('',#2896,#2327,#2328);
#1835=AXIS2_PLACEMENT_3D('',#2899,#2330,#2331);
#1836=AXIS2_PLACEMENT_3D('',#2900,#2332,#2333);
#1837=AXIS2_PLACEMENT_3D('',#2901,#2334,#2335);
#1838=AXIS2_PLACEMENT_3D('',#2904,#2337,#2338);
#1839=AXIS2_PLACEMENT_3D('',#2905,#2339,#2340);
#1840=AXIS2_PLACEMENT_3D('',#2906,#2341,#2342);
#1841=AXIS2_PLACEMENT_3D('',#2908,#2344,#2345);
#1842=AXIS2_PLACEMENT_3D('',#2910,#2347,#2348);
#1843=AXIS2_PLACEMENT_3D('',#2919,#2354,#2355);
#1844=AXIS2_PLACEMENT_3D('',#2920,#2356,#2357);
#1845=AXIS2_PLACEMENT_3D('',#2924,#2360,#2361);
#1846=AXIS2_PLACEMENT_3D('',#2928,#2364,#2365);
#1847=AXIS2_PLACEMENT_3D('',#2932,#2368,#2369);
#1848=AXIS2_PLACEMENT_3D('',#2934,#2371,#2372);
#1849=AXIS2_PLACEMENT_3D('',#2935,#2373,#2374);
#1850=DIRECTION('axis',(0.,0.,1.));
#1851=DIRECTION('refdir',(1.,0.,0.));
#1852=DIRECTION('center_axis',(0.,0.,1.));
#1853=DIRECTION('ref_axis',(0.707106781186524,-0.707106781186571,0.));
#1854=DIRECTION('center_axis',(0.,0.,1.));
#1855=DIRECTION('ref_axis',(0.707106781186524,-0.707106781186571,0.));
#1856=DIRECTION('',(0.,0.,1.));
#1857=DIRECTION('center_axis',(0.,0.,-1.));
#1858=DIRECTION('ref_axis',(1.,-7.105427357601E-14,0.));
#1859=DIRECTION('',(0.,0.,-1.));
#1860=DIRECTION('center_axis',(7.47378349684294E-14,1.,0.));
#1861=DIRECTION('ref_axis',(0.707106781186547,-5.02429586778808E-14,0.707106781186548));
#1862=DIRECTION('',(-7.47378349684294E-14,-1.,0.));
#1863=DIRECTION('center_axis',(7.105427357601E-14,1.,0.));
#1864=DIRECTION('ref_axis',(0.,0.,1.));
#1865=DIRECTION('',(7.47378349684294E-14,1.,0.));
#1866=DIRECTION('center_axis',(-0.707106781186576,-0.707106781186519,0.));
#1867=DIRECTION('ref_axis',(0.707106781186519,-0.707106781186576,0.));
#1868=DIRECTION('center_axis',(-9.42262141328323E-14,-1.,0.));
#1869=DIRECTION('ref_axis',(-0.707106781186548,6.90840681820861E-14,0.707106781186547));
#1870=DIRECTION('',(-9.42262141328323E-14,-1.,0.));
#1871=DIRECTION('center_axis',(8.88178419700124E-14,1.,0.));
#1872=DIRECTION('ref_axis',(-1.,8.88178419700124E-14,0.));
#1873=DIRECTION('',(9.42262141328323E-14,1.,0.));
#1874=DIRECTION('center_axis',(0.707106781186514,-0.707106781186581,0.));
#1875=DIRECTION('ref_axis',(0.707106781186581,0.707106781186514,0.));
#1876=DIRECTION('center_axis',(1.,5.30439889543138E-16,0.));
#1877=DIRECTION('ref_axis',(3.92523114670943E-16,-0.707106781186549,0.707106781186546));
#1878=DIRECTION('',(1.,5.30439889543138E-16,0.));
#1879=DIRECTION('',(-1.,-5.30439889543138E-16,0.));
#1880=DIRECTION('center_axis',(0.,0.,-1.));
#1881=DIRECTION('ref_axis',(-0.707106781186581,-0.707106781186515,0.));
#1882=DIRECTION('center_axis',(0.,0.,1.));
#1883=DIRECTION('ref_axis',(-0.707106781186581,-0.707106781186515,0.));
#1884=DIRECTION('',(0.,0.,1.));
#1885=DIRECTION('center_axis',(-1.35585468084862E-29,-1.38777878078145E-16,
-1.));
#1886=DIRECTION('ref_axis',(0.,-1.,1.38777878078145E-16));
#1887=DIRECTION('',(0.,0.,-1.));
#1888=DIRECTION('center_axis',(-0.408248290463894,-0.408248290463859,-0.816496580927712));
#1889=DIRECTION('ref_axis',(-0.577350269189645,-0.577350269189588,0.577350269189644));
#1890=DIRECTION('center_axis',(-1.,0.,0.));
#1891=DIRECTION('ref_axis',(0.,-0.707106781186546,0.707106781186549));
#1892=DIRECTION('center_axis',(-0.816496580927735,-0.408248290463867,0.40824829046384));
#1893=DIRECTION('ref_axis',(0.577350269189613,-0.577350269189651,0.577350269189613));
#1894=DIRECTION('center_axis',(1.,0.,0.));
#1895=DIRECTION('ref_axis',(0.,-0.707106781186546,0.707106781186549));
#1896=DIRECTION('center_axis',(0.,-1.,0.));
#1897=DIRECTION('ref_axis',(1.,0.,0.));
#1898=DIRECTION('',(1.,0.,0.));
#1899=DIRECTION('',(0.,0.,1.));
#1900=DIRECTION('',(1.,0.,0.));
#1901=DIRECTION('center_axis',(1.,0.,0.));
#1902=DIRECTION('ref_axis',(0.,-0.707106781186546,0.707106781186549));
#1903=DIRECTION('',(-1.,0.,0.));
#1904=DIRECTION('center_axis',(-1.,0.,0.));
#1905=DIRECTION('ref_axis',(0.,-1.,0.));
#1906=DIRECTION('center_axis',(0.,0.,-1.));
#1907=DIRECTION('ref_axis',(-1.,0.,0.));
#1908=DIRECTION('',(-1.,0.,0.));
#1909=DIRECTION('center_axis',(0.,0.,-1.));
#1910=DIRECTION('ref_axis',(0.707106781186547,-0.707106781186547,0.));
#1911=DIRECTION('',(0.,-1.,0.));
#1912=DIRECTION('',(1.,0.,0.));
#1913=DIRECTION('',(0.489866989828566,0.871797185288126,0.));
#1914=DIRECTION('center_axis',(0.,0.,-1.));
#1915=DIRECTION('ref_axis',(-0.967418519899254,0.253182557369058,0.));
#1916=DIRECTION('',(0.,1.,0.));
#1917=DIRECTION('center_axis',(0.,0.,-1.));
#1918=DIRECTION('ref_axis',(-0.707106781186547,-0.707106781186548,0.));
#1919=DIRECTION('center_axis',(0.,0.,-1.));
#1920=DIRECTION('ref_axis',(-1.,0.,0.));
#1921=DIRECTION('center_axis',(0.,0.,-1.));
#1922=DIRECTION('ref_axis',(-1.,0.,0.));
#1923=DIRECTION('center_axis',(1.,0.,0.));
#1924=DIRECTION('ref_axis',(0.,-0.707106781186546,0.707106781186549));
#1925=DIRECTION('',(1.,0.,0.));
#1926=DIRECTION('center_axis',(-1.,0.,0.));
#1927=DIRECTION('ref_axis',(0.,-1.,1.38777878078145E-16));
#1928=DIRECTION('center_axis',(0.,-1.,0.));
#1929=DIRECTION('ref_axis',(1.,0.,0.));
#1930=DIRECTION('',(1.,0.,0.));
#1931=DIRECTION('',(0.,0.,-1.));
#1932=DIRECTION('center_axis',(-1.,7.47378349684294E-14,0.));
#1933=DIRECTION('ref_axis',(7.47378349684294E-14,1.,-8.78149934758944E-17));
#1934=DIRECTION('',(-7.47378349684294E-14,-1.,0.));
#1935=DIRECTION('',(0.,0.,1.));
#1936=DIRECTION('center_axis',(1.,-9.42262141328323E-14,0.));
#1937=DIRECTION('ref_axis',(-9.42262141328323E-14,-1.,8.78149934758945E-17));
#1938=DIRECTION('',(0.,0.,-1.));
#1939=DIRECTION('',(9.42262141328323E-14,1.,0.));
#1940=DIRECTION('center_axis',(-5.30439889543138E-16,1.,0.));
#1941=DIRECTION('ref_axis',(1.,5.30439889543138E-16,-5.2403739638639E-18));
#1942=DIRECTION('',(-1.,-5.30439889543138E-16,0.));
#1943=DIRECTION('center_axis',(0.,0.,-1.));
#1944=DIRECTION('ref_axis',(0.707106781186551,0.707106781186544,0.));
#1945=DIRECTION('center_axis',(0.,0.,-1.));
#1946=DIRECTION('ref_axis',(0.,1.,0.));
#1947=DIRECTION('',(0.,0.,-1.));
#1948=DIRECTION('center_axis',(0.,0.,1.));
#1949=DIRECTION('ref_axis',(1.,0.,0.));
#1950=DIRECTION('',(0.,0.,1.));
#1951=DIRECTION('center_axis',(0.,-1.,0.));
#1952=DIRECTION('ref_axis',(0.,0.,-1.));
#1953=DIRECTION('center_axis',(-1.,0.,0.));
#1954=DIRECTION('ref_axis',(0.,0.,1.));
#1955=DIRECTION('center_axis',(0.,1.,0.));
#1956=DIRECTION('ref_axis',(-0.707106781186547,0.,-0.707106781186548));
#1957=DIRECTION('center_axis',(0.,-1.,0.));
#1958=DIRECTION('ref_axis',(-0.707106781186547,0.,-0.707106781186548));
#1959=DIRECTION('center_axis',(1.,0.,0.));
#1960=DIRECTION('ref_axis',(0.,0.707106781186546,0.707106781186549));
#1961=DIRECTION('',(-1.,0.,0.));
#1962=DIRECTION('',(1.,0.,0.));
#1963=DIRECTION('center_axis',(-0.707106781186548,0.707106781186548,0.));
#1964=DIRECTION('ref_axis',(-0.707106781186547,-0.707106781186547,0.));
#1965=DIRECTION('center_axis',(0.,-1.,0.));
#1966=DIRECTION('ref_axis',(0.707106781186549,0.,0.707106781186546));
#1967=DIRECTION('',(0.,-1.,0.));
#1968=DIRECTION('center_axis',(-7.40148683083437E-16,1.,0.));
#1969=DIRECTION('ref_axis',(0.707106781186549,0.,0.707106781186546));
#1970=DIRECTION('',(0.,1.,0.));
#1971=DIRECTION('center_axis',(1.,0.,0.));
#1972=DIRECTION('ref_axis',(0.,0.707106781186546,0.707106781186549));
#1973=DIRECTION('center_axis',(1.,0.,0.));
#1974=DIRECTION('ref_axis',(0.,1.,0.));
#1975=DIRECTION('',(1.,0.,0.));
#1976=DIRECTION('center_axis',(-1.,0.,0.));
#1977=DIRECTION('ref_axis',(0.,0.,1.));
#1978=DIRECTION('',(-1.,0.,0.));
#1979=DIRECTION('center_axis',(1.,0.,0.));
#1980=DIRECTION('ref_axis',(0.,0.707106781186546,0.707106781186549));
#1981=DIRECTION('center_axis',(1.,0.,0.));
#1982=DIRECTION('ref_axis',(0.,1.,0.));
#1983=DIRECTION('',(1.,0.,0.));
#1984=DIRECTION('center_axis',(-1.,0.,0.));
#1985=DIRECTION('ref_axis',(0.,0.,1.));
#1986=DIRECTION('',(-1.,0.,0.));
#1987=DIRECTION('center_axis',(0.,-1.,0.));
#1988=DIRECTION('ref_axis',(0.,0.,-1.));
#1989=DIRECTION('center_axis',(0.,0.,-1.));
#1990=DIRECTION('ref_axis',(-1.,0.,0.));
#1991=DIRECTION('center_axis',(0.,1.,0.));
#1992=DIRECTION('ref_axis',(0.707106781186548,0.,-0.707106781186548));
#1993=DIRECTION('center_axis',(0.,-1.,0.));
#1994=DIRECTION('ref_axis',(0.707106781186547,0.,-0.707106781186547));
#1995=DIRECTION('center_axis',(0.,0.,1.));
#1996=DIRECTION('ref_axis',(-0.707106781186549,0.707106781186546,0.));
#1997=DIRECTION('center_axis',(0.,0.,-1.));
#1998=DIRECTION('ref_axis',(-1.,0.,0.));
#1999=DIRECTION('',(0.,0.,-1.));
#2000=DIRECTION('',(0.,0.,1.));
#2001=DIRECTION('center_axis',(0.,-1.,0.));
#2002=DIRECTION('ref_axis',(0.,0.,-1.));
#2003=DIRECTION('center_axis',(0.544066187119005,0.,-0.839042301695086));
#2004=DIRECTION('ref_axis',(0.,1.,0.));
#2005=DIRECTION('center_axis',(0.,-1.,0.));
#2006=DIRECTION('ref_axis',(-0.0140194835269251,0.,-0.999901722211557));
#2007=DIRECTION('center_axis',(-0.567375886524823,0.,-0.82345892635284));
#2008=DIRECTION('ref_axis',(-0.82345892635284,0.,0.567375886524823));
#2009=DIRECTION('center_axis',(0.,1.,0.));
#2010=DIRECTION('ref_axis',(-0.0140194835269251,0.,-0.999901722211557));
#2011=DIRECTION('center_axis',(1.,0.,0.));
#2012=DIRECTION('ref_axis',(0.,0.707106781186546,0.707106781186549));
#2013=DIRECTION('',(1.,0.,0.));
#2014=DIRECTION('center_axis',(-1.,0.,0.));
#2015=DIRECTION('ref_axis',(0.,0.,1.));
#2016=DIRECTION('',(-1.,0.,0.));
#2017=DIRECTION('center_axis',(0.707106781186547,0.707106781186548,3.92523114670943E-16));
#2018=DIRECTION('ref_axis',(-0.707106781186548,0.707106781186547,3.92523114670943E-16));
#2019=DIRECTION('center_axis',(0.,-1.,0.));
#2020=DIRECTION('ref_axis',(0.,0.,-1.));
#2021=DIRECTION('center_axis',(-0.958916654797247,0.,-0.283687943262412));
#2022=DIRECTION('ref_axis',(-0.283687943262412,0.,0.958916654797247));
#2023=DIRECTION('center_axis',(0.,1.,0.));
#2024=DIRECTION('ref_axis',(0.143323663787166,0.,-0.989675869867819));
#2025=DIRECTION('center_axis',(0.,-1.,0.));
#2026=DIRECTION('ref_axis',(0.143323663787166,0.,-0.989675869867819));
#2027=DIRECTION('center_axis',(7.32820478300433E-17,1.,0.));
#2028=DIRECTION('ref_axis',(-0.707106781186548,0.,0.707106781186547));
#2029=DIRECTION('',(-7.32820478300433E-17,-1.,0.));
#2030=DIRECTION('center_axis',(0.,1.,0.));
#2031=DIRECTION('ref_axis',(-0.707106781186548,0.,0.707106781186547));
#2032=DIRECTION('',(7.32820478300433E-17,1.,0.));
#2033=DIRECTION('center_axis',(0.183506317203716,-0.848340679531937,0.496632180791399));
#2034=DIRECTION('ref_axis',(0.294032778848013,0.529450745066331,0.79575538547447));
#2035=DIRECTION('center_axis',(0.,1.,0.));
#2036=DIRECTION('ref_axis',(0.346597523780473,0.,0.938013942598533));
#2037=DIRECTION('center_axis',(-0.228726056494189,-0.870716666237929,0.435358333118965));
#2038=DIRECTION('ref_axis',(-0.40496474885872,0.491785000925716,0.770811951805554));
#2039=DIRECTION('center_axis',(0.,1.,0.));
#2040=DIRECTION('ref_axis',(-0.465093599974875,0.,0.885261511228412));
#2041=DIRECTION('center_axis',(-0.408248290463863,-0.816496580927726,0.408248290463863));
#2042=DIRECTION('ref_axis',(-0.577350269189626,0.577350269189626,0.577350269189626));
#2043=DIRECTION('center_axis',(0.,1.,0.));
#2044=DIRECTION('ref_axis',(-0.707106781186548,0.,0.707106781186548));
#2045=DIRECTION('center_axis',(0.408248290463863,-0.816496580927726,0.408248290463863));
#2046=DIRECTION('ref_axis',(0.577350269189626,0.577350269189626,0.577350269189626));
#2047=DIRECTION('center_axis',(0.,1.,0.));
#2048=DIRECTION('ref_axis',(0.70710678118655,0.,0.707106781186545));
#2049=DIRECTION('center_axis',(0.,0.,-1.));
#2050=DIRECTION('ref_axis',(1.,0.,0.));
#2051=DIRECTION('',(0.,-1.,0.));
#2052=DIRECTION('',(0.,-1.,0.));
#2053=DIRECTION('',(-1.,-7.40148683083437E-16,0.));
#2054=DIRECTION('center_axis',(0.,1.,0.));
#2055=DIRECTION('ref_axis',(-1.,0.,0.));
#2056=DIRECTION('',(0.,-1.,0.));
#2057=DIRECTION('center_axis',(0.,1.,0.));
#2058=DIRECTION('ref_axis',(-1.,0.,0.));
#2059=DIRECTION('center_axis',(-1.,0.,0.));
#2060=DIRECTION('ref_axis',(0.,0.,-1.));
#2061=DIRECTION('',(0.,1.,0.));
#2062=DIRECTION('',(0.,0.,1.));
#2063=DIRECTION('center_axis',(0.,1.,0.));
#2064=DIRECTION('ref_axis',(0.707106781186549,0.,0.707106781186546));
#2065=DIRECTION('',(0.,-1.,0.));
#2066=DIRECTION('center_axis',(0.,1.,0.));
#2067=DIRECTION('ref_axis',(0.707106781186549,0.,0.707106781186546));
#2068=DIRECTION('center_axis',(0.,0.,1.));
#2069=DIRECTION('ref_axis',(1.,0.,0.));
#2070=DIRECTION('',(0.,1.,0.));
#2071=DIRECTION('',(-1.,0.,0.));
#2072=DIRECTION('center_axis',(0.,-1.,0.));
#2073=DIRECTION('ref_axis',(-0.707106781186548,0.,0.707106781186548));
#2074=DIRECTION('',(0.,-1.,0.));
#2075=DIRECTION('center_axis',(0.,1.,0.));
#2076=DIRECTION('ref_axis',(-0.707106781186548,0.,0.707106781186548));
#2077=DIRECTION('center_axis',(1.,0.,0.));
#2078=DIRECTION('ref_axis',(0.,0.,1.));
#2079=DIRECTION('',(0.,-1.,0.));
#2080=DIRECTION('',(0.,0.,-1.));
#2081=DIRECTION('center_axis',(0.,-1.,0.));
#2082=DIRECTION('ref_axis',(0.,0.,1.));
#2083=DIRECTION('',(0.,-1.,0.));
#2084=DIRECTION('center_axis',(0.,1.,0.));
#2085=DIRECTION('ref_axis',(0.,0.,1.));
#2086=DIRECTION('center_axis',(0.,0.,-1.));
#2087=DIRECTION('ref_axis',(1.,0.,0.));
#2088=DIRECTION('',(0.,1.,0.));
#2089=DIRECTION('',(-1.,0.,0.));
#2090=DIRECTION('center_axis',(0.,-1.,0.));
#2091=DIRECTION('ref_axis',(-0.465093599974875,0.,0.885261511228412));
#2092=DIRECTION('',(0.,-1.,0.));
#2093=DIRECTION('center_axis',(0.,1.,0.));
#2094=DIRECTION('ref_axis',(-0.465093599974875,0.,0.885261511228412));
#2095=DIRECTION('center_axis',(0.,-1.,0.));
#2096=DIRECTION('ref_axis',(0.878015347472998,0.,-0.478632478632479));
#2097=DIRECTION('',(0.,1.,0.));
#2098=DIRECTION('center_axis',(0.,1.,0.));
#2099=DIRECTION('ref_axis',(0.878015347472998,0.,-0.478632478632479));
#2100=DIRECTION('center_axis',(0.,1.,0.));
#2101=DIRECTION('ref_axis',(0.878015347472998,0.,-0.478632478632479));
#2102=DIRECTION('center_axis',(0.,-1.,0.));
#2103=DIRECTION('ref_axis',(0.346597523780473,0.,0.938013942598533));
#2104=DIRECTION('',(0.,-1.,0.));
#2105=DIRECTION('center_axis',(0.,1.,0.));
#2106=DIRECTION('ref_axis',(0.346597523780473,0.,0.938013942598533));
#2107=DIRECTION('center_axis',(0.,1.,0.));
#2108=DIRECTION('ref_axis',(-1.,0.,0.));
#2109=DIRECTION('',(0.,-1.,0.));
#2110=DIRECTION('center_axis',(0.,1.,0.));
#2111=DIRECTION('ref_axis',(-1.,0.,0.));
#2112=DIRECTION('center_axis',(-7.32820478300433E-17,-1.,0.));
#2113=DIRECTION('ref_axis',(-0.707106781186547,0.,0.707106781186548));
#2114=DIRECTION('center_axis',(0.,-1.,0.));
#2115=DIRECTION('ref_axis',(-0.707106781186547,0.,0.707106781186548));
#2116=DIRECTION('',(-7.32820478300433E-17,-1.,0.));
#2117=DIRECTION('center_axis',(0.,1.,0.));
#2118=DIRECTION('ref_axis',(-0.707106781186547,0.,0.707106781186548));
#2119=DIRECTION('',(7.32820478300433E-17,1.,0.));
#2120=DIRECTION('center_axis',(0.,1.,0.));
#2121=DIRECTION('ref_axis',(0.,0.,1.));
#2122=DIRECTION('',(0.,0.,1.));
#2123=DIRECTION('',(1.,0.,0.));
#2124=DIRECTION('',(0.,0.,1.));
#2125=DIRECTION('',(1.,0.,0.));
#2126=DIRECTION('center_axis',(-1.,7.32820478300433E-17,0.));
#2127=DIRECTION('ref_axis',(-7.32820478300433E-17,-1.,0.));
#2128=DIRECTION('',(0.,0.,-1.));
#2129=DIRECTION('',(-7.32820478300433E-17,-1.,0.));
#2130=DIRECTION('',(0.,0.,1.));
#2131=DIRECTION('center_axis',(-1.,7.32820478300433E-17,0.));
#2132=DIRECTION('ref_axis',(7.32820478300433E-17,1.,0.));
#2133=DIRECTION('',(0.,0.,-1.));
#2134=DIRECTION('',(-7.32820478300433E-17,-1.,0.));
#2135=DIRECTION('',(9.67444907232913E-33,1.32016631068584E-16,-1.));
#2136=DIRECTION('',(7.32820478300433E-17,1.,0.));
#2137=DIRECTION('',(0.,0.,1.));
#2138=DIRECTION('',(-7.32820478300433E-17,-1.,0.));
#2139=DIRECTION('',(0.,0.,-1.));
#2140=DIRECTION('center_axis',(-0.816496580927726,-0.408248290463863,0.408248290463863));
#2141=DIRECTION('ref_axis',(0.577350269189626,-0.577350269189626,0.577350269189626));
#2142=DIRECTION('center_axis',(1.,0.,0.));
#2143=DIRECTION('ref_axis',(0.,-1.,0.));
#2144=DIRECTION('center_axis',(0.,0.,1.));
#2145=DIRECTION('ref_axis',(1.,0.,0.));
#2146=DIRECTION('center_axis',(0.,-1.,0.));
#2147=DIRECTION('ref_axis',(0.,0.,1.));
#2148=DIRECTION('center_axis',(0.408248290463863,-0.816496580927726,-0.408248290463863));
#2149=DIRECTION('ref_axis',(-0.577350269189626,-0.577350269189626,0.577350269189626));
#2150=DIRECTION('center_axis',(0.,-1.,0.));
#2151=DIRECTION('ref_axis',(-1.,0.,0.));
#2152=DIRECTION('center_axis',(0.,0.,1.));
#2153=DIRECTION('ref_axis',(0.,-1.,0.));
#2154=DIRECTION('center_axis',(-1.,-1.11022302462516E-15,0.));
#2155=DIRECTION('ref_axis',(0.,0.,1.));
#2156=DIRECTION('center_axis',(0.,0.,1.));
#2157=DIRECTION('ref_axis',(-0.707106781186547,-0.707106781186548,0.));
#2158=DIRECTION('center_axis',(0.,0.,1.));
#2159=DIRECTION('ref_axis',(-1.,0.,0.));
#2160=DIRECTION('',(0.,0.,1.));
#2161=DIRECTION('center_axis',(1.,-7.32820478300433E-17,0.));
#2162=DIRECTION('ref_axis',(0.,0.,-1.));
#2163=DIRECTION('center_axis',(1.,-7.32820478300433E-17,0.));
#2164=DIRECTION('ref_axis',(7.40148683083438E-17,1.,0.));
#2165=DIRECTION('center_axis',(-0.871797185288126,0.489866989828566,0.));
#2166=DIRECTION('ref_axis',(0.489866989828566,0.871797185288126,-5.6934665171193E-17));
#2167=DIRECTION('center_axis',(0.489866989828567,0.871797185288126,-1.08772322222298E-15));
#2168=DIRECTION('ref_axis',(-0.871797185288126,0.489866989828567,-1.11022302462516E-15));
#2169=DIRECTION('center_axis',(0.843485027015728,-0.537152687045571,1.24860866389258E-16));
#2170=DIRECTION('ref_axis',(0.537152687045571,0.843485027015727,0.));
#2171=DIRECTION('center_axis',(0.489866989828566,0.871797185288126,0.));
#2172=DIRECTION('ref_axis',(-0.616453701536578,0.346388270387222,0.707106781186548));
#2173=DIRECTION('center_axis',(0.489866989828568,0.871797185288125,0.));
#2174=DIRECTION('ref_axis',(-0.871797185288125,0.489866989828568,-1.38777878078145E-16));
#2175=DIRECTION('',(-0.489866989828566,-0.871797185288126,0.));
#2176=DIRECTION('center_axis',(0.,0.,-1.));
#2177=DIRECTION('ref_axis',(-1.,0.,0.));
#2178=DIRECTION('center_axis',(0.,1.,0.));
#2179=DIRECTION('ref_axis',(-1.,0.,0.));
#2180=DIRECTION('center_axis',(0.,0.,1.));
#2181=DIRECTION('ref_axis',(-0.967418519899254,0.253182557369058,0.));
#2182=DIRECTION('center_axis',(0.,-1.,0.));
#2183=DIRECTION('ref_axis',(-0.707106781186548,0.,0.707106781186547));
#2184=DIRECTION('center_axis',(0.,1.,0.));
#2185=DIRECTION('ref_axis',(-1.,0.,1.38777878078144E-16));
#2186=DIRECTION('',(0.,-1.,0.));
#2187=DIRECTION('center_axis',(0.,0.,-1.));
#2188=DIRECTION('ref_axis',(-1.,0.,0.));
#2189=DIRECTION('center_axis',(0.,0.,1.));
#2190=DIRECTION('ref_axis',(-0.707106781186547,-0.707106781186548,0.));
#2191=DIRECTION('center_axis',(0.,0.,-1.));
#2192=DIRECTION('ref_axis',(-1.,0.,0.));
#2193=DIRECTION('center_axis',(0.,-1.,0.));
#2194=DIRECTION('ref_axis',(1.,0.,0.));
#2195=DIRECTION('center_axis',(0.,0.,1.));
#2196=DIRECTION('ref_axis',(0.707106781186547,-0.707106781186547,0.));
#2197=DIRECTION('center_axis',(0.,1.,0.));
#2198=DIRECTION('ref_axis',(0.707106781186549,0.,0.707106781186546));
#2199=DIRECTION('center_axis',(0.,-1.,0.));
#2200=DIRECTION('ref_axis',(1.,0.,0.));
#2201=DIRECTION('',(0.,1.,0.));
#2202=DIRECTION('center_axis',(1.,0.,0.));
#2203=DIRECTION('ref_axis',(0.,0.,-1.));
#2204=DIRECTION('center_axis',(0.,-1.11022302462515E-15,-1.));
#2205=DIRECTION('ref_axis',(1.,0.,0.));
#2206=DIRECTION('center_axis',(-1.,0.,0.));
#2207=DIRECTION('ref_axis',(0.,0.707106781186547,-0.707106781186547));
#2208=DIRECTION('center_axis',(1.,0.,0.));
#2209=DIRECTION('ref_axis',(0.,0.707106781186548,-0.707106781186548));
#2210=DIRECTION('center_axis',(0.,0.,1.));
#2211=DIRECTION('ref_axis',(0.707106781186549,-0.707106781186546,0.));
#2212=DIRECTION('',(0.,0.,-1.));
#2213=DIRECTION('',(0.,0.,1.));
#2214=DIRECTION('center_axis',(1.,0.,0.));
#2215=DIRECTION('ref_axis',(0.,-0.707106781186547,0.707106781186548));
#2216=DIRECTION('',(-1.,0.,0.));
#2217=DIRECTION('',(1.,0.,0.));
#2218=DIRECTION('center_axis',(-7.32820478300433E-17,-1.,0.));
#2219=DIRECTION('ref_axis',(-0.707106781186547,0.,0.707106781186548));
#2220=DIRECTION('center_axis',(0.,-1.,-1.32016631068584E-16));
#2221=DIRECTION('ref_axis',(-0.707106781186547,0.,0.707106781186548));
#2222=DIRECTION('',(7.32820478300433E-17,1.,0.));
#2223=DIRECTION('center_axis',(0.,1.,0.));
#2224=DIRECTION('ref_axis',(0.707106781186549,0.,0.707106781186546));
#2225=DIRECTION('center_axis',(0.,-1.,0.));
#2226=DIRECTION('ref_axis',(0.707106781186549,0.,0.707106781186546));
#2227=DIRECTION('',(0.,-1.,0.));
#2228=DIRECTION('',(0.,1.,0.));
#2229=DIRECTION('center_axis',(0.,-1.,0.));
#2230=DIRECTION('ref_axis',(1.,0.,0.));
#2231=DIRECTION('',(-1.,0.,0.));
#2232=DIRECTION('center_axis',(1.,0.,0.));
#2233=DIRECTION('ref_axis',(0.,0.707106781186547,-0.707106781186547));
#2234=DIRECTION('center_axis',(0.,0.,1.));
#2235=DIRECTION('ref_axis',(-0.707106781186547,-0.707106781186547,0.));
#2236=DIRECTION('',(0.,0.,-1.));
#2237=DIRECTION('center_axis',(0.,0.,1.));
#2238=DIRECTION('ref_axis',(-0.707106781186547,-0.707106781186547,0.));
#2239=DIRECTION('center_axis',(-1.,0.,0.));
#2240=DIRECTION('ref_axis',(0.,-1.,0.));
#2241=DIRECTION('',(0.,0.,1.));
#2242=DIRECTION('',(0.,-1.,0.));
#2243=DIRECTION('center_axis',(0.,0.,1.));
#2244=DIRECTION('ref_axis',(-0.967418519899254,0.253182557369059,0.));
#2245=DIRECTION('',(0.,0.,-1.));
#2246=DIRECTION('center_axis',(0.,0.,1.));
#2247=DIRECTION('ref_axis',(-0.967418519899254,0.253182557369059,0.));
#2248=DIRECTION('center_axis',(-0.871797185288126,0.489866989828566,0.));
#2249=DIRECTION('ref_axis',(0.,0.,1.));
#2250=DIRECTION('',(-0.489866989828566,-0.871797185288126,0.));
#2251=DIRECTION('center_axis',(0.,-1.,-1.32016631068584E-16));
#2252=DIRECTION('ref_axis',(0.,1.32016631068584E-16,-1.));
#2253=DIRECTION('',(-1.,0.,0.));
#2254=DIRECTION('',(0.,1.32016631068584E-16,-1.));
#2255=DIRECTION('',(1.,0.,0.));
#2256=DIRECTION('center_axis',(0.,0.,1.));
#2257=DIRECTION('ref_axis',(0.707106781186547,-0.707106781186547,0.));
#2258=DIRECTION('center_axis',(0.,0.,1.));
#2259=DIRECTION('ref_axis',(0.707106781186547,-0.707106781186547,0.));
#2260=DIRECTION('',(0.,0.,1.));
#2261=DIRECTION('center_axis',(0.,0.,1.));
#2262=DIRECTION('ref_axis',(-1.,0.,0.));
#2263=DIRECTION('',(0.,0.,-1.));
#2264=DIRECTION('center_axis',(0.,0.,1.));
#2265=DIRECTION('ref_axis',(-1.,0.,0.));
#2266=DIRECTION('center_axis',(0.,0.,1.));
#2267=DIRECTION('ref_axis',(-1.,0.,0.));
#2268=DIRECTION('',(0.,0.,-1.));
#2269=DIRECTION('center_axis',(0.,0.,1.));
#2270=DIRECTION('ref_axis',(-1.,0.,0.));
#2271=DIRECTION('center_axis',(0.,-1.,0.));
#2272=DIRECTION('ref_axis',(1.,0.,0.));
#2273=DIRECTION('center_axis',(0.,1.,0.));
#2274=DIRECTION('ref_axis',(0.707106781186548,0.,0.707106781186547));
#2275=DIRECTION('',(0.,0.,-1.));
#2276=DIRECTION('',(-1.,0.,0.));
#2277=DIRECTION('center_axis',(0.,-1.,0.));
#2278=DIRECTION('ref_axis',(0.707106781186548,0.,0.707106781186547));
#2279=DIRECTION('center_axis',(0.,1.,0.));
#2280=DIRECTION('ref_axis',(0.707106781186548,0.,0.707106781186547));
#2281=DIRECTION('',(0.,1.,0.));
#2282=DIRECTION('',(0.,-1.,0.));
#2283=DIRECTION('center_axis',(0.,-1.,0.));
#2284=DIRECTION('ref_axis',(1.,0.,0.));
#2285=DIRECTION('',(1.,0.,0.));
#2286=DIRECTION('',(0.,0.,-1.));
#2287=DIRECTION('',(-1.,0.,0.));
#2288=DIRECTION('center_axis',(0.,1.,0.));
#2289=DIRECTION('ref_axis',(0.,0.,1.));
#2290=DIRECTION('',(0.,0.,1.));
#2291=DIRECTION('',(-1.,0.,0.));
#2292=DIRECTION('center_axis',(0.,1.,0.));
#2293=DIRECTION('ref_axis',(-0.707106781186549,0.,0.707106781186546));
#2294=DIRECTION('center_axis',(-7.40148683083437E-16,1.,0.));
#2295=DIRECTION('ref_axis',(-0.707106781186549,0.,0.707106781186546));
#2296=DIRECTION('center_axis',(0.,1.,0.));
#2297=DIRECTION('ref_axis',(-0.707106781186549,0.,0.707106781186546));
#2298=DIRECTION('',(0.,-1.,0.));
#2299=DIRECTION('center_axis',(-1.,0.,0.));
#2300=DIRECTION('ref_axis',(0.,-1.,0.));
#2301=DIRECTION('',(0.,0.,-1.));
#2302=DIRECTION('',(0.,-1.,0.));
#2303=DIRECTION('',(0.,0.,1.));
#2304=DIRECTION('center_axis',(0.,0.,-1.));
#2305=DIRECTION('ref_axis',(1.,0.,0.));
#2306=DIRECTION('center_axis',(1.,0.,0.));
#2307=DIRECTION('ref_axis',(0.,1.,0.));
#2308=DIRECTION('',(0.,0.,1.));
#2309=DIRECTION('',(0.,1.,0.));
#2310=DIRECTION('',(0.,0.,-1.));
#2311=DIRECTION('',(0.,1.,0.));
#2312=DIRECTION('center_axis',(7.40148683083437E-16,-1.,0.));
#2313=DIRECTION('ref_axis',(1.,7.40148683083437E-16,0.));
#2314=DIRECTION('',(1.,7.40148683083437E-16,0.));
#2315=DIRECTION('center_axis',(0.,1.,0.));
#2316=DIRECTION('ref_axis',(-1.,0.,0.));
#2317=DIRECTION('',(1.,0.,0.));
#2318=DIRECTION('',(0.,0.,1.));
#2319=DIRECTION('',(-1.,0.,0.));
#2320=DIRECTION('center_axis',(0.,-1.,0.));
#2321=DIRECTION('ref_axis',(-1.,0.,0.));
#2322=DIRECTION('center_axis',(0.,-1.,0.));
#2323=DIRECTION('ref_axis',(1.,0.,0.));
#2324=DIRECTION('',(-1.,0.,0.));
#2325=DIRECTION('center_axis',(0.,-1.,0.));
#2326=DIRECTION('ref_axis',(-1.,0.,0.));
#2327=DIRECTION('center_axis',(0.,-1.,0.));
#2328=DIRECTION('ref_axis',(-1.,0.,0.));
#2329=DIRECTION('',(0.,-1.,0.));
#2330=DIRECTION('center_axis',(0.,-1.,0.));
#2331=DIRECTION('ref_axis',(-1.,0.,0.));
#2332=DIRECTION('center_axis',(0.,1.,0.));
#2333=DIRECTION('ref_axis',(-1.,0.,0.));
#2334=DIRECTION('center_axis',(0.,-1.,0.));
#2335=DIRECTION('ref_axis',(-1.,0.,0.));
#2336=DIRECTION('',(0.,-1.,0.));
#2337=DIRECTION('center_axis',(0.,-1.,0.));
#2338=DIRECTION('ref_axis',(-1.,0.,0.));
#2339=DIRECTION('center_axis',(0.,1.,0.));
#2340=DIRECTION('ref_axis',(-1.,0.,0.));
#2341=DIRECTION('center_axis',(0.,0.,-1.));
#2342=DIRECTION('ref_axis',(0.,1.,0.));
#2343=DIRECTION('',(0.,1.,0.));
#2344=DIRECTION('center_axis',(0.,0.,1.));
#2345=DIRECTION('ref_axis',(1.,0.,0.));
#2346=DIRECTION('',(0.,-1.,0.));
#2347=DIRECTION('center_axis',(0.,0.,1.));
#2348=DIRECTION('ref_axis',(1.,0.,0.));
#2349=DIRECTION('',(0.,-1.,0.));
#2350=DIRECTION('',(1.,0.,0.));
#2351=DIRECTION('',(0.,-1.,0.));
#2352=DIRECTION('',(-1.,0.,0.));
#2353=DIRECTION('',(0.,-1.,0.));
#2354=DIRECTION('center_axis',(0.,0.,-1.));
#2355=DIRECTION('ref_axis',(-1.,0.,0.));
#2356=DIRECTION('center_axis',(1.,0.,0.));
#2357=DIRECTION('ref_axis',(0.,1.,0.));
#2358=DIRECTION('',(0.,-1.,0.));
#2359=DIRECTION('',(0.,0.,1.));
#2360=DIRECTION('center_axis',(0.,1.,0.));
#2361=DIRECTION('ref_axis',(-1.,0.,0.));
#2362=DIRECTION('',(1.,0.,0.));
#2363=DIRECTION('',(0.,0.,1.));
#2364=DIRECTION('center_axis',(-1.,0.,0.));
#2365=DIRECTION('ref_axis',(0.,-1.,0.));
#2366=DIRECTION('',(0.,1.,0.));
#2367=DIRECTION('',(0.,0.,-1.));
#2368=DIRECTION('center_axis',(0.,1.,0.));
#2369=DIRECTION('ref_axis',(-1.,0.,0.));
#2370=DIRECTION('',(1.,0.,0.));
#2371=DIRECTION('center_axis',(0.,0.,1.));
#2372=DIRECTION('ref_axis',(1.,0.,0.));
#2373=DIRECTION('center_axis',(1.,0.,0.));
#2374=DIRECTION('ref_axis',(0.,1.,0.));
#2375=CARTESIAN_POINT('',(0.,0.,0.));
#2376=CARTESIAN_POINT('Origin',(-4.15000000000078,-52.,-0.5));
#2377=CARTESIAN_POINT('',(-4.15000000000078,-53.,-3.));
#2378=CARTESIAN_POINT('',(-3.15000000000078,-52.0000000000001,-3.));
#2379=CARTESIAN_POINT('Origin',(-4.15000000000078,-52.,-3.));
#2380=CARTESIAN_POINT('',(-3.15000000000078,-52.0000000000001,1.));
#2381=CARTESIAN_POINT('',(-3.15000000000078,-52.0000000000001,-0.5));
#2382=CARTESIAN_POINT('',(-4.15000000000078,-53.,1.));
#2383=CARTESIAN_POINT('Origin',(-4.15000000000078,-52.,1.));
#2384=CARTESIAN_POINT('',(-4.15000000000078,-53.,-0.5));
#2385=CARTESIAN_POINT('Origin',(-4.14999999999992,-40.5754592592813,1.));
#2386=CARTESIAN_POINT('',(-4.14999999999869,-24.0509185185642,2.));
#2387=CARTESIAN_POINT('',(-4.15000000000078,-52.,2.));
#2388=CARTESIAN_POINT('',(-4.14999999999992,-40.5754592592813,2.));
#2389=CARTESIAN_POINT('Origin',(-4.15000000000078,-52.,1.));
#2390=CARTESIAN_POINT('',(-3.14999999999876,-25.0509185185642,0.999999999999999));
#2391=CARTESIAN_POINT('',(-3.14999999999992,-40.5754592592814,1.));
#2392=CARTESIAN_POINT('Origin',(-4.14999999999869,-24.0509185185642,1.));
#2393=CARTESIAN_POINT('Origin',(12.8500000000016,-26.5754592592824,0.999999999999999));
#2394=CARTESIAN_POINT('',(11.8500000000018,-25.0509185185642,0.999999999999999));
#2395=CARTESIAN_POINT('',(11.8499999999992,-51.9999999999999,0.999999999999999));
#2396=CARTESIAN_POINT('',(11.8500000000016,-26.5754592592823,0.999999999999999));
#2397=CARTESIAN_POINT('',(12.8499999999992,-52.,2.));
#2398=CARTESIAN_POINT('Origin',(12.8499999999992,-52.,0.999999999999999));
#2399=CARTESIAN_POINT('',(12.8500000000019,-24.0509185185642,2.));
#2400=CARTESIAN_POINT('',(12.8500000000016,-26.5754592592824,2.));
#2401=CARTESIAN_POINT('Origin',(12.8500000000019,-24.0509185185642,0.999999999999999));
#2402=CARTESIAN_POINT('Origin',(0.525000000000615,-24.0509185185642,0.999999999999999));
#2403=CARTESIAN_POINT('',(0.525000000000616,-25.0509185185642,0.999999999999999));
#2404=CARTESIAN_POINT('',(0.525000000000615,-24.0509185185642,2.));
#2405=CARTESIAN_POINT('Origin',(12.8499999999992,-52.,-0.500000000000001));
#2406=CARTESIAN_POINT('',(11.8499999999992,-51.9999999999999,-3.));
#2407=CARTESIAN_POINT('',(12.8499999999992,-53.,-3.));
#2408=CARTESIAN_POINT('Origin',(12.8499999999992,-52.,-3.));
#2409=CARTESIAN_POINT('',(12.8499999999992,-53.,1.));
#2410=CARTESIAN_POINT('',(12.8499999999992,-53.,-0.500000000000001));
#2411=CARTESIAN_POINT('Origin',(12.8499999999992,-52.,1.));
#2412=CARTESIAN_POINT('',(11.8499999999992,-51.9999999999999,-0.500000000000001));
#2413=CARTESIAN_POINT('Origin',(12.8499999999992,-52.,1.));
#2414=CARTESIAN_POINT('Origin',(12.8499999999992,-52.,1.));
#2415=CARTESIAN_POINT('Origin',(-4.15000000000078,-52.,1.));
#2416=CARTESIAN_POINT('Origin',(-4.15000000000078,-52.,1.));
#2417=CARTESIAN_POINT('Origin',(-16.8,-53.,-3.));
#2418=CARTESIAN_POINT('',(-11.8,-53.,1.));
#2419=CARTESIAN_POINT('',(-5.55,-53.,1.));
#2420=CARTESIAN_POINT('',(-11.8,-53.,-3.));
#2421=CARTESIAN_POINT('',(-11.8,-53.,-3.));
#2422=CARTESIAN_POINT('',(-16.8,-53.,-3.));
#2423=CARTESIAN_POINT('Origin',(-5.55,-52.,1.));
#2424=CARTESIAN_POINT('',(-11.8,-52.,2.));
#2425=CARTESIAN_POINT('',(-5.55,-52.,2.));
#2426=CARTESIAN_POINT('Origin',(-11.8,-52.,1.));
#2427=CARTESIAN_POINT('Origin',(5.7,-28.,2.));
#2428=CARTESIAN_POINT('',(23.2,-52.,2.));
#2429=CARTESIAN_POINT('',(-5.55,-52.,2.));
#2430=CARTESIAN_POINT('',(27.2,-48.,2.));
#2431=CARTESIAN_POINT('Origin',(23.2,-48.,2.));
#2432=CARTESIAN_POINT('',(27.2,-10.5,2.));
#2433=CARTESIAN_POINT('',(27.2,-4.,2.));
#2434=CARTESIAN_POINT('',(-8.06722993471296,-10.5,2.));
#2435=CARTESIAN_POINT('',(1.35,-10.5,2.));
#2436=CARTESIAN_POINT('',(-15.2871887411525,-23.3490792317992,2.));
#2437=CARTESIAN_POINT('',(-11.1326733786165,-15.9554501967774,2.));
#2438=CARTESIAN_POINT('',(-15.8,-25.3085471911134,2.));
#2439=CARTESIAN_POINT('Origin',(-11.8,-25.3085471911134,2.));
#2440=CARTESIAN_POINT('',(-15.8,-48.,2.));
#2441=CARTESIAN_POINT('',(-15.8,-15.5,2.));
#2442=CARTESIAN_POINT('Origin',(-11.8,-48.,2.));
#2443=CARTESIAN_POINT('',(24.55,-45.3,2.));
#2444=CARTESIAN_POINT('Origin',(22.85,-45.3,2.));
#2445=CARTESIAN_POINT('',(-9.45000000000001,-45.3,2.));
#2446=CARTESIAN_POINT('Origin',(-11.15,-45.3,2.));
#2447=CARTESIAN_POINT('Origin',(-5.55,-52.,1.));
#2448=CARTESIAN_POINT('',(23.2,-53.,1.));
#2449=CARTESIAN_POINT('',(-5.55,-53.,1.));
#2450=CARTESIAN_POINT('Origin',(23.2,-52.,1.));
#2451=CARTESIAN_POINT('Origin',(-16.8,-53.,-3.));
#2452=CARTESIAN_POINT('',(23.2,-53.,-3.));
#2453=CARTESIAN_POINT('',(-16.8,-53.,-3.));
#2454=CARTESIAN_POINT('',(23.2,-53.,-1.5));
#2455=CARTESIAN_POINT('Origin',(-3.15000000000086,-53.1509185185634,2.));
#2456=CARTESIAN_POINT('',(-3.14999999999876,-25.0509185185642,-3.));
#2457=CARTESIAN_POINT('',(-3.14999999999842,-20.5004592592812,-3.));
#2458=CARTESIAN_POINT('',(-3.14999999999876,-25.0509185185642,2.));
#2459=CARTESIAN_POINT('Origin',(11.8500000000018,-25.150918518564,2.));
#2460=CARTESIAN_POINT('',(11.8500000000018,-25.0509185185642,-3.));
#2461=CARTESIAN_POINT('',(11.8500000000018,-25.0509185185642,2.));
#2462=CARTESIAN_POINT('',(11.8500000000035,-6.50045925928202,-3.));
#2463=CARTESIAN_POINT('Origin',(-4.64999999999877,-25.0509185185642,2.));
#2464=CARTESIAN_POINT('',(3.47500000000063,-25.0509185185642,-3.));
#2465=CARTESIAN_POINT('Origin',(20.4,27.7,5.85));
#2466=CARTESIAN_POINT('',(20.4,28.7,10.7));
#2467=CARTESIAN_POINT('',(21.4,27.7,10.7));
#2468=CARTESIAN_POINT('Origin',(20.4,27.7,10.7));
#2469=CARTESIAN_POINT('',(21.4,27.7,5.85));
#2470=CARTESIAN_POINT('',(21.4,27.7,5.85));
#2471=CARTESIAN_POINT('',(20.4,28.7,5.85));
#2472=CARTESIAN_POINT('Origin',(20.4,27.7,5.85));
#2473=CARTESIAN_POINT('',(20.4,28.7,5.85));
#2474=CARTESIAN_POINT('Origin',(24.4,27.7,5.85));
#2475=CARTESIAN_POINT('',(24.4,27.7,2.85));
#2476=CARTESIAN_POINT('',(24.4,28.7,1.85));
#2477=CARTESIAN_POINT('Origin',(24.4,27.7,1.85));
#2478=CARTESIAN_POINT('Origin',(24.4,28.7,5.85));
#2479=CARTESIAN_POINT('Origin',(24.4,27.7,5.85));
#2480=CARTESIAN_POINT('Origin',(25.3,27.7,1.85));
#2481=CARTESIAN_POINT('',(28.2,28.7,1.85));
#2482=CARTESIAN_POINT('',(25.3,28.7,1.85));
#2483=CARTESIAN_POINT('',(27.2,27.7,2.85));
#2484=CARTESIAN_POINT('',(25.3,27.7,2.85));
#2485=CARTESIAN_POINT('Origin',(27.2,27.7,1.85));
#2486=CARTESIAN_POINT('Origin',(27.2,24.35,1.85));
#2487=CARTESIAN_POINT('',(27.2,20.2,2.85));
#2488=CARTESIAN_POINT('',(27.2,24.35,2.85));
#2489=CARTESIAN_POINT('',(28.2,20.2,1.85));
#2490=CARTESIAN_POINT('Origin',(27.2,20.2,1.85));
#2491=CARTESIAN_POINT('',(28.2,24.35,1.85));
#2492=CARTESIAN_POINT('Origin',(18.9,27.7,10.7));
#2493=CARTESIAN_POINT('',(15.9,28.7,10.7));
#2494=CARTESIAN_POINT('',(15.9,27.7,11.7));
#2495=CARTESIAN_POINT('Origin',(15.9,27.7,10.7));
#2496=CARTESIAN_POINT('',(20.4,27.7,11.7));
#2497=CARTESIAN_POINT('',(18.9,27.7,11.7));
#2498=CARTESIAN_POINT('Origin',(20.4,27.7,10.7));
#2499=CARTESIAN_POINT('',(18.9,28.7,10.7));
#2500=CARTESIAN_POINT('Origin',(18.5931948913585,27.7,1.85));
#2501=CARTESIAN_POINT('',(11.6553854307875,28.7,1.85));
#2502=CARTESIAN_POINT('',(11.6553854307875,27.7,2.85));
#2503=CARTESIAN_POINT('Origin',(11.6553854307875,27.7,1.85));
#2504=CARTESIAN_POINT('',(11.9,27.7,2.85));
#2505=CARTESIAN_POINT('',(18.5931948913585,27.7,2.85));
#2506=CARTESIAN_POINT('',(11.9,28.7,1.85));
#2507=CARTESIAN_POINT('Origin',(11.9,27.7,1.85));
#2508=CARTESIAN_POINT('',(18.5931948913585,28.7,1.85));
#2509=CARTESIAN_POINT('Origin',(11.9,27.7,5.85));
#2510=CARTESIAN_POINT('',(14.9,27.7,5.85));
#2511=CARTESIAN_POINT('',(15.9,28.7,5.85));
#2512=CARTESIAN_POINT('Origin',(15.9,27.7,5.85));
#2513=CARTESIAN_POINT('Origin',(11.9,28.7,5.85));
#2514=CARTESIAN_POINT('Origin',(11.9,27.7,5.85));
#2515=CARTESIAN_POINT('Origin',(15.9,27.7,2.925));
#2516=CARTESIAN_POINT('',(14.9,27.7,10.7));
#2517=CARTESIAN_POINT('Origin',(15.9,27.7,10.7));
#2518=CARTESIAN_POINT('',(15.9,28.7,2.925));
#2519=CARTESIAN_POINT('',(14.9,27.7,2.925));
#2520=CARTESIAN_POINT('Origin',(5.85,27.7,5.85));
#2521=CARTESIAN_POINT('',(-0.0652482269503551,28.7,2.01433338081101));
#2522=CARTESIAN_POINT('',(0.773794074744732,27.7,2.55839956793002));
#2523=CARTESIAN_POINT('Origin',(-0.0652482269503551,27.7,2.01433338081101));
#2524=CARTESIAN_POINT('',(10.8319265044347,27.7,2.41737588652482));
#2525=CARTESIAN_POINT('Origin',(5.85,27.7,5.85));
#2526=CARTESIAN_POINT('Origin',(11.6553854307875,27.7,1.85));
#2527=CARTESIAN_POINT('Origin',(5.85,28.7,5.85));
#2528=CARTESIAN_POINT('Origin',(10.6,27.7,1.85));
#2529=CARTESIAN_POINT('',(-4.,27.7,2.85));
#2530=CARTESIAN_POINT('',(-1.2,27.7,2.85));
#2531=CARTESIAN_POINT('',(10.6,27.7,2.85));
#2532=CARTESIAN_POINT('',(-1.2,28.7,1.85));
#2533=CARTESIAN_POINT('Origin',(-1.2,27.7,1.85));
#2534=CARTESIAN_POINT('',(-5.,28.7,1.85));
#2535=CARTESIAN_POINT('',(10.6,28.7,1.85));
#2536=CARTESIAN_POINT('Origin',(-4.,27.7,1.85));
#2537=CARTESIAN_POINT('Origin',(-1.2,27.7,5.85));
#2538=CARTESIAN_POINT('',(-0.348936170212766,27.7,2.97325003560826));
#2539=CARTESIAN_POINT('Origin',(-0.065248226950354,27.7,2.01433338081101));
#2540=CARTESIAN_POINT('Origin',(-1.2,28.7,5.85));
#2541=CARTESIAN_POINT('Origin',(-1.2,27.7,5.85));
#2542=CARTESIAN_POINT('Origin',(-4.,28.,1.85));
#2543=CARTESIAN_POINT('',(-5.,20.2,1.85));
#2544=CARTESIAN_POINT('',(-5.,28.,1.85));
#2545=CARTESIAN_POINT('',(-4.,20.2,2.85));
#2546=CARTESIAN_POINT('Origin',(-4.,20.2,1.85));
#2547=CARTESIAN_POINT('',(-4.,28.,2.85));
#2548=CARTESIAN_POINT('Origin',(-0.065248226950354,27.7,2.01433338081101));
#2549=CARTESIAN_POINT('Origin',(-0.065248226950354,27.7,2.01433338081101));
#2550=CARTESIAN_POINT('Origin',(11.6553854307875,27.7,1.85));
#2551=CARTESIAN_POINT('Origin',(11.6553854307875,27.7,1.85));
#2552=CARTESIAN_POINT('Origin',(15.9,27.7,10.7));
#2553=CARTESIAN_POINT('Origin',(15.9,27.7,10.7));
#2554=CARTESIAN_POINT('Origin',(20.4,27.7,10.7));
#2555=CARTESIAN_POINT('Origin',(20.4,27.7,10.7));
#2556=CARTESIAN_POINT('Origin',(24.4,28.7,2.85));
#2557=CARTESIAN_POINT('',(24.4,24.5,2.85));
#2558=CARTESIAN_POINT('',(24.4,17.2,2.85));
#2559=CARTESIAN_POINT('',(24.4,20.2,2.85));
#2560=CARTESIAN_POINT('',(24.4,17.2,2.85));
#2561=CARTESIAN_POINT('',(23.8,20.2,2.85));
#2562=CARTESIAN_POINT('Origin',(24.4,17.2,5.85));
#2563=CARTESIAN_POINT('',(21.4,24.5,5.85));
#2564=CARTESIAN_POINT('',(21.4,17.2,5.85));
#2565=CARTESIAN_POINT('Origin',(24.4,24.5,5.85));
#2566=CARTESIAN_POINT('Origin',(21.4,28.7,11.7));
#2567=CARTESIAN_POINT('',(21.4,24.5,10.7));
#2568=CARTESIAN_POINT('',(21.4,26.175,10.7));
#2569=CARTESIAN_POINT('',(21.4,24.5,5.85));
#2570=CARTESIAN_POINT('Origin',(20.4,26.175,10.7));
#2571=CARTESIAN_POINT('',(20.4,24.5,11.7));
#2572=CARTESIAN_POINT('',(20.4,26.175,11.7));
#2573=CARTESIAN_POINT('Origin',(20.4,24.5,10.7));
#2574=CARTESIAN_POINT('Origin',(11.6,23.65,11.7));
#2575=CARTESIAN_POINT('',(15.9,24.5,11.7));
#2576=CARTESIAN_POINT('',(15.9,26.175,11.7));
#2577=CARTESIAN_POINT('',(5.8,24.5,11.7));
#2578=CARTESIAN_POINT('Origin',(15.9,26.175,10.7));
#2579=CARTESIAN_POINT('',(14.9,24.5,10.7));
#2580=CARTESIAN_POINT('',(14.9,26.175,10.7));
#2581=CARTESIAN_POINT('Origin',(15.9,24.5,10.7));
#2582=CARTESIAN_POINT('Origin',(14.9,28.7,5.85));
#2583=CARTESIAN_POINT('',(14.9,24.5,5.85));
#2584=CARTESIAN_POINT('',(14.9,28.7,5.85));
#2585=CARTESIAN_POINT('',(14.9,24.5,2.925));
#2586=CARTESIAN_POINT('Origin',(11.9,28.7,5.85));
#2587=CARTESIAN_POINT('',(11.9,24.5,2.85));
#2588=CARTESIAN_POINT('',(11.9,28.7,2.85));
#2589=CARTESIAN_POINT('Origin',(11.9,24.5,5.85));
#2590=CARTESIAN_POINT('Origin',(10.986389782717,28.7,2.85));
#2591=CARTESIAN_POINT('',(11.6553854307875,24.5,2.85));
#2592=CARTESIAN_POINT('',(11.6553854307875,28.7,2.85));
#2593=CARTESIAN_POINT('',(5.49319489135852,24.5,2.85));
#2594=CARTESIAN_POINT('Origin',(11.6553854307875,28.7,1.85));
#2595=CARTESIAN_POINT('',(10.8319265044347,24.5,2.41737588652482));
#2596=CARTESIAN_POINT('',(10.8319265044347,28.7,2.41737588652482));
#2597=CARTESIAN_POINT('Origin',(11.6553854307875,24.5,1.85));
#2598=CARTESIAN_POINT('Origin',(5.85,28.7,5.85));
#2599=CARTESIAN_POINT('',(0.773794074744731,24.5,2.55839956793002));
#2600=CARTESIAN_POINT('',(0.773794074744732,28.7,2.55839956793002));
#2601=CARTESIAN_POINT('',(5.85,24.5,-0.2));
#2602=CARTESIAN_POINT('Origin',(5.85,24.5,5.85));
#2603=CARTESIAN_POINT('Origin',(5.85,24.5,5.85));
#2604=CARTESIAN_POINT('Origin',(-0.065248226950354,28.7,2.01433338081101));
#2605=CARTESIAN_POINT('',(-0.348936170212766,24.5,2.97325003560826));
#2606=CARTESIAN_POINT('',(-0.348936170212766,28.7,2.97325003560826));
#2607=CARTESIAN_POINT('Origin',(-0.065248226950354,24.5,2.01433338081101));
#2608=CARTESIAN_POINT('Origin',(-1.2,17.2,5.85));
#2609=CARTESIAN_POINT('',(-1.2,24.5,2.85));
#2610=CARTESIAN_POINT('',(-1.2,17.2,2.85));
#2611=CARTESIAN_POINT('Origin',(-1.2,24.5,5.85));
#2612=CARTESIAN_POINT('Origin',(-4.,17.25,10.7));
#2613=CARTESIAN_POINT('',(-4.,17.2,11.7));
#2614=CARTESIAN_POINT('',(-5.,17.2,10.7));
#2615=CARTESIAN_POINT('Origin',(-4.,17.2,10.7));
#2616=CARTESIAN_POINT('',(-5.,4.8,10.7));
#2617=CARTESIAN_POINT('',(-5.,17.25,10.7));
#2618=CARTESIAN_POINT('',(-4.,4.8,11.7));
#2619=CARTESIAN_POINT('Origin',(-4.,4.8,10.7));
#2620=CARTESIAN_POINT('',(-4.,17.25,11.7));
#2621=CARTESIAN_POINT('Origin',(-5.,4.8,3.29027907591137));
#2622=CARTESIAN_POINT('',(-5.,4.8,3.29027907591137));
#2623=CARTESIAN_POINT('',(-5.,4.8,1.64513953795568));
#2624=CARTESIAN_POINT('',(-0.2,4.8,3.29027907591137));
#2625=CARTESIAN_POINT('',(-5.,4.8,3.29027907591137));
#2626=CARTESIAN_POINT('',(-0.2,4.8,11.7));
#2627=CARTESIAN_POINT('',(-0.2,4.8,1.64513953795568));
#2628=CARTESIAN_POINT('',(3.3,4.8,11.7));
#2629=CARTESIAN_POINT('Origin',(-5.,27.3,0.));
#2630=CARTESIAN_POINT('',(-5.,28.7,-3.));
#2631=CARTESIAN_POINT('',(-5.,28.7,0.));
#2632=CARTESIAN_POINT('',(-5.,-3.,-3.));
#2633=CARTESIAN_POINT('',(-5.,19.725,-3.));
#2634=CARTESIAN_POINT('',(-5.,-3.,4.69291822623071));
#2635=CARTESIAN_POINT('',(-5.,-3.,0.));
#2636=CARTESIAN_POINT('',(-5.,-3.1861863867196,5.16893426161708));
#2637=CARTESIAN_POINT('Ctrl Pts',(-5.,-3.1861863867196,5.16893426161708));
#2638=CARTESIAN_POINT('Ctrl Pts',(-5.,-3.15957077714374,5.15255421357981));
#2639=CARTESIAN_POINT('Ctrl Pts',(-5.,-3.13605892414907,5.13214709095346));
#2640=CARTESIAN_POINT('Ctrl Pts',(-5.,-3.08099954428055,5.06788417928526));
#2641=CARTESIAN_POINT('Ctrl Pts',(-5.,-3.05663737908025,5.019711373312));
#2642=CARTESIAN_POINT('Ctrl Pts',(-5.,-3.01304265118347,4.89204053632574));
#2643=CARTESIAN_POINT('Ctrl Pts',(-5.,-3.00000000000001,4.79875705222596));
#2644=CARTESIAN_POINT('Ctrl Pts',(-5.,-3.00000000000001,4.6929182262307));
#2645=CARTESIAN_POINT('',(-5.,-2.,9.5));
#2646=CARTESIAN_POINT('Origin',(-5.,-10.5,9.5));
#2647=CARTESIAN_POINT('',(-5.,-2.,10.7));
#2648=CARTESIAN_POINT('',(-5.,-2.,0.));
#2649=CARTESIAN_POINT('',(-5.,2.8,10.7));
#2650=CARTESIAN_POINT('',(-5.,17.25,10.7));
#2651=CARTESIAN_POINT('',(-5.,2.8,3.29027907591137));
#2652=CARTESIAN_POINT('',(-5.,2.8,5.85));
#2653=CARTESIAN_POINT('',(-5.,15.05,3.29027907591137));
#2654=CARTESIAN_POINT('',(-5.,17.2,-0.2));
#2655=CARTESIAN_POINT('',(-5.,17.2,0.));
#2656=CARTESIAN_POINT('',(-5.,20.2,-0.2));
#2657=CARTESIAN_POINT('',(-5.,19.725,-0.2));
#2658=CARTESIAN_POINT('',(-5.,20.2,0.));
#2659=CARTESIAN_POINT('Origin',(27.2,-2.,10.7));
#2660=CARTESIAN_POINT('',(27.2,-3.,10.7));
#2661=CARTESIAN_POINT('',(27.2,-2.,11.7));
#2662=CARTESIAN_POINT('Origin',(27.2,-2.,10.7));
#2663=CARTESIAN_POINT('',(28.2,-2.,10.7));
#2664=CARTESIAN_POINT('Origin',(27.2,-2.,10.7));
#2665=CARTESIAN_POINT('Origin',(27.2,-2.,10.7));
#2666=CARTESIAN_POINT('Origin',(-4.,-2.,10.7));
#2667=CARTESIAN_POINT('',(-4.,-2.,11.7));
#2668=CARTESIAN_POINT('Origin',(-4.,-2.,10.7));
#2669=CARTESIAN_POINT('',(-4.,-3.,10.7));
#2670=CARTESIAN_POINT('Origin',(-4.,-2.,10.7));
#2671=CARTESIAN_POINT('Origin',(-4.,-2.,10.7));
#2672=CARTESIAN_POINT('Origin',(-4.,-2.,0.));
#2673=CARTESIAN_POINT('',(-4.,-3.,9.5));
#2674=CARTESIAN_POINT('Origin',(-4.,-2.,9.5));
#2675=CARTESIAN_POINT('',(-4.,-3.,0.));
#2676=CARTESIAN_POINT('Origin',(-4.,-10.5,9.5));
#2677=CARTESIAN_POINT('',(-4.,-4.11327303372591,5.56811512652426));
#2678=CARTESIAN_POINT('Origin',(-4.,-10.5,9.5));
#2679=CARTESIAN_POINT('Ctrl Pts',(-4.99829210153896,-3.18655528356664,5.16855604603647));
#2680=CARTESIAN_POINT('Ctrl Pts',(-4.99825304389669,-3.22473103307702,5.19203579864626));
#2681=CARTESIAN_POINT('Ctrl Pts',(-4.99530310722717,-3.26298672130716,5.21507841393461));
#2682=CARTESIAN_POINT('Ctrl Pts',(-4.98948495319467,-3.30107004178946,5.23753110293143));
#2683=CARTESIAN_POINT('Ctrl Pts',(-4.98373124452596,-3.3387315285718,5.25973509247785));
#2684=CARTESIAN_POINT('Ctrl Pts',(-4.97517238257011,-3.37622545756983,5.28136267830245));
#2685=CARTESIAN_POINT('Ctrl Pts',(-4.96380133504444,-3.41331305132416,5.3022549992131));
#2686=CARTESIAN_POINT('Ctrl Pts',(-4.95359648528178,-3.44659699648989,5.32100463468907));
#2687=CARTESIAN_POINT('Ctrl Pts',(-4.94112607679829,-3.47955424297495,5.33916221139551));
#2688=CARTESIAN_POINT('Ctrl Pts',(-4.92635224093749,-3.51200588291911,5.35659995814908));
#2689=CARTESIAN_POINT('Ctrl Pts',(-4.92141129339638,-3.5228589783574,5.36243182150239));
#2690=CARTESIAN_POINT('Ctrl Pts',(-4.91622258179965,-3.5336329608681,5.36817116272416));
#2691=CARTESIAN_POINT('Ctrl Pts',(-4.9107871310756,-3.54432189680167,5.37381367968484));
#2692=CARTESIAN_POINT('Ctrl Pts',(-4.89292649529415,-3.57944523823055,5.39235472539419));
#2693=CARTESIAN_POINT('Ctrl Pts',(-4.87240559531149,-3.6136508996343,5.40985159931544));
#2694=CARTESIAN_POINT('Ctrl Pts',(-4.8494725184268,-3.6467544329071,5.426248475817));
#2695=CARTESIAN_POINT('Ctrl Pts',(-4.82604323797114,-3.68057422817581,5.44300013195471));
#2696=CARTESIAN_POINT('Ctrl Pts',(-4.80009563254077,-3.71324460199527,5.45860398636355));
#2697=CARTESIAN_POINT('Ctrl Pts',(-4.77184657132474,-3.74455315970218,5.47298071395183));
#2698=CARTESIAN_POINT('Ctrl Pts',(-4.75427631518185,-3.76402635118872,5.48192270265336));
#2699=CARTESIAN_POINT('Ctrl Pts',(-4.73581482476401,-3.7829723567106,5.49038956264583));
#2700=CARTESIAN_POINT('Ctrl Pts',(-4.7165069694201,-3.80133466399869,5.49835765264779));
#2701=CARTESIAN_POINT('Ctrl Pts',(-4.68536467366375,-3.83095185317629,5.51120965568149));
#2702=CARTESIAN_POINT('Ctrl Pts',(-4.65222849906227,-3.858856413984,5.52267980087885));
#2703=CARTESIAN_POINT('Ctrl Pts',(-4.61734283192505,-3.88486178434699,5.5326898840278));
#2704=CARTESIAN_POINT('Ctrl Pts',(-4.59323355121088,-3.90283394384994,5.53960779400099));
#2705=CARTESIAN_POINT('Ctrl Pts',(-4.5682876446686,-3.91989872858899,5.54582796500371));
#2706=CARTESIAN_POINT('Ctrl Pts',(-4.54257497825019,-3.93598723213507,5.55131822062086));
#2707=CARTESIAN_POINT('Ctrl Pts',(-4.50527002842235,-3.95932906716006,5.55928369985227));
#2708=CARTESIAN_POINT('Ctrl Pts',(-4.4663517017364,-3.98061779712561,5.56571405913315));
#2709=CARTESIAN_POINT('Ctrl Pts',(-4.42609301172871,-3.99975968375697,5.57061043232952));
#2710=CARTESIAN_POINT('Ctrl Pts',(-4.41682672149563,-4.00416554686631,5.5717374241695));
#2711=CARTESIAN_POINT('Ctrl Pts',(-4.40748933841689,-4.00845750954994,5.57278303442956));
#2712=CARTESIAN_POINT('Ctrl Pts',(-4.39808406523031,-4.01263412189301,5.5737470725745));
#2713=CARTESIAN_POINT('Ctrl Pts',(-4.3570974353456,-4.03083510987938,5.57794819186766));
#2714=CARTESIAN_POINT('Ctrl Pts',(-4.31501706913451,-4.04676458643414,5.58058003449283));
#2715=CARTESIAN_POINT('Ctrl Pts',(-4.27213060845943,-4.06034668599402,5.58164553792106));
#2716=CARTESIAN_POINT('Ctrl Pts',(-4.25015867698865,-4.06730517489848,5.58219142508308));
#2717=CARTESIAN_POINT('Ctrl Pts',(-4.22797479037427,-4.07364692020133,5.58232570367295));
#2718=CARTESIAN_POINT('Ctrl Pts',(-4.20561606607798,-4.07935762276465,5.58204580956962));
#2719=CARTESIAN_POINT('Ctrl Pts',(-4.16206482209902,-4.09048116440016,5.58150062030833));
#2720=CARTESIAN_POINT('Ctrl Pts',(-4.11798357966705,-4.09917936135525,5.57938709241835));
#2721=CARTESIAN_POINT('Ctrl Pts',(-4.07364966316554,-4.10535971473828,5.57569236648627));
#2722=CARTESIAN_POINT('Ctrl Pts',(-4.05065667324706,-4.10856504407172,5.5737761632087));
#2723=CARTESIAN_POINT('Ctrl Pts',(-4.02759553307402,-4.11109246574069,5.57143416144895));
#2724=CARTESIAN_POINT('Ctrl Pts',(-4.00450453526131,-4.11292450247677,5.56866144336267));
#2725=CARTESIAN_POINT('Ctrl Pts',(-4.00300306848834,-4.11304362865349,5.56848115041426));
#2726=CARTESIAN_POINT('Ctrl Pts',(-4.00150155321445,-4.1131598072022,5.56829904515757));
#2727=CARTESIAN_POINT('Ctrl Pts',(-3.99999999999999,-4.1132730337259,5.56811512652426));
#2728=CARTESIAN_POINT('Ctrl Pts',(-8.06722993471296,-10.5,2.));
#2729=CARTESIAN_POINT('Ctrl Pts',(-7.14022991596926,-9.04434194464475,2.));
#2730=CARTESIAN_POINT('Ctrl Pts',(-5.52089117439814,-6.5015119167539,2.76337158246188));
#2731=CARTESIAN_POINT('Ctrl Pts',(-4.364485735141,-4.68562102260634,4.63842607094311));
#2732=CARTESIAN_POINT('Ctrl Pts',(-3.99999999999999,-4.1132730337259,5.56811512652426));
#2733=CARTESIAN_POINT('Ctrl Pts',(-8.19765048865208,-10.4267160696914,2.));
#2734=CARTESIAN_POINT('Ctrl Pts',(-7.27855721622948,-8.96664641999682,2.01426202363544));
#2735=CARTESIAN_POINT('Ctrl Pts',(-5.67644562292244,-6.43033942549005,2.80786286623254));
#2736=CARTESIAN_POINT('Ctrl Pts',(-4.54008103002577,-4.64509668294103,4.68924517063394));
#2737=CARTESIAN_POINT('Ctrl Pts',(-4.1828145392165,-4.08504032782406,5.61397470530557));
#2738=CARTESIAN_POINT('Ctrl Pts',(-8.45813625108294,-10.2803478793731,1.93161534592535));
#2739=CARTESIAN_POINT('Ctrl Pts',(-7.5547659177123,-8.79815159147767,1.96586031306254));
#2740=CARTESIAN_POINT('Ctrl Pts',(-5.98685471979422,-6.24232855250347,2.81065621917952));
#2741=CARTESIAN_POINT('Ctrl Pts',(-4.89025009175374,-4.4816422288098,4.72039507793884));
#2742=CARTESIAN_POINT('Ctrl Pts',(-4.54732578919795,-3.93341145889699,5.64672133624));
#2743=CARTESIAN_POINT('Ctrl Pts',(-8.82476103608288,-10.0743396668493,1.59705387704292));
#2744=CARTESIAN_POINT('Ctrl Pts',(-7.93285798024075,-8.52076351190113,1.63288133350247));
#2745=CARTESIAN_POINT('Ctrl Pts',(-6.3894576226395,-5.83951081209928,2.51693660774355));
#2746=CARTESIAN_POINT('Ctrl Pts',(-5.31910509757788,-3.99277089930479,4.51373756796342));
#2747=CARTESIAN_POINT('Ctrl Pts',(-4.98532607045036,-3.4181708732637,5.48103819182029));
#2748=CARTESIAN_POINT('Ctrl Pts',(-8.93902712000109,-10.0101330101714,1.22439947525641));
#2749=CARTESIAN_POINT('Ctrl Pts',(-8.03088563801806,-8.39339457791054,1.23806276570976));
#2750=CARTESIAN_POINT('Ctrl Pts',(-6.45021385540555,-5.58120056537211,2.11058803762639));
#2751=CARTESIAN_POINT('Ctrl Pts',(-5.33562512817005,-3.59779137724095,4.18766461022621));
#2752=CARTESIAN_POINT('Ctrl Pts',(-4.98618960675998,-2.975422181522,5.20876586148447));
#2753=CARTESIAN_POINT('Ctrl Pts',(-8.93902712000109,-10.0101330101714,0.999999999999998));
#2754=CARTESIAN_POINT('Ctrl Pts',(-8.01202710125739,-8.36038721410215,0.999999999999997));
#2755=CARTESIAN_POINT('Ctrl Pts',(-6.39268835968627,-5.47851318249253,1.86515446012347));
#2756=CARTESIAN_POINT('Ctrl Pts',(-5.23628292042913,-3.42050350245863,3.99021621373553));
#2757=CARTESIAN_POINT('Ctrl Pts',(-4.87179718528812,-2.77184244839412,5.04386381006083));
#2758=CARTESIAN_POINT('',(-8.93902712000109,-10.0101330101714,0.999999999999996));
#2759=CARTESIAN_POINT('Origin',(-8.93902712000109,-10.0101330101714,9.5));
#2760=CARTESIAN_POINT('Origin',(-8.06722993471296,-10.5,0.999999999999998));
#2761=CARTESIAN_POINT('Origin',(-8.06722993471296,-10.5,9.5));
#2762=CARTESIAN_POINT('Origin',(-11.1326733786165,-15.9554501967774,1.));
#2763=CARTESIAN_POINT('',(-16.1589859264406,-22.8592122419706,1.));
#2764=CARTESIAN_POINT('Origin',(-15.2871887411525,-23.3490792317992,1.));
#2765=CARTESIAN_POINT('',(-12.0044705639046,-15.4655832069489,1.));
#2766=CARTESIAN_POINT('Origin',(-11.8,-25.3085471911134,1.));
#2767=CARTESIAN_POINT('',(-16.8,-25.3085471911134,1.));
#2768=CARTESIAN_POINT('Origin',(-15.8,-25.3085471911134,1.));
#2769=CARTESIAN_POINT('Origin',(-11.8,-25.3085471911134,1.));
#2770=CARTESIAN_POINT('Origin',(-15.8,-15.5,1.));
#2771=CARTESIAN_POINT('',(-16.8,-48.,1.));
#2772=CARTESIAN_POINT('Origin',(-15.8,-48.,1.));
#2773=CARTESIAN_POINT('',(-16.8,-15.5,1.));
#2774=CARTESIAN_POINT('Origin',(-11.8,-48.,1.));
#2775=CARTESIAN_POINT('Origin',(-11.8,-48.,1.));
#2776=CARTESIAN_POINT('Origin',(23.2,-48.,1.));
#2777=CARTESIAN_POINT('',(28.2,-48.,1.));
#2778=CARTESIAN_POINT('Origin',(27.2,-48.,1.));
#2779=CARTESIAN_POINT('Origin',(23.2,-48.,1.));
#2780=CARTESIAN_POINT('Origin',(27.2,-4.,1.));
#2781=CARTESIAN_POINT('',(28.2,-10.5,1.));
#2782=CARTESIAN_POINT('Origin',(27.2,-10.5,1.));
#2783=CARTESIAN_POINT('',(28.2,-4.,1.));
#2784=CARTESIAN_POINT('Origin',(27.2,-10.5,9.5));
#2785=CARTESIAN_POINT('',(28.2,-2.,9.5));
#2786=CARTESIAN_POINT('',(27.2,-3.,9.5));
#2787=CARTESIAN_POINT('Origin',(27.2,-2.,9.5));
#2788=CARTESIAN_POINT('Origin',(27.2,-10.5,9.5));
#2789=CARTESIAN_POINT('Origin',(28.2,-10.5,9.5));
#2790=CARTESIAN_POINT('Origin',(27.2,-2.,0.));
#2791=CARTESIAN_POINT('',(27.2,-3.,0.));
#2792=CARTESIAN_POINT('',(28.2,-2.,0.));
#2793=CARTESIAN_POINT('Origin',(4.3,-2.,10.7));
#2794=CARTESIAN_POINT('',(4.3,-2.,11.7));
#2795=CARTESIAN_POINT('',(4.3,-3.,10.7));
#2796=CARTESIAN_POINT('Origin',(-4.,17.25,10.7));
#2797=CARTESIAN_POINT('',(-4.,2.8,11.7));
#2798=CARTESIAN_POINT('Origin',(-4.,2.8,10.7));
#2799=CARTESIAN_POINT('',(-4.,17.25,11.7));
#2800=CARTESIAN_POINT('Origin',(27.2,13.6,10.7));
#2801=CARTESIAN_POINT('',(28.2,17.2,10.7));
#2802=CARTESIAN_POINT('',(27.2,17.2,11.7));
#2803=CARTESIAN_POINT('Origin',(27.2,17.2,10.7));
#2804=CARTESIAN_POINT('',(27.2,13.6,11.7));
#2805=CARTESIAN_POINT('',(28.2,13.6,10.7));
#2806=CARTESIAN_POINT('Origin',(-3.,-3.,0.));
#2807=CARTESIAN_POINT('',(1.35,-3.,9.5));
#2808=CARTESIAN_POINT('Origin',(1.35,-10.5,9.5));
#2809=CARTESIAN_POINT('Origin',(-11.8,-48.,-3.));
#2810=CARTESIAN_POINT('',(-16.8,-48.,-3.));
#2811=CARTESIAN_POINT('',(-16.8,-48.,-3.));
#2812=CARTESIAN_POINT('Origin',(-11.8,-48.,-3.));
#2813=CARTESIAN_POINT('Origin',(-16.8,-3.,-3.));
#2814=CARTESIAN_POINT('',(-16.8,-25.3085471911134,-3.));
#2815=CARTESIAN_POINT('',(-16.8,-25.3085471911134,-3.));
#2816=CARTESIAN_POINT('',(-16.8,-3.,-3.));
#2817=CARTESIAN_POINT('Origin',(-11.8,-25.3085471911134,-3.));
#2818=CARTESIAN_POINT('',(-16.1589859264406,-22.8592122419706,-3.));
#2819=CARTESIAN_POINT('',(-16.1589859264406,-22.8592122419706,-3.));
#2820=CARTESIAN_POINT('Origin',(-11.8,-25.3085471911134,-3.));
#2821=CARTESIAN_POINT('Origin',(-10.9,-13.5,-3.));
#2822=CARTESIAN_POINT('',(-2.72323693644009,1.05186646904729,-3.));
#2823=CARTESIAN_POINT('Origin',(-5.,2.8,11.7));
#2824=CARTESIAN_POINT('',(-0.2,2.8,11.7));
#2825=CARTESIAN_POINT('',(3.3,2.8,11.7));
#2826=CARTESIAN_POINT('',(-0.2,2.8,3.29027907591137));
#2827=CARTESIAN_POINT('',(-0.2,2.8,5.85));
#2828=CARTESIAN_POINT('',(-5.,2.8,3.29027907591137));
#2829=CARTESIAN_POINT('Origin',(23.2,-48.,-1.5));
#2830=CARTESIAN_POINT('',(28.2,-48.,-3.));
#2831=CARTESIAN_POINT('Origin',(23.2,-48.,-3.));
#2832=CARTESIAN_POINT('',(28.2,-48.,-1.5));
#2833=CARTESIAN_POINT('Origin',(22.85,-45.3,-3.));
#2834=CARTESIAN_POINT('',(24.55,-45.3,-3.));
#2835=CARTESIAN_POINT('',(24.55,-45.3,-3.));
#2836=CARTESIAN_POINT('Origin',(22.85,-45.3,-3.));
#2837=CARTESIAN_POINT('Origin',(-11.15,-45.3,-3.));
#2838=CARTESIAN_POINT('',(-9.45000000000001,-45.3,-3.));
#2839=CARTESIAN_POINT('',(-9.45000000000001,-45.3,-3.));
#2840=CARTESIAN_POINT('Origin',(-11.15,-45.3,-3.));
#2841=CARTESIAN_POINT('Origin',(0.,24.5,0.));
#2842=CARTESIAN_POINT('',(-0.2,24.5,1.85));
#2843=CARTESIAN_POINT('Origin',(-1.2,24.5,1.85));
#2844=CARTESIAN_POINT('',(-0.2,24.5,-0.2));
#2845=CARTESIAN_POINT('',(-0.2,24.5,0.));
#2846=CARTESIAN_POINT('',(5.8,24.5,-0.2));
#2847=CARTESIAN_POINT('Origin',(-1.2,17.2,1.85));
#2848=CARTESIAN_POINT('',(-1.2,20.2,2.85));
#2849=CARTESIAN_POINT('',(-0.2,20.2,1.85));
#2850=CARTESIAN_POINT('Origin',(-1.2,20.2,1.85));
#2851=CARTESIAN_POINT('',(-0.2,17.2,1.85));
#2852=CARTESIAN_POINT('',(-1.2,17.2,2.85));
#2853=CARTESIAN_POINT('Origin',(-3.,20.2,0.));
#2854=CARTESIAN_POINT('',(-0.2,20.2,-0.2));
#2855=CARTESIAN_POINT('',(4.3,20.2,-0.2));
#2856=CARTESIAN_POINT('',(-0.2,20.2,0.));
#2857=CARTESIAN_POINT('',(-4.,20.2,2.85));
#2858=CARTESIAN_POINT('Origin',(26.2,28.7,0.));
#2859=CARTESIAN_POINT('',(28.2,28.7,-3.));
#2860=CARTESIAN_POINT('',(28.2,28.7,0.));
#2861=CARTESIAN_POINT('',(26.2,28.7,-3.));
#2862=CARTESIAN_POINT('Origin',(24.4,17.2,1.85));
#2863=CARTESIAN_POINT('',(23.4,20.2,1.85));
#2864=CARTESIAN_POINT('Origin',(24.4,20.2,1.85));
#2865=CARTESIAN_POINT('',(23.4,24.5,1.85));
#2866=CARTESIAN_POINT('Origin',(24.4,24.5,1.85));
#2867=CARTESIAN_POINT('',(23.4,17.2,1.85));
#2868=CARTESIAN_POINT('Origin',(23.4,24.3,0.));
#2869=CARTESIAN_POINT('',(23.4,24.5,-0.2));
#2870=CARTESIAN_POINT('',(23.4,24.5,0.));
#2871=CARTESIAN_POINT('',(23.4,20.2,-0.2));
#2872=CARTESIAN_POINT('',(23.4,18.225,-0.2));
#2873=CARTESIAN_POINT('',(23.4,20.2,0.));
#2874=CARTESIAN_POINT('Origin',(-5.,28.7,2.85));
#2875=CARTESIAN_POINT('Origin',(28.2,20.,0.));
#2876=CARTESIAN_POINT('',(28.2,20.2,-0.2));
#2877=CARTESIAN_POINT('',(28.2,20.2,0.));
#2878=CARTESIAN_POINT('',(28.2,17.2,-0.2));
#2879=CARTESIAN_POINT('',(28.2,16.075,-0.2));
#2880=CARTESIAN_POINT('',(28.2,17.2,0.));
#2881=CARTESIAN_POINT('',(28.2,16.075,-3.));
#2882=CARTESIAN_POINT('Origin',(23.2,20.2,0.));
#2883=CARTESIAN_POINT('',(17.4,20.2,-0.2));
#2884=CARTESIAN_POINT('Origin',(0.,17.2,0.));
#2885=CARTESIAN_POINT('',(-0.2,17.2,11.7));
#2886=CARTESIAN_POINT('',(5.8,17.2,11.7));
#2887=CARTESIAN_POINT('',(-0.2,17.2,-0.2));
#2888=CARTESIAN_POINT('',(-0.2,17.2,0.));
#2889=CARTESIAN_POINT('',(5.8,17.2,-0.2));
#2890=CARTESIAN_POINT('',(-0.600000000000001,17.2,5.85));
#2891=CARTESIAN_POINT('Origin',(-1.2,17.2,5.85));
#2892=CARTESIAN_POINT('Origin',(0.,24.5,0.));
#2893=CARTESIAN_POINT('',(5.8,24.5,-0.2));
#2894=CARTESIAN_POINT('Origin',(24.4,17.2,5.85));
#2895=CARTESIAN_POINT('',(25.,17.2,5.85));
#2896=CARTESIAN_POINT('Origin',(24.4,17.2,5.85));
#2897=CARTESIAN_POINT('',(25.,9.2,5.85));
#2898=CARTESIAN_POINT('',(25.,17.2,5.85));
#2899=CARTESIAN_POINT('Origin',(24.4,9.2,5.85));
#2900=CARTESIAN_POINT('Origin',(24.4,9.2,5.85));
#2901=CARTESIAN_POINT('Origin',(-1.2,17.2,5.85));
#2902=CARTESIAN_POINT('',(-0.600000000000001,9.2,5.85));
#2903=CARTESIAN_POINT('',(-0.600000000000001,17.2,5.85));
#2904=CARTESIAN_POINT('Origin',(-1.2,9.2,5.85));
#2905=CARTESIAN_POINT('Origin',(-1.2,9.2,5.85));
#2906=CARTESIAN_POINT('Origin',(-5.,2.8,3.29027907591137));
#2907=CARTESIAN_POINT('',(-0.2,1.4,3.29027907591137));
#2908=CARTESIAN_POINT('Origin',(11.6,7.2,11.7));
#2909=CARTESIAN_POINT('',(-0.2,3.6,11.7));
#2910=CARTESIAN_POINT('Origin',(11.6,12.15,-0.2));
#2911=CARTESIAN_POINT('',(-0.2,-0.2,-0.2));
#2912=CARTESIAN_POINT('',(-0.2,6.075,-0.2));
#2913=CARTESIAN_POINT('',(23.4,-0.2,-0.2));
#2914=CARTESIAN_POINT('',(17.4,-0.2,-0.2));
#2915=CARTESIAN_POINT('',(23.4,17.2,-0.2));
#2916=CARTESIAN_POINT('',(23.4,14.775,-0.2));
#2917=CARTESIAN_POINT('',(18.9,17.2,-0.2));
#2918=CARTESIAN_POINT('',(-0.2,16.075,-0.2));
#2919=CARTESIAN_POINT('Origin',(11.6,12.15,-3.));
#2920=CARTESIAN_POINT('Origin',(-0.2,0.,0.));
#2921=CARTESIAN_POINT('',(-0.2,-0.2,11.7));
#2922=CARTESIAN_POINT('',(-0.2,3.6,11.7));
#2923=CARTESIAN_POINT('',(-0.2,-0.2,0.));
#2924=CARTESIAN_POINT('Origin',(23.2,-0.2,0.));
#2925=CARTESIAN_POINT('',(23.4,-0.2,11.7));
#2926=CARTESIAN_POINT('',(17.4,-0.2,11.7));
#2927=CARTESIAN_POINT('',(23.4,-0.2,0.));
#2928=CARTESIAN_POINT('Origin',(23.4,17.4,0.));
#2929=CARTESIAN_POINT('',(23.4,17.2,11.7));
#2930=CARTESIAN_POINT('',(23.4,12.3,11.7));
#2931=CARTESIAN_POINT('',(23.4,17.2,0.));
#2932=CARTESIAN_POINT('Origin',(26.2,17.2,0.));
#2933=CARTESIAN_POINT('',(18.9,17.2,11.7));
#2934=CARTESIAN_POINT('Origin',(11.6,7.2,11.7));
#2935=CARTESIAN_POINT('Origin',(-0.2,20.,0.));
#2936=UNCERTAINTY_MEASURE_WITH_UNIT(LENGTH_MEASURE(0.01),#2940,
'DISTANCE_ACCURACY_VALUE',
'Maximum model space distance between geometric entities at asserted c
onnectivities');
#2937=UNCERTAINTY_MEASURE_WITH_UNIT(LENGTH_MEASURE(0.01),#2940,
'DISTANCE_ACCURACY_VALUE',
'Maximum model space distance between geometric entities at asserted c
onnectivities');
#2938=(
GEOMETRIC_REPRESENTATION_CONTEXT(3)
GLOBAL_UNCERTAINTY_ASSIGNED_CONTEXT((#2936))
GLOBAL_UNIT_ASSIGNED_CONTEXT((#2940,#2942,#2943))
REPRESENTATION_CONTEXT('','3D')
);
#2939=(
GEOMETRIC_REPRESENTATION_CONTEXT(3)
GLOBAL_UNCERTAINTY_ASSIGNED_CONTEXT((#2937))
GLOBAL_UNIT_ASSIGNED_CONTEXT((#2940,#2942,#2943))
REPRESENTATION_CONTEXT('','3D')
);
#2940=(
LENGTH_UNIT()
NAMED_UNIT(*)
SI_UNIT(.MILLI.,.METRE.)
);
#2941=(
LENGTH_UNIT()
NAMED_UNIT(*)
SI_UNIT($,.METRE.)
);
#2942=(
NAMED_UNIT(*)
PLANE_ANGLE_UNIT()
SI_UNIT($,.RADIAN.)
);
#2943=(
NAMED_UNIT(*)
SI_UNIT($,.STERADIAN.)
SOLID_ANGLE_UNIT()
);
#2944=SHAPE_DEFINITION_REPRESENTATION(#2945,#2946);
#2945=PRODUCT_DEFINITION_SHAPE('',$,#2948);
#2946=SHAPE_REPRESENTATION('',(#1657),#2938);
#2947=PRODUCT_DEFINITION_CONTEXT('part definition',#2952,'design');
#2948=PRODUCT_DEFINITION('arm mount R v2','arm mount R v2 v6',#2949,#2947);
#2949=PRODUCT_DEFINITION_FORMATION('',$,#2954);
#2950=PRODUCT_RELATED_PRODUCT_CATEGORY('arm mount R v2 v6',
'arm mount R v2 v6',(#2954));
#2951=APPLICATION_PROTOCOL_DEFINITION('international standard',
'automotive_design',2009,#2952);
#2952=APPLICATION_CONTEXT(
'Core Data for Automotive Mechanical Design Process');
#2953=PRODUCT_CONTEXT('part definition',#2952,'mechanical');
#2954=PRODUCT('arm mount R v2','arm mount R v2 v6',$,(#2953));
#2955=PRESENTATION_STYLE_ASSIGNMENT((#2959));
#2956=PRESENTATION_STYLE_ASSIGNMENT((#2960));
#2957=PRESENTATION_STYLE_ASSIGNMENT((#2961));
#2958=PRESENTATION_STYLE_ASSIGNMENT((#2962));
#2959=SURFACE_STYLE_USAGE(.BOTH.,#2963);
#2960=SURFACE_STYLE_USAGE(.BOTH.,#2964);
#2961=SURFACE_STYLE_USAGE(.BOTH.,#2965);
#2962=SURFACE_STYLE_USAGE(.BOTH.,#2966);
#2963=SURFACE_SIDE_STYLE('',(#2967));
#2964=SURFACE_SIDE_STYLE('',(#2968));
#2965=SURFACE_SIDE_STYLE('',(#2969));
#2966=SURFACE_SIDE_STYLE('',(#2970));
#2967=SURFACE_STYLE_FILL_AREA(#2971);
#2968=SURFACE_STYLE_FILL_AREA(#2972);
#2969=SURFACE_STYLE_FILL_AREA(#2973);
#2970=SURFACE_STYLE_FILL_AREA(#2974);
#2971=FILL_AREA_STYLE('\X2\AC15CCA0\X0\ - \X2\C0C8D2F4\X0\',(#2975));
#2972=FILL_AREA_STYLE('ABS(\X2\D770C0C9\X0\)',(#2976));
#2973=FILL_AREA_STYLE('\X2\D50CB77CC2A4D2F1\X0\ - \X2\AD11D0DD\X0\(\X2\D68CC0C9\X0\)',
(#2977));
#2974=FILL_AREA_STYLE('\X2\B098C77CB860\X0\ 6-6(\X2\D770C0C9\X0\)',(#2978));
#2975=FILL_AREA_STYLE_COLOUR('\X2\AC15CCA0\X0\ - \X2\C0C8D2F4\X0\',#2979);
#2976=FILL_AREA_STYLE_COLOUR('ABS(\X2\D770C0C9\X0\)',#2980);
#2977=FILL_AREA_STYLE_COLOUR('\X2\D50CB77CC2A4D2F1\X0\ - \X2\AD11D0DD\X0\(
\X2\D68CC0C9\X0\)',#2981);
#2978=FILL_AREA_STYLE_COLOUR('\X2\B098C77CB860\X0\ 6-6(\X2\D770C0C9\X0\)',
#2982);
#2979=COLOUR_RGB('\X2\AC15CCA0\X0\ - \X2\C0C8D2F4\X0\',0.627450980392157,
0.627450980392157,0.627450980392157);
#2980=COLOUR_RGB('ABS(\X2\D770C0C9\X0\)',0.215686274509804,0.215686274509804,
0.215686274509804);
#2981=COLOUR_RGB('\X2\D50CB77CC2A4D2F1\X0\ - \X2\AD11D0DD\X0\(\X2\D68CC0C9\X0\)',
0.188235294117647,0.298039215686275,0.752941176470588);
#2982=COLOUR_RGB('\X2\B098C77CB860\X0\ 6-6(\X2\D770C0C9\X0\)',0.972549019607843,
0.968627450980392,0.929411764705882);
ENDSEC;
END-ISO-10303-21;
